--
-- PostgreSQL database dump
--

\restrict 2vvgJrahAkRHcJelPrSvlXgjbzPUEp7yE0OORSFj9DfhwVezdS179gQW7CK2ceE

-- Dumped from database version 17.6 (Debian 17.6-1.pgdg12+1)
-- Dumped by pg_dump version 17.6 (Debian 17.6-1.pgdg12+1)

-- Started on 2025-12-19 10:23:26 CET

SET statement_timeout = 0;
SET lock_timeout = 0;
SET idle_in_transaction_session_timeout = 0;
SET transaction_timeout = 0;
SET client_encoding = 'UTF8';
SET standard_conforming_strings = on;
SELECT pg_catalog.set_config('search_path', '', false);
SET check_function_bodies = false;
SET xmloption = content;
SET client_min_messages = warning;
SET row_security = off;

--
-- TOC entry 1440 (class 1247 OID 485183)
-- Name: enum__pages_v_blocks_content_dark_mode; Type: TYPE; Schema: public; Owner: postgres
--

CREATE TYPE public.enum__pages_v_blocks_content_dark_mode AS ENUM (
    'blue',
    'dark'
);


ALTER TYPE public.enum__pages_v_blocks_content_dark_mode OWNER TO postgres;

--
-- TOC entry 1071 (class 1247 OID 446038)
-- Name: enum__pages_v_blocks_content_link_appearance; Type: TYPE; Schema: public; Owner: postgres
--

CREATE TYPE public.enum__pages_v_blocks_content_link_appearance AS ENUM (
    'default',
    'outline'
);


ALTER TYPE public.enum__pages_v_blocks_content_link_appearance OWNER TO postgres;

--
-- TOC entry 1068 (class 1247 OID 446030)
-- Name: enum__pages_v_blocks_content_link_type; Type: TYPE; Schema: public; Owner: postgres
--

CREATE TYPE public.enum__pages_v_blocks_content_link_type AS ENUM (
    'reference',
    'custom',
    'calendly'
);


ALTER TYPE public.enum__pages_v_blocks_content_link_type OWNER TO postgres;

--
-- TOC entry 1074 (class 1247 OID 446044)
-- Name: enum__pages_v_blocks_content_separator_type; Type: TYPE; Schema: public; Owner: postgres
--

CREATE TYPE public.enum__pages_v_blocks_content_separator_type AS ENUM (
    'separatorYellow',
    'separatorWhite',
    'separatorBackground'
);


ALTER TYPE public.enum__pages_v_blocks_content_separator_type OWNER TO postgres;

--
-- TOC entry 1509 (class 1247 OID 504268)
-- Name: enum__pages_v_blocks_cta_dark_mode; Type: TYPE; Schema: public; Owner: postgres
--

CREATE TYPE public.enum__pages_v_blocks_cta_dark_mode AS ENUM (
    'blue',
    'dark'
);


ALTER TYPE public.enum__pages_v_blocks_cta_dark_mode OWNER TO postgres;

--
-- TOC entry 1065 (class 1247 OID 446024)
-- Name: enum__pages_v_blocks_cta_links_link_appearance; Type: TYPE; Schema: public; Owner: postgres
--

CREATE TYPE public.enum__pages_v_blocks_cta_links_link_appearance AS ENUM (
    'default',
    'outline'
);


ALTER TYPE public.enum__pages_v_blocks_cta_links_link_appearance OWNER TO postgres;

--
-- TOC entry 1062 (class 1247 OID 446016)
-- Name: enum__pages_v_blocks_cta_links_link_type; Type: TYPE; Schema: public; Owner: postgres
--

CREATE TYPE public.enum__pages_v_blocks_cta_links_link_type AS ENUM (
    'reference',
    'custom',
    'calendly'
);


ALTER TYPE public.enum__pages_v_blocks_cta_links_link_type OWNER TO postgres;

--
-- TOC entry 1431 (class 1247 OID 476002)
-- Name: enum__pages_v_blocks_cta_separator_type; Type: TYPE; Schema: public; Owner: postgres
--

CREATE TYPE public.enum__pages_v_blocks_cta_separator_type AS ENUM (
    'separatorYellow',
    'separatorWhite',
    'separatorBackground'
);


ALTER TYPE public.enum__pages_v_blocks_cta_separator_type OWNER TO postgres;

--
-- TOC entry 1518 (class 1247 OID 504314)
-- Name: enum__pages_v_blocks_form_block_dark_mode; Type: TYPE; Schema: public; Owner: postgres
--

CREATE TYPE public.enum__pages_v_blocks_form_block_dark_mode AS ENUM (
    'blue',
    'dark'
);


ALTER TYPE public.enum__pages_v_blocks_form_block_dark_mode OWNER TO postgres;

--
-- TOC entry 1521 (class 1247 OID 504320)
-- Name: enum__pages_v_blocks_form_block_separator_type; Type: TYPE; Schema: public; Owner: postgres
--

CREATE TYPE public.enum__pages_v_blocks_form_block_separator_type AS ENUM (
    'separatorYellow',
    'separatorWhite',
    'separatorBackground'
);


ALTER TYPE public.enum__pages_v_blocks_form_block_separator_type OWNER TO postgres;

--
-- TOC entry 1077 (class 1247 OID 446052)
-- Name: enum__pages_v_blocks_list_content_blocks_color; Type: TYPE; Schema: public; Owner: postgres
--

CREATE TYPE public.enum__pages_v_blocks_list_content_blocks_color AS ENUM (
    'transparent',
    'green',
    'yellow',
    'red'
);


ALTER TYPE public.enum__pages_v_blocks_list_content_blocks_color OWNER TO postgres;

--
-- TOC entry 1476 (class 1247 OID 486584)
-- Name: enum__pages_v_blocks_list_content_blocks_link_appearance; Type: TYPE; Schema: public; Owner: postgres
--

CREATE TYPE public.enum__pages_v_blocks_list_content_blocks_link_appearance AS ENUM (
    'default',
    'outline'
);


ALTER TYPE public.enum__pages_v_blocks_list_content_blocks_link_appearance OWNER TO postgres;

--
-- TOC entry 1473 (class 1247 OID 486576)
-- Name: enum__pages_v_blocks_list_content_blocks_link_type; Type: TYPE; Schema: public; Owner: postgres
--

CREATE TYPE public.enum__pages_v_blocks_list_content_blocks_link_type AS ENUM (
    'reference',
    'custom',
    'calendly'
);


ALTER TYPE public.enum__pages_v_blocks_list_content_blocks_link_type OWNER TO postgres;

--
-- TOC entry 1449 (class 1247 OID 485286)
-- Name: enum__pages_v_blocks_list_content_dark_mode; Type: TYPE; Schema: public; Owner: postgres
--

CREATE TYPE public.enum__pages_v_blocks_list_content_dark_mode AS ENUM (
    'blue',
    'dark'
);


ALTER TYPE public.enum__pages_v_blocks_list_content_dark_mode OWNER TO postgres;

--
-- TOC entry 1080 (class 1247 OID 446062)
-- Name: enum__pages_v_blocks_list_content_separator_type; Type: TYPE; Schema: public; Owner: postgres
--

CREATE TYPE public.enum__pages_v_blocks_list_content_separator_type AS ENUM (
    'separatorYellow',
    'separatorWhite',
    'separatorBackground',
    'separatorDark'
);


ALTER TYPE public.enum__pages_v_blocks_list_content_separator_type OWNER TO postgres;

--
-- TOC entry 1503 (class 1247 OID 504230)
-- Name: enum__pages_v_blocks_post_carousel_block_dark_mode; Type: TYPE; Schema: public; Owner: postgres
--

CREATE TYPE public.enum__pages_v_blocks_post_carousel_block_dark_mode AS ENUM (
    'blue',
    'dark'
);


ALTER TYPE public.enum__pages_v_blocks_post_carousel_block_dark_mode OWNER TO postgres;

--
-- TOC entry 1359 (class 1247 OID 473842)
-- Name: enum__pages_v_blocks_post_carousel_block_separator_type; Type: TYPE; Schema: public; Owner: postgres
--

CREATE TYPE public.enum__pages_v_blocks_post_carousel_block_separator_type AS ENUM (
    'separatorYellow',
    'separatorWhite',
    'separatorBackground'
);


ALTER TYPE public.enum__pages_v_blocks_post_carousel_block_separator_type OWNER TO postgres;

--
-- TOC entry 1095 (class 1247 OID 446104)
-- Name: enum__pages_v_blocks_quote_block_links_link_appearance; Type: TYPE; Schema: public; Owner: postgres
--

CREATE TYPE public.enum__pages_v_blocks_quote_block_links_link_appearance AS ENUM (
    'default',
    'outline'
);


ALTER TYPE public.enum__pages_v_blocks_quote_block_links_link_appearance OWNER TO postgres;

--
-- TOC entry 1092 (class 1247 OID 446096)
-- Name: enum__pages_v_blocks_quote_block_links_link_type; Type: TYPE; Schema: public; Owner: postgres
--

CREATE TYPE public.enum__pages_v_blocks_quote_block_links_link_type AS ENUM (
    'reference',
    'custom',
    'calendly'
);


ALTER TYPE public.enum__pages_v_blocks_quote_block_links_link_type OWNER TO postgres;

--
-- TOC entry 1098 (class 1247 OID 446110)
-- Name: enum__pages_v_blocks_quote_block_separator_type; Type: TYPE; Schema: public; Owner: postgres
--

CREATE TYPE public.enum__pages_v_blocks_quote_block_separator_type AS ENUM (
    'separatorYellow',
    'separatorWhite',
    'separatorBackground'
);


ALTER TYPE public.enum__pages_v_blocks_quote_block_separator_type OWNER TO postgres;

--
-- TOC entry 1482 (class 1247 OID 486660)
-- Name: enum__pages_v_blocks_service_dark_mode; Type: TYPE; Schema: public; Owner: postgres
--

CREATE TYPE public.enum__pages_v_blocks_service_dark_mode AS ENUM (
    'blue',
    'dark'
);


ALTER TYPE public.enum__pages_v_blocks_service_dark_mode OWNER TO postgres;

--
-- TOC entry 1413 (class 1247 OID 475114)
-- Name: enum__pages_v_blocks_service_list_block_blocks_link_appearance; Type: TYPE; Schema: public; Owner: postgres
--

CREATE TYPE public.enum__pages_v_blocks_service_list_block_blocks_link_appearance AS ENUM (
    'default',
    'outline'
);


ALTER TYPE public.enum__pages_v_blocks_service_list_block_blocks_link_appearance OWNER TO postgres;

--
-- TOC entry 1410 (class 1247 OID 475106)
-- Name: enum__pages_v_blocks_service_list_block_blocks_link_type; Type: TYPE; Schema: public; Owner: postgres
--

CREATE TYPE public.enum__pages_v_blocks_service_list_block_blocks_link_type AS ENUM (
    'reference',
    'custom',
    'calendly'
);


ALTER TYPE public.enum__pages_v_blocks_service_list_block_blocks_link_type OWNER TO postgres;

--
-- TOC entry 1497 (class 1247 OID 504190)
-- Name: enum__pages_v_blocks_service_list_block_dark_mode; Type: TYPE; Schema: public; Owner: postgres
--

CREATE TYPE public.enum__pages_v_blocks_service_list_block_dark_mode AS ENUM (
    'blue',
    'dark'
);


ALTER TYPE public.enum__pages_v_blocks_service_list_block_dark_mode OWNER TO postgres;

--
-- TOC entry 1389 (class 1247 OID 474918)
-- Name: enum__pages_v_blocks_service_list_block_separator_type; Type: TYPE; Schema: public; Owner: postgres
--

CREATE TYPE public.enum__pages_v_blocks_service_list_block_separator_type AS ENUM (
    'separatorYellow',
    'separatorWhite',
    'separatorBackground'
);


ALTER TYPE public.enum__pages_v_blocks_service_list_block_separator_type OWNER TO postgres;

--
-- TOC entry 1419 (class 1247 OID 475522)
-- Name: enum__pages_v_blocks_service_separator_type; Type: TYPE; Schema: public; Owner: postgres
--

CREATE TYPE public.enum__pages_v_blocks_service_separator_type AS ENUM (
    'separatorYellow',
    'separatorWhite',
    'separatorBackground'
);


ALTER TYPE public.enum__pages_v_blocks_service_separator_type OWNER TO postgres;

--
-- TOC entry 1086 (class 1247 OID 446078)
-- Name: enum__pages_v_blocks_simple_list_content_blocks_color; Type: TYPE; Schema: public; Owner: postgres
--

CREATE TYPE public.enum__pages_v_blocks_simple_list_content_blocks_color AS ENUM (
    'transparent',
    'green',
    'yellow',
    'red'
);


ALTER TYPE public.enum__pages_v_blocks_simple_list_content_blocks_color OWNER TO postgres;

--
-- TOC entry 1455 (class 1247 OID 485324)
-- Name: enum__pages_v_blocks_simple_list_content_dark_mode; Type: TYPE; Schema: public; Owner: postgres
--

CREATE TYPE public.enum__pages_v_blocks_simple_list_content_dark_mode AS ENUM (
    'blue',
    'dark'
);


ALTER TYPE public.enum__pages_v_blocks_simple_list_content_dark_mode OWNER TO postgres;

--
-- TOC entry 1089 (class 1247 OID 446088)
-- Name: enum__pages_v_blocks_simple_list_content_separator_type; Type: TYPE; Schema: public; Owner: postgres
--

CREATE TYPE public.enum__pages_v_blocks_simple_list_content_separator_type AS ENUM (
    'separatorYellow',
    'separatorWhite',
    'separatorBackground'
);


ALTER TYPE public.enum__pages_v_blocks_simple_list_content_separator_type OWNER TO postgres;

--
-- TOC entry 1083 (class 1247 OID 446070)
-- Name: enum__pages_v_blocks_social_rrss_link_type; Type: TYPE; Schema: public; Owner: postgres
--

CREATE TYPE public.enum__pages_v_blocks_social_rrss_link_type AS ENUM (
    'reference',
    'custom',
    'calendly'
);


ALTER TYPE public.enum__pages_v_blocks_social_rrss_link_type OWNER TO postgres;

--
-- TOC entry 1533 (class 1247 OID 504758)
-- Name: enum__pages_v_version_hero_dark_mode; Type: TYPE; Schema: public; Owner: postgres
--

CREATE TYPE public.enum__pages_v_version_hero_dark_mode AS ENUM (
    'blue',
    'dark'
);


ALTER TYPE public.enum__pages_v_version_hero_dark_mode OWNER TO postgres;

--
-- TOC entry 1059 (class 1247 OID 446010)
-- Name: enum__pages_v_version_hero_links_link_appearance; Type: TYPE; Schema: public; Owner: postgres
--

CREATE TYPE public.enum__pages_v_version_hero_links_link_appearance AS ENUM (
    'default',
    'outline'
);


ALTER TYPE public.enum__pages_v_version_hero_links_link_appearance OWNER TO postgres;

--
-- TOC entry 1056 (class 1247 OID 446002)
-- Name: enum__pages_v_version_hero_links_link_type; Type: TYPE; Schema: public; Owner: postgres
--

CREATE TYPE public.enum__pages_v_version_hero_links_link_type AS ENUM (
    'reference',
    'custom',
    'calendly'
);


ALTER TYPE public.enum__pages_v_version_hero_links_link_type OWNER TO postgres;

--
-- TOC entry 1527 (class 1247 OID 504714)
-- Name: enum__pages_v_version_hero_separator_type; Type: TYPE; Schema: public; Owner: postgres
--

CREATE TYPE public.enum__pages_v_version_hero_separator_type AS ENUM (
    'separatorYellow',
    'separatorWhite',
    'separatorBackground'
);


ALTER TYPE public.enum__pages_v_version_hero_separator_type OWNER TO postgres;

--
-- TOC entry 1101 (class 1247 OID 446118)
-- Name: enum__pages_v_version_status; Type: TYPE; Schema: public; Owner: postgres
--

CREATE TYPE public.enum__pages_v_version_status AS ENUM (
    'draft',
    'published'
);


ALTER TYPE public.enum__pages_v_version_status OWNER TO postgres;

--
-- TOC entry 1317 (class 1247 OID 447874)
-- Name: enum__posts_v_version_status; Type: TYPE; Schema: public; Owner: postgres
--

CREATE TYPE public.enum__posts_v_version_status AS ENUM (
    'draft',
    'published'
);


ALTER TYPE public.enum__posts_v_version_status OWNER TO postgres;

--
-- TOC entry 1566 (class 1247 OID 513230)
-- Name: enum__services_v_blocks_service_dark_mode; Type: TYPE; Schema: public; Owner: postgres
--

CREATE TYPE public.enum__services_v_blocks_service_dark_mode AS ENUM (
    'blue',
    'dark'
);


ALTER TYPE public.enum__services_v_blocks_service_dark_mode OWNER TO postgres;

--
-- TOC entry 1563 (class 1247 OID 513222)
-- Name: enum__services_v_blocks_service_separator_type; Type: TYPE; Schema: public; Owner: postgres
--

CREATE TYPE public.enum__services_v_blocks_service_separator_type AS ENUM (
    'separatorYellow',
    'separatorWhite',
    'separatorBackground'
);


ALTER TYPE public.enum__services_v_blocks_service_separator_type OWNER TO postgres;

--
-- TOC entry 1572 (class 1247 OID 513244)
-- Name: enum__services_v_version_hero_dark_mode; Type: TYPE; Schema: public; Owner: postgres
--

CREATE TYPE public.enum__services_v_version_hero_dark_mode AS ENUM (
    'blue',
    'dark'
);


ALTER TYPE public.enum__services_v_version_hero_dark_mode OWNER TO postgres;

--
-- TOC entry 1560 (class 1247 OID 513216)
-- Name: enum__services_v_version_hero_links_link_appearance; Type: TYPE; Schema: public; Owner: postgres
--

CREATE TYPE public.enum__services_v_version_hero_links_link_appearance AS ENUM (
    'default',
    'outline'
);


ALTER TYPE public.enum__services_v_version_hero_links_link_appearance OWNER TO postgres;

--
-- TOC entry 1557 (class 1247 OID 513208)
-- Name: enum__services_v_version_hero_links_link_type; Type: TYPE; Schema: public; Owner: postgres
--

CREATE TYPE public.enum__services_v_version_hero_links_link_type AS ENUM (
    'reference',
    'custom',
    'calendly'
);


ALTER TYPE public.enum__services_v_version_hero_links_link_type OWNER TO postgres;

--
-- TOC entry 1569 (class 1247 OID 513236)
-- Name: enum__services_v_version_hero_separator_type; Type: TYPE; Schema: public; Owner: postgres
--

CREATE TYPE public.enum__services_v_version_hero_separator_type AS ENUM (
    'separatorYellow',
    'separatorWhite',
    'separatorBackground'
);


ALTER TYPE public.enum__services_v_version_hero_separator_type OWNER TO postgres;

--
-- TOC entry 1575 (class 1247 OID 513250)
-- Name: enum__services_v_version_status; Type: TYPE; Schema: public; Owner: postgres
--

CREATE TYPE public.enum__services_v_version_status AS ENUM (
    'draft',
    'published'
);


ALTER TYPE public.enum__services_v_version_status OWNER TO postgres;

--
-- TOC entry 1458 (class 1247 OID 485391)
-- Name: enum_footer_dark_mode; Type: TYPE; Schema: public; Owner: postgres
--

CREATE TYPE public.enum_footer_dark_mode AS ENUM (
    'blue',
    'dark'
);


ALTER TYPE public.enum_footer_dark_mode OWNER TO postgres;

--
-- TOC entry 1113 (class 1247 OID 446154)
-- Name: enum_footer_nav_items_link_type; Type: TYPE; Schema: public; Owner: postgres
--

CREATE TYPE public.enum_footer_nav_items_link_type AS ENUM (
    'reference',
    'custom',
    'calendly'
);


ALTER TYPE public.enum_footer_nav_items_link_type OWNER TO postgres;

--
-- TOC entry 1311 (class 1247 OID 447830)
-- Name: enum_footer_separator_type; Type: TYPE; Schema: public; Owner: postgres
--

CREATE TYPE public.enum_footer_separator_type AS ENUM (
    'separatorYellow',
    'separatorWhite',
    'separatorBackground'
);


ALTER TYPE public.enum_footer_separator_type OWNER TO postgres;

--
-- TOC entry 1104 (class 1247 OID 446132)
-- Name: enum_forms_confirmation_type; Type: TYPE; Schema: public; Owner: postgres
--

CREATE TYPE public.enum_forms_confirmation_type AS ENUM (
    'message',
    'redirect'
);


ALTER TYPE public.enum_forms_confirmation_type OWNER TO postgres;

--
-- TOC entry 1110 (class 1247 OID 446146)
-- Name: enum_header_nav_items_nav_links_items_link_type; Type: TYPE; Schema: public; Owner: postgres
--

CREATE TYPE public.enum_header_nav_items_nav_links_items_link_type AS ENUM (
    'reference',
    'custom',
    'calendly'
);


ALTER TYPE public.enum_header_nav_items_nav_links_items_link_type OWNER TO postgres;

--
-- TOC entry 1107 (class 1247 OID 446138)
-- Name: enum_header_nav_items_nav_links_items_sub_items_link_type; Type: TYPE; Schema: public; Owner: postgres
--

CREATE TYPE public.enum_header_nav_items_nav_links_items_sub_items_link_type AS ENUM (
    'reference',
    'custom',
    'calendly'
);


ALTER TYPE public.enum_header_nav_items_nav_links_items_sub_items_link_type OWNER TO postgres;

--
-- TOC entry 1443 (class 1247 OID 485235)
-- Name: enum_pages_blocks_content_dark_mode; Type: TYPE; Schema: public; Owner: postgres
--

CREATE TYPE public.enum_pages_blocks_content_dark_mode AS ENUM (
    'blue',
    'dark'
);


ALTER TYPE public.enum_pages_blocks_content_dark_mode OWNER TO postgres;

--
-- TOC entry 1023 (class 1247 OID 445916)
-- Name: enum_pages_blocks_content_link_appearance; Type: TYPE; Schema: public; Owner: postgres
--

CREATE TYPE public.enum_pages_blocks_content_link_appearance AS ENUM (
    'default',
    'outline'
);


ALTER TYPE public.enum_pages_blocks_content_link_appearance OWNER TO postgres;

--
-- TOC entry 1020 (class 1247 OID 445908)
-- Name: enum_pages_blocks_content_link_type; Type: TYPE; Schema: public; Owner: postgres
--

CREATE TYPE public.enum_pages_blocks_content_link_type AS ENUM (
    'reference',
    'custom',
    'calendly'
);


ALTER TYPE public.enum_pages_blocks_content_link_type OWNER TO postgres;

--
-- TOC entry 1026 (class 1247 OID 445922)
-- Name: enum_pages_blocks_content_separator_type; Type: TYPE; Schema: public; Owner: postgres
--

CREATE TYPE public.enum_pages_blocks_content_separator_type AS ENUM (
    'separatorYellow',
    'separatorWhite',
    'separatorBackground'
);


ALTER TYPE public.enum_pages_blocks_content_separator_type OWNER TO postgres;

--
-- TOC entry 1506 (class 1247 OID 504263)
-- Name: enum_pages_blocks_cta_dark_mode; Type: TYPE; Schema: public; Owner: postgres
--

CREATE TYPE public.enum_pages_blocks_cta_dark_mode AS ENUM (
    'blue',
    'dark'
);


ALTER TYPE public.enum_pages_blocks_cta_dark_mode OWNER TO postgres;

--
-- TOC entry 1017 (class 1247 OID 445902)
-- Name: enum_pages_blocks_cta_links_link_appearance; Type: TYPE; Schema: public; Owner: postgres
--

CREATE TYPE public.enum_pages_blocks_cta_links_link_appearance AS ENUM (
    'default',
    'outline'
);


ALTER TYPE public.enum_pages_blocks_cta_links_link_appearance OWNER TO postgres;

--
-- TOC entry 1014 (class 1247 OID 445894)
-- Name: enum_pages_blocks_cta_links_link_type; Type: TYPE; Schema: public; Owner: postgres
--

CREATE TYPE public.enum_pages_blocks_cta_links_link_type AS ENUM (
    'reference',
    'custom',
    'calendly'
);


ALTER TYPE public.enum_pages_blocks_cta_links_link_type OWNER TO postgres;

--
-- TOC entry 1428 (class 1247 OID 475995)
-- Name: enum_pages_blocks_cta_separator_type; Type: TYPE; Schema: public; Owner: postgres
--

CREATE TYPE public.enum_pages_blocks_cta_separator_type AS ENUM (
    'separatorYellow',
    'separatorWhite',
    'separatorBackground'
);


ALTER TYPE public.enum_pages_blocks_cta_separator_type OWNER TO postgres;

--
-- TOC entry 1512 (class 1247 OID 504301)
-- Name: enum_pages_blocks_form_block_dark_mode; Type: TYPE; Schema: public; Owner: postgres
--

CREATE TYPE public.enum_pages_blocks_form_block_dark_mode AS ENUM (
    'blue',
    'dark'
);


ALTER TYPE public.enum_pages_blocks_form_block_dark_mode OWNER TO postgres;

--
-- TOC entry 1515 (class 1247 OID 504306)
-- Name: enum_pages_blocks_form_block_separator_type; Type: TYPE; Schema: public; Owner: postgres
--

CREATE TYPE public.enum_pages_blocks_form_block_separator_type AS ENUM (
    'separatorYellow',
    'separatorWhite',
    'separatorBackground'
);


ALTER TYPE public.enum_pages_blocks_form_block_separator_type OWNER TO postgres;

--
-- TOC entry 1029 (class 1247 OID 445930)
-- Name: enum_pages_blocks_list_content_blocks_color; Type: TYPE; Schema: public; Owner: postgres
--

CREATE TYPE public.enum_pages_blocks_list_content_blocks_color AS ENUM (
    'transparent',
    'green',
    'yellow',
    'red'
);


ALTER TYPE public.enum_pages_blocks_list_content_blocks_color OWNER TO postgres;

--
-- TOC entry 1470 (class 1247 OID 486570)
-- Name: enum_pages_blocks_list_content_blocks_link_appearance; Type: TYPE; Schema: public; Owner: postgres
--

CREATE TYPE public.enum_pages_blocks_list_content_blocks_link_appearance AS ENUM (
    'default',
    'outline'
);


ALTER TYPE public.enum_pages_blocks_list_content_blocks_link_appearance OWNER TO postgres;

--
-- TOC entry 1467 (class 1247 OID 486562)
-- Name: enum_pages_blocks_list_content_blocks_link_type; Type: TYPE; Schema: public; Owner: postgres
--

CREATE TYPE public.enum_pages_blocks_list_content_blocks_link_type AS ENUM (
    'reference',
    'custom',
    'calendly'
);


ALTER TYPE public.enum_pages_blocks_list_content_blocks_link_type OWNER TO postgres;

--
-- TOC entry 1446 (class 1247 OID 485281)
-- Name: enum_pages_blocks_list_content_dark_mode; Type: TYPE; Schema: public; Owner: postgres
--

CREATE TYPE public.enum_pages_blocks_list_content_dark_mode AS ENUM (
    'blue',
    'dark'
);


ALTER TYPE public.enum_pages_blocks_list_content_dark_mode OWNER TO postgres;

--
-- TOC entry 1032 (class 1247 OID 445940)
-- Name: enum_pages_blocks_list_content_separator_type; Type: TYPE; Schema: public; Owner: postgres
--

CREATE TYPE public.enum_pages_blocks_list_content_separator_type AS ENUM (
    'separatorYellow',
    'separatorWhite',
    'separatorBackground',
    'separatorDark'
);


ALTER TYPE public.enum_pages_blocks_list_content_separator_type OWNER TO postgres;

--
-- TOC entry 1500 (class 1247 OID 504224)
-- Name: enum_pages_blocks_post_carousel_block_dark_mode; Type: TYPE; Schema: public; Owner: postgres
--

CREATE TYPE public.enum_pages_blocks_post_carousel_block_dark_mode AS ENUM (
    'blue',
    'dark'
);


ALTER TYPE public.enum_pages_blocks_post_carousel_block_dark_mode OWNER TO postgres;

--
-- TOC entry 1356 (class 1247 OID 473834)
-- Name: enum_pages_blocks_post_carousel_block_separator_type; Type: TYPE; Schema: public; Owner: postgres
--

CREATE TYPE public.enum_pages_blocks_post_carousel_block_separator_type AS ENUM (
    'separatorYellow',
    'separatorWhite',
    'separatorBackground'
);


ALTER TYPE public.enum_pages_blocks_post_carousel_block_separator_type OWNER TO postgres;

--
-- TOC entry 1047 (class 1247 OID 445982)
-- Name: enum_pages_blocks_quote_block_links_link_appearance; Type: TYPE; Schema: public; Owner: postgres
--

CREATE TYPE public.enum_pages_blocks_quote_block_links_link_appearance AS ENUM (
    'default',
    'outline'
);


ALTER TYPE public.enum_pages_blocks_quote_block_links_link_appearance OWNER TO postgres;

--
-- TOC entry 1044 (class 1247 OID 445974)
-- Name: enum_pages_blocks_quote_block_links_link_type; Type: TYPE; Schema: public; Owner: postgres
--

CREATE TYPE public.enum_pages_blocks_quote_block_links_link_type AS ENUM (
    'reference',
    'custom',
    'calendly'
);


ALTER TYPE public.enum_pages_blocks_quote_block_links_link_type OWNER TO postgres;

--
-- TOC entry 1050 (class 1247 OID 445988)
-- Name: enum_pages_blocks_quote_block_separator_type; Type: TYPE; Schema: public; Owner: postgres
--

CREATE TYPE public.enum_pages_blocks_quote_block_separator_type AS ENUM (
    'separatorYellow',
    'separatorWhite',
    'separatorBackground'
);


ALTER TYPE public.enum_pages_blocks_quote_block_separator_type OWNER TO postgres;

--
-- TOC entry 1479 (class 1247 OID 486655)
-- Name: enum_pages_blocks_service_dark_mode; Type: TYPE; Schema: public; Owner: postgres
--

CREATE TYPE public.enum_pages_blocks_service_dark_mode AS ENUM (
    'blue',
    'dark'
);


ALTER TYPE public.enum_pages_blocks_service_dark_mode OWNER TO postgres;

--
-- TOC entry 1407 (class 1247 OID 475100)
-- Name: enum_pages_blocks_service_list_block_blocks_link_appearance; Type: TYPE; Schema: public; Owner: postgres
--

CREATE TYPE public.enum_pages_blocks_service_list_block_blocks_link_appearance AS ENUM (
    'default',
    'outline'
);


ALTER TYPE public.enum_pages_blocks_service_list_block_blocks_link_appearance OWNER TO postgres;

--
-- TOC entry 1404 (class 1247 OID 475092)
-- Name: enum_pages_blocks_service_list_block_blocks_link_type; Type: TYPE; Schema: public; Owner: postgres
--

CREATE TYPE public.enum_pages_blocks_service_list_block_blocks_link_type AS ENUM (
    'reference',
    'custom',
    'calendly'
);


ALTER TYPE public.enum_pages_blocks_service_list_block_blocks_link_type OWNER TO postgres;

--
-- TOC entry 1494 (class 1247 OID 504184)
-- Name: enum_pages_blocks_service_list_block_dark_mode; Type: TYPE; Schema: public; Owner: postgres
--

CREATE TYPE public.enum_pages_blocks_service_list_block_dark_mode AS ENUM (
    'blue',
    'dark'
);


ALTER TYPE public.enum_pages_blocks_service_list_block_dark_mode OWNER TO postgres;

--
-- TOC entry 1386 (class 1247 OID 474900)
-- Name: enum_pages_blocks_service_list_block_separator_type; Type: TYPE; Schema: public; Owner: postgres
--

CREATE TYPE public.enum_pages_blocks_service_list_block_separator_type AS ENUM (
    'separatorYellow',
    'separatorWhite',
    'separatorBackground'
);


ALTER TYPE public.enum_pages_blocks_service_list_block_separator_type OWNER TO postgres;

--
-- TOC entry 1416 (class 1247 OID 475504)
-- Name: enum_pages_blocks_service_separator_type; Type: TYPE; Schema: public; Owner: postgres
--

CREATE TYPE public.enum_pages_blocks_service_separator_type AS ENUM (
    'separatorYellow',
    'separatorWhite',
    'separatorBackground'
);


ALTER TYPE public.enum_pages_blocks_service_separator_type OWNER TO postgres;

--
-- TOC entry 1038 (class 1247 OID 445956)
-- Name: enum_pages_blocks_simple_list_content_blocks_color; Type: TYPE; Schema: public; Owner: postgres
--

CREATE TYPE public.enum_pages_blocks_simple_list_content_blocks_color AS ENUM (
    'transparent',
    'green',
    'yellow',
    'red'
);


ALTER TYPE public.enum_pages_blocks_simple_list_content_blocks_color OWNER TO postgres;

--
-- TOC entry 1452 (class 1247 OID 485319)
-- Name: enum_pages_blocks_simple_list_content_dark_mode; Type: TYPE; Schema: public; Owner: postgres
--

CREATE TYPE public.enum_pages_blocks_simple_list_content_dark_mode AS ENUM (
    'blue',
    'dark'
);


ALTER TYPE public.enum_pages_blocks_simple_list_content_dark_mode OWNER TO postgres;

--
-- TOC entry 1041 (class 1247 OID 445966)
-- Name: enum_pages_blocks_simple_list_content_separator_type; Type: TYPE; Schema: public; Owner: postgres
--

CREATE TYPE public.enum_pages_blocks_simple_list_content_separator_type AS ENUM (
    'separatorYellow',
    'separatorWhite',
    'separatorBackground'
);


ALTER TYPE public.enum_pages_blocks_simple_list_content_separator_type OWNER TO postgres;

--
-- TOC entry 1035 (class 1247 OID 445948)
-- Name: enum_pages_blocks_social_rrss_link_type; Type: TYPE; Schema: public; Owner: postgres
--

CREATE TYPE public.enum_pages_blocks_social_rrss_link_type AS ENUM (
    'reference',
    'custom',
    'calendly'
);


ALTER TYPE public.enum_pages_blocks_social_rrss_link_type OWNER TO postgres;

--
-- TOC entry 1530 (class 1247 OID 504753)
-- Name: enum_pages_hero_dark_mode; Type: TYPE; Schema: public; Owner: postgres
--

CREATE TYPE public.enum_pages_hero_dark_mode AS ENUM (
    'blue',
    'dark'
);


ALTER TYPE public.enum_pages_hero_dark_mode OWNER TO postgres;

--
-- TOC entry 1011 (class 1247 OID 445888)
-- Name: enum_pages_hero_links_link_appearance; Type: TYPE; Schema: public; Owner: postgres
--

CREATE TYPE public.enum_pages_hero_links_link_appearance AS ENUM (
    'default',
    'outline'
);


ALTER TYPE public.enum_pages_hero_links_link_appearance OWNER TO postgres;

--
-- TOC entry 1008 (class 1247 OID 445881)
-- Name: enum_pages_hero_links_link_type; Type: TYPE; Schema: public; Owner: postgres
--

CREATE TYPE public.enum_pages_hero_links_link_type AS ENUM (
    'reference',
    'custom',
    'calendly'
);


ALTER TYPE public.enum_pages_hero_links_link_type OWNER TO postgres;

--
-- TOC entry 1524 (class 1247 OID 504707)
-- Name: enum_pages_hero_separator_type; Type: TYPE; Schema: public; Owner: postgres
--

CREATE TYPE public.enum_pages_hero_separator_type AS ENUM (
    'separatorYellow',
    'separatorWhite',
    'separatorBackground'
);


ALTER TYPE public.enum_pages_hero_separator_type OWNER TO postgres;

--
-- TOC entry 1053 (class 1247 OID 445996)
-- Name: enum_pages_status; Type: TYPE; Schema: public; Owner: postgres
--

CREATE TYPE public.enum_pages_status AS ENUM (
    'draft',
    'published'
);


ALTER TYPE public.enum_pages_status OWNER TO postgres;

--
-- TOC entry 1323 (class 1247 OID 447886)
-- Name: enum_payload_jobs_log_state; Type: TYPE; Schema: public; Owner: postgres
--

CREATE TYPE public.enum_payload_jobs_log_state AS ENUM (
    'failed',
    'succeeded'
);


ALTER TYPE public.enum_payload_jobs_log_state OWNER TO postgres;

--
-- TOC entry 1320 (class 1247 OID 447880)
-- Name: enum_payload_jobs_log_task_slug; Type: TYPE; Schema: public; Owner: postgres
--

CREATE TYPE public.enum_payload_jobs_log_task_slug AS ENUM (
    'inline',
    'schedulePublish'
);


ALTER TYPE public.enum_payload_jobs_log_task_slug OWNER TO postgres;

--
-- TOC entry 1326 (class 1247 OID 447892)
-- Name: enum_payload_jobs_task_slug; Type: TYPE; Schema: public; Owner: postgres
--

CREATE TYPE public.enum_payload_jobs_task_slug AS ENUM (
    'inline',
    'schedulePublish'
);


ALTER TYPE public.enum_payload_jobs_task_slug OWNER TO postgres;

--
-- TOC entry 1314 (class 1247 OID 447869)
-- Name: enum_posts_status; Type: TYPE; Schema: public; Owner: postgres
--

CREATE TYPE public.enum_posts_status AS ENUM (
    'draft',
    'published'
);


ALTER TYPE public.enum_posts_status OWNER TO postgres;

--
-- TOC entry 1545 (class 1247 OID 513182)
-- Name: enum_services_blocks_service_dark_mode; Type: TYPE; Schema: public; Owner: postgres
--

CREATE TYPE public.enum_services_blocks_service_dark_mode AS ENUM (
    'blue',
    'dark'
);


ALTER TYPE public.enum_services_blocks_service_dark_mode OWNER TO postgres;

--
-- TOC entry 1542 (class 1247 OID 513174)
-- Name: enum_services_blocks_service_separator_type; Type: TYPE; Schema: public; Owner: postgres
--

CREATE TYPE public.enum_services_blocks_service_separator_type AS ENUM (
    'separatorYellow',
    'separatorWhite',
    'separatorBackground'
);


ALTER TYPE public.enum_services_blocks_service_separator_type OWNER TO postgres;

--
-- TOC entry 1551 (class 1247 OID 513196)
-- Name: enum_services_hero_dark_mode; Type: TYPE; Schema: public; Owner: postgres
--

CREATE TYPE public.enum_services_hero_dark_mode AS ENUM (
    'blue',
    'dark'
);


ALTER TYPE public.enum_services_hero_dark_mode OWNER TO postgres;

--
-- TOC entry 1539 (class 1247 OID 513168)
-- Name: enum_services_hero_links_link_appearance; Type: TYPE; Schema: public; Owner: postgres
--

CREATE TYPE public.enum_services_hero_links_link_appearance AS ENUM (
    'default',
    'outline'
);


ALTER TYPE public.enum_services_hero_links_link_appearance OWNER TO postgres;

--
-- TOC entry 1536 (class 1247 OID 513161)
-- Name: enum_services_hero_links_link_type; Type: TYPE; Schema: public; Owner: postgres
--

CREATE TYPE public.enum_services_hero_links_link_type AS ENUM (
    'reference',
    'custom',
    'calendly'
);


ALTER TYPE public.enum_services_hero_links_link_type OWNER TO postgres;

--
-- TOC entry 1548 (class 1247 OID 513188)
-- Name: enum_services_hero_separator_type; Type: TYPE; Schema: public; Owner: postgres
--

CREATE TYPE public.enum_services_hero_separator_type AS ENUM (
    'separatorYellow',
    'separatorWhite',
    'separatorBackground'
);


ALTER TYPE public.enum_services_hero_separator_type OWNER TO postgres;

--
-- TOC entry 1554 (class 1247 OID 513202)
-- Name: enum_services_status; Type: TYPE; Schema: public; Owner: postgres
--

CREATE TYPE public.enum_services_status AS ENUM (
    'draft',
    'published'
);


ALTER TYPE public.enum_services_status OWNER TO postgres;

--
-- TOC entry 1362 (class 1247 OID 473850)
-- Name: enum_users_roles; Type: TYPE; Schema: public; Owner: postgres
--

CREATE TYPE public.enum_users_roles AS ENUM (
    'admin',
    'user',
    'guest'
);


ALTER TYPE public.enum_users_roles OWNER TO postgres;

SET default_tablespace = '';

SET default_table_access_method = heap;

--
-- TOC entry 274 (class 1259 OID 446527)
-- Name: _pages_v; Type: TABLE; Schema: public; Owner: postgres
--

CREATE TABLE public._pages_v (
    id integer NOT NULL,
    parent_id integer,
    version_title character varying,
    version_hero_title character varying,
    version_hero_media_id integer,
    version_hero_rich_text jsonb,
    version_meta_title character varying,
    version_meta_image_id integer,
    version_meta_description character varying,
    version_published_at timestamp(3) with time zone,
    version_slug character varying,
    version_slug_lock boolean DEFAULT true,
    version_updated_at timestamp(3) with time zone,
    version_created_at timestamp(3) with time zone,
    version__status public.enum__pages_v_version_status DEFAULT 'draft'::public.enum__pages_v_version_status,
    created_at timestamp(3) with time zone DEFAULT now() NOT NULL,
    updated_at timestamp(3) with time zone DEFAULT now() NOT NULL,
    latest boolean,
    autosave boolean,
    version_hero_remove_svg boolean,
    version_hero_is_reverse boolean DEFAULT false,
    version_hero_bottom numeric DEFAULT 100,
    version_hero_separator_type public.enum__pages_v_version_hero_separator_type,
    version_hero_dark_mode public.enum__pages_v_version_hero_dark_mode
);


ALTER TABLE public._pages_v OWNER TO postgres;

--
-- TOC entry 272 (class 1259 OID 446518)
-- Name: _pages_v_blocks_box_content; Type: TABLE; Schema: public; Owner: postgres
--

CREATE TABLE public._pages_v_blocks_box_content (
    _order integer NOT NULL,
    _parent_id integer NOT NULL,
    _path text NOT NULL,
    id integer NOT NULL,
    _uuid character varying,
    block_name character varying
);


ALTER TABLE public._pages_v_blocks_box_content OWNER TO postgres;

--
-- TOC entry 270 (class 1259 OID 446509)
-- Name: _pages_v_blocks_box_content_boxes; Type: TABLE; Schema: public; Owner: postgres
--

CREATE TABLE public._pages_v_blocks_box_content_boxes (
    _order integer NOT NULL,
    _parent_id integer NOT NULL,
    id integer NOT NULL,
    title character varying,
    rich_text character varying,
    media_id integer,
    _uuid character varying,
    enable_title boolean
);


ALTER TABLE public._pages_v_blocks_box_content_boxes OWNER TO postgres;

--
-- TOC entry 269 (class 1259 OID 446508)
-- Name: _pages_v_blocks_box_content_boxes_id_seq; Type: SEQUENCE; Schema: public; Owner: postgres
--

CREATE SEQUENCE public._pages_v_blocks_box_content_boxes_id_seq
    AS integer
    START WITH 1
    INCREMENT BY 1
    NO MINVALUE
    NO MAXVALUE
    CACHE 1;


ALTER SEQUENCE public._pages_v_blocks_box_content_boxes_id_seq OWNER TO postgres;

--
-- TOC entry 5241 (class 0 OID 0)
-- Dependencies: 269
-- Name: _pages_v_blocks_box_content_boxes_id_seq; Type: SEQUENCE OWNED BY; Schema: public; Owner: postgres
--

ALTER SEQUENCE public._pages_v_blocks_box_content_boxes_id_seq OWNED BY public._pages_v_blocks_box_content_boxes.id;


--
-- TOC entry 271 (class 1259 OID 446517)
-- Name: _pages_v_blocks_box_content_id_seq; Type: SEQUENCE; Schema: public; Owner: postgres
--

CREATE SEQUENCE public._pages_v_blocks_box_content_id_seq
    AS integer
    START WITH 1
    INCREMENT BY 1
    NO MINVALUE
    NO MAXVALUE
    CACHE 1;


ALTER SEQUENCE public._pages_v_blocks_box_content_id_seq OWNER TO postgres;

--
-- TOC entry 5242 (class 0 OID 0)
-- Dependencies: 271
-- Name: _pages_v_blocks_box_content_id_seq; Type: SEQUENCE OWNED BY; Schema: public; Owner: postgres
--

ALTER SEQUENCE public._pages_v_blocks_box_content_id_seq OWNED BY public._pages_v_blocks_box_content.id;


--
-- TOC entry 250 (class 1259 OID 446393)
-- Name: _pages_v_blocks_content; Type: TABLE; Schema: public; Owner: postgres
--

CREATE TABLE public._pages_v_blocks_content (
    _order integer NOT NULL,
    _parent_id integer NOT NULL,
    _path text NOT NULL,
    id integer NOT NULL,
    enable_title boolean,
    title character varying,
    enable_image boolean,
    image_id integer,
    enable_background_image boolean,
    enable_rich_text boolean,
    rich_text jsonb,
    enable_link boolean,
    link_type public.enum__pages_v_blocks_content_link_type DEFAULT 'reference'::public.enum__pages_v_blocks_content_link_type,
    link_new_tab boolean,
    link_url character varying,
    link_label character varying,
    link_appearance public.enum__pages_v_blocks_content_link_appearance DEFAULT 'default'::public.enum__pages_v_blocks_content_link_appearance,
    is_reverse boolean DEFAULT false,
    bottom numeric DEFAULT 100,
    separator_type public.enum__pages_v_blocks_content_separator_type,
    section_name character varying,
    _uuid character varying,
    block_name character varying,
    dark_mode public.enum__pages_v_blocks_content_dark_mode
);


ALTER TABLE public._pages_v_blocks_content OWNER TO postgres;

--
-- TOC entry 249 (class 1259 OID 446392)
-- Name: _pages_v_blocks_content_id_seq; Type: SEQUENCE; Schema: public; Owner: postgres
--

CREATE SEQUENCE public._pages_v_blocks_content_id_seq
    AS integer
    START WITH 1
    INCREMENT BY 1
    NO MINVALUE
    NO MAXVALUE
    CACHE 1;


ALTER SEQUENCE public._pages_v_blocks_content_id_seq OWNER TO postgres;

--
-- TOC entry 5243 (class 0 OID 0)
-- Dependencies: 249
-- Name: _pages_v_blocks_content_id_seq; Type: SEQUENCE OWNED BY; Schema: public; Owner: postgres
--

ALTER SEQUENCE public._pages_v_blocks_content_id_seq OWNED BY public._pages_v_blocks_content.id;


--
-- TOC entry 248 (class 1259 OID 446382)
-- Name: _pages_v_blocks_cta; Type: TABLE; Schema: public; Owner: postgres
--

CREATE TABLE public._pages_v_blocks_cta (
    _order integer NOT NULL,
    _parent_id integer NOT NULL,
    _path text NOT NULL,
    id integer NOT NULL,
    media_id integer,
    rich_text jsonb,
    is_reverse boolean DEFAULT false,
    bottom numeric DEFAULT 100,
    section_name character varying,
    _uuid character varying,
    block_name character varying,
    enable_background_image boolean,
    separator_type public.enum__pages_v_blocks_cta_separator_type,
    dark_mode public.enum__pages_v_blocks_cta_dark_mode
);


ALTER TABLE public._pages_v_blocks_cta OWNER TO postgres;

--
-- TOC entry 247 (class 1259 OID 446381)
-- Name: _pages_v_blocks_cta_id_seq; Type: SEQUENCE; Schema: public; Owner: postgres
--

CREATE SEQUENCE public._pages_v_blocks_cta_id_seq
    AS integer
    START WITH 1
    INCREMENT BY 1
    NO MINVALUE
    NO MAXVALUE
    CACHE 1;


ALTER SEQUENCE public._pages_v_blocks_cta_id_seq OWNER TO postgres;

--
-- TOC entry 5244 (class 0 OID 0)
-- Dependencies: 247
-- Name: _pages_v_blocks_cta_id_seq; Type: SEQUENCE OWNED BY; Schema: public; Owner: postgres
--

ALTER SEQUENCE public._pages_v_blocks_cta_id_seq OWNED BY public._pages_v_blocks_cta.id;


--
-- TOC entry 246 (class 1259 OID 446371)
-- Name: _pages_v_blocks_cta_links; Type: TABLE; Schema: public; Owner: postgres
--

CREATE TABLE public._pages_v_blocks_cta_links (
    _order integer NOT NULL,
    _parent_id integer NOT NULL,
    id integer NOT NULL,
    link_type public.enum__pages_v_blocks_cta_links_link_type DEFAULT 'reference'::public.enum__pages_v_blocks_cta_links_link_type,
    link_new_tab boolean,
    link_url character varying,
    link_label character varying,
    link_appearance public.enum__pages_v_blocks_cta_links_link_appearance DEFAULT 'default'::public.enum__pages_v_blocks_cta_links_link_appearance,
    _uuid character varying
);


ALTER TABLE public._pages_v_blocks_cta_links OWNER TO postgres;

--
-- TOC entry 245 (class 1259 OID 446370)
-- Name: _pages_v_blocks_cta_links_id_seq; Type: SEQUENCE; Schema: public; Owner: postgres
--

CREATE SEQUENCE public._pages_v_blocks_cta_links_id_seq
    AS integer
    START WITH 1
    INCREMENT BY 1
    NO MINVALUE
    NO MAXVALUE
    CACHE 1;


ALTER SEQUENCE public._pages_v_blocks_cta_links_id_seq OWNER TO postgres;

--
-- TOC entry 5245 (class 0 OID 0)
-- Dependencies: 245
-- Name: _pages_v_blocks_cta_links_id_seq; Type: SEQUENCE OWNED BY; Schema: public; Owner: postgres
--

ALTER SEQUENCE public._pages_v_blocks_cta_links_id_seq OWNED BY public._pages_v_blocks_cta_links.id;


--
-- TOC entry 256 (class 1259 OID 446436)
-- Name: _pages_v_blocks_form_block; Type: TABLE; Schema: public; Owner: postgres
--

CREATE TABLE public._pages_v_blocks_form_block (
    _order integer NOT NULL,
    _parent_id integer NOT NULL,
    _path text NOT NULL,
    id integer NOT NULL,
    enable_header_text boolean,
    header_text jsonb,
    enable_companion_text boolean,
    companion_text jsonb,
    form_id integer,
    is_reverse boolean DEFAULT false,
    bottom numeric DEFAULT 100,
    _uuid character varying,
    block_name character varying,
    dark_mode public.enum__pages_v_blocks_form_block_dark_mode,
    separator_type public.enum__pages_v_blocks_form_block_separator_type,
    enable_background_image boolean
);


ALTER TABLE public._pages_v_blocks_form_block OWNER TO postgres;

--
-- TOC entry 255 (class 1259 OID 446435)
-- Name: _pages_v_blocks_form_block_id_seq; Type: SEQUENCE; Schema: public; Owner: postgres
--

CREATE SEQUENCE public._pages_v_blocks_form_block_id_seq
    AS integer
    START WITH 1
    INCREMENT BY 1
    NO MINVALUE
    NO MAXVALUE
    CACHE 1;


ALTER SEQUENCE public._pages_v_blocks_form_block_id_seq OWNER TO postgres;

--
-- TOC entry 5246 (class 0 OID 0)
-- Dependencies: 255
-- Name: _pages_v_blocks_form_block_id_seq; Type: SEQUENCE OWNED BY; Schema: public; Owner: postgres
--

ALTER SEQUENCE public._pages_v_blocks_form_block_id_seq OWNED BY public._pages_v_blocks_form_block.id;


--
-- TOC entry 339 (class 1259 OID 473901)
-- Name: _pages_v_blocks_frequently_questions_block; Type: TABLE; Schema: public; Owner: postgres
--

CREATE TABLE public._pages_v_blocks_frequently_questions_block (
    _order integer NOT NULL,
    _parent_id integer NOT NULL,
    _path text NOT NULL,
    id integer NOT NULL,
    enable_title boolean,
    title character varying,
    enable_text boolean,
    content jsonb,
    enable_image boolean,
    image_id integer,
    section_name character varying,
    _uuid character varying,
    block_name character varying
);


ALTER TABLE public._pages_v_blocks_frequently_questions_block OWNER TO postgres;

--
-- TOC entry 338 (class 1259 OID 473900)
-- Name: _pages_v_blocks_frequently_questions_block_id_seq; Type: SEQUENCE; Schema: public; Owner: postgres
--

CREATE SEQUENCE public._pages_v_blocks_frequently_questions_block_id_seq
    AS integer
    START WITH 1
    INCREMENT BY 1
    NO MINVALUE
    NO MAXVALUE
    CACHE 1;


ALTER SEQUENCE public._pages_v_blocks_frequently_questions_block_id_seq OWNER TO postgres;

--
-- TOC entry 5247 (class 0 OID 0)
-- Dependencies: 338
-- Name: _pages_v_blocks_frequently_questions_block_id_seq; Type: SEQUENCE OWNED BY; Schema: public; Owner: postgres
--

ALTER SEQUENCE public._pages_v_blocks_frequently_questions_block_id_seq OWNED BY public._pages_v_blocks_frequently_questions_block.id;


--
-- TOC entry 337 (class 1259 OID 473892)
-- Name: _pages_v_blocks_frequently_questions_block_questions; Type: TABLE; Schema: public; Owner: postgres
--

CREATE TABLE public._pages_v_blocks_frequently_questions_block_questions (
    _order integer NOT NULL,
    _parent_id integer NOT NULL,
    id integer NOT NULL,
    question character varying,
    answer character varying,
    _uuid character varying
);


ALTER TABLE public._pages_v_blocks_frequently_questions_block_questions OWNER TO postgres;

--
-- TOC entry 336 (class 1259 OID 473891)
-- Name: _pages_v_blocks_frequently_questions_block_questions_id_seq; Type: SEQUENCE; Schema: public; Owner: postgres
--

CREATE SEQUENCE public._pages_v_blocks_frequently_questions_block_questions_id_seq
    AS integer
    START WITH 1
    INCREMENT BY 1
    NO MINVALUE
    NO MAXVALUE
    CACHE 1;


ALTER SEQUENCE public._pages_v_blocks_frequently_questions_block_questions_id_seq OWNER TO postgres;

--
-- TOC entry 5248 (class 0 OID 0)
-- Dependencies: 336
-- Name: _pages_v_blocks_frequently_questions_block_questions_id_seq; Type: SEQUENCE OWNED BY; Schema: public; Owner: postgres
--

ALTER SEQUENCE public._pages_v_blocks_frequently_questions_block_questions_id_seq OWNED BY public._pages_v_blocks_frequently_questions_block_questions.id;


--
-- TOC entry 254 (class 1259 OID 446425)
-- Name: _pages_v_blocks_list_content; Type: TABLE; Schema: public; Owner: postgres
--

CREATE TABLE public._pages_v_blocks_list_content (
    _order integer NOT NULL,
    _parent_id integer NOT NULL,
    _path text NOT NULL,
    id integer NOT NULL,
    enable_title boolean,
    title character varying,
    enable_sub_title boolean,
    sub_title jsonb,
    enable_background_image boolean,
    enable_image boolean,
    field_image_id integer,
    is_reverse boolean DEFAULT false,
    bottom numeric DEFAULT 100,
    separator_type public.enum__pages_v_blocks_list_content_separator_type,
    section_name character varying,
    _uuid character varying,
    block_name character varying,
    dark_mode public.enum__pages_v_blocks_list_content_dark_mode
);


ALTER TABLE public._pages_v_blocks_list_content OWNER TO postgres;

--
-- TOC entry 360 (class 1259 OID 487092)
-- Name: _pages_v_blocks_list_content_blocks; Type: TABLE; Schema: public; Owner: postgres
--

CREATE TABLE public._pages_v_blocks_list_content_blocks (
    _order integer NOT NULL,
    _parent_id integer NOT NULL,
    id integer NOT NULL,
    enable_filed_title boolean,
    field_title character varying,
    enable_icon boolean,
    media_id integer,
    enable_rich_text boolean,
    rich_text jsonb,
    enable_link boolean,
    link_type public.enum__pages_v_blocks_list_content_blocks_link_type DEFAULT 'reference'::public.enum__pages_v_blocks_list_content_blocks_link_type,
    link_new_tab boolean,
    link_url character varying,
    link_label character varying,
    link_appearance public.enum__pages_v_blocks_list_content_blocks_link_appearance DEFAULT 'default'::public.enum__pages_v_blocks_list_content_blocks_link_appearance,
    color public.enum__pages_v_blocks_list_content_blocks_color DEFAULT 'transparent'::public.enum__pages_v_blocks_list_content_blocks_color,
    _uuid character varying
);


ALTER TABLE public._pages_v_blocks_list_content_blocks OWNER TO postgres;

--
-- TOC entry 359 (class 1259 OID 487091)
-- Name: _pages_v_blocks_list_content_blocks_id_seq; Type: SEQUENCE; Schema: public; Owner: postgres
--

CREATE SEQUENCE public._pages_v_blocks_list_content_blocks_id_seq
    AS integer
    START WITH 1
    INCREMENT BY 1
    NO MINVALUE
    NO MAXVALUE
    CACHE 1;


ALTER SEQUENCE public._pages_v_blocks_list_content_blocks_id_seq OWNER TO postgres;

--
-- TOC entry 5249 (class 0 OID 0)
-- Dependencies: 359
-- Name: _pages_v_blocks_list_content_blocks_id_seq; Type: SEQUENCE OWNED BY; Schema: public; Owner: postgres
--

ALTER SEQUENCE public._pages_v_blocks_list_content_blocks_id_seq OWNED BY public._pages_v_blocks_list_content_blocks.id;


--
-- TOC entry 253 (class 1259 OID 446424)
-- Name: _pages_v_blocks_list_content_id_seq; Type: SEQUENCE; Schema: public; Owner: postgres
--

CREATE SEQUENCE public._pages_v_blocks_list_content_id_seq
    AS integer
    START WITH 1
    INCREMENT BY 1
    NO MINVALUE
    NO MAXVALUE
    CACHE 1;


ALTER SEQUENCE public._pages_v_blocks_list_content_id_seq OWNER TO postgres;

--
-- TOC entry 5250 (class 0 OID 0)
-- Dependencies: 253
-- Name: _pages_v_blocks_list_content_id_seq; Type: SEQUENCE OWNED BY; Schema: public; Owner: postgres
--

ALTER SEQUENCE public._pages_v_blocks_list_content_id_seq OWNED BY public._pages_v_blocks_list_content.id;


--
-- TOC entry 252 (class 1259 OID 446406)
-- Name: _pages_v_blocks_media_block; Type: TABLE; Schema: public; Owner: postgres
--

CREATE TABLE public._pages_v_blocks_media_block (
    _order integer NOT NULL,
    _parent_id integer NOT NULL,
    _path text NOT NULL,
    id integer NOT NULL,
    media_id integer,
    section_name character varying,
    _uuid character varying,
    block_name character varying
);


ALTER TABLE public._pages_v_blocks_media_block OWNER TO postgres;

--
-- TOC entry 251 (class 1259 OID 446405)
-- Name: _pages_v_blocks_media_block_id_seq; Type: SEQUENCE; Schema: public; Owner: postgres
--

CREATE SEQUENCE public._pages_v_blocks_media_block_id_seq
    AS integer
    START WITH 1
    INCREMENT BY 1
    NO MINVALUE
    NO MAXVALUE
    CACHE 1;


ALTER SEQUENCE public._pages_v_blocks_media_block_id_seq OWNER TO postgres;

--
-- TOC entry 5251 (class 0 OID 0)
-- Dependencies: 251
-- Name: _pages_v_blocks_media_block_id_seq; Type: SEQUENCE OWNED BY; Schema: public; Owner: postgres
--

ALTER SEQUENCE public._pages_v_blocks_media_block_id_seq OWNED BY public._pages_v_blocks_media_block.id;


--
-- TOC entry 335 (class 1259 OID 473881)
-- Name: _pages_v_blocks_post_carousel_block; Type: TABLE; Schema: public; Owner: postgres
--

CREATE TABLE public._pages_v_blocks_post_carousel_block (
    _order integer NOT NULL,
    _parent_id integer NOT NULL,
    _path text NOT NULL,
    id integer NOT NULL,
    is_reverse boolean DEFAULT false,
    bottom numeric DEFAULT 100,
    separator_type public.enum__pages_v_blocks_post_carousel_block_separator_type,
    _uuid character varying,
    block_name character varying,
    enable_background_image boolean,
    dark_mode public.enum__pages_v_blocks_post_carousel_block_dark_mode
);


ALTER TABLE public._pages_v_blocks_post_carousel_block OWNER TO postgres;

--
-- TOC entry 334 (class 1259 OID 473880)
-- Name: _pages_v_blocks_post_carousel_block_id_seq; Type: SEQUENCE; Schema: public; Owner: postgres
--

CREATE SEQUENCE public._pages_v_blocks_post_carousel_block_id_seq
    AS integer
    START WITH 1
    INCREMENT BY 1
    NO MINVALUE
    NO MAXVALUE
    CACHE 1;


ALTER SEQUENCE public._pages_v_blocks_post_carousel_block_id_seq OWNER TO postgres;

--
-- TOC entry 5252 (class 0 OID 0)
-- Dependencies: 334
-- Name: _pages_v_blocks_post_carousel_block_id_seq; Type: SEQUENCE OWNED BY; Schema: public; Owner: postgres
--

ALTER SEQUENCE public._pages_v_blocks_post_carousel_block_id_seq OWNED BY public._pages_v_blocks_post_carousel_block.id;


--
-- TOC entry 268 (class 1259 OID 446498)
-- Name: _pages_v_blocks_quote_block; Type: TABLE; Schema: public; Owner: postgres
--

CREATE TABLE public._pages_v_blocks_quote_block (
    _order integer NOT NULL,
    _parent_id integer NOT NULL,
    _path text NOT NULL,
    id integer NOT NULL,
    rich_text jsonb,
    enable_image boolean,
    image_id integer,
    is_reverse boolean DEFAULT false,
    bottom numeric DEFAULT 100,
    separator_type public.enum__pages_v_blocks_quote_block_separator_type,
    section_name character varying,
    _uuid character varying,
    block_name character varying
);


ALTER TABLE public._pages_v_blocks_quote_block OWNER TO postgres;

--
-- TOC entry 267 (class 1259 OID 446497)
-- Name: _pages_v_blocks_quote_block_id_seq; Type: SEQUENCE; Schema: public; Owner: postgres
--

CREATE SEQUENCE public._pages_v_blocks_quote_block_id_seq
    AS integer
    START WITH 1
    INCREMENT BY 1
    NO MINVALUE
    NO MAXVALUE
    CACHE 1;


ALTER SEQUENCE public._pages_v_blocks_quote_block_id_seq OWNER TO postgres;

--
-- TOC entry 5253 (class 0 OID 0)
-- Dependencies: 267
-- Name: _pages_v_blocks_quote_block_id_seq; Type: SEQUENCE OWNED BY; Schema: public; Owner: postgres
--

ALTER SEQUENCE public._pages_v_blocks_quote_block_id_seq OWNED BY public._pages_v_blocks_quote_block.id;


--
-- TOC entry 266 (class 1259 OID 446487)
-- Name: _pages_v_blocks_quote_block_links; Type: TABLE; Schema: public; Owner: postgres
--

CREATE TABLE public._pages_v_blocks_quote_block_links (
    _order integer NOT NULL,
    _parent_id integer NOT NULL,
    id integer NOT NULL,
    link_type public.enum__pages_v_blocks_quote_block_links_link_type DEFAULT 'reference'::public.enum__pages_v_blocks_quote_block_links_link_type,
    link_new_tab boolean,
    link_url character varying,
    link_label character varying,
    link_appearance public.enum__pages_v_blocks_quote_block_links_link_appearance DEFAULT 'default'::public.enum__pages_v_blocks_quote_block_links_link_appearance,
    _uuid character varying
);


ALTER TABLE public._pages_v_blocks_quote_block_links OWNER TO postgres;

--
-- TOC entry 265 (class 1259 OID 446486)
-- Name: _pages_v_blocks_quote_block_links_id_seq; Type: SEQUENCE; Schema: public; Owner: postgres
--

CREATE SEQUENCE public._pages_v_blocks_quote_block_links_id_seq
    AS integer
    START WITH 1
    INCREMENT BY 1
    NO MINVALUE
    NO MAXVALUE
    CACHE 1;


ALTER SEQUENCE public._pages_v_blocks_quote_block_links_id_seq OWNER TO postgres;

--
-- TOC entry 5254 (class 0 OID 0)
-- Dependencies: 265
-- Name: _pages_v_blocks_quote_block_links_id_seq; Type: SEQUENCE OWNED BY; Schema: public; Owner: postgres
--

ALTER SEQUENCE public._pages_v_blocks_quote_block_links_id_seq OWNED BY public._pages_v_blocks_quote_block_links.id;


--
-- TOC entry 350 (class 1259 OID 475557)
-- Name: _pages_v_blocks_service; Type: TABLE; Schema: public; Owner: postgres
--

CREATE TABLE public._pages_v_blocks_service (
    _order integer NOT NULL,
    _parent_id integer NOT NULL,
    _path text NOT NULL,
    id integer NOT NULL,
    title character varying,
    enable_background_image boolean,
    is_reverse boolean DEFAULT false,
    bottom numeric DEFAULT 100,
    separator_type public.enum__pages_v_blocks_service_separator_type,
    section_name character varying,
    _uuid character varying,
    block_name character varying,
    rich_text jsonb,
    dark_mode public.enum__pages_v_blocks_service_dark_mode
);


ALTER TABLE public._pages_v_blocks_service OWNER TO postgres;

--
-- TOC entry 353 (class 1259 OID 484574)
-- Name: _pages_v_blocks_service_accordions; Type: TABLE; Schema: public; Owner: postgres
--

CREATE TABLE public._pages_v_blocks_service_accordions (
    _order integer NOT NULL,
    _parent_id integer NOT NULL,
    id integer NOT NULL,
    title character varying,
    content jsonb,
    _uuid character varying
);


ALTER TABLE public._pages_v_blocks_service_accordions OWNER TO postgres;

--
-- TOC entry 352 (class 1259 OID 484573)
-- Name: _pages_v_blocks_service_accordions_id_seq; Type: SEQUENCE; Schema: public; Owner: postgres
--

CREATE SEQUENCE public._pages_v_blocks_service_accordions_id_seq
    AS integer
    START WITH 1
    INCREMENT BY 1
    NO MINVALUE
    NO MAXVALUE
    CACHE 1;


ALTER SEQUENCE public._pages_v_blocks_service_accordions_id_seq OWNER TO postgres;

--
-- TOC entry 5255 (class 0 OID 0)
-- Dependencies: 352
-- Name: _pages_v_blocks_service_accordions_id_seq; Type: SEQUENCE OWNED BY; Schema: public; Owner: postgres
--

ALTER SEQUENCE public._pages_v_blocks_service_accordions_id_seq OWNED BY public._pages_v_blocks_service_accordions.id;


--
-- TOC entry 349 (class 1259 OID 475556)
-- Name: _pages_v_blocks_service_id_seq; Type: SEQUENCE; Schema: public; Owner: postgres
--

CREATE SEQUENCE public._pages_v_blocks_service_id_seq
    AS integer
    START WITH 1
    INCREMENT BY 1
    NO MINVALUE
    NO MAXVALUE
    CACHE 1;


ALTER SEQUENCE public._pages_v_blocks_service_id_seq OWNER TO postgres;

--
-- TOC entry 5256 (class 0 OID 0)
-- Dependencies: 349
-- Name: _pages_v_blocks_service_id_seq; Type: SEQUENCE OWNED BY; Schema: public; Owner: postgres
--

ALTER SEQUENCE public._pages_v_blocks_service_id_seq OWNED BY public._pages_v_blocks_service.id;


--
-- TOC entry 347 (class 1259 OID 474953)
-- Name: _pages_v_blocks_service_list_block; Type: TABLE; Schema: public; Owner: postgres
--

CREATE TABLE public._pages_v_blocks_service_list_block (
    _order integer NOT NULL,
    _parent_id integer NOT NULL,
    _path text NOT NULL,
    id integer NOT NULL,
    enable_title boolean,
    title character varying,
    enable_background_image boolean,
    is_reverse boolean DEFAULT false,
    bottom numeric DEFAULT 100,
    separator_type public.enum__pages_v_blocks_service_list_block_separator_type,
    section_name character varying,
    _uuid character varying,
    block_name character varying,
    dark_mode public.enum__pages_v_blocks_service_list_block_dark_mode
);


ALTER TABLE public._pages_v_blocks_service_list_block OWNER TO postgres;

--
-- TOC entry 345 (class 1259 OID 474943)
-- Name: _pages_v_blocks_service_list_block_blocks; Type: TABLE; Schema: public; Owner: postgres
--

CREATE TABLE public._pages_v_blocks_service_list_block_blocks (
    _order integer NOT NULL,
    _parent_id integer NOT NULL,
    id integer NOT NULL,
    enable_filed_title boolean,
    field_title character varying,
    enable_icon boolean,
    media_id integer,
    enable_rich_text boolean,
    rich_text jsonb,
    _uuid character varying,
    link_type public.enum__pages_v_blocks_service_list_block_blocks_link_type DEFAULT 'reference'::public.enum__pages_v_blocks_service_list_block_blocks_link_type,
    link_new_tab boolean,
    link_url character varying,
    link_label character varying,
    link_appearance public.enum__pages_v_blocks_service_list_block_blocks_link_appearance DEFAULT 'default'::public.enum__pages_v_blocks_service_list_block_blocks_link_appearance
);


ALTER TABLE public._pages_v_blocks_service_list_block_blocks OWNER TO postgres;

--
-- TOC entry 344 (class 1259 OID 474942)
-- Name: _pages_v_blocks_service_list_block_blocks_id_seq; Type: SEQUENCE; Schema: public; Owner: postgres
--

CREATE SEQUENCE public._pages_v_blocks_service_list_block_blocks_id_seq
    AS integer
    START WITH 1
    INCREMENT BY 1
    NO MINVALUE
    NO MAXVALUE
    CACHE 1;


ALTER SEQUENCE public._pages_v_blocks_service_list_block_blocks_id_seq OWNER TO postgres;

--
-- TOC entry 5257 (class 0 OID 0)
-- Dependencies: 344
-- Name: _pages_v_blocks_service_list_block_blocks_id_seq; Type: SEQUENCE OWNED BY; Schema: public; Owner: postgres
--

ALTER SEQUENCE public._pages_v_blocks_service_list_block_blocks_id_seq OWNED BY public._pages_v_blocks_service_list_block_blocks.id;


--
-- TOC entry 346 (class 1259 OID 474952)
-- Name: _pages_v_blocks_service_list_block_id_seq; Type: SEQUENCE; Schema: public; Owner: postgres
--

CREATE SEQUENCE public._pages_v_blocks_service_list_block_id_seq
    AS integer
    START WITH 1
    INCREMENT BY 1
    NO MINVALUE
    NO MAXVALUE
    CACHE 1;


ALTER SEQUENCE public._pages_v_blocks_service_list_block_id_seq OWNER TO postgres;

--
-- TOC entry 5258 (class 0 OID 0)
-- Dependencies: 346
-- Name: _pages_v_blocks_service_list_block_id_seq; Type: SEQUENCE OWNED BY; Schema: public; Owner: postgres
--

ALTER SEQUENCE public._pages_v_blocks_service_list_block_id_seq OWNED BY public._pages_v_blocks_service_list_block.id;


--
-- TOC entry 264 (class 1259 OID 446476)
-- Name: _pages_v_blocks_simple_list_content; Type: TABLE; Schema: public; Owner: postgres
--

CREATE TABLE public._pages_v_blocks_simple_list_content (
    _order integer NOT NULL,
    _parent_id integer NOT NULL,
    _path text NOT NULL,
    id integer NOT NULL,
    enable_title boolean,
    title character varying,
    enable_background_image boolean,
    is_reverse boolean DEFAULT false,
    bottom numeric DEFAULT 100,
    separator_type public.enum__pages_v_blocks_simple_list_content_separator_type,
    section_name character varying,
    _uuid character varying,
    block_name character varying,
    dark_mode public.enum__pages_v_blocks_simple_list_content_dark_mode,
    image_id integer
);


ALTER TABLE public._pages_v_blocks_simple_list_content OWNER TO postgres;

--
-- TOC entry 262 (class 1259 OID 446466)
-- Name: _pages_v_blocks_simple_list_content_blocks; Type: TABLE; Schema: public; Owner: postgres
--

CREATE TABLE public._pages_v_blocks_simple_list_content_blocks (
    _order integer NOT NULL,
    _parent_id integer NOT NULL,
    id integer NOT NULL,
    enable_icon boolean,
    media_id integer,
    enable_rich_text boolean,
    rich_text jsonb,
    color public.enum__pages_v_blocks_simple_list_content_blocks_color DEFAULT 'transparent'::public.enum__pages_v_blocks_simple_list_content_blocks_color,
    _uuid character varying
);


ALTER TABLE public._pages_v_blocks_simple_list_content_blocks OWNER TO postgres;

--
-- TOC entry 261 (class 1259 OID 446465)
-- Name: _pages_v_blocks_simple_list_content_blocks_id_seq; Type: SEQUENCE; Schema: public; Owner: postgres
--

CREATE SEQUENCE public._pages_v_blocks_simple_list_content_blocks_id_seq
    AS integer
    START WITH 1
    INCREMENT BY 1
    NO MINVALUE
    NO MAXVALUE
    CACHE 1;


ALTER SEQUENCE public._pages_v_blocks_simple_list_content_blocks_id_seq OWNER TO postgres;

--
-- TOC entry 5259 (class 0 OID 0)
-- Dependencies: 261
-- Name: _pages_v_blocks_simple_list_content_blocks_id_seq; Type: SEQUENCE OWNED BY; Schema: public; Owner: postgres
--

ALTER SEQUENCE public._pages_v_blocks_simple_list_content_blocks_id_seq OWNED BY public._pages_v_blocks_simple_list_content_blocks.id;


--
-- TOC entry 263 (class 1259 OID 446475)
-- Name: _pages_v_blocks_simple_list_content_id_seq; Type: SEQUENCE; Schema: public; Owner: postgres
--

CREATE SEQUENCE public._pages_v_blocks_simple_list_content_id_seq
    AS integer
    START WITH 1
    INCREMENT BY 1
    NO MINVALUE
    NO MAXVALUE
    CACHE 1;


ALTER SEQUENCE public._pages_v_blocks_simple_list_content_id_seq OWNER TO postgres;

--
-- TOC entry 5260 (class 0 OID 0)
-- Dependencies: 263
-- Name: _pages_v_blocks_simple_list_content_id_seq; Type: SEQUENCE OWNED BY; Schema: public; Owner: postgres
--

ALTER SEQUENCE public._pages_v_blocks_simple_list_content_id_seq OWNED BY public._pages_v_blocks_simple_list_content.id;


--
-- TOC entry 260 (class 1259 OID 446457)
-- Name: _pages_v_blocks_social; Type: TABLE; Schema: public; Owner: postgres
--

CREATE TABLE public._pages_v_blocks_social (
    _order integer NOT NULL,
    _parent_id integer NOT NULL,
    _path text NOT NULL,
    id integer NOT NULL,
    _uuid character varying,
    block_name character varying
);


ALTER TABLE public._pages_v_blocks_social OWNER TO postgres;

--
-- TOC entry 259 (class 1259 OID 446456)
-- Name: _pages_v_blocks_social_id_seq; Type: SEQUENCE; Schema: public; Owner: postgres
--

CREATE SEQUENCE public._pages_v_blocks_social_id_seq
    AS integer
    START WITH 1
    INCREMENT BY 1
    NO MINVALUE
    NO MAXVALUE
    CACHE 1;


ALTER SEQUENCE public._pages_v_blocks_social_id_seq OWNER TO postgres;

--
-- TOC entry 5261 (class 0 OID 0)
-- Dependencies: 259
-- Name: _pages_v_blocks_social_id_seq; Type: SEQUENCE OWNED BY; Schema: public; Owner: postgres
--

ALTER SEQUENCE public._pages_v_blocks_social_id_seq OWNED BY public._pages_v_blocks_social.id;


--
-- TOC entry 258 (class 1259 OID 446447)
-- Name: _pages_v_blocks_social_rrss; Type: TABLE; Schema: public; Owner: postgres
--

CREATE TABLE public._pages_v_blocks_social_rrss (
    _order integer NOT NULL,
    _parent_id integer NOT NULL,
    id integer NOT NULL,
    title character varying,
    link_type public.enum__pages_v_blocks_social_rrss_link_type DEFAULT 'reference'::public.enum__pages_v_blocks_social_rrss_link_type,
    link_new_tab boolean,
    link_url character varying,
    link_label character varying,
    icon_id integer,
    _uuid character varying
);


ALTER TABLE public._pages_v_blocks_social_rrss OWNER TO postgres;

--
-- TOC entry 257 (class 1259 OID 446446)
-- Name: _pages_v_blocks_social_rrss_id_seq; Type: SEQUENCE; Schema: public; Owner: postgres
--

CREATE SEQUENCE public._pages_v_blocks_social_rrss_id_seq
    AS integer
    START WITH 1
    INCREMENT BY 1
    NO MINVALUE
    NO MAXVALUE
    CACHE 1;


ALTER SEQUENCE public._pages_v_blocks_social_rrss_id_seq OWNER TO postgres;

--
-- TOC entry 5262 (class 0 OID 0)
-- Dependencies: 257
-- Name: _pages_v_blocks_social_rrss_id_seq; Type: SEQUENCE OWNED BY; Schema: public; Owner: postgres
--

ALTER SEQUENCE public._pages_v_blocks_social_rrss_id_seq OWNED BY public._pages_v_blocks_social_rrss.id;


--
-- TOC entry 273 (class 1259 OID 446526)
-- Name: _pages_v_id_seq; Type: SEQUENCE; Schema: public; Owner: postgres
--

CREATE SEQUENCE public._pages_v_id_seq
    AS integer
    START WITH 1
    INCREMENT BY 1
    NO MINVALUE
    NO MAXVALUE
    CACHE 1;


ALTER SEQUENCE public._pages_v_id_seq OWNER TO postgres;

--
-- TOC entry 5263 (class 0 OID 0)
-- Dependencies: 273
-- Name: _pages_v_id_seq; Type: SEQUENCE OWNED BY; Schema: public; Owner: postgres
--

ALTER SEQUENCE public._pages_v_id_seq OWNED BY public._pages_v.id;


--
-- TOC entry 276 (class 1259 OID 446540)
-- Name: _pages_v_rels; Type: TABLE; Schema: public; Owner: postgres
--

CREATE TABLE public._pages_v_rels (
    id integer NOT NULL,
    "order" integer,
    parent_id integer NOT NULL,
    path character varying NOT NULL,
    pages_id integer,
    posts_id integer,
    services_id integer
);


ALTER TABLE public._pages_v_rels OWNER TO postgres;

--
-- TOC entry 275 (class 1259 OID 446539)
-- Name: _pages_v_rels_id_seq; Type: SEQUENCE; Schema: public; Owner: postgres
--

CREATE SEQUENCE public._pages_v_rels_id_seq
    AS integer
    START WITH 1
    INCREMENT BY 1
    NO MINVALUE
    NO MAXVALUE
    CACHE 1;


ALTER SEQUENCE public._pages_v_rels_id_seq OWNER TO postgres;

--
-- TOC entry 5264 (class 0 OID 0)
-- Dependencies: 275
-- Name: _pages_v_rels_id_seq; Type: SEQUENCE OWNED BY; Schema: public; Owner: postgres
--

ALTER SEQUENCE public._pages_v_rels_id_seq OWNED BY public._pages_v_rels.id;


--
-- TOC entry 244 (class 1259 OID 446360)
-- Name: _pages_v_version_hero_links; Type: TABLE; Schema: public; Owner: postgres
--

CREATE TABLE public._pages_v_version_hero_links (
    _order integer NOT NULL,
    _parent_id integer NOT NULL,
    id integer NOT NULL,
    link_type public.enum__pages_v_version_hero_links_link_type DEFAULT 'reference'::public.enum__pages_v_version_hero_links_link_type,
    link_new_tab boolean,
    link_url character varying,
    link_label character varying,
    link_appearance public.enum__pages_v_version_hero_links_link_appearance DEFAULT 'default'::public.enum__pages_v_version_hero_links_link_appearance,
    _uuid character varying
);


ALTER TABLE public._pages_v_version_hero_links OWNER TO postgres;

--
-- TOC entry 243 (class 1259 OID 446359)
-- Name: _pages_v_version_hero_links_id_seq; Type: SEQUENCE; Schema: public; Owner: postgres
--

CREATE SEQUENCE public._pages_v_version_hero_links_id_seq
    AS integer
    START WITH 1
    INCREMENT BY 1
    NO MINVALUE
    NO MAXVALUE
    CACHE 1;


ALTER SEQUENCE public._pages_v_version_hero_links_id_seq OWNER TO postgres;

--
-- TOC entry 5265 (class 0 OID 0)
-- Dependencies: 243
-- Name: _pages_v_version_hero_links_id_seq; Type: SEQUENCE OWNED BY; Schema: public; Owner: postgres
--

ALTER SEQUENCE public._pages_v_version_hero_links_id_seq OWNED BY public._pages_v_version_hero_links.id;


--
-- TOC entry 323 (class 1259 OID 447935)
-- Name: _posts_v; Type: TABLE; Schema: public; Owner: postgres
--

CREATE TABLE public._posts_v (
    id integer NOT NULL,
    parent_id integer,
    version_title character varying,
    version_hero_image_id integer,
    version_content jsonb,
    version_meta_title character varying,
    version_meta_image_id integer,
    version_meta_description character varying,
    version_published_at timestamp(3) with time zone,
    version_slug character varying,
    version_slug_lock boolean DEFAULT true,
    version_updated_at timestamp(3) with time zone,
    version_created_at timestamp(3) with time zone,
    version__status public.enum__posts_v_version_status DEFAULT 'draft'::public.enum__posts_v_version_status,
    created_at timestamp(3) with time zone DEFAULT now() NOT NULL,
    updated_at timestamp(3) with time zone DEFAULT now() NOT NULL,
    latest boolean,
    autosave boolean
);


ALTER TABLE public._posts_v OWNER TO postgres;

--
-- TOC entry 322 (class 1259 OID 447934)
-- Name: _posts_v_id_seq; Type: SEQUENCE; Schema: public; Owner: postgres
--

CREATE SEQUENCE public._posts_v_id_seq
    AS integer
    START WITH 1
    INCREMENT BY 1
    NO MINVALUE
    NO MAXVALUE
    CACHE 1;


ALTER SEQUENCE public._posts_v_id_seq OWNER TO postgres;

--
-- TOC entry 5266 (class 0 OID 0)
-- Dependencies: 322
-- Name: _posts_v_id_seq; Type: SEQUENCE OWNED BY; Schema: public; Owner: postgres
--

ALTER SEQUENCE public._posts_v_id_seq OWNED BY public._posts_v.id;


--
-- TOC entry 325 (class 1259 OID 447948)
-- Name: _posts_v_rels; Type: TABLE; Schema: public; Owner: postgres
--

CREATE TABLE public._posts_v_rels (
    id integer NOT NULL,
    "order" integer,
    parent_id integer NOT NULL,
    path character varying NOT NULL,
    posts_id integer,
    categories_id integer,
    users_id integer,
    tags_id integer
);


ALTER TABLE public._posts_v_rels OWNER TO postgres;

--
-- TOC entry 324 (class 1259 OID 447947)
-- Name: _posts_v_rels_id_seq; Type: SEQUENCE; Schema: public; Owner: postgres
--

CREATE SEQUENCE public._posts_v_rels_id_seq
    AS integer
    START WITH 1
    INCREMENT BY 1
    NO MINVALUE
    NO MAXVALUE
    CACHE 1;


ALTER SEQUENCE public._posts_v_rels_id_seq OWNER TO postgres;

--
-- TOC entry 5267 (class 0 OID 0)
-- Dependencies: 324
-- Name: _posts_v_rels_id_seq; Type: SEQUENCE OWNED BY; Schema: public; Owner: postgres
--

ALTER SEQUENCE public._posts_v_rels_id_seq OWNED BY public._posts_v_rels.id;


--
-- TOC entry 321 (class 1259 OID 447926)
-- Name: _posts_v_version_populated_authors; Type: TABLE; Schema: public; Owner: postgres
--

CREATE TABLE public._posts_v_version_populated_authors (
    _order integer NOT NULL,
    _parent_id integer NOT NULL,
    id integer NOT NULL,
    _uuid character varying,
    name character varying
);


ALTER TABLE public._posts_v_version_populated_authors OWNER TO postgres;

--
-- TOC entry 320 (class 1259 OID 447925)
-- Name: _posts_v_version_populated_authors_id_seq; Type: SEQUENCE; Schema: public; Owner: postgres
--

CREATE SEQUENCE public._posts_v_version_populated_authors_id_seq
    AS integer
    START WITH 1
    INCREMENT BY 1
    NO MINVALUE
    NO MAXVALUE
    CACHE 1;


ALTER SEQUENCE public._posts_v_version_populated_authors_id_seq OWNER TO postgres;

--
-- TOC entry 5268 (class 0 OID 0)
-- Dependencies: 320
-- Name: _posts_v_version_populated_authors_id_seq; Type: SEQUENCE OWNED BY; Schema: public; Owner: postgres
--

ALTER SEQUENCE public._posts_v_version_populated_authors_id_seq OWNED BY public._posts_v_version_populated_authors.id;


--
-- TOC entry 377 (class 1259 OID 513336)
-- Name: _services_v; Type: TABLE; Schema: public; Owner: postgres
--

CREATE TABLE public._services_v (
    id integer NOT NULL,
    parent_id integer,
    version_title character varying,
    version_hero_title character varying,
    version_hero_media_id integer,
    version_hero_remove_svg boolean,
    version_hero_rich_text jsonb,
    version_hero_is_reverse boolean DEFAULT false,
    version_hero_bottom numeric DEFAULT 100,
    version_hero_separator_type public.enum__services_v_version_hero_separator_type,
    version_hero_dark_mode public.enum__services_v_version_hero_dark_mode,
    version_meta_title character varying,
    version_meta_image_id integer,
    version_meta_description character varying,
    version_published_at timestamp(3) with time zone,
    version_slug character varying,
    version_slug_lock boolean DEFAULT true,
    version_updated_at timestamp(3) with time zone,
    version_created_at timestamp(3) with time zone,
    version__status public.enum__services_v_version_status DEFAULT 'draft'::public.enum__services_v_version_status,
    created_at timestamp(3) with time zone DEFAULT now() NOT NULL,
    updated_at timestamp(3) with time zone DEFAULT now() NOT NULL,
    latest boolean,
    autosave boolean
);


ALTER TABLE public._services_v OWNER TO postgres;

--
-- TOC entry 375 (class 1259 OID 513325)
-- Name: _services_v_blocks_service; Type: TABLE; Schema: public; Owner: postgres
--

CREATE TABLE public._services_v_blocks_service (
    _order integer NOT NULL,
    _parent_id integer NOT NULL,
    _path text NOT NULL,
    id integer NOT NULL,
    title character varying,
    rich_text jsonb,
    enable_background_image boolean,
    bottom numeric DEFAULT 100,
    is_reverse boolean DEFAULT false,
    separator_type public.enum__services_v_blocks_service_separator_type,
    section_name character varying,
    dark_mode public.enum__services_v_blocks_service_dark_mode,
    _uuid character varying,
    block_name character varying
);


ALTER TABLE public._services_v_blocks_service OWNER TO postgres;

--
-- TOC entry 373 (class 1259 OID 513316)
-- Name: _services_v_blocks_service_accordions; Type: TABLE; Schema: public; Owner: postgres
--

CREATE TABLE public._services_v_blocks_service_accordions (
    _order integer NOT NULL,
    _parent_id integer NOT NULL,
    id integer NOT NULL,
    title character varying,
    content jsonb,
    _uuid character varying
);


ALTER TABLE public._services_v_blocks_service_accordions OWNER TO postgres;

--
-- TOC entry 372 (class 1259 OID 513315)
-- Name: _services_v_blocks_service_accordions_id_seq; Type: SEQUENCE; Schema: public; Owner: postgres
--

CREATE SEQUENCE public._services_v_blocks_service_accordions_id_seq
    AS integer
    START WITH 1
    INCREMENT BY 1
    NO MINVALUE
    NO MAXVALUE
    CACHE 1;


ALTER SEQUENCE public._services_v_blocks_service_accordions_id_seq OWNER TO postgres;

--
-- TOC entry 5269 (class 0 OID 0)
-- Dependencies: 372
-- Name: _services_v_blocks_service_accordions_id_seq; Type: SEQUENCE OWNED BY; Schema: public; Owner: postgres
--

ALTER SEQUENCE public._services_v_blocks_service_accordions_id_seq OWNED BY public._services_v_blocks_service_accordions.id;


--
-- TOC entry 374 (class 1259 OID 513324)
-- Name: _services_v_blocks_service_id_seq; Type: SEQUENCE; Schema: public; Owner: postgres
--

CREATE SEQUENCE public._services_v_blocks_service_id_seq
    AS integer
    START WITH 1
    INCREMENT BY 1
    NO MINVALUE
    NO MAXVALUE
    CACHE 1;


ALTER SEQUENCE public._services_v_blocks_service_id_seq OWNER TO postgres;

--
-- TOC entry 5270 (class 0 OID 0)
-- Dependencies: 374
-- Name: _services_v_blocks_service_id_seq; Type: SEQUENCE OWNED BY; Schema: public; Owner: postgres
--

ALTER SEQUENCE public._services_v_blocks_service_id_seq OWNED BY public._services_v_blocks_service.id;


--
-- TOC entry 376 (class 1259 OID 513335)
-- Name: _services_v_id_seq; Type: SEQUENCE; Schema: public; Owner: postgres
--

CREATE SEQUENCE public._services_v_id_seq
    AS integer
    START WITH 1
    INCREMENT BY 1
    NO MINVALUE
    NO MAXVALUE
    CACHE 1;


ALTER SEQUENCE public._services_v_id_seq OWNER TO postgres;

--
-- TOC entry 5271 (class 0 OID 0)
-- Dependencies: 376
-- Name: _services_v_id_seq; Type: SEQUENCE OWNED BY; Schema: public; Owner: postgres
--

ALTER SEQUENCE public._services_v_id_seq OWNED BY public._services_v.id;


--
-- TOC entry 379 (class 1259 OID 513351)
-- Name: _services_v_rels; Type: TABLE; Schema: public; Owner: postgres
--

CREATE TABLE public._services_v_rels (
    id integer NOT NULL,
    "order" integer,
    parent_id integer NOT NULL,
    path character varying NOT NULL,
    pages_id integer,
    posts_id integer,
    services_id integer
);


ALTER TABLE public._services_v_rels OWNER TO postgres;

--
-- TOC entry 378 (class 1259 OID 513350)
-- Name: _services_v_rels_id_seq; Type: SEQUENCE; Schema: public; Owner: postgres
--

CREATE SEQUENCE public._services_v_rels_id_seq
    AS integer
    START WITH 1
    INCREMENT BY 1
    NO MINVALUE
    NO MAXVALUE
    CACHE 1;


ALTER SEQUENCE public._services_v_rels_id_seq OWNER TO postgres;

--
-- TOC entry 5272 (class 0 OID 0)
-- Dependencies: 378
-- Name: _services_v_rels_id_seq; Type: SEQUENCE OWNED BY; Schema: public; Owner: postgres
--

ALTER SEQUENCE public._services_v_rels_id_seq OWNED BY public._services_v_rels.id;


--
-- TOC entry 371 (class 1259 OID 513305)
-- Name: _services_v_version_hero_links; Type: TABLE; Schema: public; Owner: postgres
--

CREATE TABLE public._services_v_version_hero_links (
    _order integer NOT NULL,
    _parent_id integer NOT NULL,
    id integer NOT NULL,
    link_type public.enum__services_v_version_hero_links_link_type DEFAULT 'reference'::public.enum__services_v_version_hero_links_link_type,
    link_new_tab boolean,
    link_url character varying,
    link_label character varying,
    link_appearance public.enum__services_v_version_hero_links_link_appearance DEFAULT 'default'::public.enum__services_v_version_hero_links_link_appearance,
    _uuid character varying
);


ALTER TABLE public._services_v_version_hero_links OWNER TO postgres;

--
-- TOC entry 370 (class 1259 OID 513304)
-- Name: _services_v_version_hero_links_id_seq; Type: SEQUENCE; Schema: public; Owner: postgres
--

CREATE SEQUENCE public._services_v_version_hero_links_id_seq
    AS integer
    START WITH 1
    INCREMENT BY 1
    NO MINVALUE
    NO MAXVALUE
    CACHE 1;


ALTER SEQUENCE public._services_v_version_hero_links_id_seq OWNER TO postgres;

--
-- TOC entry 5273 (class 0 OID 0)
-- Dependencies: 370
-- Name: _services_v_version_hero_links_id_seq; Type: SEQUENCE OWNED BY; Schema: public; Owner: postgres
--

ALTER SEQUENCE public._services_v_version_hero_links_id_seq OWNED BY public._services_v_version_hero_links.id;


--
-- TOC entry 316 (class 1259 OID 447898)
-- Name: categories; Type: TABLE; Schema: public; Owner: postgres
--

CREATE TABLE public.categories (
    id integer NOT NULL,
    title character varying NOT NULL,
    slug character varying,
    slug_lock boolean DEFAULT true,
    updated_at timestamp(3) with time zone DEFAULT now() NOT NULL,
    created_at timestamp(3) with time zone DEFAULT now() NOT NULL
);


ALTER TABLE public.categories OWNER TO postgres;

--
-- TOC entry 315 (class 1259 OID 447897)
-- Name: categories_id_seq; Type: SEQUENCE; Schema: public; Owner: postgres
--

CREATE SEQUENCE public.categories_id_seq
    AS integer
    START WITH 1
    INCREMENT BY 1
    NO MINVALUE
    NO MAXVALUE
    CACHE 1;


ALTER SEQUENCE public.categories_id_seq OWNER TO postgres;

--
-- TOC entry 5274 (class 0 OID 0)
-- Dependencies: 315
-- Name: categories_id_seq; Type: SEQUENCE OWNED BY; Schema: public; Owner: postgres
--

ALTER SEQUENCE public.categories_id_seq OWNED BY public.categories.id;


--
-- TOC entry 355 (class 1259 OID 485536)
-- Name: documents; Type: TABLE; Schema: public; Owner: postgres
--

CREATE TABLE public.documents (
    id integer NOT NULL,
    title character varying NOT NULL,
    description character varying,
    updated_at timestamp(3) with time zone DEFAULT now() NOT NULL,
    created_at timestamp(3) with time zone DEFAULT now() NOT NULL,
    url character varying,
    thumbnail_u_r_l character varying,
    filename character varying,
    mime_type character varying,
    filesize numeric,
    width numeric,
    height numeric,
    focal_x numeric,
    focal_y numeric,
    prefix character varying DEFAULT 'documents'::character varying,
    doc_url character varying
);


ALTER TABLE public.documents OWNER TO postgres;

--
-- TOC entry 354 (class 1259 OID 485535)
-- Name: documents_id_seq; Type: SEQUENCE; Schema: public; Owner: postgres
--

CREATE SEQUENCE public.documents_id_seq
    AS integer
    START WITH 1
    INCREMENT BY 1
    NO MINVALUE
    NO MAXVALUE
    CACHE 1;


ALTER SEQUENCE public.documents_id_seq OWNER TO postgres;

--
-- TOC entry 5275 (class 0 OID 0)
-- Dependencies: 354
-- Name: documents_id_seq; Type: SEQUENCE OWNED BY; Schema: public; Owner: postgres
--

ALTER SEQUENCE public.documents_id_seq OWNED BY public.documents.id;


--
-- TOC entry 312 (class 1259 OID 446767)
-- Name: footer; Type: TABLE; Schema: public; Owner: postgres
--

CREATE TABLE public.footer (
    id integer NOT NULL,
    updated_at timestamp(3) with time zone,
    created_at timestamp(3) with time zone,
    is_reverse boolean DEFAULT false,
    bottom numeric DEFAULT 100,
    separator_type public.enum_footer_separator_type,
    enable_background_image boolean,
    dark_mode public.enum_footer_dark_mode
);


ALTER TABLE public.footer OWNER TO postgres;

--
-- TOC entry 311 (class 1259 OID 446766)
-- Name: footer_id_seq; Type: SEQUENCE; Schema: public; Owner: postgres
--

CREATE SEQUENCE public.footer_id_seq
    AS integer
    START WITH 1
    INCREMENT BY 1
    NO MINVALUE
    NO MAXVALUE
    CACHE 1;


ALTER SEQUENCE public.footer_id_seq OWNER TO postgres;

--
-- TOC entry 5276 (class 0 OID 0)
-- Dependencies: 311
-- Name: footer_id_seq; Type: SEQUENCE OWNED BY; Schema: public; Owner: postgres
--

ALTER SEQUENCE public.footer_id_seq OWNED BY public.footer.id;


--
-- TOC entry 310 (class 1259 OID 446758)
-- Name: footer_nav_items; Type: TABLE; Schema: public; Owner: postgres
--

CREATE TABLE public.footer_nav_items (
    _order integer NOT NULL,
    _parent_id integer NOT NULL,
    id character varying NOT NULL,
    link_type public.enum_footer_nav_items_link_type DEFAULT 'reference'::public.enum_footer_nav_items_link_type,
    link_new_tab boolean,
    link_url character varying,
    link_label character varying NOT NULL
);


ALTER TABLE public.footer_nav_items OWNER TO postgres;

--
-- TOC entry 314 (class 1259 OID 446774)
-- Name: footer_rels; Type: TABLE; Schema: public; Owner: postgres
--

CREATE TABLE public.footer_rels (
    id integer NOT NULL,
    "order" integer,
    parent_id integer NOT NULL,
    path character varying NOT NULL,
    pages_id integer,
    posts_id integer,
    services_id integer
);


ALTER TABLE public.footer_rels OWNER TO postgres;

--
-- TOC entry 313 (class 1259 OID 446773)
-- Name: footer_rels_id_seq; Type: SEQUENCE; Schema: public; Owner: postgres
--

CREATE SEQUENCE public.footer_rels_id_seq
    AS integer
    START WITH 1
    INCREMENT BY 1
    NO MINVALUE
    NO MAXVALUE
    CACHE 1;


ALTER SEQUENCE public.footer_rels_id_seq OWNER TO postgres;

--
-- TOC entry 5277 (class 0 OID 0)
-- Dependencies: 313
-- Name: footer_rels_id_seq; Type: SEQUENCE OWNED BY; Schema: public; Owner: postgres
--

ALTER SEQUENCE public.footer_rels_id_seq OWNED BY public.footer_rels.id;


--
-- TOC entry 291 (class 1259 OID 446651)
-- Name: form_submissions; Type: TABLE; Schema: public; Owner: postgres
--

CREATE TABLE public.form_submissions (
    id integer NOT NULL,
    form_id integer NOT NULL,
    updated_at timestamp(3) with time zone DEFAULT now() NOT NULL,
    created_at timestamp(3) with time zone DEFAULT now() NOT NULL
);


ALTER TABLE public.form_submissions OWNER TO postgres;

--
-- TOC entry 290 (class 1259 OID 446650)
-- Name: form_submissions_id_seq; Type: SEQUENCE; Schema: public; Owner: postgres
--

CREATE SEQUENCE public.form_submissions_id_seq
    AS integer
    START WITH 1
    INCREMENT BY 1
    NO MINVALUE
    NO MAXVALUE
    CACHE 1;


ALTER SEQUENCE public.form_submissions_id_seq OWNER TO postgres;

--
-- TOC entry 5278 (class 0 OID 0)
-- Dependencies: 290
-- Name: form_submissions_id_seq; Type: SEQUENCE OWNED BY; Schema: public; Owner: postgres
--

ALTER SEQUENCE public.form_submissions_id_seq OWNED BY public.form_submissions.id;


--
-- TOC entry 289 (class 1259 OID 446643)
-- Name: form_submissions_submission_data; Type: TABLE; Schema: public; Owner: postgres
--

CREATE TABLE public.form_submissions_submission_data (
    _order integer NOT NULL,
    _parent_id integer NOT NULL,
    id character varying NOT NULL,
    field character varying NOT NULL,
    value character varying NOT NULL
);


ALTER TABLE public.form_submissions_submission_data OWNER TO postgres;

--
-- TOC entry 288 (class 1259 OID 446632)
-- Name: forms; Type: TABLE; Schema: public; Owner: postgres
--

CREATE TABLE public.forms (
    id integer NOT NULL,
    title character varying NOT NULL,
    submit_button_label character varying,
    confirmation_type public.enum_forms_confirmation_type DEFAULT 'message'::public.enum_forms_confirmation_type,
    confirmation_message jsonb,
    redirect_url character varying,
    slug character varying NOT NULL,
    updated_at timestamp(3) with time zone DEFAULT now() NOT NULL,
    created_at timestamp(3) with time zone DEFAULT now() NOT NULL
);


ALTER TABLE public.forms OWNER TO postgres;

--
-- TOC entry 277 (class 1259 OID 446560)
-- Name: forms_blocks_checkbox; Type: TABLE; Schema: public; Owner: postgres
--

CREATE TABLE public.forms_blocks_checkbox (
    _order integer NOT NULL,
    _parent_id integer NOT NULL,
    _path text NOT NULL,
    id character varying NOT NULL,
    name character varying NOT NULL,
    label character varying,
    width numeric,
    required boolean,
    default_value boolean,
    block_name character varying
);


ALTER TABLE public.forms_blocks_checkbox OWNER TO postgres;

--
-- TOC entry 278 (class 1259 OID 446567)
-- Name: forms_blocks_email; Type: TABLE; Schema: public; Owner: postgres
--

CREATE TABLE public.forms_blocks_email (
    _order integer NOT NULL,
    _parent_id integer NOT NULL,
    _path text NOT NULL,
    id character varying NOT NULL,
    name character varying NOT NULL,
    label character varying,
    width numeric,
    required boolean,
    block_name character varying
);


ALTER TABLE public.forms_blocks_email OWNER TO postgres;

--
-- TOC entry 279 (class 1259 OID 446574)
-- Name: forms_blocks_message; Type: TABLE; Schema: public; Owner: postgres
--

CREATE TABLE public.forms_blocks_message (
    _order integer NOT NULL,
    _parent_id integer NOT NULL,
    _path text NOT NULL,
    id character varying NOT NULL,
    message jsonb,
    block_name character varying
);


ALTER TABLE public.forms_blocks_message OWNER TO postgres;

--
-- TOC entry 285 (class 1259 OID 446616)
-- Name: forms_blocks_radio; Type: TABLE; Schema: public; Owner: postgres
--

CREATE TABLE public.forms_blocks_radio (
    _order integer NOT NULL,
    _parent_id integer NOT NULL,
    _path text NOT NULL,
    id character varying NOT NULL,
    block_name character varying
);


ALTER TABLE public.forms_blocks_radio OWNER TO postgres;

--
-- TOC entry 284 (class 1259 OID 446609)
-- Name: forms_blocks_radio_options; Type: TABLE; Schema: public; Owner: postgres
--

CREATE TABLE public.forms_blocks_radio_options (
    _order integer NOT NULL,
    _parent_id character varying NOT NULL,
    id character varying NOT NULL,
    label character varying NOT NULL,
    value character varying NOT NULL,
    image_id integer
);


ALTER TABLE public.forms_blocks_radio_options OWNER TO postgres;

--
-- TOC entry 281 (class 1259 OID 446588)
-- Name: forms_blocks_select; Type: TABLE; Schema: public; Owner: postgres
--

CREATE TABLE public.forms_blocks_select (
    _order integer NOT NULL,
    _parent_id integer NOT NULL,
    _path text NOT NULL,
    id character varying NOT NULL,
    name character varying NOT NULL,
    label character varying,
    width numeric,
    default_value character varying,
    placeholder character varying,
    required boolean,
    block_name character varying
);


ALTER TABLE public.forms_blocks_select OWNER TO postgres;

--
-- TOC entry 280 (class 1259 OID 446581)
-- Name: forms_blocks_select_options; Type: TABLE; Schema: public; Owner: postgres
--

CREATE TABLE public.forms_blocks_select_options (
    _order integer NOT NULL,
    _parent_id character varying NOT NULL,
    id character varying NOT NULL,
    label character varying NOT NULL,
    value character varying NOT NULL
);


ALTER TABLE public.forms_blocks_select_options OWNER TO postgres;

--
-- TOC entry 282 (class 1259 OID 446595)
-- Name: forms_blocks_text; Type: TABLE; Schema: public; Owner: postgres
--

CREATE TABLE public.forms_blocks_text (
    _order integer NOT NULL,
    _parent_id integer NOT NULL,
    _path text NOT NULL,
    id character varying NOT NULL,
    name character varying NOT NULL,
    label character varying,
    width numeric,
    default_value character varying,
    required boolean,
    block_name character varying
);


ALTER TABLE public.forms_blocks_text OWNER TO postgres;

--
-- TOC entry 283 (class 1259 OID 446602)
-- Name: forms_blocks_textarea; Type: TABLE; Schema: public; Owner: postgres
--

CREATE TABLE public.forms_blocks_textarea (
    _order integer NOT NULL,
    _parent_id integer NOT NULL,
    _path text NOT NULL,
    id character varying NOT NULL,
    name character varying NOT NULL,
    label character varying,
    width numeric,
    default_value character varying,
    required boolean,
    block_name character varying
);


ALTER TABLE public.forms_blocks_textarea OWNER TO postgres;

--
-- TOC entry 286 (class 1259 OID 446623)
-- Name: forms_emails; Type: TABLE; Schema: public; Owner: postgres
--

CREATE TABLE public.forms_emails (
    _order integer NOT NULL,
    _parent_id integer NOT NULL,
    id character varying NOT NULL,
    email_to character varying,
    cc character varying,
    bcc character varying,
    reply_to character varying,
    email_from character varying,
    subject character varying DEFAULT 'You''ve received a new message.'::character varying NOT NULL,
    message jsonb
);


ALTER TABLE public.forms_emails OWNER TO postgres;

--
-- TOC entry 287 (class 1259 OID 446631)
-- Name: forms_id_seq; Type: SEQUENCE; Schema: public; Owner: postgres
--

CREATE SEQUENCE public.forms_id_seq
    AS integer
    START WITH 1
    INCREMENT BY 1
    NO MINVALUE
    NO MAXVALUE
    CACHE 1;


ALTER SEQUENCE public.forms_id_seq OWNER TO postgres;

--
-- TOC entry 5279 (class 0 OID 0)
-- Dependencies: 287
-- Name: forms_id_seq; Type: SEQUENCE OWNED BY; Schema: public; Owner: postgres
--

ALTER SEQUENCE public.forms_id_seq OWNED BY public.forms.id;


--
-- TOC entry 307 (class 1259 OID 446743)
-- Name: header; Type: TABLE; Schema: public; Owner: postgres
--

CREATE TABLE public.header (
    id integer NOT NULL,
    updated_at timestamp(3) with time zone,
    created_at timestamp(3) with time zone
);


ALTER TABLE public.header OWNER TO postgres;

--
-- TOC entry 306 (class 1259 OID 446742)
-- Name: header_id_seq; Type: SEQUENCE; Schema: public; Owner: postgres
--

CREATE SEQUENCE public.header_id_seq
    AS integer
    START WITH 1
    INCREMENT BY 1
    NO MINVALUE
    NO MAXVALUE
    CACHE 1;


ALTER SEQUENCE public.header_id_seq OWNER TO postgres;

--
-- TOC entry 5280 (class 0 OID 0)
-- Dependencies: 306
-- Name: header_id_seq; Type: SEQUENCE OWNED BY; Schema: public; Owner: postgres
--

ALTER SEQUENCE public.header_id_seq OWNED BY public.header.id;


--
-- TOC entry 305 (class 1259 OID 446735)
-- Name: header_nav_items; Type: TABLE; Schema: public; Owner: postgres
--

CREATE TABLE public.header_nav_items (
    _order integer NOT NULL,
    _parent_id integer NOT NULL,
    id character varying NOT NULL
);


ALTER TABLE public.header_nav_items OWNER TO postgres;

--
-- TOC entry 304 (class 1259 OID 446728)
-- Name: header_nav_items_nav_links; Type: TABLE; Schema: public; Owner: postgres
--

CREATE TABLE public.header_nav_items_nav_links (
    _order integer NOT NULL,
    _parent_id character varying NOT NULL,
    id character varying NOT NULL
);


ALTER TABLE public.header_nav_items_nav_links OWNER TO postgres;

--
-- TOC entry 303 (class 1259 OID 446720)
-- Name: header_nav_items_nav_links_items; Type: TABLE; Schema: public; Owner: postgres
--

CREATE TABLE public.header_nav_items_nav_links_items (
    _order integer NOT NULL,
    _parent_id character varying NOT NULL,
    id character varying NOT NULL,
    title character varying NOT NULL,
    link_type public.enum_header_nav_items_nav_links_items_link_type DEFAULT 'reference'::public.enum_header_nav_items_nav_links_items_link_type,
    link_new_tab boolean,
    link_url character varying
);


ALTER TABLE public.header_nav_items_nav_links_items OWNER TO postgres;

--
-- TOC entry 302 (class 1259 OID 446712)
-- Name: header_nav_items_nav_links_items_sub_items; Type: TABLE; Schema: public; Owner: postgres
--

CREATE TABLE public.header_nav_items_nav_links_items_sub_items (
    _order integer NOT NULL,
    _parent_id character varying NOT NULL,
    id character varying NOT NULL,
    title character varying NOT NULL,
    description character varying NOT NULL,
    enable_image boolean,
    image_id integer,
    link_type public.enum_header_nav_items_nav_links_items_sub_items_link_type DEFAULT 'reference'::public.enum_header_nav_items_nav_links_items_sub_items_link_type,
    link_new_tab boolean,
    link_url character varying
);


ALTER TABLE public.header_nav_items_nav_links_items_sub_items OWNER TO postgres;

--
-- TOC entry 309 (class 1259 OID 446750)
-- Name: header_rels; Type: TABLE; Schema: public; Owner: postgres
--

CREATE TABLE public.header_rels (
    id integer NOT NULL,
    "order" integer,
    parent_id integer NOT NULL,
    path character varying NOT NULL,
    pages_id integer,
    posts_id integer,
    services_id integer
);


ALTER TABLE public.header_rels OWNER TO postgres;

--
-- TOC entry 308 (class 1259 OID 446749)
-- Name: header_rels_id_seq; Type: SEQUENCE; Schema: public; Owner: postgres
--

CREATE SEQUENCE public.header_rels_id_seq
    AS integer
    START WITH 1
    INCREMENT BY 1
    NO MINVALUE
    NO MAXVALUE
    CACHE 1;


ALTER SEQUENCE public.header_rels_id_seq OWNER TO postgres;

--
-- TOC entry 5281 (class 0 OID 0)
-- Dependencies: 308
-- Name: header_rels_id_seq; Type: SEQUENCE OWNED BY; Schema: public; Owner: postgres
--

ALTER SEQUENCE public.header_rels_id_seq OWNED BY public.header_rels.id;


--
-- TOC entry 221 (class 1259 OID 446181)
-- Name: media; Type: TABLE; Schema: public; Owner: postgres
--

CREATE TABLE public.media (
    id integer NOT NULL,
    alt character varying,
    updated_at timestamp(3) with time zone DEFAULT now() NOT NULL,
    created_at timestamp(3) with time zone DEFAULT now() NOT NULL,
    url character varying,
    thumbnail_u_r_l character varying,
    filename character varying,
    mime_type character varying,
    filesize numeric,
    width numeric,
    height numeric,
    focal_x numeric,
    focal_y numeric,
    prefix character varying DEFAULT 'images'::character varying,
    unpic_url character varying
);


ALTER TABLE public.media OWNER TO postgres;

--
-- TOC entry 220 (class 1259 OID 446180)
-- Name: media_id_seq; Type: SEQUENCE; Schema: public; Owner: postgres
--

CREATE SEQUENCE public.media_id_seq
    AS integer
    START WITH 1
    INCREMENT BY 1
    NO MINVALUE
    NO MAXVALUE
    CACHE 1;


ALTER SEQUENCE public.media_id_seq OWNER TO postgres;

--
-- TOC entry 5282 (class 0 OID 0)
-- Dependencies: 220
-- Name: media_id_seq; Type: SEQUENCE OWNED BY; Schema: public; Owner: postgres
--

ALTER SEQUENCE public.media_id_seq OWNED BY public.media.id;


--
-- TOC entry 240 (class 1259 OID 446338)
-- Name: pages; Type: TABLE; Schema: public; Owner: postgres
--

CREATE TABLE public.pages (
    id integer NOT NULL,
    title character varying,
    hero_title character varying,
    hero_media_id integer,
    hero_rich_text jsonb,
    meta_title character varying,
    meta_image_id integer,
    meta_description character varying,
    published_at timestamp(3) with time zone,
    slug character varying,
    slug_lock boolean DEFAULT true,
    updated_at timestamp(3) with time zone DEFAULT now() NOT NULL,
    created_at timestamp(3) with time zone DEFAULT now() NOT NULL,
    _status public.enum_pages_status DEFAULT 'draft'::public.enum_pages_status,
    hero_remove_svg boolean,
    hero_is_reverse boolean DEFAULT false,
    hero_bottom numeric DEFAULT 100,
    hero_separator_type public.enum_pages_hero_separator_type,
    hero_dark_mode public.enum_pages_hero_dark_mode
);


ALTER TABLE public.pages OWNER TO postgres;

--
-- TOC entry 238 (class 1259 OID 446330)
-- Name: pages_blocks_box_content; Type: TABLE; Schema: public; Owner: postgres
--

CREATE TABLE public.pages_blocks_box_content (
    _order integer NOT NULL,
    _parent_id integer NOT NULL,
    _path text NOT NULL,
    id character varying NOT NULL,
    block_name character varying
);


ALTER TABLE public.pages_blocks_box_content OWNER TO postgres;

--
-- TOC entry 237 (class 1259 OID 446323)
-- Name: pages_blocks_box_content_boxes; Type: TABLE; Schema: public; Owner: postgres
--

CREATE TABLE public.pages_blocks_box_content_boxes (
    _order integer NOT NULL,
    _parent_id character varying NOT NULL,
    id character varying NOT NULL,
    title character varying,
    rich_text character varying,
    media_id integer,
    enable_title boolean
);


ALTER TABLE public.pages_blocks_box_content_boxes OWNER TO postgres;

--
-- TOC entry 227 (class 1259 OID 446229)
-- Name: pages_blocks_content; Type: TABLE; Schema: public; Owner: postgres
--

CREATE TABLE public.pages_blocks_content (
    _order integer NOT NULL,
    _parent_id integer NOT NULL,
    _path text NOT NULL,
    id character varying NOT NULL,
    enable_title boolean,
    title character varying,
    enable_image boolean,
    image_id integer,
    enable_background_image boolean,
    enable_rich_text boolean,
    rich_text jsonb,
    enable_link boolean,
    link_type public.enum_pages_blocks_content_link_type DEFAULT 'reference'::public.enum_pages_blocks_content_link_type,
    link_new_tab boolean,
    link_url character varying,
    link_label character varying,
    link_appearance public.enum_pages_blocks_content_link_appearance DEFAULT 'default'::public.enum_pages_blocks_content_link_appearance,
    is_reverse boolean DEFAULT false,
    bottom numeric DEFAULT 100,
    separator_type public.enum_pages_blocks_content_separator_type,
    section_name character varying,
    block_name character varying,
    dark_mode public.enum_pages_blocks_content_dark_mode
);


ALTER TABLE public.pages_blocks_content OWNER TO postgres;

--
-- TOC entry 226 (class 1259 OID 446220)
-- Name: pages_blocks_cta; Type: TABLE; Schema: public; Owner: postgres
--

CREATE TABLE public.pages_blocks_cta (
    _order integer NOT NULL,
    _parent_id integer NOT NULL,
    _path text NOT NULL,
    id character varying NOT NULL,
    media_id integer,
    rich_text jsonb,
    is_reverse boolean DEFAULT false,
    bottom numeric DEFAULT 100,
    section_name character varying,
    block_name character varying,
    enable_background_image boolean,
    separator_type public.enum_pages_blocks_cta_separator_type,
    dark_mode public.enum_pages_blocks_cta_dark_mode
);


ALTER TABLE public.pages_blocks_cta OWNER TO postgres;

--
-- TOC entry 225 (class 1259 OID 446211)
-- Name: pages_blocks_cta_links; Type: TABLE; Schema: public; Owner: postgres
--

CREATE TABLE public.pages_blocks_cta_links (
    _order integer NOT NULL,
    _parent_id character varying NOT NULL,
    id character varying NOT NULL,
    link_type public.enum_pages_blocks_cta_links_link_type DEFAULT 'reference'::public.enum_pages_blocks_cta_links_link_type,
    link_new_tab boolean,
    link_url character varying,
    link_label character varying,
    link_appearance public.enum_pages_blocks_cta_links_link_appearance DEFAULT 'default'::public.enum_pages_blocks_cta_links_link_appearance
);


ALTER TABLE public.pages_blocks_cta_links OWNER TO postgres;

--
-- TOC entry 230 (class 1259 OID 446264)
-- Name: pages_blocks_form_block; Type: TABLE; Schema: public; Owner: postgres
--

CREATE TABLE public.pages_blocks_form_block (
    _order integer NOT NULL,
    _parent_id integer NOT NULL,
    _path text NOT NULL,
    id character varying NOT NULL,
    enable_header_text boolean,
    header_text jsonb,
    enable_companion_text boolean,
    companion_text jsonb,
    form_id integer,
    is_reverse boolean DEFAULT false,
    bottom numeric DEFAULT 100,
    block_name character varying,
    dark_mode public.enum_pages_blocks_form_block_dark_mode,
    separator_type public.enum_pages_blocks_form_block_separator_type,
    enable_background_image boolean
);


ALTER TABLE public.pages_blocks_form_block OWNER TO postgres;

--
-- TOC entry 333 (class 1259 OID 473873)
-- Name: pages_blocks_frequently_questions_block; Type: TABLE; Schema: public; Owner: postgres
--

CREATE TABLE public.pages_blocks_frequently_questions_block (
    _order integer NOT NULL,
    _parent_id integer NOT NULL,
    _path text NOT NULL,
    id character varying NOT NULL,
    enable_title boolean,
    title character varying,
    enable_text boolean,
    content jsonb,
    enable_image boolean,
    image_id integer,
    section_name character varying,
    block_name character varying
);


ALTER TABLE public.pages_blocks_frequently_questions_block OWNER TO postgres;

--
-- TOC entry 332 (class 1259 OID 473866)
-- Name: pages_blocks_frequently_questions_block_questions; Type: TABLE; Schema: public; Owner: postgres
--

CREATE TABLE public.pages_blocks_frequently_questions_block_questions (
    _order integer NOT NULL,
    _parent_id character varying NOT NULL,
    id character varying NOT NULL,
    question character varying,
    answer character varying
);


ALTER TABLE public.pages_blocks_frequently_questions_block_questions OWNER TO postgres;

--
-- TOC entry 229 (class 1259 OID 446255)
-- Name: pages_blocks_list_content; Type: TABLE; Schema: public; Owner: postgres
--

CREATE TABLE public.pages_blocks_list_content (
    _order integer NOT NULL,
    _parent_id integer NOT NULL,
    _path text NOT NULL,
    id character varying NOT NULL,
    enable_title boolean,
    title character varying,
    enable_sub_title boolean,
    sub_title jsonb,
    enable_background_image boolean,
    enable_image boolean,
    field_image_id integer,
    is_reverse boolean DEFAULT false,
    bottom numeric DEFAULT 100,
    separator_type public.enum_pages_blocks_list_content_separator_type,
    section_name character varying,
    block_name character varying,
    dark_mode public.enum_pages_blocks_list_content_dark_mode
);


ALTER TABLE public.pages_blocks_list_content OWNER TO postgres;

--
-- TOC entry 358 (class 1259 OID 487081)
-- Name: pages_blocks_list_content_blocks; Type: TABLE; Schema: public; Owner: postgres
--

CREATE TABLE public.pages_blocks_list_content_blocks (
    _order integer NOT NULL,
    _parent_id character varying NOT NULL,
    id character varying NOT NULL,
    enable_filed_title boolean,
    field_title character varying,
    enable_icon boolean,
    media_id integer,
    enable_rich_text boolean,
    rich_text jsonb,
    enable_link boolean,
    link_type public.enum_pages_blocks_list_content_blocks_link_type DEFAULT 'reference'::public.enum_pages_blocks_list_content_blocks_link_type,
    link_new_tab boolean,
    link_url character varying,
    link_label character varying,
    link_appearance public.enum_pages_blocks_list_content_blocks_link_appearance DEFAULT 'default'::public.enum_pages_blocks_list_content_blocks_link_appearance,
    color public.enum_pages_blocks_list_content_blocks_color DEFAULT 'transparent'::public.enum_pages_blocks_list_content_blocks_color
);


ALTER TABLE public.pages_blocks_list_content_blocks OWNER TO postgres;

--
-- TOC entry 228 (class 1259 OID 446240)
-- Name: pages_blocks_media_block; Type: TABLE; Schema: public; Owner: postgres
--

CREATE TABLE public.pages_blocks_media_block (
    _order integer NOT NULL,
    _parent_id integer NOT NULL,
    _path text NOT NULL,
    id character varying NOT NULL,
    media_id integer,
    section_name character varying,
    block_name character varying
);


ALTER TABLE public.pages_blocks_media_block OWNER TO postgres;

--
-- TOC entry 331 (class 1259 OID 473857)
-- Name: pages_blocks_post_carousel_block; Type: TABLE; Schema: public; Owner: postgres
--

CREATE TABLE public.pages_blocks_post_carousel_block (
    _order integer NOT NULL,
    _parent_id integer NOT NULL,
    _path text NOT NULL,
    id character varying NOT NULL,
    is_reverse boolean DEFAULT false,
    bottom numeric DEFAULT 100,
    separator_type public.enum_pages_blocks_post_carousel_block_separator_type,
    block_name character varying,
    enable_background_image boolean,
    dark_mode public.enum_pages_blocks_post_carousel_block_dark_mode
);


ALTER TABLE public.pages_blocks_post_carousel_block OWNER TO postgres;

--
-- TOC entry 236 (class 1259 OID 446314)
-- Name: pages_blocks_quote_block; Type: TABLE; Schema: public; Owner: postgres
--

CREATE TABLE public.pages_blocks_quote_block (
    _order integer NOT NULL,
    _parent_id integer NOT NULL,
    _path text NOT NULL,
    id character varying NOT NULL,
    rich_text jsonb,
    enable_image boolean,
    image_id integer,
    is_reverse boolean DEFAULT false,
    bottom numeric DEFAULT 100,
    separator_type public.enum_pages_blocks_quote_block_separator_type,
    section_name character varying,
    block_name character varying
);


ALTER TABLE public.pages_blocks_quote_block OWNER TO postgres;

--
-- TOC entry 235 (class 1259 OID 446305)
-- Name: pages_blocks_quote_block_links; Type: TABLE; Schema: public; Owner: postgres
--

CREATE TABLE public.pages_blocks_quote_block_links (
    _order integer NOT NULL,
    _parent_id character varying NOT NULL,
    id character varying NOT NULL,
    link_type public.enum_pages_blocks_quote_block_links_link_type DEFAULT 'reference'::public.enum_pages_blocks_quote_block_links_link_type,
    link_new_tab boolean,
    link_url character varying,
    link_label character varying,
    link_appearance public.enum_pages_blocks_quote_block_links_link_appearance DEFAULT 'default'::public.enum_pages_blocks_quote_block_links_link_appearance
);


ALTER TABLE public.pages_blocks_quote_block_links OWNER TO postgres;

--
-- TOC entry 348 (class 1259 OID 475537)
-- Name: pages_blocks_service; Type: TABLE; Schema: public; Owner: postgres
--

CREATE TABLE public.pages_blocks_service (
    _order integer NOT NULL,
    _parent_id integer NOT NULL,
    _path text NOT NULL,
    id character varying NOT NULL,
    title character varying,
    enable_background_image boolean,
    is_reverse boolean DEFAULT false,
    bottom numeric DEFAULT 100,
    separator_type public.enum_pages_blocks_service_separator_type,
    section_name character varying,
    block_name character varying,
    rich_text jsonb,
    dark_mode public.enum_pages_blocks_service_dark_mode
);


ALTER TABLE public.pages_blocks_service OWNER TO postgres;

--
-- TOC entry 351 (class 1259 OID 484566)
-- Name: pages_blocks_service_accordions; Type: TABLE; Schema: public; Owner: postgres
--

CREATE TABLE public.pages_blocks_service_accordions (
    _order integer NOT NULL,
    _parent_id character varying NOT NULL,
    id character varying NOT NULL,
    title character varying,
    content jsonb
);


ALTER TABLE public.pages_blocks_service_accordions OWNER TO postgres;

--
-- TOC entry 343 (class 1259 OID 474933)
-- Name: pages_blocks_service_list_block; Type: TABLE; Schema: public; Owner: postgres
--

CREATE TABLE public.pages_blocks_service_list_block (
    _order integer NOT NULL,
    _parent_id integer NOT NULL,
    _path text NOT NULL,
    id character varying NOT NULL,
    enable_title boolean,
    title character varying,
    enable_background_image boolean,
    is_reverse boolean DEFAULT false,
    bottom numeric DEFAULT 100,
    separator_type public.enum_pages_blocks_service_list_block_separator_type,
    section_name character varying,
    block_name character varying,
    dark_mode public.enum_pages_blocks_service_list_block_dark_mode
);


ALTER TABLE public.pages_blocks_service_list_block OWNER TO postgres;

--
-- TOC entry 342 (class 1259 OID 474925)
-- Name: pages_blocks_service_list_block_blocks; Type: TABLE; Schema: public; Owner: postgres
--

CREATE TABLE public.pages_blocks_service_list_block_blocks (
    _order integer NOT NULL,
    _parent_id character varying NOT NULL,
    id character varying NOT NULL,
    enable_filed_title boolean,
    field_title character varying,
    enable_icon boolean,
    media_id integer,
    enable_rich_text boolean,
    rich_text jsonb,
    link_type public.enum_pages_blocks_service_list_block_blocks_link_type DEFAULT 'reference'::public.enum_pages_blocks_service_list_block_blocks_link_type,
    link_new_tab boolean,
    link_url character varying,
    link_label character varying,
    link_appearance public.enum_pages_blocks_service_list_block_blocks_link_appearance DEFAULT 'default'::public.enum_pages_blocks_service_list_block_blocks_link_appearance
);


ALTER TABLE public.pages_blocks_service_list_block_blocks OWNER TO postgres;

--
-- TOC entry 234 (class 1259 OID 446296)
-- Name: pages_blocks_simple_list_content; Type: TABLE; Schema: public; Owner: postgres
--

CREATE TABLE public.pages_blocks_simple_list_content (
    _order integer NOT NULL,
    _parent_id integer NOT NULL,
    _path text NOT NULL,
    id character varying NOT NULL,
    enable_title boolean,
    title character varying,
    enable_background_image boolean,
    is_reverse boolean DEFAULT false,
    bottom numeric DEFAULT 100,
    separator_type public.enum_pages_blocks_simple_list_content_separator_type,
    section_name character varying,
    block_name character varying,
    dark_mode public.enum_pages_blocks_simple_list_content_dark_mode,
    image_id integer
);


ALTER TABLE public.pages_blocks_simple_list_content OWNER TO postgres;

--
-- TOC entry 233 (class 1259 OID 446288)
-- Name: pages_blocks_simple_list_content_blocks; Type: TABLE; Schema: public; Owner: postgres
--

CREATE TABLE public.pages_blocks_simple_list_content_blocks (
    _order integer NOT NULL,
    _parent_id character varying NOT NULL,
    id character varying NOT NULL,
    enable_icon boolean,
    media_id integer,
    enable_rich_text boolean,
    rich_text jsonb,
    color public.enum_pages_blocks_simple_list_content_blocks_color DEFAULT 'transparent'::public.enum_pages_blocks_simple_list_content_blocks_color
);


ALTER TABLE public.pages_blocks_simple_list_content_blocks OWNER TO postgres;

--
-- TOC entry 232 (class 1259 OID 446281)
-- Name: pages_blocks_social; Type: TABLE; Schema: public; Owner: postgres
--

CREATE TABLE public.pages_blocks_social (
    _order integer NOT NULL,
    _parent_id integer NOT NULL,
    _path text NOT NULL,
    id character varying NOT NULL,
    block_name character varying
);


ALTER TABLE public.pages_blocks_social OWNER TO postgres;

--
-- TOC entry 231 (class 1259 OID 446273)
-- Name: pages_blocks_social_rrss; Type: TABLE; Schema: public; Owner: postgres
--

CREATE TABLE public.pages_blocks_social_rrss (
    _order integer NOT NULL,
    _parent_id character varying NOT NULL,
    id character varying NOT NULL,
    title character varying,
    link_type public.enum_pages_blocks_social_rrss_link_type DEFAULT 'reference'::public.enum_pages_blocks_social_rrss_link_type,
    link_new_tab boolean,
    link_url character varying,
    link_label character varying,
    icon_id integer
);


ALTER TABLE public.pages_blocks_social_rrss OWNER TO postgres;

--
-- TOC entry 224 (class 1259 OID 446202)
-- Name: pages_hero_links; Type: TABLE; Schema: public; Owner: postgres
--

CREATE TABLE public.pages_hero_links (
    _order integer NOT NULL,
    _parent_id integer NOT NULL,
    id character varying NOT NULL,
    link_type public.enum_pages_hero_links_link_type DEFAULT 'reference'::public.enum_pages_hero_links_link_type,
    link_new_tab boolean,
    link_url character varying,
    link_label character varying,
    link_appearance public.enum_pages_hero_links_link_appearance DEFAULT 'default'::public.enum_pages_hero_links_link_appearance
);


ALTER TABLE public.pages_hero_links OWNER TO postgres;

--
-- TOC entry 239 (class 1259 OID 446337)
-- Name: pages_id_seq; Type: SEQUENCE; Schema: public; Owner: postgres
--

CREATE SEQUENCE public.pages_id_seq
    AS integer
    START WITH 1
    INCREMENT BY 1
    NO MINVALUE
    NO MAXVALUE
    CACHE 1;


ALTER SEQUENCE public.pages_id_seq OWNER TO postgres;

--
-- TOC entry 5283 (class 0 OID 0)
-- Dependencies: 239
-- Name: pages_id_seq; Type: SEQUENCE OWNED BY; Schema: public; Owner: postgres
--

ALTER SEQUENCE public.pages_id_seq OWNED BY public.pages.id;


--
-- TOC entry 242 (class 1259 OID 446351)
-- Name: pages_rels; Type: TABLE; Schema: public; Owner: postgres
--

CREATE TABLE public.pages_rels (
    id integer NOT NULL,
    "order" integer,
    parent_id integer NOT NULL,
    path character varying NOT NULL,
    pages_id integer,
    posts_id integer,
    services_id integer
);


ALTER TABLE public.pages_rels OWNER TO postgres;

--
-- TOC entry 241 (class 1259 OID 446350)
-- Name: pages_rels_id_seq; Type: SEQUENCE; Schema: public; Owner: postgres
--

CREATE SEQUENCE public.pages_rels_id_seq
    AS integer
    START WITH 1
    INCREMENT BY 1
    NO MINVALUE
    NO MAXVALUE
    CACHE 1;


ALTER SEQUENCE public.pages_rels_id_seq OWNER TO postgres;

--
-- TOC entry 5284 (class 0 OID 0)
-- Dependencies: 241
-- Name: pages_rels_id_seq; Type: SEQUENCE OWNED BY; Schema: public; Owner: postgres
--

ALTER SEQUENCE public.pages_rels_id_seq OWNED BY public.pages_rels.id;


--
-- TOC entry 328 (class 1259 OID 447964)
-- Name: payload_jobs; Type: TABLE; Schema: public; Owner: postgres
--

CREATE TABLE public.payload_jobs (
    id integer NOT NULL,
    input jsonb,
    completed_at timestamp(3) with time zone,
    total_tried numeric DEFAULT 0,
    has_error boolean DEFAULT false,
    error jsonb,
    task_slug public.enum_payload_jobs_task_slug,
    queue character varying DEFAULT 'default'::character varying,
    wait_until timestamp(3) with time zone,
    processing boolean DEFAULT false,
    updated_at timestamp(3) with time zone DEFAULT now() NOT NULL,
    created_at timestamp(3) with time zone DEFAULT now() NOT NULL
);


ALTER TABLE public.payload_jobs OWNER TO postgres;

--
-- TOC entry 327 (class 1259 OID 447963)
-- Name: payload_jobs_id_seq; Type: SEQUENCE; Schema: public; Owner: postgres
--

CREATE SEQUENCE public.payload_jobs_id_seq
    AS integer
    START WITH 1
    INCREMENT BY 1
    NO MINVALUE
    NO MAXVALUE
    CACHE 1;


ALTER SEQUENCE public.payload_jobs_id_seq OWNER TO postgres;

--
-- TOC entry 5285 (class 0 OID 0)
-- Dependencies: 327
-- Name: payload_jobs_id_seq; Type: SEQUENCE OWNED BY; Schema: public; Owner: postgres
--

ALTER SEQUENCE public.payload_jobs_id_seq OWNED BY public.payload_jobs.id;


--
-- TOC entry 326 (class 1259 OID 447956)
-- Name: payload_jobs_log; Type: TABLE; Schema: public; Owner: postgres
--

CREATE TABLE public.payload_jobs_log (
    _order integer NOT NULL,
    _parent_id integer NOT NULL,
    id character varying NOT NULL,
    executed_at timestamp(3) with time zone NOT NULL,
    completed_at timestamp(3) with time zone NOT NULL,
    task_slug public.enum_payload_jobs_log_task_slug NOT NULL,
    task_i_d character varying NOT NULL,
    input jsonb,
    output jsonb,
    state public.enum_payload_jobs_log_state NOT NULL,
    error jsonb
);


ALTER TABLE public.payload_jobs_log OWNER TO postgres;

--
-- TOC entry 362 (class 1259 OID 503847)
-- Name: payload_kv; Type: TABLE; Schema: public; Owner: postgres
--

CREATE TABLE public.payload_kv (
    id integer NOT NULL,
    key character varying NOT NULL,
    data jsonb NOT NULL
);


ALTER TABLE public.payload_kv OWNER TO postgres;

--
-- TOC entry 361 (class 1259 OID 503846)
-- Name: payload_kv_id_seq; Type: SEQUENCE; Schema: public; Owner: postgres
--

CREATE SEQUENCE public.payload_kv_id_seq
    AS integer
    START WITH 1
    INCREMENT BY 1
    NO MINVALUE
    NO MAXVALUE
    CACHE 1;


ALTER SEQUENCE public.payload_kv_id_seq OWNER TO postgres;

--
-- TOC entry 5286 (class 0 OID 0)
-- Dependencies: 361
-- Name: payload_kv_id_seq; Type: SEQUENCE OWNED BY; Schema: public; Owner: postgres
--

ALTER SEQUENCE public.payload_kv_id_seq OWNED BY public.payload_kv.id;


--
-- TOC entry 293 (class 1259 OID 446662)
-- Name: payload_locked_documents; Type: TABLE; Schema: public; Owner: postgres
--

CREATE TABLE public.payload_locked_documents (
    id integer NOT NULL,
    global_slug character varying,
    updated_at timestamp(3) with time zone DEFAULT now() NOT NULL,
    created_at timestamp(3) with time zone DEFAULT now() NOT NULL
);


ALTER TABLE public.payload_locked_documents OWNER TO postgres;

--
-- TOC entry 292 (class 1259 OID 446661)
-- Name: payload_locked_documents_id_seq; Type: SEQUENCE; Schema: public; Owner: postgres
--

CREATE SEQUENCE public.payload_locked_documents_id_seq
    AS integer
    START WITH 1
    INCREMENT BY 1
    NO MINVALUE
    NO MAXVALUE
    CACHE 1;


ALTER SEQUENCE public.payload_locked_documents_id_seq OWNER TO postgres;

--
-- TOC entry 5287 (class 0 OID 0)
-- Dependencies: 292
-- Name: payload_locked_documents_id_seq; Type: SEQUENCE OWNED BY; Schema: public; Owner: postgres
--

ALTER SEQUENCE public.payload_locked_documents_id_seq OWNED BY public.payload_locked_documents.id;


--
-- TOC entry 295 (class 1259 OID 446673)
-- Name: payload_locked_documents_rels; Type: TABLE; Schema: public; Owner: postgres
--

CREATE TABLE public.payload_locked_documents_rels (
    id integer NOT NULL,
    "order" integer,
    parent_id integer NOT NULL,
    path character varying NOT NULL,
    users_id integer,
    media_id integer,
    posts_id integer,
    pages_id integer,
    forms_id integer,
    form_submissions_id integer,
    categories_id integer,
    tags_id integer,
    documents_id integer,
    videos_id integer,
    services_id integer
);


ALTER TABLE public.payload_locked_documents_rels OWNER TO postgres;

--
-- TOC entry 294 (class 1259 OID 446672)
-- Name: payload_locked_documents_rels_id_seq; Type: SEQUENCE; Schema: public; Owner: postgres
--

CREATE SEQUENCE public.payload_locked_documents_rels_id_seq
    AS integer
    START WITH 1
    INCREMENT BY 1
    NO MINVALUE
    NO MAXVALUE
    CACHE 1;


ALTER SEQUENCE public.payload_locked_documents_rels_id_seq OWNER TO postgres;

--
-- TOC entry 5288 (class 0 OID 0)
-- Dependencies: 294
-- Name: payload_locked_documents_rels_id_seq; Type: SEQUENCE OWNED BY; Schema: public; Owner: postgres
--

ALTER SEQUENCE public.payload_locked_documents_rels_id_seq OWNED BY public.payload_locked_documents_rels.id;


--
-- TOC entry 301 (class 1259 OID 446702)
-- Name: payload_migrations; Type: TABLE; Schema: public; Owner: postgres
--

CREATE TABLE public.payload_migrations (
    id integer NOT NULL,
    name character varying,
    batch numeric,
    updated_at timestamp(3) with time zone DEFAULT now() NOT NULL,
    created_at timestamp(3) with time zone DEFAULT now() NOT NULL
);


ALTER TABLE public.payload_migrations OWNER TO postgres;

--
-- TOC entry 300 (class 1259 OID 446701)
-- Name: payload_migrations_id_seq; Type: SEQUENCE; Schema: public; Owner: postgres
--

CREATE SEQUENCE public.payload_migrations_id_seq
    AS integer
    START WITH 1
    INCREMENT BY 1
    NO MINVALUE
    NO MAXVALUE
    CACHE 1;


ALTER SEQUENCE public.payload_migrations_id_seq OWNER TO postgres;

--
-- TOC entry 5289 (class 0 OID 0)
-- Dependencies: 300
-- Name: payload_migrations_id_seq; Type: SEQUENCE OWNED BY; Schema: public; Owner: postgres
--

ALTER SEQUENCE public.payload_migrations_id_seq OWNED BY public.payload_migrations.id;


--
-- TOC entry 297 (class 1259 OID 446682)
-- Name: payload_preferences; Type: TABLE; Schema: public; Owner: postgres
--

CREATE TABLE public.payload_preferences (
    id integer NOT NULL,
    key character varying,
    value jsonb,
    updated_at timestamp(3) with time zone DEFAULT now() NOT NULL,
    created_at timestamp(3) with time zone DEFAULT now() NOT NULL
);


ALTER TABLE public.payload_preferences OWNER TO postgres;

--
-- TOC entry 296 (class 1259 OID 446681)
-- Name: payload_preferences_id_seq; Type: SEQUENCE; Schema: public; Owner: postgres
--

CREATE SEQUENCE public.payload_preferences_id_seq
    AS integer
    START WITH 1
    INCREMENT BY 1
    NO MINVALUE
    NO MAXVALUE
    CACHE 1;


ALTER SEQUENCE public.payload_preferences_id_seq OWNER TO postgres;

--
-- TOC entry 5290 (class 0 OID 0)
-- Dependencies: 296
-- Name: payload_preferences_id_seq; Type: SEQUENCE OWNED BY; Schema: public; Owner: postgres
--

ALTER SEQUENCE public.payload_preferences_id_seq OWNED BY public.payload_preferences.id;


--
-- TOC entry 299 (class 1259 OID 446693)
-- Name: payload_preferences_rels; Type: TABLE; Schema: public; Owner: postgres
--

CREATE TABLE public.payload_preferences_rels (
    id integer NOT NULL,
    "order" integer,
    parent_id integer NOT NULL,
    path character varying NOT NULL,
    users_id integer
);


ALTER TABLE public.payload_preferences_rels OWNER TO postgres;

--
-- TOC entry 298 (class 1259 OID 446692)
-- Name: payload_preferences_rels_id_seq; Type: SEQUENCE; Schema: public; Owner: postgres
--

CREATE SEQUENCE public.payload_preferences_rels_id_seq
    AS integer
    START WITH 1
    INCREMENT BY 1
    NO MINVALUE
    NO MAXVALUE
    CACHE 1;


ALTER SEQUENCE public.payload_preferences_rels_id_seq OWNER TO postgres;

--
-- TOC entry 5291 (class 0 OID 0)
-- Dependencies: 298
-- Name: payload_preferences_rels_id_seq; Type: SEQUENCE OWNED BY; Schema: public; Owner: postgres
--

ALTER SEQUENCE public.payload_preferences_rels_id_seq OWNED BY public.payload_preferences_rels.id;


--
-- TOC entry 223 (class 1259 OID 446192)
-- Name: posts; Type: TABLE; Schema: public; Owner: postgres
--

CREATE TABLE public.posts (
    id integer NOT NULL,
    title character varying,
    hero_image_id integer,
    content jsonb,
    slug character varying,
    updated_at timestamp(3) with time zone DEFAULT now() NOT NULL,
    created_at timestamp(3) with time zone DEFAULT now() NOT NULL,
    meta_title character varying,
    meta_image_id integer,
    meta_description character varying,
    published_at timestamp(3) with time zone,
    slug_lock boolean DEFAULT true,
    _status public.enum_posts_status DEFAULT 'draft'::public.enum_posts_status
);


ALTER TABLE public.posts OWNER TO postgres;

--
-- TOC entry 222 (class 1259 OID 446191)
-- Name: posts_id_seq; Type: SEQUENCE; Schema: public; Owner: postgres
--

CREATE SEQUENCE public.posts_id_seq
    AS integer
    START WITH 1
    INCREMENT BY 1
    NO MINVALUE
    NO MAXVALUE
    CACHE 1;


ALTER SEQUENCE public.posts_id_seq OWNER TO postgres;

--
-- TOC entry 5292 (class 0 OID 0)
-- Dependencies: 222
-- Name: posts_id_seq; Type: SEQUENCE OWNED BY; Schema: public; Owner: postgres
--

ALTER SEQUENCE public.posts_id_seq OWNED BY public.posts.id;


--
-- TOC entry 317 (class 1259 OID 447909)
-- Name: posts_populated_authors; Type: TABLE; Schema: public; Owner: postgres
--

CREATE TABLE public.posts_populated_authors (
    _order integer NOT NULL,
    _parent_id integer NOT NULL,
    id character varying NOT NULL,
    name character varying
);


ALTER TABLE public.posts_populated_authors OWNER TO postgres;

--
-- TOC entry 319 (class 1259 OID 447917)
-- Name: posts_rels; Type: TABLE; Schema: public; Owner: postgres
--

CREATE TABLE public.posts_rels (
    id integer NOT NULL,
    "order" integer,
    parent_id integer NOT NULL,
    path character varying NOT NULL,
    posts_id integer,
    categories_id integer,
    users_id integer,
    tags_id integer
);


ALTER TABLE public.posts_rels OWNER TO postgres;

--
-- TOC entry 318 (class 1259 OID 447916)
-- Name: posts_rels_id_seq; Type: SEQUENCE; Schema: public; Owner: postgres
--

CREATE SEQUENCE public.posts_rels_id_seq
    AS integer
    START WITH 1
    INCREMENT BY 1
    NO MINVALUE
    NO MAXVALUE
    CACHE 1;


ALTER SEQUENCE public.posts_rels_id_seq OWNER TO postgres;

--
-- TOC entry 5293 (class 0 OID 0)
-- Dependencies: 318
-- Name: posts_rels_id_seq; Type: SEQUENCE OWNED BY; Schema: public; Owner: postgres
--

ALTER SEQUENCE public.posts_rels_id_seq OWNED BY public.posts_rels.id;


--
-- TOC entry 367 (class 1259 OID 513281)
-- Name: services; Type: TABLE; Schema: public; Owner: postgres
--

CREATE TABLE public.services (
    id integer NOT NULL,
    title character varying,
    hero_title character varying,
    hero_media_id integer,
    hero_remove_svg boolean,
    hero_rich_text jsonb,
    hero_is_reverse boolean DEFAULT false,
    hero_bottom numeric DEFAULT 100,
    hero_separator_type public.enum_services_hero_separator_type,
    hero_dark_mode public.enum_services_hero_dark_mode,
    meta_title character varying,
    meta_image_id integer,
    meta_description character varying,
    published_at timestamp(3) with time zone,
    slug character varying,
    slug_lock boolean DEFAULT true,
    updated_at timestamp(3) with time zone DEFAULT now() NOT NULL,
    created_at timestamp(3) with time zone DEFAULT now() NOT NULL,
    _status public.enum_services_status DEFAULT 'draft'::public.enum_services_status
);


ALTER TABLE public.services OWNER TO postgres;

--
-- TOC entry 365 (class 1259 OID 513271)
-- Name: services_blocks_service; Type: TABLE; Schema: public; Owner: postgres
--

CREATE TABLE public.services_blocks_service (
    _order integer NOT NULL,
    _parent_id integer NOT NULL,
    _path text NOT NULL,
    id character varying NOT NULL,
    title character varying,
    rich_text jsonb,
    enable_background_image boolean,
    bottom numeric DEFAULT 100,
    is_reverse boolean DEFAULT false,
    separator_type public.enum_services_blocks_service_separator_type,
    section_name character varying,
    dark_mode public.enum_services_blocks_service_dark_mode,
    block_name character varying
);


ALTER TABLE public.services_blocks_service OWNER TO postgres;

--
-- TOC entry 364 (class 1259 OID 513264)
-- Name: services_blocks_service_accordions; Type: TABLE; Schema: public; Owner: postgres
--

CREATE TABLE public.services_blocks_service_accordions (
    _order integer NOT NULL,
    _parent_id character varying NOT NULL,
    id character varying NOT NULL,
    title character varying,
    content jsonb
);


ALTER TABLE public.services_blocks_service_accordions OWNER TO postgres;

--
-- TOC entry 363 (class 1259 OID 513255)
-- Name: services_hero_links; Type: TABLE; Schema: public; Owner: postgres
--

CREATE TABLE public.services_hero_links (
    _order integer NOT NULL,
    _parent_id integer NOT NULL,
    id character varying NOT NULL,
    link_type public.enum_services_hero_links_link_type DEFAULT 'reference'::public.enum_services_hero_links_link_type,
    link_new_tab boolean,
    link_url character varying,
    link_label character varying,
    link_appearance public.enum_services_hero_links_link_appearance DEFAULT 'default'::public.enum_services_hero_links_link_appearance
);


ALTER TABLE public.services_hero_links OWNER TO postgres;

--
-- TOC entry 366 (class 1259 OID 513280)
-- Name: services_id_seq; Type: SEQUENCE; Schema: public; Owner: postgres
--

CREATE SEQUENCE public.services_id_seq
    AS integer
    START WITH 1
    INCREMENT BY 1
    NO MINVALUE
    NO MAXVALUE
    CACHE 1;


ALTER SEQUENCE public.services_id_seq OWNER TO postgres;

--
-- TOC entry 5294 (class 0 OID 0)
-- Dependencies: 366
-- Name: services_id_seq; Type: SEQUENCE OWNED BY; Schema: public; Owner: postgres
--

ALTER SEQUENCE public.services_id_seq OWNED BY public.services.id;


--
-- TOC entry 369 (class 1259 OID 513296)
-- Name: services_rels; Type: TABLE; Schema: public; Owner: postgres
--

CREATE TABLE public.services_rels (
    id integer NOT NULL,
    "order" integer,
    parent_id integer NOT NULL,
    path character varying NOT NULL,
    pages_id integer,
    posts_id integer,
    services_id integer
);


ALTER TABLE public.services_rels OWNER TO postgres;

--
-- TOC entry 368 (class 1259 OID 513295)
-- Name: services_rels_id_seq; Type: SEQUENCE; Schema: public; Owner: postgres
--

CREATE SEQUENCE public.services_rels_id_seq
    AS integer
    START WITH 1
    INCREMENT BY 1
    NO MINVALUE
    NO MAXVALUE
    CACHE 1;


ALTER SEQUENCE public.services_rels_id_seq OWNER TO postgres;

--
-- TOC entry 5295 (class 0 OID 0)
-- Dependencies: 368
-- Name: services_rels_id_seq; Type: SEQUENCE OWNED BY; Schema: public; Owner: postgres
--

ALTER SEQUENCE public.services_rels_id_seq OWNED BY public.services_rels.id;


--
-- TOC entry 330 (class 1259 OID 448305)
-- Name: tags; Type: TABLE; Schema: public; Owner: postgres
--

CREATE TABLE public.tags (
    id integer NOT NULL,
    title character varying NOT NULL,
    slug character varying,
    slug_lock boolean DEFAULT true,
    updated_at timestamp(3) with time zone DEFAULT now() NOT NULL,
    created_at timestamp(3) with time zone DEFAULT now() NOT NULL
);


ALTER TABLE public.tags OWNER TO postgres;

--
-- TOC entry 329 (class 1259 OID 448304)
-- Name: tags_id_seq; Type: SEQUENCE; Schema: public; Owner: postgres
--

CREATE SEQUENCE public.tags_id_seq
    AS integer
    START WITH 1
    INCREMENT BY 1
    NO MINVALUE
    NO MAXVALUE
    CACHE 1;


ALTER SEQUENCE public.tags_id_seq OWNER TO postgres;

--
-- TOC entry 5296 (class 0 OID 0)
-- Dependencies: 329
-- Name: tags_id_seq; Type: SEQUENCE OWNED BY; Schema: public; Owner: postgres
--

ALTER SEQUENCE public.tags_id_seq OWNED BY public.tags.id;


--
-- TOC entry 219 (class 1259 OID 446169)
-- Name: users; Type: TABLE; Schema: public; Owner: postgres
--

CREATE TABLE public.users (
    id integer NOT NULL,
    updated_at timestamp(3) with time zone DEFAULT now() NOT NULL,
    created_at timestamp(3) with time zone DEFAULT now() NOT NULL,
    email character varying NOT NULL,
    reset_password_token character varying,
    reset_password_expiration timestamp(3) with time zone,
    salt character varying,
    hash character varying,
    login_attempts numeric DEFAULT 0,
    lock_until timestamp(3) with time zone,
    name character varying NOT NULL,
    avatar_id integer
);


ALTER TABLE public.users OWNER TO postgres;

--
-- TOC entry 218 (class 1259 OID 446168)
-- Name: users_id_seq; Type: SEQUENCE; Schema: public; Owner: postgres
--

CREATE SEQUENCE public.users_id_seq
    AS integer
    START WITH 1
    INCREMENT BY 1
    NO MINVALUE
    NO MAXVALUE
    CACHE 1;


ALTER SEQUENCE public.users_id_seq OWNER TO postgres;

--
-- TOC entry 5297 (class 0 OID 0)
-- Dependencies: 218
-- Name: users_id_seq; Type: SEQUENCE OWNED BY; Schema: public; Owner: postgres
--

ALTER SEQUENCE public.users_id_seq OWNED BY public.users.id;


--
-- TOC entry 341 (class 1259 OID 473910)
-- Name: users_roles; Type: TABLE; Schema: public; Owner: postgres
--

CREATE TABLE public.users_roles (
    "order" integer NOT NULL,
    parent_id integer NOT NULL,
    value public.enum_users_roles,
    id integer NOT NULL
);


ALTER TABLE public.users_roles OWNER TO postgres;

--
-- TOC entry 340 (class 1259 OID 473909)
-- Name: users_roles_id_seq; Type: SEQUENCE; Schema: public; Owner: postgres
--

CREATE SEQUENCE public.users_roles_id_seq
    AS integer
    START WITH 1
    INCREMENT BY 1
    NO MINVALUE
    NO MAXVALUE
    CACHE 1;


ALTER SEQUENCE public.users_roles_id_seq OWNER TO postgres;

--
-- TOC entry 5298 (class 0 OID 0)
-- Dependencies: 340
-- Name: users_roles_id_seq; Type: SEQUENCE OWNED BY; Schema: public; Owner: postgres
--

ALTER SEQUENCE public.users_roles_id_seq OWNED BY public.users_roles.id;


--
-- TOC entry 217 (class 1259 OID 446161)
-- Name: users_sessions; Type: TABLE; Schema: public; Owner: postgres
--

CREATE TABLE public.users_sessions (
    _order integer NOT NULL,
    _parent_id integer NOT NULL,
    id character varying NOT NULL,
    created_at timestamp(3) with time zone,
    expires_at timestamp(3) with time zone NOT NULL
);


ALTER TABLE public.users_sessions OWNER TO postgres;

--
-- TOC entry 357 (class 1259 OID 485942)
-- Name: videos; Type: TABLE; Schema: public; Owner: postgres
--

CREATE TABLE public.videos (
    id integer NOT NULL,
    title character varying NOT NULL,
    duration numeric,
    prefix character varying DEFAULT 'videos'::character varying,
    updated_at timestamp(3) with time zone DEFAULT now() NOT NULL,
    created_at timestamp(3) with time zone DEFAULT now() NOT NULL,
    url character varying,
    thumbnail_u_r_l character varying,
    filename character varying,
    mime_type character varying,
    filesize numeric,
    width numeric,
    height numeric,
    focal_x numeric,
    focal_y numeric
);


ALTER TABLE public.videos OWNER TO postgres;

--
-- TOC entry 356 (class 1259 OID 485941)
-- Name: videos_id_seq; Type: SEQUENCE; Schema: public; Owner: postgres
--

CREATE SEQUENCE public.videos_id_seq
    AS integer
    START WITH 1
    INCREMENT BY 1
    NO MINVALUE
    NO MAXVALUE
    CACHE 1;


ALTER SEQUENCE public.videos_id_seq OWNER TO postgres;

--
-- TOC entry 5299 (class 0 OID 0)
-- Dependencies: 356
-- Name: videos_id_seq; Type: SEQUENCE OWNED BY; Schema: public; Owner: postgres
--

ALTER SEQUENCE public.videos_id_seq OWNED BY public.videos.id;


--
-- TOC entry 4048 (class 2604 OID 446530)
-- Name: _pages_v id; Type: DEFAULT; Schema: public; Owner: postgres
--

ALTER TABLE ONLY public._pages_v ALTER COLUMN id SET DEFAULT nextval('public._pages_v_id_seq'::regclass);


--
-- TOC entry 4047 (class 2604 OID 446521)
-- Name: _pages_v_blocks_box_content id; Type: DEFAULT; Schema: public; Owner: postgres
--

ALTER TABLE ONLY public._pages_v_blocks_box_content ALTER COLUMN id SET DEFAULT nextval('public._pages_v_blocks_box_content_id_seq'::regclass);


--
-- TOC entry 4046 (class 2604 OID 446512)
-- Name: _pages_v_blocks_box_content_boxes id; Type: DEFAULT; Schema: public; Owner: postgres
--

ALTER TABLE ONLY public._pages_v_blocks_box_content_boxes ALTER COLUMN id SET DEFAULT nextval('public._pages_v_blocks_box_content_boxes_id_seq'::regclass);


--
-- TOC entry 4020 (class 2604 OID 446396)
-- Name: _pages_v_blocks_content id; Type: DEFAULT; Schema: public; Owner: postgres
--

ALTER TABLE ONLY public._pages_v_blocks_content ALTER COLUMN id SET DEFAULT nextval('public._pages_v_blocks_content_id_seq'::regclass);


--
-- TOC entry 4017 (class 2604 OID 446385)
-- Name: _pages_v_blocks_cta id; Type: DEFAULT; Schema: public; Owner: postgres
--

ALTER TABLE ONLY public._pages_v_blocks_cta ALTER COLUMN id SET DEFAULT nextval('public._pages_v_blocks_cta_id_seq'::regclass);


--
-- TOC entry 4014 (class 2604 OID 446374)
-- Name: _pages_v_blocks_cta_links id; Type: DEFAULT; Schema: public; Owner: postgres
--

ALTER TABLE ONLY public._pages_v_blocks_cta_links ALTER COLUMN id SET DEFAULT nextval('public._pages_v_blocks_cta_links_id_seq'::regclass);


--
-- TOC entry 4029 (class 2604 OID 446439)
-- Name: _pages_v_blocks_form_block id; Type: DEFAULT; Schema: public; Owner: postgres
--

ALTER TABLE ONLY public._pages_v_blocks_form_block ALTER COLUMN id SET DEFAULT nextval('public._pages_v_blocks_form_block_id_seq'::regclass);


--
-- TOC entry 4113 (class 2604 OID 473904)
-- Name: _pages_v_blocks_frequently_questions_block id; Type: DEFAULT; Schema: public; Owner: postgres
--

ALTER TABLE ONLY public._pages_v_blocks_frequently_questions_block ALTER COLUMN id SET DEFAULT nextval('public._pages_v_blocks_frequently_questions_block_id_seq'::regclass);


--
-- TOC entry 4112 (class 2604 OID 473895)
-- Name: _pages_v_blocks_frequently_questions_block_questions id; Type: DEFAULT; Schema: public; Owner: postgres
--

ALTER TABLE ONLY public._pages_v_blocks_frequently_questions_block_questions ALTER COLUMN id SET DEFAULT nextval('public._pages_v_blocks_frequently_questions_block_questions_id_seq'::regclass);


--
-- TOC entry 4026 (class 2604 OID 446428)
-- Name: _pages_v_blocks_list_content id; Type: DEFAULT; Schema: public; Owner: postgres
--

ALTER TABLE ONLY public._pages_v_blocks_list_content ALTER COLUMN id SET DEFAULT nextval('public._pages_v_blocks_list_content_id_seq'::regclass);


--
-- TOC entry 4142 (class 2604 OID 487095)
-- Name: _pages_v_blocks_list_content_blocks id; Type: DEFAULT; Schema: public; Owner: postgres
--

ALTER TABLE ONLY public._pages_v_blocks_list_content_blocks ALTER COLUMN id SET DEFAULT nextval('public._pages_v_blocks_list_content_blocks_id_seq'::regclass);


--
-- TOC entry 4025 (class 2604 OID 446409)
-- Name: _pages_v_blocks_media_block id; Type: DEFAULT; Schema: public; Owner: postgres
--

ALTER TABLE ONLY public._pages_v_blocks_media_block ALTER COLUMN id SET DEFAULT nextval('public._pages_v_blocks_media_block_id_seq'::regclass);


--
-- TOC entry 4109 (class 2604 OID 473884)
-- Name: _pages_v_blocks_post_carousel_block id; Type: DEFAULT; Schema: public; Owner: postgres
--

ALTER TABLE ONLY public._pages_v_blocks_post_carousel_block ALTER COLUMN id SET DEFAULT nextval('public._pages_v_blocks_post_carousel_block_id_seq'::regclass);


--
-- TOC entry 4043 (class 2604 OID 446501)
-- Name: _pages_v_blocks_quote_block id; Type: DEFAULT; Schema: public; Owner: postgres
--

ALTER TABLE ONLY public._pages_v_blocks_quote_block ALTER COLUMN id SET DEFAULT nextval('public._pages_v_blocks_quote_block_id_seq'::regclass);


--
-- TOC entry 4040 (class 2604 OID 446490)
-- Name: _pages_v_blocks_quote_block_links id; Type: DEFAULT; Schema: public; Owner: postgres
--

ALTER TABLE ONLY public._pages_v_blocks_quote_block_links ALTER COLUMN id SET DEFAULT nextval('public._pages_v_blocks_quote_block_links_id_seq'::regclass);


--
-- TOC entry 4127 (class 2604 OID 475560)
-- Name: _pages_v_blocks_service id; Type: DEFAULT; Schema: public; Owner: postgres
--

ALTER TABLE ONLY public._pages_v_blocks_service ALTER COLUMN id SET DEFAULT nextval('public._pages_v_blocks_service_id_seq'::regclass);


--
-- TOC entry 4130 (class 2604 OID 484577)
-- Name: _pages_v_blocks_service_accordions id; Type: DEFAULT; Schema: public; Owner: postgres
--

ALTER TABLE ONLY public._pages_v_blocks_service_accordions ALTER COLUMN id SET DEFAULT nextval('public._pages_v_blocks_service_accordions_id_seq'::regclass);


--
-- TOC entry 4122 (class 2604 OID 474956)
-- Name: _pages_v_blocks_service_list_block id; Type: DEFAULT; Schema: public; Owner: postgres
--

ALTER TABLE ONLY public._pages_v_blocks_service_list_block ALTER COLUMN id SET DEFAULT nextval('public._pages_v_blocks_service_list_block_id_seq'::regclass);


--
-- TOC entry 4119 (class 2604 OID 474946)
-- Name: _pages_v_blocks_service_list_block_blocks id; Type: DEFAULT; Schema: public; Owner: postgres
--

ALTER TABLE ONLY public._pages_v_blocks_service_list_block_blocks ALTER COLUMN id SET DEFAULT nextval('public._pages_v_blocks_service_list_block_blocks_id_seq'::regclass);


--
-- TOC entry 4037 (class 2604 OID 446479)
-- Name: _pages_v_blocks_simple_list_content id; Type: DEFAULT; Schema: public; Owner: postgres
--

ALTER TABLE ONLY public._pages_v_blocks_simple_list_content ALTER COLUMN id SET DEFAULT nextval('public._pages_v_blocks_simple_list_content_id_seq'::regclass);


--
-- TOC entry 4035 (class 2604 OID 446469)
-- Name: _pages_v_blocks_simple_list_content_blocks id; Type: DEFAULT; Schema: public; Owner: postgres
--

ALTER TABLE ONLY public._pages_v_blocks_simple_list_content_blocks ALTER COLUMN id SET DEFAULT nextval('public._pages_v_blocks_simple_list_content_blocks_id_seq'::regclass);


--
-- TOC entry 4034 (class 2604 OID 446460)
-- Name: _pages_v_blocks_social id; Type: DEFAULT; Schema: public; Owner: postgres
--

ALTER TABLE ONLY public._pages_v_blocks_social ALTER COLUMN id SET DEFAULT nextval('public._pages_v_blocks_social_id_seq'::regclass);


--
-- TOC entry 4032 (class 2604 OID 446450)
-- Name: _pages_v_blocks_social_rrss id; Type: DEFAULT; Schema: public; Owner: postgres
--

ALTER TABLE ONLY public._pages_v_blocks_social_rrss ALTER COLUMN id SET DEFAULT nextval('public._pages_v_blocks_social_rrss_id_seq'::regclass);


--
-- TOC entry 4055 (class 2604 OID 446543)
-- Name: _pages_v_rels id; Type: DEFAULT; Schema: public; Owner: postgres
--

ALTER TABLE ONLY public._pages_v_rels ALTER COLUMN id SET DEFAULT nextval('public._pages_v_rels_id_seq'::regclass);


--
-- TOC entry 4011 (class 2604 OID 446363)
-- Name: _pages_v_version_hero_links id; Type: DEFAULT; Schema: public; Owner: postgres
--

ALTER TABLE ONLY public._pages_v_version_hero_links ALTER COLUMN id SET DEFAULT nextval('public._pages_v_version_hero_links_id_seq'::regclass);


--
-- TOC entry 4090 (class 2604 OID 447938)
-- Name: _posts_v id; Type: DEFAULT; Schema: public; Owner: postgres
--

ALTER TABLE ONLY public._posts_v ALTER COLUMN id SET DEFAULT nextval('public._posts_v_id_seq'::regclass);


--
-- TOC entry 4095 (class 2604 OID 447951)
-- Name: _posts_v_rels id; Type: DEFAULT; Schema: public; Owner: postgres
--

ALTER TABLE ONLY public._posts_v_rels ALTER COLUMN id SET DEFAULT nextval('public._posts_v_rels_id_seq'::regclass);


--
-- TOC entry 4089 (class 2604 OID 447929)
-- Name: _posts_v_version_populated_authors id; Type: DEFAULT; Schema: public; Owner: postgres
--

ALTER TABLE ONLY public._posts_v_version_populated_authors ALTER COLUMN id SET DEFAULT nextval('public._posts_v_version_populated_authors_id_seq'::regclass);


--
-- TOC entry 4166 (class 2604 OID 513339)
-- Name: _services_v id; Type: DEFAULT; Schema: public; Owner: postgres
--

ALTER TABLE ONLY public._services_v ALTER COLUMN id SET DEFAULT nextval('public._services_v_id_seq'::regclass);


--
-- TOC entry 4163 (class 2604 OID 513328)
-- Name: _services_v_blocks_service id; Type: DEFAULT; Schema: public; Owner: postgres
--

ALTER TABLE ONLY public._services_v_blocks_service ALTER COLUMN id SET DEFAULT nextval('public._services_v_blocks_service_id_seq'::regclass);


--
-- TOC entry 4162 (class 2604 OID 513319)
-- Name: _services_v_blocks_service_accordions id; Type: DEFAULT; Schema: public; Owner: postgres
--

ALTER TABLE ONLY public._services_v_blocks_service_accordions ALTER COLUMN id SET DEFAULT nextval('public._services_v_blocks_service_accordions_id_seq'::regclass);


--
-- TOC entry 4173 (class 2604 OID 513354)
-- Name: _services_v_rels id; Type: DEFAULT; Schema: public; Owner: postgres
--

ALTER TABLE ONLY public._services_v_rels ALTER COLUMN id SET DEFAULT nextval('public._services_v_rels_id_seq'::regclass);


--
-- TOC entry 4159 (class 2604 OID 513308)
-- Name: _services_v_version_hero_links id; Type: DEFAULT; Schema: public; Owner: postgres
--

ALTER TABLE ONLY public._services_v_version_hero_links ALTER COLUMN id SET DEFAULT nextval('public._services_v_version_hero_links_id_seq'::regclass);


--
-- TOC entry 4084 (class 2604 OID 447901)
-- Name: categories id; Type: DEFAULT; Schema: public; Owner: postgres
--

ALTER TABLE ONLY public.categories ALTER COLUMN id SET DEFAULT nextval('public.categories_id_seq'::regclass);


--
-- TOC entry 4131 (class 2604 OID 485539)
-- Name: documents id; Type: DEFAULT; Schema: public; Owner: postgres
--

ALTER TABLE ONLY public.documents ALTER COLUMN id SET DEFAULT nextval('public.documents_id_seq'::regclass);


--
-- TOC entry 4080 (class 2604 OID 446770)
-- Name: footer id; Type: DEFAULT; Schema: public; Owner: postgres
--

ALTER TABLE ONLY public.footer ALTER COLUMN id SET DEFAULT nextval('public.footer_id_seq'::regclass);


--
-- TOC entry 4083 (class 2604 OID 446777)
-- Name: footer_rels id; Type: DEFAULT; Schema: public; Owner: postgres
--

ALTER TABLE ONLY public.footer_rels ALTER COLUMN id SET DEFAULT nextval('public.footer_rels_id_seq'::regclass);


--
-- TOC entry 4061 (class 2604 OID 446654)
-- Name: form_submissions id; Type: DEFAULT; Schema: public; Owner: postgres
--

ALTER TABLE ONLY public.form_submissions ALTER COLUMN id SET DEFAULT nextval('public.form_submissions_id_seq'::regclass);


--
-- TOC entry 4057 (class 2604 OID 446635)
-- Name: forms id; Type: DEFAULT; Schema: public; Owner: postgres
--

ALTER TABLE ONLY public.forms ALTER COLUMN id SET DEFAULT nextval('public.forms_id_seq'::regclass);


--
-- TOC entry 4077 (class 2604 OID 446746)
-- Name: header id; Type: DEFAULT; Schema: public; Owner: postgres
--

ALTER TABLE ONLY public.header ALTER COLUMN id SET DEFAULT nextval('public.header_id_seq'::regclass);


--
-- TOC entry 4078 (class 2604 OID 446753)
-- Name: header_rels id; Type: DEFAULT; Schema: public; Owner: postgres
--

ALTER TABLE ONLY public.header_rels ALTER COLUMN id SET DEFAULT nextval('public.header_rels_id_seq'::regclass);


--
-- TOC entry 3972 (class 2604 OID 446184)
-- Name: media id; Type: DEFAULT; Schema: public; Owner: postgres
--

ALTER TABLE ONLY public.media ALTER COLUMN id SET DEFAULT nextval('public.media_id_seq'::regclass);


--
-- TOC entry 4003 (class 2604 OID 446341)
-- Name: pages id; Type: DEFAULT; Schema: public; Owner: postgres
--

ALTER TABLE ONLY public.pages ALTER COLUMN id SET DEFAULT nextval('public.pages_id_seq'::regclass);


--
-- TOC entry 4010 (class 2604 OID 446354)
-- Name: pages_rels id; Type: DEFAULT; Schema: public; Owner: postgres
--

ALTER TABLE ONLY public.pages_rels ALTER COLUMN id SET DEFAULT nextval('public.pages_rels_id_seq'::regclass);


--
-- TOC entry 4096 (class 2604 OID 447967)
-- Name: payload_jobs id; Type: DEFAULT; Schema: public; Owner: postgres
--

ALTER TABLE ONLY public.payload_jobs ALTER COLUMN id SET DEFAULT nextval('public.payload_jobs_id_seq'::regclass);


--
-- TOC entry 4146 (class 2604 OID 503850)
-- Name: payload_kv id; Type: DEFAULT; Schema: public; Owner: postgres
--

ALTER TABLE ONLY public.payload_kv ALTER COLUMN id SET DEFAULT nextval('public.payload_kv_id_seq'::regclass);


--
-- TOC entry 4064 (class 2604 OID 446665)
-- Name: payload_locked_documents id; Type: DEFAULT; Schema: public; Owner: postgres
--

ALTER TABLE ONLY public.payload_locked_documents ALTER COLUMN id SET DEFAULT nextval('public.payload_locked_documents_id_seq'::regclass);


--
-- TOC entry 4067 (class 2604 OID 446676)
-- Name: payload_locked_documents_rels id; Type: DEFAULT; Schema: public; Owner: postgres
--

ALTER TABLE ONLY public.payload_locked_documents_rels ALTER COLUMN id SET DEFAULT nextval('public.payload_locked_documents_rels_id_seq'::regclass);


--
-- TOC entry 4072 (class 2604 OID 446705)
-- Name: payload_migrations id; Type: DEFAULT; Schema: public; Owner: postgres
--

ALTER TABLE ONLY public.payload_migrations ALTER COLUMN id SET DEFAULT nextval('public.payload_migrations_id_seq'::regclass);


--
-- TOC entry 4068 (class 2604 OID 446685)
-- Name: payload_preferences id; Type: DEFAULT; Schema: public; Owner: postgres
--

ALTER TABLE ONLY public.payload_preferences ALTER COLUMN id SET DEFAULT nextval('public.payload_preferences_id_seq'::regclass);


--
-- TOC entry 4071 (class 2604 OID 446696)
-- Name: payload_preferences_rels id; Type: DEFAULT; Schema: public; Owner: postgres
--

ALTER TABLE ONLY public.payload_preferences_rels ALTER COLUMN id SET DEFAULT nextval('public.payload_preferences_rels_id_seq'::regclass);


--
-- TOC entry 3976 (class 2604 OID 446195)
-- Name: posts id; Type: DEFAULT; Schema: public; Owner: postgres
--

ALTER TABLE ONLY public.posts ALTER COLUMN id SET DEFAULT nextval('public.posts_id_seq'::regclass);


--
-- TOC entry 4088 (class 2604 OID 447920)
-- Name: posts_rels id; Type: DEFAULT; Schema: public; Owner: postgres
--

ALTER TABLE ONLY public.posts_rels ALTER COLUMN id SET DEFAULT nextval('public.posts_rels_id_seq'::regclass);


--
-- TOC entry 4151 (class 2604 OID 513284)
-- Name: services id; Type: DEFAULT; Schema: public; Owner: postgres
--

ALTER TABLE ONLY public.services ALTER COLUMN id SET DEFAULT nextval('public.services_id_seq'::regclass);


--
-- TOC entry 4158 (class 2604 OID 513299)
-- Name: services_rels id; Type: DEFAULT; Schema: public; Owner: postgres
--

ALTER TABLE ONLY public.services_rels ALTER COLUMN id SET DEFAULT nextval('public.services_rels_id_seq'::regclass);


--
-- TOC entry 4103 (class 2604 OID 448308)
-- Name: tags id; Type: DEFAULT; Schema: public; Owner: postgres
--

ALTER TABLE ONLY public.tags ALTER COLUMN id SET DEFAULT nextval('public.tags_id_seq'::regclass);


--
-- TOC entry 3968 (class 2604 OID 446172)
-- Name: users id; Type: DEFAULT; Schema: public; Owner: postgres
--

ALTER TABLE ONLY public.users ALTER COLUMN id SET DEFAULT nextval('public.users_id_seq'::regclass);


--
-- TOC entry 4114 (class 2604 OID 473913)
-- Name: users_roles id; Type: DEFAULT; Schema: public; Owner: postgres
--

ALTER TABLE ONLY public.users_roles ALTER COLUMN id SET DEFAULT nextval('public.users_roles_id_seq'::regclass);


--
-- TOC entry 4135 (class 2604 OID 485945)
-- Name: videos id; Type: DEFAULT; Schema: public; Owner: postgres
--

ALTER TABLE ONLY public.videos ALTER COLUMN id SET DEFAULT nextval('public.videos_id_seq'::regclass);


--
-- TOC entry 5130 (class 0 OID 446527)
-- Dependencies: 274
-- Data for Name: _pages_v; Type: TABLE DATA; Schema: public; Owner: postgres
--

COPY public._pages_v (id, parent_id, version_title, version_hero_title, version_hero_media_id, version_hero_rich_text, version_meta_title, version_meta_image_id, version_meta_description, version_published_at, version_slug, version_slug_lock, version_updated_at, version_created_at, version__status, created_at, updated_at, latest, autosave, version_hero_remove_svg, version_hero_is_reverse, version_hero_bottom, version_hero_separator_type, version_hero_dark_mode) FROM stdin;
765	2	Sobre-m	 Hola, soy Ane, asesora y formadora educativa. Te doy la bienvenida a este espacio educativo y familiar.	55	{"root": {"type": "root", "format": "", "indent": 0, "version": 1, "children": [{"type": "paragraph", "format": "", "indent": 0, "version": 1, "children": [{"mode": "normal", "text": "No saber por dnde empezar?", "type": "text", "style": "", "detail": 0, "format": 0, "version": 1}], "direction": "ltr", "textStyle": "", "textFormat": 0}, {"type": "paragraph", "format": "", "indent": 0, "version": 1, "children": [{"mode": "normal", "text": "Reserva una cita y empezamos.", "type": "text", "style": "", "detail": 0, "format": 0, "version": 1}], "direction": "ltr", "textStyle": "", "textFormat": 0}], "direction": null}}	\N	\N	\N	2025-10-24 12:10:55.52+02	sobre-mi	t	2025-12-04 19:11:14.173+01	2025-10-24 12:10:34.006+02	published	2025-12-04 19:11:14.196+01	2025-12-04 19:11:14.196+01	f	f	\N	f	100	\N	\N
870	4	Servicios	 Hola, soy Ane, asesora y formadora educativa. Te doy la bienvenida a este espacio educativo y familiar. 	55	{"root": {"type": "root", "format": "", "indent": 0, "version": 1, "children": [{"type": "paragraph", "format": "", "indent": 0, "version": 1, "children": [{"mode": "normal", "text": "No saber por dnde empezar?", "type": "text", "style": "", "detail": 0, "format": 0, "version": 1}], "direction": "ltr", "textStyle": "", "textFormat": 0}, {"type": "paragraph", "format": "", "indent": 0, "version": 1, "children": [{"mode": "normal", "text": "Reserva una cita y empezamos.", "type": "text", "style": "", "detail": 0, "format": 0, "version": 1}], "direction": "ltr", "textStyle": "", "textFormat": 0}], "direction": null}}	\N	\N	\N	2025-10-29 20:50:22.342+01	services	t	2025-12-11 17:29:04.263+01	2025-10-29 20:50:12.47+01	published	2025-12-11 17:29:04.287+01	2025-12-11 17:29:04.287+01	f	f	\N	f	0	\N	\N
859	9	Contacto	Hola, soy Ane, asesora y formadora educativa. Te doy la  bienvenida a este espacio educativo y familiar.	\N	{"root": {"type": "root", "format": "", "indent": 0, "version": 1, "children": [{"type": "paragraph", "format": "", "indent": 0, "version": 1, "children": [{"mode": "normal", "text": "No sabes por dnde empezar?", "type": "text", "style": "", "detail": 0, "format": 0, "version": 1}], "direction": "ltr", "textStyle": "", "textFormat": 0}, {"type": "paragraph", "format": "", "indent": 0, "version": 1, "children": [{"mode": "normal", "text": "Reserva una cita y empezamos.", "type": "text", "style": "", "detail": 0, "format": 0, "version": 1}], "direction": "ltr", "textStyle": "", "textFormat": 0}], "direction": null}}	\N	\N	\N	2025-12-11 08:28:00.909+01	contacto	t	2025-12-11 11:42:13.559+01	2025-12-11 08:27:47.689+01	published	2025-12-11 11:42:13.58+01	2025-12-11 11:42:13.58+01	f	f	t	f	100	\N	\N
64	3	\N	\N	\N	\N	\N	\N	\N	\N	\N	t	2025-10-24 13:29:29.342+02	2025-10-24 13:29:29.342+02	draft	2025-10-24 13:29:29.35+02	2025-10-24 13:29:29.35+02	f	f	\N	f	100	\N	\N
766	2	Sobre-m	 Hola, soy Ane, asesora y formadora educativa. Te doy la bienvenida a este espacio educativo y familiar.	55	{"root": {"type": "root", "format": "", "indent": 0, "version": 1, "children": [{"type": "paragraph", "format": "", "indent": 0, "version": 1, "children": [{"mode": "normal", "text": "No saber por dnde empezar?", "type": "text", "style": "", "detail": 0, "format": 0, "version": 1}], "direction": "ltr", "textStyle": "", "textFormat": 0}, {"type": "paragraph", "format": "", "indent": 0, "version": 1, "children": [{"mode": "normal", "text": "Reserva una cita y empezamos.", "type": "text", "style": "", "detail": 0, "format": 0, "version": 1}], "direction": "ltr", "textStyle": "", "textFormat": 0}], "direction": null}}	\N	\N	\N	2025-10-24 12:10:55.52+02	sobre-mi	t	2025-12-04 19:11:27.848+01	2025-10-24 12:10:34.006+02	published	2025-12-04 19:11:27.87+01	2025-12-04 19:11:27.87+01	f	f	\N	f	100	\N	\N
830	4	Servicios	 Hola, soy Ane, asesora y formadora educativa. Te doy la bienvenida a este espacio educativo y familiar. 	55	{"root": {"type": "root", "format": "", "indent": 0, "version": 1, "children": [{"type": "paragraph", "format": "", "indent": 0, "version": 1, "children": [{"mode": "normal", "text": "No saber por dnde empezar?", "type": "text", "style": "", "detail": 0, "format": 0, "version": 1}], "direction": "ltr", "textStyle": "", "textFormat": 0}, {"type": "paragraph", "format": "", "indent": 0, "version": 1, "children": [{"mode": "normal", "text": "Reserva una cita y empezamos.", "type": "text", "style": "", "detail": 0, "format": 0, "version": 1}], "direction": "ltr", "textStyle": "", "textFormat": 0}], "direction": null}}	\N	\N	\N	2025-10-29 20:50:22.342+01	services	t	2025-12-05 19:40:36.605+01	2025-10-29 20:50:12.47+01	published	2025-12-05 19:40:36.632+01	2025-12-05 19:40:36.632+01	f	f	\N	f	100	\N	\N
67	3	Blog	blog	\N	{"root": {"type": "root", "format": "", "indent": 0, "version": 1, "children": [{"type": "paragraph", "format": "", "indent": 0, "version": 1, "children": [{"mode": "normal", "text": "blog", "type": "text", "style": "", "detail": 0, "format": 0, "version": 1}], "direction": null, "textStyle": "", "textFormat": 0}], "direction": null}}	\N	\N	\N	2025-10-24 13:29:40.167+02	blog	f	2025-10-27 08:30:50.147+01	2025-10-24 13:29:29.342+02	published	2025-10-27 08:30:50.16+01	2025-10-27 08:30:50.16+01	f	f	\N	f	100	\N	\N
65	3	Blog	blog	\N	{"root": {"type": "root", "format": "", "indent": 0, "version": 1, "children": [{"type": "paragraph", "format": "", "indent": 0, "version": 1, "children": [{"mode": "normal", "text": "blog", "type": "text", "style": "", "detail": 0, "format": 0, "version": 1}], "direction": null, "textStyle": "", "textFormat": 0}], "direction": null}}	\N	\N	\N	2025-10-24 13:29:40.167+02	\N	t	2025-10-24 13:30:08.495+02	2025-10-24 13:29:29.342+02	draft	2025-10-24 13:29:40.167+02	2025-10-24 13:30:08.495+02	f	t	\N	f	100	\N	\N
767	2	Sobre-m	 Hola, soy Ane, asesora y formadora educativa. Te doy la bienvenida a este espacio educativo y familiar.	55	{"root": {"type": "root", "format": "", "indent": 0, "version": 1, "children": [{"type": "paragraph", "format": "", "indent": 0, "version": 1, "children": [{"mode": "normal", "text": "No saber por dnde empezar?", "type": "text", "style": "", "detail": 0, "format": 0, "version": 1}], "direction": "ltr", "textStyle": "", "textFormat": 0}, {"type": "paragraph", "format": "", "indent": 0, "version": 1, "children": [{"mode": "normal", "text": "Reserva una cita y empezamos.", "type": "text", "style": "", "detail": 0, "format": 0, "version": 1}], "direction": "ltr", "textStyle": "", "textFormat": 0}], "direction": null}}	\N	\N	\N	2025-10-24 12:10:55.52+02	sobre-mi	t	2025-12-04 19:12:08.282+01	2025-10-24 12:10:34.006+02	published	2025-12-04 19:12:08.314+01	2025-12-04 19:12:08.314+01	f	f	\N	f	100	\N	\N
861	9	Contacto	Hola, soy Ane, asesora y formadora educativa. Te doy la  bienvenida a este espacio educativo y familiar.	123	{"root": {"type": "root", "format": "", "indent": 0, "version": 1, "children": [{"type": "paragraph", "format": "", "indent": 0, "version": 1, "children": [{"mode": "normal", "text": "No sabes por dnde empezar?", "type": "text", "style": "", "detail": 0, "format": 0, "version": 1}], "direction": "ltr", "textStyle": "", "textFormat": 0}, {"type": "paragraph", "format": "", "indent": 0, "version": 1, "children": [{"mode": "normal", "text": "Reserva una cita y empezamos.", "type": "text", "style": "", "detail": 0, "format": 0, "version": 1}], "direction": "ltr", "textStyle": "", "textFormat": 0}], "direction": null}}	\N	\N	\N	2025-12-11 08:28:00.909+01	contacto	t	2025-12-11 17:00:21.709+01	2025-12-11 08:27:47.689+01	published	2025-12-11 17:00:21.726+01	2025-12-11 17:00:21.726+01	f	f	t	f	100	\N	\N
871	4	Servicios	 Hola, soy Ane, asesora y formadora educativa. Te doy la bienvenida a este espacio educativo y familiar. 	55	{"root": {"type": "root", "format": "", "indent": 0, "version": 1, "children": [{"type": "paragraph", "format": "", "indent": 0, "version": 1, "children": [{"mode": "normal", "text": "No saber por dnde empezar?", "type": "text", "style": "", "detail": 0, "format": 0, "version": 1}], "direction": "ltr", "textStyle": "", "textFormat": 0}, {"type": "paragraph", "format": "", "indent": 0, "version": 1, "children": [{"mode": "normal", "text": "Reserva una cita y empezamos.", "type": "text", "style": "", "detail": 0, "format": 0, "version": 1}], "direction": "ltr", "textStyle": "", "textFormat": 0}], "direction": null}}	\N	\N	\N	2025-10-29 20:50:22.342+01	services	t	2025-12-11 17:29:26.696+01	2025-10-29 20:50:12.47+01	published	2025-12-11 17:29:26.717+01	2025-12-11 17:29:26.717+01	f	f	\N	f	0	\N	dark
872	4	Servicios	 Hola, soy Ane, asesora y formadora educativa. Te doy la bienvenida a este espacio educativo y familiar. 	55	{"root": {"type": "root", "format": "", "indent": 0, "version": 1, "children": [{"type": "paragraph", "format": "", "indent": 0, "version": 1, "children": [{"mode": "normal", "text": "No saber por dnde empezar?", "type": "text", "style": "", "detail": 0, "format": 0, "version": 1}], "direction": "ltr", "textStyle": "", "textFormat": 0}, {"type": "paragraph", "format": "", "indent": 0, "version": 1, "children": [{"mode": "normal", "text": "Reserva una cita y empezamos.", "type": "text", "style": "", "detail": 0, "format": 0, "version": 1}], "direction": "ltr", "textStyle": "", "textFormat": 0}], "direction": null}}	\N	\N	\N	2025-10-29 20:50:22.342+01	services	t	2025-12-11 17:29:42.232+01	2025-10-29 20:50:12.47+01	published	2025-12-11 17:29:42.257+01	2025-12-11 17:29:42.257+01	f	f	\N	f	0	\N	blue
848	1	Home	Hola, soy Ane, asesora y formadora educativa. Te doy la  bienvenida a este espacio educativo y familiar.	55	{"root": {"type": "root", "format": "", "indent": 0, "version": 1, "children": [{"type": "paragraph", "format": "", "indent": 0, "version": 1, "children": [{"mode": "normal", "text": "No sabes por dnde empezar?", "type": "text", "style": "", "detail": 0, "format": 0, "version": 1}], "direction": "ltr", "textStyle": "", "textFormat": 0}, {"type": "paragraph", "format": "", "indent": 0, "version": 1, "children": [{"mode": "normal", "text": "Reserva una cita y empezamos.", "type": "text", "style": "", "detail": 0, "format": 0, "version": 1}], "direction": "ltr", "textStyle": "", "textFormat": 0}], "direction": null}}	Educar Sano | Asesora educativa para familias y docentes	91	Si quieres acompaamiento prctico, humano y con conciencia social, aqu encontrars las herramientas y el apoyo que necesitas.	2025-10-21 16:21:03.158+02	home	t	2025-12-11 08:31:08.757+01	2025-10-21 16:20:48.836+02	published	2025-12-11 08:31:08.797+01	2025-12-11 08:31:08.797+01	f	f	\N	f	100	\N	\N
769	2	Sobre-m	 Hola, soy Ane, asesora y formadora educativa. Te doy la bienvenida a este espacio educativo y familiar.	55	{"root": {"type": "root", "format": "", "indent": 0, "version": 1, "children": [{"type": "paragraph", "format": "", "indent": 0, "version": 1, "children": [{"mode": "normal", "text": "No saber por dnde empezar?", "type": "text", "style": "", "detail": 0, "format": 0, "version": 1}], "direction": "ltr", "textStyle": "", "textFormat": 0}, {"type": "paragraph", "format": "", "indent": 0, "version": 1, "children": [{"mode": "normal", "text": "Reserva una cita y empezamos.", "type": "text", "style": "", "detail": 0, "format": 0, "version": 1}], "direction": "ltr", "textStyle": "", "textFormat": 0}], "direction": null}}	\N	\N	\N	2025-10-24 12:10:55.52+02	sobre-mi	t	2025-12-04 19:20:43.755+01	2025-10-24 12:10:34.006+02	published	2025-12-04 19:20:43.781+01	2025-12-04 19:20:43.781+01	f	f	\N	f	100	\N	\N
873	2	Sobre-m	 Hola, soy Ane, asesora y formadora educativa. Te doy la bienvenida a este espacio educativo y familiar.	55	{"root": {"type": "root", "format": "", "indent": 0, "version": 1, "children": [{"type": "paragraph", "format": "", "indent": 0, "version": 1, "children": [{"mode": "normal", "text": "No saber por dnde empezar?", "type": "text", "style": "", "detail": 0, "format": 0, "version": 1}], "direction": "ltr", "textStyle": "", "textFormat": 0}, {"type": "paragraph", "format": "", "indent": 0, "version": 1, "children": [{"mode": "normal", "text": "Reserva una cita y empezamos.", "type": "text", "style": "", "detail": 0, "format": 0, "version": 1}], "direction": "ltr", "textStyle": "", "textFormat": 0}], "direction": null}}	\N	\N	\N	2025-10-24 12:10:55.52+02	sobre-mi	t	2025-12-11 17:30:32.548+01	2025-10-24 12:10:34.006+02	published	2025-12-11 17:30:32.578+01	2025-12-11 17:30:32.578+01	t	f	\N	f	0	\N	dark
764	2	Sobre-m	 Hola, soy Ane, asesora y formadora educativa. Te doy la bienvenida a este espacio educativo y familiar.	55	{"root": {"type": "root", "format": "", "indent": 0, "version": 1, "children": [{"type": "paragraph", "format": "", "indent": 0, "version": 1, "children": [{"mode": "normal", "text": "No saber por dnde empezar?", "type": "text", "style": "", "detail": 0, "format": 0, "version": 1}], "direction": "ltr", "textStyle": "", "textFormat": 0}, {"type": "paragraph", "format": "", "indent": 0, "version": 1, "children": [{"mode": "normal", "text": "Reserva una cita y empezamos.", "type": "text", "style": "", "detail": 0, "format": 0, "version": 1}], "direction": "ltr", "textStyle": "", "textFormat": 0}], "direction": null}}	\N	\N	\N	2025-10-24 12:10:55.52+02	sobre-mi	t	2025-12-04 19:10:06.525+01	2025-10-24 12:10:34.006+02	published	2025-12-04 19:10:06.559+01	2025-12-04 19:10:06.559+01	f	f	\N	f	100	\N	\N
768	2	Sobre-m	 Hola, soy Ane, asesora y formadora educativa. Te doy la bienvenida a este espacio educativo y familiar.	55	{"root": {"type": "root", "format": "", "indent": 0, "version": 1, "children": [{"type": "paragraph", "format": "", "indent": 0, "version": 1, "children": [{"mode": "normal", "text": "No saber por dnde empezar?", "type": "text", "style": "", "detail": 0, "format": 0, "version": 1}], "direction": "ltr", "textStyle": "", "textFormat": 0}, {"type": "paragraph", "format": "", "indent": 0, "version": 1, "children": [{"mode": "normal", "text": "Reserva una cita y empezamos.", "type": "text", "style": "", "detail": 0, "format": 0, "version": 1}], "direction": "ltr", "textStyle": "", "textFormat": 0}], "direction": null}}	\N	\N	\N	2025-10-24 12:10:55.52+02	sobre-mi	t	2025-12-04 19:20:14.424+01	2025-10-24 12:10:34.006+02	published	2025-12-04 19:20:14.447+01	2025-12-04 19:20:14.447+01	f	f	\N	f	100	\N	\N
829	4	Servicios	 Hola, soy Ane, asesora y formadora educativa. Te doy la bienvenida a este espacio educativo y familiar. 	55	{"root": {"type": "root", "format": "", "indent": 0, "version": 1, "children": [{"type": "paragraph", "format": "", "indent": 0, "version": 1, "children": [{"mode": "normal", "text": "No saber por dnde empezar?", "type": "text", "style": "", "detail": 0, "format": 0, "version": 1}], "direction": "ltr", "textStyle": "", "textFormat": 0}, {"type": "paragraph", "format": "", "indent": 0, "version": 1, "children": [{"mode": "normal", "text": "Reserva una cita y empezamos.", "type": "text", "style": "", "detail": 0, "format": 0, "version": 1}], "direction": "ltr", "textStyle": "", "textFormat": 0}], "direction": null}}	\N	\N	\N	2025-10-29 20:50:22.342+01	services	t	2025-12-05 19:40:17.602+01	2025-10-29 20:50:12.47+01	published	2025-12-05 19:40:17.636+01	2025-12-05 19:40:17.636+01	f	f	\N	f	100	\N	\N
874	4	Servicios	 Hola, soy Ane, asesora y formadora educativa. Te doy la bienvenida a este espacio educativo y familiar. 	55	{"root": {"type": "root", "format": "", "indent": 0, "version": 1, "children": [{"type": "paragraph", "format": "", "indent": 0, "version": 1, "children": [{"mode": "normal", "text": "No saber por dnde empezar?", "type": "text", "style": "", "detail": 0, "format": 0, "version": 1}], "direction": "ltr", "textStyle": "", "textFormat": 0}, {"type": "paragraph", "format": "", "indent": 0, "version": 1, "children": [{"mode": "normal", "text": "Reserva una cita y empezamos.", "type": "text", "style": "", "detail": 0, "format": 0, "version": 1}], "direction": "ltr", "textStyle": "", "textFormat": 0}], "direction": null}}	\N	\N	\N	2025-10-29 20:50:22.342+01	services	t	2025-12-11 17:30:56.207+01	2025-10-29 20:50:12.47+01	published	2025-12-11 17:30:56.229+01	2025-12-11 17:30:56.229+01	t	f	\N	f	0	\N	dark
828	4	Servicios	 Hola, soy Ane, asesora y formadora educativa. Te doy la bienvenida a este espacio educativo y familiar. 	55	{"root": {"type": "root", "format": "", "indent": 0, "version": 1, "children": [{"type": "paragraph", "format": "", "indent": 0, "version": 1, "children": [{"mode": "normal", "text": "No saber por dnde empezar?", "type": "text", "style": "", "detail": 0, "format": 0, "version": 1}], "direction": "ltr", "textStyle": "", "textFormat": 0}, {"type": "paragraph", "format": "", "indent": 0, "version": 1, "children": [{"mode": "normal", "text": "Reserva una cita y empezamos.", "type": "text", "style": "", "detail": 0, "format": 0, "version": 1}], "direction": "ltr", "textStyle": "", "textFormat": 0}], "direction": null}}	\N	\N	\N	2025-10-29 20:50:22.342+01	services	t	2025-12-05 19:39:43.402+01	2025-10-29 20:50:12.47+01	published	2025-12-05 19:39:43.425+01	2025-12-05 19:39:43.425+01	f	f	\N	f	100	\N	\N
658	3	Blog	blog	\N	{"root": {"type": "root", "format": "", "indent": 0, "version": 1, "children": [{"type": "paragraph", "format": "", "indent": 0, "version": 1, "children": [{"mode": "normal", "text": "blog", "type": "text", "style": "", "detail": 0, "format": 0, "version": 1}], "direction": null, "textStyle": "", "textFormat": 0}], "direction": null}}	\N	\N	\N	2025-10-24 13:29:40.167+02	blog	f	2025-11-29 21:38:39.982+01	2025-10-24 13:29:29.342+02	draft	2025-11-29 21:31:55.915+01	2025-11-29 21:38:39.982+01	f	t	\N	f	100	\N	\N
771	2	Sobre-m	 Hola, soy Ane, asesora y formadora educativa. Te doy la bienvenida a este espacio educativo y familiar.	55	{"root": {"type": "root", "format": "", "indent": 0, "version": 1, "children": [{"type": "paragraph", "format": "", "indent": 0, "version": 1, "children": [{"mode": "normal", "text": "No saber por dnde empezar?", "type": "text", "style": "", "detail": 0, "format": 0, "version": 1}], "direction": "ltr", "textStyle": "", "textFormat": 0}, {"type": "paragraph", "format": "", "indent": 0, "version": 1, "children": [{"mode": "normal", "text": "Reserva una cita y empezamos.", "type": "text", "style": "", "detail": 0, "format": 0, "version": 1}], "direction": "ltr", "textStyle": "", "textFormat": 0}], "direction": null}}	\N	\N	\N	2025-10-24 12:10:55.52+02	sobre-mi	t	2025-12-04 19:24:51.594+01	2025-10-24 12:10:34.006+02	published	2025-12-04 19:24:51.623+01	2025-12-04 19:24:51.623+01	f	f	\N	f	100	\N	\N
826	4	Servicios	 Hola, soy Ane, asesora y formadora educativa. Te doy la bienvenida a este espacio educativo y familiar. 	55	{"root": {"type": "root", "format": "", "indent": 0, "version": 1, "children": [{"type": "paragraph", "format": "", "indent": 0, "version": 1, "children": [{"mode": "normal", "text": "No saber por dnde empezar?", "type": "text", "style": "", "detail": 0, "format": 0, "version": 1}], "direction": "ltr", "textStyle": "", "textFormat": 0}, {"type": "paragraph", "format": "", "indent": 0, "version": 1, "children": [{"mode": "normal", "text": "Reserva una cita y empezamos.", "type": "text", "style": "", "detail": 0, "format": 0, "version": 1}], "direction": "ltr", "textStyle": "", "textFormat": 0}], "direction": null}}	\N	\N	\N	2025-10-29 20:50:22.342+01	services	t	2025-12-05 19:37:44.606+01	2025-10-29 20:50:12.47+01	published	2025-12-05 19:37:44.636+01	2025-12-05 19:37:44.636+01	f	f	\N	f	100	\N	\N
831	4	Servicios	 Hola, soy Ane, asesora y formadora educativa. Te doy la bienvenida a este espacio educativo y familiar. 	55	{"root": {"type": "root", "format": "", "indent": 0, "version": 1, "children": [{"type": "paragraph", "format": "", "indent": 0, "version": 1, "children": [{"mode": "normal", "text": "No saber por dnde empezar?", "type": "text", "style": "", "detail": 0, "format": 0, "version": 1}], "direction": "ltr", "textStyle": "", "textFormat": 0}, {"type": "paragraph", "format": "", "indent": 0, "version": 1, "children": [{"mode": "normal", "text": "Reserva una cita y empezamos.", "type": "text", "style": "", "detail": 0, "format": 0, "version": 1}], "direction": "ltr", "textStyle": "", "textFormat": 0}], "direction": null}}	\N	\N	\N	2025-10-29 20:50:22.342+01	services	t	2025-12-05 19:41:01.073+01	2025-10-29 20:50:12.47+01	published	2025-12-05 19:41:01.108+01	2025-12-05 19:41:01.108+01	f	f	\N	f	100	\N	\N
659	3	Blog	blog	72	{"root": {"type": "root", "format": "", "indent": 0, "version": 1, "children": [{"type": "paragraph", "format": "", "indent": 0, "version": 1, "children": [{"mode": "normal", "text": "blog", "type": "text", "style": "", "detail": 0, "format": 0, "version": 1}], "direction": null, "textStyle": "", "textFormat": 0}], "direction": null}}	\N	\N	\N	2025-10-24 13:29:40.167+02	blog	f	2025-11-29 21:38:43.04+01	2025-10-24 13:29:29.342+02	published	2025-11-29 21:38:43.056+01	2025-11-29 21:38:43.056+01	f	f	\N	f	100	\N	\N
66	3	Blog	blog	\N	{"root": {"type": "root", "format": "", "indent": 0, "version": 1, "children": [{"type": "paragraph", "format": "", "indent": 0, "version": 1, "children": [{"mode": "normal", "text": "blog", "type": "text", "style": "", "detail": 0, "format": 0, "version": 1}], "direction": null, "textStyle": "", "textFormat": 0}], "direction": null}}	\N	\N	\N	2025-10-24 13:29:40.167+02	\N	t	2025-10-24 13:30:25.773+02	2025-10-24 13:29:29.342+02	published	2025-10-24 13:30:25.783+02	2025-10-24 13:30:25.783+02	f	f	\N	f	100	\N	\N
827	4	Servicios	 Hola, soy Ane, asesora y formadora educativa. Te doy la bienvenida a este espacio educativo y familiar. 	55	{"root": {"type": "root", "format": "", "indent": 0, "version": 1, "children": [{"type": "paragraph", "format": "", "indent": 0, "version": 1, "children": [{"mode": "normal", "text": "No saber por dnde empezar?", "type": "text", "style": "", "detail": 0, "format": 0, "version": 1}], "direction": "ltr", "textStyle": "", "textFormat": 0}, {"type": "paragraph", "format": "", "indent": 0, "version": 1, "children": [{"mode": "normal", "text": "Reserva una cita y empezamos.", "type": "text", "style": "", "detail": 0, "format": 0, "version": 1}], "direction": "ltr", "textStyle": "", "textFormat": 0}], "direction": null}}	\N	\N	\N	2025-10-29 20:50:22.342+01	services	t	2025-12-05 19:39:35.014+01	2025-10-29 20:50:12.47+01	draft	2025-12-05 19:39:35.014+01	2025-12-05 19:39:35.014+01	f	t	\N	f	100	\N	\N
660	3	Blog	blog	71	{"root": {"type": "root", "format": "", "indent": 0, "version": 1, "children": [{"type": "paragraph", "format": "", "indent": 0, "version": 1, "children": [{"mode": "normal", "text": "blog", "type": "text", "style": "", "detail": 0, "format": 0, "version": 1}], "direction": null, "textStyle": "", "textFormat": 0}], "direction": null}}	\N	\N	\N	2025-10-24 13:29:40.167+02	blog	f	2025-11-29 21:40:52.092+01	2025-10-24 13:29:29.342+02	draft	2025-11-29 21:39:21.832+01	2025-11-29 21:40:52.092+01	t	t	\N	f	100	\N	\N
863	9	Contacto	Hola, soy Ane, asesora y formadora educativa. Te doy la  bienvenida a este espacio educativo y familiar.	123	{"root": {"type": "root", "format": "", "indent": 0, "version": 1, "children": [{"type": "paragraph", "format": "", "indent": 0, "version": 1, "children": [{"mode": "normal", "text": "No sabes por dnde empezar?", "type": "text", "style": "", "detail": 0, "format": 0, "version": 1}], "direction": "ltr", "textStyle": "", "textFormat": 0}, {"type": "paragraph", "format": "", "indent": 0, "version": 1, "children": [{"mode": "normal", "text": "Reserva una cita y empezamos.", "type": "text", "style": "", "detail": 0, "format": 0, "version": 1}], "direction": "ltr", "textStyle": "", "textFormat": 0}], "direction": null}}	\N	\N	\N	2025-12-11 08:28:00.909+01	contacto	t	2025-12-11 17:25:06.671+01	2025-12-11 08:27:47.689+01	published	2025-12-11 17:25:06.693+01	2025-12-11 17:25:06.693+01	f	f	t	f	100	separatorYellow	\N
840	1	Home	Hola, soy Ane, asesora y formadora educativa. Te doy la  bienvenida a este espacio educativo y familiar.	55	{"root": {"type": "root", "format": "", "indent": 0, "version": 1, "children": [{"type": "paragraph", "format": "", "indent": 0, "version": 1, "children": [{"mode": "normal", "text": "No sabes por dnde empezar?", "type": "text", "style": "", "detail": 0, "format": 0, "version": 1}], "direction": "ltr", "textStyle": "", "textFormat": 0}, {"type": "paragraph", "format": "", "indent": 0, "version": 1, "children": [{"mode": "normal", "text": "Reserva una cita y empezamos.", "type": "text", "style": "", "detail": 0, "format": 0, "version": 1}], "direction": "ltr", "textStyle": "", "textFormat": 0}], "direction": null}}	Educar Sano | Asesora educativa para familias y docentes	91	Si quieres acompaamiento prctico, humano y con conciencia social, aqu encontrars las herramientas y el apoyo que necesitas.	2025-10-21 16:21:03.158+02	home	t	2025-12-05 20:20:03.834+01	2025-10-21 16:20:48.836+02	published	2025-12-05 20:20:03.873+01	2025-12-05 20:20:03.873+01	f	f	\N	f	100	\N	\N
839	1	Home	Hola, soy Ane, asesora y formadora educativa. Te doy la  bienvenida a este espacio educativo y familiar.	55	{"root": {"type": "root", "format": "", "indent": 0, "version": 1, "children": [{"type": "paragraph", "format": "", "indent": 0, "version": 1, "children": [{"mode": "normal", "text": "No sabes por dnde empezar?", "type": "text", "style": "", "detail": 0, "format": 0, "version": 1}], "direction": "ltr", "textStyle": "", "textFormat": 0}, {"type": "paragraph", "format": "", "indent": 0, "version": 1, "children": [{"mode": "normal", "text": "Reserva una cita y empezamos.", "type": "text", "style": "", "detail": 0, "format": 0, "version": 1}], "direction": "ltr", "textStyle": "", "textFormat": 0}], "direction": null}}	Educar Sano | Asesora educativa para familias y docentes	91	Si quieres acompaamiento prctico, humano y con conciencia social, aqu encontrars las herramientas y el apoyo que necesitas.	2025-10-21 16:21:03.158+02	home	t	2025-12-05 20:19:06.812+01	2025-10-21 16:20:48.836+02	published	2025-12-05 20:19:06.845+01	2025-12-05 20:19:06.845+01	f	f	\N	f	100	\N	\N
858	9	Contacto	Hola, soy Ane, asesora y formadora educativa. Te doy la  bienvenida a este espacio educativo y familiar.	\N	{"root": {"type": "root", "format": "", "indent": 0, "version": 1, "children": [{"type": "paragraph", "format": "", "indent": 0, "version": 1, "children": [{"mode": "normal", "text": "No sabes por dnde empezar?", "type": "text", "style": "", "detail": 0, "format": 0, "version": 1}], "direction": "ltr", "textStyle": "", "textFormat": 0}, {"type": "paragraph", "format": "", "indent": 0, "version": 1, "children": [{"mode": "normal", "text": "Reserva una cita y empezamos.", "type": "text", "style": "", "detail": 0, "format": 0, "version": 1}], "direction": "ltr", "textStyle": "", "textFormat": 0}], "direction": null}}	\N	\N	\N	2025-12-11 08:28:00.909+01	contacto	t	2025-12-11 11:37:45.05+01	2025-12-11 08:27:47.689+01	draft	2025-12-11 11:37:45.05+01	2025-12-11 11:37:45.05+01	f	t	t	f	100	\N	\N
865	9	Contacto	Hola, soy Ane, asesora y formadora educativa. Te doy la  bienvenida a este espacio educativo y familiar.	123	{"root": {"type": "root", "format": "", "indent": 0, "version": 1, "children": [{"type": "paragraph", "format": "", "indent": 0, "version": 1, "children": [{"mode": "normal", "text": "No sabes por dnde empezar?", "type": "text", "style": "", "detail": 0, "format": 0, "version": 1}], "direction": "ltr", "textStyle": "", "textFormat": 0}, {"type": "paragraph", "format": "", "indent": 0, "version": 1, "children": [{"mode": "normal", "text": "Reserva una cita y empezamos.", "type": "text", "style": "", "detail": 0, "format": 0, "version": 1}], "direction": "ltr", "textStyle": "", "textFormat": 0}], "direction": null}}	\N	\N	\N	2025-12-11 08:28:00.909+01	contacto	t	2025-12-11 17:25:49.585+01	2025-12-11 08:27:47.689+01	published	2025-12-11 17:25:49.604+01	2025-12-11 17:25:49.604+01	f	f	t	f	0	separatorYellow	blue
864	9	Contacto	Hola, soy Ane, asesora y formadora educativa. Te doy la  bienvenida a este espacio educativo y familiar.	123	{"root": {"type": "root", "format": "", "indent": 0, "version": 1, "children": [{"type": "paragraph", "format": "", "indent": 0, "version": 1, "children": [{"mode": "normal", "text": "No sabes por dnde empezar?", "type": "text", "style": "", "detail": 0, "format": 0, "version": 1}], "direction": "ltr", "textStyle": "", "textFormat": 0}, {"type": "paragraph", "format": "", "indent": 0, "version": 1, "children": [{"mode": "normal", "text": "Reserva una cita y empezamos.", "type": "text", "style": "", "detail": 0, "format": 0, "version": 1}], "direction": "ltr", "textStyle": "", "textFormat": 0}], "direction": null}}	\N	\N	\N	2025-12-11 08:28:00.909+01	contacto	t	2025-12-11 17:25:21.999+01	2025-12-11 08:27:47.689+01	published	2025-12-11 17:25:22.018+01	2025-12-11 17:25:22.018+01	f	f	t	f	0	separatorYellow	\N
860	9	Contacto	Hola, soy Ane, asesora y formadora educativa. Te doy la  bienvenida a este espacio educativo y familiar.	123	{"root": {"type": "root", "format": "", "indent": 0, "version": 1, "children": [{"type": "paragraph", "format": "", "indent": 0, "version": 1, "children": [{"mode": "normal", "text": "No sabes por dnde empezar?", "type": "text", "style": "", "detail": 0, "format": 0, "version": 1}], "direction": "ltr", "textStyle": "", "textFormat": 0}, {"type": "paragraph", "format": "", "indent": 0, "version": 1, "children": [{"mode": "normal", "text": "Reserva una cita y empezamos.", "type": "text", "style": "", "detail": 0, "format": 0, "version": 1}], "direction": "ltr", "textStyle": "", "textFormat": 0}], "direction": null}}	\N	\N	\N	2025-12-11 08:28:00.909+01	contacto	t	2025-12-11 17:00:20.572+01	2025-12-11 08:27:47.689+01	draft	2025-12-11 16:59:39.569+01	2025-12-11 17:00:20.572+01	f	t	t	f	100	\N	\N
841	1	Home	Hola, soy Ane, asesora y formadora educativa. Te doy la  bienvenida a este espacio educativo y familiar.	55	{"root": {"type": "root", "format": "", "indent": 0, "version": 1, "children": [{"type": "paragraph", "format": "", "indent": 0, "version": 1, "children": [{"mode": "normal", "text": "No sabes por dnde empezar?", "type": "text", "style": "", "detail": 0, "format": 0, "version": 1}], "direction": "ltr", "textStyle": "", "textFormat": 0}, {"type": "paragraph", "format": "", "indent": 0, "version": 1, "children": [{"mode": "normal", "text": "Reserva una cita y empezamos.", "type": "text", "style": "", "detail": 0, "format": 0, "version": 1}], "direction": "ltr", "textStyle": "", "textFormat": 0}], "direction": null}}	Educar Sano | Asesora educativa para familias y docentes	91	Si quieres acompaamiento prctico, humano y con conciencia social, aqu encontrars las herramientas y el apoyo que necesitas.	2025-10-21 16:21:03.158+02	home	t	2025-12-05 20:20:31.653+01	2025-10-21 16:20:48.836+02	published	2025-12-05 20:20:31.692+01	2025-12-05 20:20:31.692+01	f	f	\N	f	100	\N	\N
866	9	Contacto	Hola, soy Ane, asesora y formadora educativa. Te doy la  bienvenida a este espacio educativo y familiar.	123	{"root": {"type": "root", "format": "", "indent": 0, "version": 1, "children": [{"type": "paragraph", "format": "", "indent": 0, "version": 1, "children": [{"mode": "normal", "text": "No sabes por dnde empezar?", "type": "text", "style": "", "detail": 0, "format": 0, "version": 1}], "direction": "ltr", "textStyle": "", "textFormat": 0}, {"type": "paragraph", "format": "", "indent": 0, "version": 1, "children": [{"mode": "normal", "text": "Reserva una cita y empezamos.", "type": "text", "style": "", "detail": 0, "format": 0, "version": 1}], "direction": "ltr", "textStyle": "", "textFormat": 0}], "direction": null}}	\N	\N	\N	2025-12-11 08:28:00.909+01	contacto	t	2025-12-11 17:26:04.171+01	2025-12-11 08:27:47.689+01	published	2025-12-11 17:26:04.19+01	2025-12-11 17:26:04.19+01	f	f	t	f	0	separatorYellow	dark
835	1	Home	Hola, soy Ane, asesora y formadora educativa. Te doy la  bienvenida a este espacio educativo y familiar.	55	{"root": {"type": "root", "format": "", "indent": 0, "version": 1, "children": [{"type": "paragraph", "format": "", "indent": 0, "version": 1, "children": [{"mode": "normal", "text": "No sabes por dnde empezar?", "type": "text", "style": "", "detail": 0, "format": 0, "version": 1}], "direction": "ltr", "textStyle": "", "textFormat": 0}, {"type": "paragraph", "format": "", "indent": 0, "version": 1, "children": [{"mode": "normal", "text": "Reserva una cita y empezamos.", "type": "text", "style": "", "detail": 0, "format": 0, "version": 1}], "direction": "ltr", "textStyle": "", "textFormat": 0}], "direction": null}}	Educar Sano | Asesora educativa para familias y docentes	91	Si quieres acompaamiento prctico, humano y con conciencia social, aqu encontrars las herramientas y el apoyo que necesitas.	2025-10-21 16:21:03.158+02	home	t	2025-12-05 20:00:43.721+01	2025-10-21 16:20:48.836+02	published	2025-12-05 20:00:43.752+01	2025-12-05 20:00:43.752+01	f	f	\N	f	100	\N	\N
838	1	Home	Hola, soy Ane, asesora y formadora educativa. Te doy la  bienvenida a este espacio educativo y familiar.	55	{"root": {"type": "root", "format": "", "indent": 0, "version": 1, "children": [{"type": "paragraph", "format": "", "indent": 0, "version": 1, "children": [{"mode": "normal", "text": "No sabes por dnde empezar?", "type": "text", "style": "", "detail": 0, "format": 0, "version": 1}], "direction": "ltr", "textStyle": "", "textFormat": 0}, {"type": "paragraph", "format": "", "indent": 0, "version": 1, "children": [{"mode": "normal", "text": "Reserva una cita y empezamos.", "type": "text", "style": "", "detail": 0, "format": 0, "version": 1}], "direction": "ltr", "textStyle": "", "textFormat": 0}], "direction": null}}	Educar Sano | Asesora educativa para familias y docentes	91	Si quieres acompaamiento prctico, humano y con conciencia social, aqu encontrars las herramientas y el apoyo que necesitas.	2025-10-21 16:21:03.158+02	home	t	2025-12-05 20:14:51.321+01	2025-10-21 16:20:48.836+02	published	2025-12-05 20:14:51.364+01	2025-12-05 20:14:51.364+01	f	f	\N	f	100	\N	\N
867	9	Contacto	Hola, soy Ane, asesora y formadora educativa. Te doy la  bienvenida a este espacio educativo y familiar.	123	{"root": {"type": "root", "format": "", "indent": 0, "version": 1, "children": [{"type": "paragraph", "format": "", "indent": 0, "version": 1, "children": [{"mode": "normal", "text": "No sabes por dnde empezar?", "type": "text", "style": "", "detail": 0, "format": 0, "version": 1}], "direction": "ltr", "textStyle": "", "textFormat": 0}, {"type": "paragraph", "format": "", "indent": 0, "version": 1, "children": [{"mode": "normal", "text": "Reserva una cita y empezamos.", "type": "text", "style": "", "detail": 0, "format": 0, "version": 1}], "direction": "ltr", "textStyle": "", "textFormat": 0}], "direction": null}}	\N	\N	\N	2025-12-11 08:28:00.909+01	contacto	t	2025-12-11 17:27:13.23+01	2025-12-11 08:27:47.689+01	published	2025-12-11 17:27:13.249+01	2025-12-11 17:27:13.249+01	t	f	t	f	0	separatorYellow	dark
862	9	Contacto	Hola, soy Ane, asesora y formadora educativa. Te doy la  bienvenida a este espacio educativo y familiar.	123	{"root": {"type": "root", "format": "", "indent": 0, "version": 1, "children": [{"type": "paragraph", "format": "", "indent": 0, "version": 1, "children": [{"mode": "normal", "text": "No sabes por dnde empezar?", "type": "text", "style": "", "detail": 0, "format": 0, "version": 1}], "direction": "ltr", "textStyle": "", "textFormat": 0}, {"type": "paragraph", "format": "", "indent": 0, "version": 1, "children": [{"mode": "normal", "text": "Reserva una cita y empezamos.", "type": "text", "style": "", "detail": 0, "format": 0, "version": 1}], "direction": "ltr", "textStyle": "", "textFormat": 0}], "direction": null}}	\N	\N	\N	2025-12-11 08:28:00.909+01	contacto	t	2025-12-11 17:19:54.583+01	2025-12-11 08:27:47.689+01	published	2025-12-11 17:19:54.599+01	2025-12-11 17:19:54.599+01	f	f	t	f	100	\N	\N
837	1	Home	Hola, soy Ane, asesora y formadora educativa. Te doy la  bienvenida a este espacio educativo y familiar.	55	{"root": {"type": "root", "format": "", "indent": 0, "version": 1, "children": [{"type": "paragraph", "format": "", "indent": 0, "version": 1, "children": [{"mode": "normal", "text": "No sabes por dnde empezar?", "type": "text", "style": "", "detail": 0, "format": 0, "version": 1}], "direction": "ltr", "textStyle": "", "textFormat": 0}, {"type": "paragraph", "format": "", "indent": 0, "version": 1, "children": [{"mode": "normal", "text": "Reserva una cita y empezamos.", "type": "text", "style": "", "detail": 0, "format": 0, "version": 1}], "direction": "ltr", "textStyle": "", "textFormat": 0}], "direction": null}}	Educar Sano | Asesora educativa para familias y docentes	91	Si quieres acompaamiento prctico, humano y con conciencia social, aqu encontrars las herramientas y el apoyo que necesitas.	2025-10-21 16:21:03.158+02	home	t	2025-12-05 20:02:18.101+01	2025-10-21 16:20:48.836+02	published	2025-12-05 20:02:18.136+01	2025-12-05 20:02:18.136+01	f	f	\N	f	100	\N	\N
868	1	Home	Hola, soy Ane, asesora y formadora educativa. Te doy la  bienvenida a este espacio educativo y familiar.	55	{"root": {"type": "root", "format": "", "indent": 0, "version": 1, "children": [{"type": "paragraph", "format": "", "indent": 0, "version": 1, "children": [{"mode": "normal", "text": "No sabes por dnde empezar?", "type": "text", "style": "", "detail": 0, "format": 0, "version": 1}], "direction": "ltr", "textStyle": "", "textFormat": 0}, {"type": "paragraph", "format": "", "indent": 0, "version": 1, "children": [{"mode": "normal", "text": "Reserva una cita y empezamos.", "type": "text", "style": "", "detail": 0, "format": 0, "version": 1}], "direction": "ltr", "textStyle": "", "textFormat": 0}], "direction": null}}	Educar Sano | Asesora educativa para familias y docentes	91	Si quieres acompaamiento prctico, humano y con conciencia social, aqu encontrars las herramientas y el apoyo que necesitas.	2025-10-21 16:21:03.158+02	home	t	2025-12-11 17:28:15.491+01	2025-10-21 16:20:48.836+02	published	2025-12-11 17:28:15.529+01	2025-12-11 17:28:15.529+01	t	f	\N	f	0	\N	\N
847	1	Home	Hola, soy Ane, asesora y formadora educativa. Te doy la  bienvenida a este espacio educativo y familiar.	55	{"root": {"type": "root", "format": "", "indent": 0, "version": 1, "children": [{"type": "paragraph", "format": "", "indent": 0, "version": 1, "children": [{"mode": "normal", "text": "No sabes por dnde empezar?", "type": "text", "style": "", "detail": 0, "format": 0, "version": 1}], "direction": "ltr", "textStyle": "", "textFormat": 0}, {"type": "paragraph", "format": "", "indent": 0, "version": 1, "children": [{"mode": "normal", "text": "Reserva una cita y empezamos.", "type": "text", "style": "", "detail": 0, "format": 0, "version": 1}], "direction": "ltr", "textStyle": "", "textFormat": 0}], "direction": null}}	Educar Sano | Asesora educativa para familias y docentes	91	Si quieres acompaamiento prctico, humano y con conciencia social, aqu encontrars las herramientas y el apoyo que necesitas.	2025-10-21 16:21:03.158+02	home	t	2025-12-11 08:31:05.562+01	2025-10-21 16:20:48.836+02	draft	2025-12-11 08:31:05.562+01	2025-12-11 08:31:05.562+01	f	t	\N	f	100	\N	\N
836	1	Home	Hola, soy Ane, asesora y formadora educativa. Te doy la  bienvenida a este espacio educativo y familiar.	55	{"root": {"type": "root", "format": "", "indent": 0, "version": 1, "children": [{"type": "paragraph", "format": "", "indent": 0, "version": 1, "children": [{"mode": "normal", "text": "No sabes por dnde empezar?", "type": "text", "style": "", "detail": 0, "format": 0, "version": 1}], "direction": "ltr", "textStyle": "", "textFormat": 0}, {"type": "paragraph", "format": "", "indent": 0, "version": 1, "children": [{"mode": "normal", "text": "Reserva una cita y empezamos.", "type": "text", "style": "", "detail": 0, "format": 0, "version": 1}], "direction": "ltr", "textStyle": "", "textFormat": 0}], "direction": null}}	Educar Sano | Asesora educativa para familias y docentes	91	Si quieres acompaamiento prctico, humano y con conciencia social, aqu encontrars las herramientas y el apoyo que necesitas.	2025-10-21 16:21:03.158+02	home	t	2025-12-05 20:01:50.652+01	2025-10-21 16:20:48.836+02	published	2025-12-05 20:01:50.696+01	2025-12-05 20:01:50.696+01	f	f	\N	f	100	\N	\N
869	2	Sobre-m	 Hola, soy Ane, asesora y formadora educativa. Te doy la bienvenida a este espacio educativo y familiar.	55	{"root": {"type": "root", "format": "", "indent": 0, "version": 1, "children": [{"type": "paragraph", "format": "", "indent": 0, "version": 1, "children": [{"mode": "normal", "text": "No saber por dnde empezar?", "type": "text", "style": "", "detail": 0, "format": 0, "version": 1}], "direction": "ltr", "textStyle": "", "textFormat": 0}, {"type": "paragraph", "format": "", "indent": 0, "version": 1, "children": [{"mode": "normal", "text": "Reserva una cita y empezamos.", "type": "text", "style": "", "detail": 0, "format": 0, "version": 1}], "direction": "ltr", "textStyle": "", "textFormat": 0}], "direction": null}}	\N	\N	\N	2025-10-24 12:10:55.52+02	sobre-mi	t	2025-12-11 17:28:46.706+01	2025-10-24 12:10:34.006+02	published	2025-12-11 17:28:46.727+01	2025-12-11 17:28:46.727+01	f	f	\N	f	0	\N	\N
770	2	Sobre-m	 Hola, soy Ane, asesora y formadora educativa. Te doy la bienvenida a este espacio educativo y familiar.	55	{"root": {"type": "root", "format": "", "indent": 0, "version": 1, "children": [{"type": "paragraph", "format": "", "indent": 0, "version": 1, "children": [{"mode": "normal", "text": "No saber por dnde empezar?", "type": "text", "style": "", "detail": 0, "format": 0, "version": 1}], "direction": "ltr", "textStyle": "", "textFormat": 0}, {"type": "paragraph", "format": "", "indent": 0, "version": 1, "children": [{"mode": "normal", "text": "Reserva una cita y empezamos.", "type": "text", "style": "", "detail": 0, "format": 0, "version": 1}], "direction": "ltr", "textStyle": "", "textFormat": 0}], "direction": null}}	\N	\N	\N	2025-10-24 12:10:55.52+02	sobre-mi	t	2025-12-04 19:23:26.708+01	2025-10-24 12:10:34.006+02	published	2025-12-04 19:23:26.736+01	2025-12-04 19:23:26.736+01	f	f	\N	f	100	\N	\N
\.


--
-- TOC entry 5128 (class 0 OID 446518)
-- Dependencies: 272
-- Data for Name: _pages_v_blocks_box_content; Type: TABLE DATA; Schema: public; Owner: postgres
--

COPY public._pages_v_blocks_box_content (_order, _parent_id, _path, id, _uuid, block_name) FROM stdin;
1	835	version.layout	540	68f7abd08feb57d8b268329d	Cajas
1	836	version.layout	541	68f7abd08feb57d8b268329d	Cajas
1	837	version.layout	542	68f7abd08feb57d8b268329d	Cajas
1	838	version.layout	543	68f7abd08feb57d8b268329d	Cajas
1	839	version.layout	544	68f7abd08feb57d8b268329d	Cajas
1	840	version.layout	545	68f7abd08feb57d8b268329d	Cajas
1	841	version.layout	546	68f7abd08feb57d8b268329d	Cajas
1	847	version.layout	547	68f7abd08feb57d8b268329d	Cajas
1	848	version.layout	548	68f7abd08feb57d8b268329d	Cajas
1	868	version.layout	549	68f7abd08feb57d8b268329d	Cajas
\.


--
-- TOC entry 5126 (class 0 OID 446509)
-- Dependencies: 270
-- Data for Name: _pages_v_blocks_box_content_boxes; Type: TABLE DATA; Schema: public; Owner: postgres
--

COPY public._pages_v_blocks_box_content_boxes (_order, _parent_id, id, title, rich_text, media_id, _uuid, enable_title) FROM stdin;
1	540	1597		mensaje desde una caja del frontend para saber cosas	56	68f7abd78feb57d8b268329f	f
2	540	1598		Mensaje desde una caja del frontend para saber cosas	57	68f7ac218feb57d8b26832a1	f
3	540	1599		mensaje desde una caja del frontend para saber cosas	58	68f7ac5321f76af3880c857b	f
1	542	1603		mensaje desde una caja del frontend para saber cosas	56	68f7abd78feb57d8b268329f	f
2	542	1604		Mensaje desde una caja del frontend para saber cosas	57	68f7ac218feb57d8b26832a1	f
3	542	1605		mensaje desde una caja del frontend para saber cosas	58	68f7ac5321f76af3880c857b	f
1	544	1609		mensaje desde una caja del frontend para saber cosas	56	68f7abd78feb57d8b268329f	f
2	544	1610		Mensaje desde una caja del frontend para saber cosas	57	68f7ac218feb57d8b26832a1	f
3	544	1611		mensaje desde una caja del frontend para saber cosas	58	68f7ac5321f76af3880c857b	f
1	546	1615		mensaje desde una caja del frontend para saber cosas	56	68f7abd78feb57d8b268329f	f
2	546	1616		Mensaje desde una caja del frontend para saber cosas	57	68f7ac218feb57d8b26832a1	f
3	546	1617		mensaje desde una caja del frontend para saber cosas	58	68f7ac5321f76af3880c857b	f
1	547	1618		mensaje desde una caja del frontend para saber cosas	56	68f7abd78feb57d8b268329f	f
2	547	1619		Mensaje desde una caja del frontend para saber cosas	57	68f7ac218feb57d8b26832a1	f
3	547	1620		mensaje desde una caja del frontend para saber cosas	58	68f7ac5321f76af3880c857b	f
1	548	1621		mensaje desde una caja del frontend para saber cosas	56	68f7abd78feb57d8b268329f	f
2	548	1622		Mensaje desde una caja del frontend para saber cosas	57	68f7ac218feb57d8b26832a1	f
3	548	1623		mensaje desde una caja del frontend para saber cosas	58	68f7ac5321f76af3880c857b	f
1	549	1624		mensaje desde una caja del frontend para saber cosas	56	68f7abd78feb57d8b268329f	f
2	549	1625		Mensaje desde una caja del frontend para saber cosas	57	68f7ac218feb57d8b26832a1	f
3	549	1626		mensaje desde una caja del frontend para saber cosas	58	68f7ac5321f76af3880c857b	f
1	541	1600		mensaje desde una caja del frontend para saber cosas	56	68f7abd78feb57d8b268329f	f
2	541	1601		Mensaje desde una caja del frontend para saber cosas	57	68f7ac218feb57d8b26832a1	f
3	541	1602		mensaje desde una caja del frontend para saber cosas	58	68f7ac5321f76af3880c857b	f
1	543	1606		mensaje desde una caja del frontend para saber cosas	56	68f7abd78feb57d8b268329f	f
2	543	1607		Mensaje desde una caja del frontend para saber cosas	57	68f7ac218feb57d8b26832a1	f
3	543	1608		mensaje desde una caja del frontend para saber cosas	58	68f7ac5321f76af3880c857b	f
1	545	1612		mensaje desde una caja del frontend para saber cosas	56	68f7abd78feb57d8b268329f	f
2	545	1613		Mensaje desde una caja del frontend para saber cosas	57	68f7ac218feb57d8b26832a1	f
3	545	1614		mensaje desde una caja del frontend para saber cosas	58	68f7ac5321f76af3880c857b	f
\.


--
-- TOC entry 5106 (class 0 OID 446393)
-- Dependencies: 250
-- Data for Name: _pages_v_blocks_content; Type: TABLE DATA; Schema: public; Owner: postgres
--

COPY public._pages_v_blocks_content (_order, _parent_id, _path, id, enable_title, title, enable_image, image_id, enable_background_image, enable_rich_text, rich_text, enable_link, link_type, link_new_tab, link_url, link_label, link_appearance, is_reverse, bottom, separator_type, section_name, _uuid, block_name, dark_mode) FROM stdin;
1	658	version.layout	4474	\N	\N	\N	\N	\N	t	{"root": {"type": "root", "format": "", "indent": 0, "version": 1, "children": [{"type": "paragraph", "format": "", "indent": 0, "version": 1, "children": [{"mode": "normal", "text": "blog", "type": "text", "style": "", "detail": 0, "format": 0, "version": 1}], "direction": null, "textStyle": "", "textFormat": 0}], "direction": null}}	\N	reference	\N	\N	\N	default	f	100	\N	\N	68fb63476a0fc7515f7981a0	\N	\N
1	659	version.layout	4475	\N	\N	\N	\N	\N	t	{"root": {"type": "root", "format": "", "indent": 0, "version": 1, "children": [{"type": "paragraph", "format": "", "indent": 0, "version": 1, "children": [{"mode": "normal", "text": "blog", "type": "text", "style": "", "detail": 0, "format": 0, "version": 1}], "direction": null, "textStyle": "", "textFormat": 0}], "direction": null}}	\N	reference	\N	\N	\N	default	f	100	\N	\N	68fb63476a0fc7515f7981a0	\N	\N
1	66	version.layout	347	\N	\N	\N	\N	\N	t	{"root": {"type": "root", "format": "", "indent": 0, "version": 1, "children": [{"type": "paragraph", "format": "", "indent": 0, "version": 1, "children": [{"mode": "normal", "text": "blog", "type": "text", "style": "", "detail": 0, "format": 0, "version": 1}], "direction": null, "textStyle": "", "textFormat": 0}], "direction": null}}	\N	reference	\N	\N	\N	default	f	100	\N	\N	68fb63476a0fc7515f7981a0	\N	\N
1	67	version.layout	348	\N	\N	\N	\N	\N	t	{"root": {"type": "root", "format": "", "indent": 0, "version": 1, "children": [{"type": "paragraph", "format": "", "indent": 0, "version": 1, "children": [{"mode": "normal", "text": "blog", "type": "text", "style": "", "detail": 0, "format": 0, "version": 1}], "direction": null, "textStyle": "", "textFormat": 0}], "direction": null}}	\N	reference	\N	\N	\N	default	f	100	\N	\N	68fb63476a0fc7515f7981a0	\N	\N
1	660	version.layout	4477	\N	\N	\N	\N	\N	t	{"root": {"type": "root", "format": "", "indent": 0, "version": 1, "children": [{"type": "paragraph", "format": "", "indent": 0, "version": 1, "children": [{"mode": "normal", "text": "blog", "type": "text", "style": "", "detail": 0, "format": 0, "version": 1}], "direction": null, "textStyle": "", "textFormat": 0}], "direction": null}}	\N	reference	\N	\N	\N	default	f	100	\N	\N	68fb63476a0fc7515f7981a0	\N	\N
2	835	version.layout	4920	f	\N	\N	\N	\N	t	{"root": {"type": "root", "format": "", "indent": 0, "version": 1, "children": [{"type": "paragraph", "format": "", "indent": 0, "version": 1, "children": [{"mode": "normal", "text": "Te sientes solo/a en tu camino educativo o familiar?", "type": "text", "style": "", "detail": 0, "format": 0, "version": 1}], "direction": "ltr", "textStyle": "", "textFormat": 0}, {"type": "paragraph", "format": "", "indent": 0, "version": 1, "children": [{"mode": "normal", "text": "Quieres que tus hijos o alumnos desarrollen ", "type": "text", "style": "", "detail": 0, "format": 0, "version": 1}, {"mode": "normal", "text": "herramientas para la vida", "type": "text", "style": "", "detail": 0, "format": 1, "version": 1}, {"mode": "normal", "text": "?", "type": "text", "style": "", "detail": 0, "format": 0, "version": 1}], "direction": "ltr", "textStyle": "", "textFormat": 0}, {"type": "paragraph", "format": "", "indent": 0, "version": 1, "children": [{"mode": "normal", "text": "Buscas ", "type": "text", "style": "", "detail": 0, "format": 0, "version": 1}, {"mode": "normal", "text": "estrategias y recursos", "type": "text", "style": "", "detail": 0, "format": 1, "version": 1}, {"mode": "normal", "text": " para un aula o hogar ms humano y creativo?", "type": "text", "style": "", "detail": 0, "format": 0, "version": 1}], "direction": "ltr", "textStyle": "", "textFormat": 0}, {"type": "paragraph", "format": "", "indent": 0, "version": 1, "children": [{"mode": "normal", "text": "Quieres ", "type": "text", "style": "", "detail": 0, "format": 0, "version": 1}, {"mode": "normal", "text": "volver a creer en la educacin", "type": "text", "style": "", "detail": 0, "format": 1, "version": 1}, {"mode": "normal", "text": " y motivarte cada da?", "type": "text", "style": "", "detail": 0, "format": 0, "version": 1}], "direction": "ltr", "textStyle": "", "textFormat": 0}, {"type": "paragraph", "format": "", "indent": 0, "version": 1, "children": [{"mode": "normal", "text": "Sientes que tu entorno educativo o familiar no est funcionando como te gustara y buscas un nuevo enfoque?", "type": "text", "style": "", "detail": 0, "format": 0, "version": 1}], "direction": "ltr", "textStyle": "", "textFormat": 0}, {"type": "paragraph", "format": "", "indent": 0, "version": 1, "children": [{"mode": "normal", "text": "Te gustara ensear y acompaar desde una educacin ms ", "type": "text", "style": "", "detail": 0, "format": 0, "version": 1}, {"mode": "normal", "text": "consciente, respetuosa y socialmente responsable", "type": "text", "style": "", "detail": 0, "format": 1, "version": 1}, {"mode": "normal", "text": "?", "type": "text", "style": "", "detail": 0, "format": 0, "version": 1}], "direction": "ltr", "textStyle": "", "textFormat": 0}, {"type": "block", "fields": {"id": "68f798b375fb0ceeb6989752", "style": "info", "content": {"root": {"type": "root", "format": "", "indent": 0, "version": 1, "children": [{"type": "paragraph", "format": "", "indent": 0, "version": 1, "children": [{"mode": "normal", "text": "En Educar Sano ofrezco asesora, orientacin, formacin y herramientas prcticas a familias, educadores e instituciones educativas, para transformar la educacin en un espacio ms humano, eficaz y socialmente responsable.", "type": "text", "style": "", "detail": 0, "format": 0, "version": 1}], "direction": null, "textStyle": "", "textFormat": 0}], "direction": null}}, "blockName": "Banner", "blockType": "banner"}, "format": "", "version": 2}, {"type": "quote", "format": "", "indent": 0, "version": 1, "children": [{"mode": "normal", "text": "Transforma la educacin en un espacio humano, consciente y conectado con la sociedad. ", "type": "text", "style": "", "detail": 0, "format": 0, "version": 1}, {"mode": "normal", "text": "Yo te acompao en el camino.", "type": "text", "style": "", "detail": 0, "format": 1, "version": 1}], "direction": null}], "direction": null}}	\N	reference	\N	\N	\N	default	t	-88	separatorWhite	homeQuestions	68f79891431c43bc53390a61	Preguntas	dark
3	835	version.layout	4921	t	Sobre m	t	69	t	t	{"root": {"type": "root", "format": "", "indent": 0, "version": 1, "children": [{"type": "paragraph", "format": "", "indent": 0, "version": 1, "children": [{"mode": "normal", "text": "Soy Ane, diplomada en Educacin Primaria y con ms de veinte aos de experiencia acompaando a ni@s y familias. ", "type": "text", "style": "", "detail": 0, "format": 0, "version": 1}], "direction": "ltr", "textStyle": "", "textFormat": 0}, {"type": "paragraph", "format": "", "indent": 0, "version": 1, "children": [{"mode": "normal", "text": "He vivido de cerca las dificultades del mundo educativo:", "type": "text", "style": "", "detail": 0, "format": 0, "version": 1}], "direction": "ltr", "textStyle": "", "textFormat": 0}, {"tag": "ul", "type": "list", "start": 1, "format": "", "indent": 0, "version": 1, "children": [{"type": "listitem", "value": 1, "format": "", "indent": 0, "version": 1, "children": [{"mode": "normal", "text": "Falta de recursos", "type": "text", "style": "", "detail": 0, "format": 0, "version": 1}], "direction": "ltr"}, {"type": "listitem", "value": 2, "format": "", "indent": 0, "version": 1, "children": [{"mode": "normal", "text": "Falta de gestin de la convivencia ", "type": "text", "style": "", "detail": 0, "format": 0, "version": 1}], "direction": "ltr"}, {"type": "listitem", "value": 3, "format": "", "indent": 0, "version": 1, "children": [{"mode": "normal", "text": "Escasa atencin al bienestar docente y familiar ", "type": "text", "style": "", "detail": 0, "format": 0, "version": 1}], "direction": "ltr"}], "listType": "bullet", "direction": "ltr"}, {"type": "paragraph", "format": "", "indent": 0, "version": 1, "children": [{"mode": "normal", "text": "Educar Sano nace de la necesidad de entender la compleja realidad de hoy, humanizar la educacin y convertir los entornos familiares y educativos en espacios de bienestar comn.", "type": "text", "style": "", "detail": 0, "format": 0, "version": 1}], "direction": "ltr", "textStyle": "", "textFormat": 0}, {"type": "paragraph", "format": "", "indent": 0, "version": 1, "children": [{"mode": "normal", "text": "Por eso me dedico a la asesora, consultora y formacin educativa, ofreciendo un acompaamiento humano, prctico y consciente que devuelve a la educacin su papel transformador.", "type": "text", "style": "", "detail": 0, "format": 0, "version": 1}], "direction": "ltr", "textStyle": "", "textFormat": 0}], "direction": null}}	t	reference	\N	\N	Conoce mi historia completa	default	t	-90	separatorBackground	homeAbout	68f798e6431c43bc53390a63	Sobre-m	blue
2	836	version.layout	4922	f	\N	\N	\N	\N	t	{"root": {"type": "root", "format": "", "indent": 0, "version": 1, "children": [{"type": "paragraph", "format": "", "indent": 0, "version": 1, "children": [{"mode": "normal", "text": "Te sientes solo/a en tu camino educativo o familiar?", "type": "text", "style": "", "detail": 0, "format": 0, "version": 1}], "direction": "ltr", "textStyle": "", "textFormat": 0}, {"type": "paragraph", "format": "", "indent": 0, "version": 1, "children": [{"mode": "normal", "text": "Quieres que tus hijos o alumnos desarrollen ", "type": "text", "style": "", "detail": 0, "format": 0, "version": 1}, {"mode": "normal", "text": "herramientas para la vida", "type": "text", "style": "", "detail": 0, "format": 1, "version": 1}, {"mode": "normal", "text": "?", "type": "text", "style": "", "detail": 0, "format": 0, "version": 1}], "direction": "ltr", "textStyle": "", "textFormat": 0}, {"type": "paragraph", "format": "", "indent": 0, "version": 1, "children": [{"mode": "normal", "text": "Buscas ", "type": "text", "style": "", "detail": 0, "format": 0, "version": 1}, {"mode": "normal", "text": "estrategias y recursos", "type": "text", "style": "", "detail": 0, "format": 1, "version": 1}, {"mode": "normal", "text": " para un aula o hogar ms humano y creativo?", "type": "text", "style": "", "detail": 0, "format": 0, "version": 1}], "direction": "ltr", "textStyle": "", "textFormat": 0}, {"type": "paragraph", "format": "", "indent": 0, "version": 1, "children": [{"mode": "normal", "text": "Quieres ", "type": "text", "style": "", "detail": 0, "format": 0, "version": 1}, {"mode": "normal", "text": "volver a creer en la educacin", "type": "text", "style": "", "detail": 0, "format": 1, "version": 1}, {"mode": "normal", "text": " y motivarte cada da?", "type": "text", "style": "", "detail": 0, "format": 0, "version": 1}], "direction": "ltr", "textStyle": "", "textFormat": 0}, {"type": "paragraph", "format": "", "indent": 0, "version": 1, "children": [{"mode": "normal", "text": "Sientes que tu entorno educativo o familiar no est funcionando como te gustara y buscas un nuevo enfoque?", "type": "text", "style": "", "detail": 0, "format": 0, "version": 1}], "direction": "ltr", "textStyle": "", "textFormat": 0}, {"type": "paragraph", "format": "", "indent": 0, "version": 1, "children": [{"mode": "normal", "text": "Te gustara ensear y acompaar desde una educacin ms ", "type": "text", "style": "", "detail": 0, "format": 0, "version": 1}, {"mode": "normal", "text": "consciente, respetuosa y socialmente responsable", "type": "text", "style": "", "detail": 0, "format": 1, "version": 1}, {"mode": "normal", "text": "?", "type": "text", "style": "", "detail": 0, "format": 0, "version": 1}], "direction": "ltr", "textStyle": "", "textFormat": 0}, {"type": "block", "fields": {"id": "68f798b375fb0ceeb6989752", "style": "info", "content": {"root": {"type": "root", "format": "", "indent": 0, "version": 1, "children": [{"type": "paragraph", "format": "", "indent": 0, "version": 1, "children": [{"mode": "normal", "text": "En Educar Sano ofrezco asesora, orientacin, formacin y herramientas prcticas a familias, educadores e instituciones educativas, para transformar la educacin en un espacio ms humano, eficaz y socialmente responsable.", "type": "text", "style": "", "detail": 0, "format": 0, "version": 1}], "direction": null, "textStyle": "", "textFormat": 0}], "direction": null}}, "blockName": "Banner", "blockType": "banner"}, "format": "", "version": 2}, {"type": "quote", "format": "", "indent": 0, "version": 1, "children": [{"mode": "normal", "text": "Transforma la educacin en un espacio humano, consciente y conectado con la sociedad. ", "type": "text", "style": "", "detail": 0, "format": 0, "version": 1}, {"mode": "normal", "text": "Yo te acompao en el camino.", "type": "text", "style": "", "detail": 0, "format": 1, "version": 1}], "direction": null}], "direction": null}}	\N	reference	\N	\N	\N	default	t	-88	separatorWhite	homeQuestions	68f79891431c43bc53390a61	Preguntas	dark
3	836	version.layout	4923	t	Sobre m	t	69	t	t	{"root": {"type": "root", "format": "", "indent": 0, "version": 1, "children": [{"type": "paragraph", "format": "", "indent": 0, "version": 1, "children": [{"mode": "normal", "text": "Soy Ane, diplomada en Educacin Primaria y con ms de veinte aos de experiencia acompaando a ni@s y familias. ", "type": "text", "style": "", "detail": 0, "format": 0, "version": 1}], "direction": "ltr", "textStyle": "", "textFormat": 0}, {"type": "paragraph", "format": "", "indent": 0, "version": 1, "children": [{"mode": "normal", "text": "He vivido de cerca las dificultades del mundo educativo:", "type": "text", "style": "", "detail": 0, "format": 0, "version": 1}], "direction": "ltr", "textStyle": "", "textFormat": 0}, {"tag": "ul", "type": "list", "start": 1, "format": "", "indent": 0, "version": 1, "children": [{"type": "listitem", "value": 1, "format": "", "indent": 0, "version": 1, "children": [{"mode": "normal", "text": "Falta de recursos", "type": "text", "style": "", "detail": 0, "format": 0, "version": 1}], "direction": "ltr"}, {"type": "listitem", "value": 2, "format": "", "indent": 0, "version": 1, "children": [{"mode": "normal", "text": "Falta de gestin de la convivencia ", "type": "text", "style": "", "detail": 0, "format": 0, "version": 1}], "direction": "ltr"}, {"type": "listitem", "value": 3, "format": "", "indent": 0, "version": 1, "children": [{"mode": "normal", "text": "Escasa atencin al bienestar docente y familiar ", "type": "text", "style": "", "detail": 0, "format": 0, "version": 1}], "direction": "ltr"}], "listType": "bullet", "direction": "ltr"}, {"type": "paragraph", "format": "", "indent": 0, "version": 1, "children": [{"mode": "normal", "text": "Educar Sano nace de la necesidad de entender la compleja realidad de hoy, humanizar la educacin y convertir los entornos familiares y educativos en espacios de bienestar comn.", "type": "text", "style": "", "detail": 0, "format": 0, "version": 1}], "direction": "ltr", "textStyle": "", "textFormat": 0}, {"type": "paragraph", "format": "", "indent": 0, "version": 1, "children": [{"mode": "normal", "text": "Por eso me dedico a la asesora, consultora y formacin educativa, ofreciendo un acompaamiento humano, prctico y consciente que devuelve a la educacin su papel transformador.", "type": "text", "style": "", "detail": 0, "format": 0, "version": 1}], "direction": "ltr", "textStyle": "", "textFormat": 0}], "direction": null}}	t	reference	\N	\N	Conoce mi historia completa	default	t	-90	separatorBackground	homeAbout	68f798e6431c43bc53390a63	Sobre-m	blue
2	837	version.layout	4924	f	\N	\N	\N	\N	t	{"root": {"type": "root", "format": "", "indent": 0, "version": 1, "children": [{"type": "paragraph", "format": "", "indent": 0, "version": 1, "children": [{"mode": "normal", "text": "Te sientes solo/a en tu camino educativo o familiar?", "type": "text", "style": "", "detail": 0, "format": 0, "version": 1}], "direction": "ltr", "textStyle": "", "textFormat": 0}, {"type": "paragraph", "format": "", "indent": 0, "version": 1, "children": [{"mode": "normal", "text": "Quieres que tus hijos o alumnos desarrollen ", "type": "text", "style": "", "detail": 0, "format": 0, "version": 1}, {"mode": "normal", "text": "herramientas para la vida", "type": "text", "style": "", "detail": 0, "format": 1, "version": 1}, {"mode": "normal", "text": "?", "type": "text", "style": "", "detail": 0, "format": 0, "version": 1}], "direction": "ltr", "textStyle": "", "textFormat": 0}, {"type": "paragraph", "format": "", "indent": 0, "version": 1, "children": [{"mode": "normal", "text": "Buscas ", "type": "text", "style": "", "detail": 0, "format": 0, "version": 1}, {"mode": "normal", "text": "estrategias y recursos", "type": "text", "style": "", "detail": 0, "format": 1, "version": 1}, {"mode": "normal", "text": " para un aula o hogar ms humano y creativo?", "type": "text", "style": "", "detail": 0, "format": 0, "version": 1}], "direction": "ltr", "textStyle": "", "textFormat": 0}, {"type": "paragraph", "format": "", "indent": 0, "version": 1, "children": [{"mode": "normal", "text": "Quieres ", "type": "text", "style": "", "detail": 0, "format": 0, "version": 1}, {"mode": "normal", "text": "volver a creer en la educacin", "type": "text", "style": "", "detail": 0, "format": 1, "version": 1}, {"mode": "normal", "text": " y motivarte cada da?", "type": "text", "style": "", "detail": 0, "format": 0, "version": 1}], "direction": "ltr", "textStyle": "", "textFormat": 0}, {"type": "paragraph", "format": "", "indent": 0, "version": 1, "children": [{"mode": "normal", "text": "Sientes que tu entorno educativo o familiar no est funcionando como te gustara y buscas un nuevo enfoque?", "type": "text", "style": "", "detail": 0, "format": 0, "version": 1}], "direction": "ltr", "textStyle": "", "textFormat": 0}, {"type": "paragraph", "format": "", "indent": 0, "version": 1, "children": [{"mode": "normal", "text": "Te gustara ensear y acompaar desde una educacin ms ", "type": "text", "style": "", "detail": 0, "format": 0, "version": 1}, {"mode": "normal", "text": "consciente, respetuosa y socialmente responsable", "type": "text", "style": "", "detail": 0, "format": 1, "version": 1}, {"mode": "normal", "text": "?", "type": "text", "style": "", "detail": 0, "format": 0, "version": 1}], "direction": "ltr", "textStyle": "", "textFormat": 0}, {"type": "block", "fields": {"id": "68f798b375fb0ceeb6989752", "style": "info", "content": {"root": {"type": "root", "format": "", "indent": 0, "version": 1, "children": [{"type": "paragraph", "format": "", "indent": 0, "version": 1, "children": [{"mode": "normal", "text": "En Educar Sano ofrezco asesora, orientacin, formacin y herramientas prcticas a familias, educadores e instituciones educativas, para transformar la educacin en un espacio ms humano, eficaz y socialmente responsable.", "type": "text", "style": "", "detail": 0, "format": 0, "version": 1}], "direction": null, "textStyle": "", "textFormat": 0}], "direction": null}}, "blockName": "Banner", "blockType": "banner"}, "format": "", "version": 2}, {"type": "quote", "format": "", "indent": 0, "version": 1, "children": [{"mode": "normal", "text": "Transforma la educacin en un espacio humano, consciente y conectado con la sociedad. ", "type": "text", "style": "", "detail": 0, "format": 0, "version": 1}, {"mode": "normal", "text": "Yo te acompao en el camino.", "type": "text", "style": "", "detail": 0, "format": 1, "version": 1}], "direction": null}], "direction": null}}	\N	reference	\N	\N	\N	default	t	-88	separatorWhite	homeQuestions	68f79891431c43bc53390a61	Preguntas	dark
3	837	version.layout	4925	t	Sobre m	t	69	t	t	{"root": {"type": "root", "format": "", "indent": 0, "version": 1, "children": [{"type": "paragraph", "format": "", "indent": 0, "version": 1, "children": [{"mode": "normal", "text": "Soy Ane, diplomada en Educacin Primaria y con ms de veinte aos de experiencia acompaando a ni@s y familias. ", "type": "text", "style": "", "detail": 0, "format": 0, "version": 1}], "direction": "ltr", "textStyle": "", "textFormat": 0}, {"type": "paragraph", "format": "", "indent": 0, "version": 1, "children": [{"mode": "normal", "text": "He vivido de cerca las dificultades del mundo educativo:", "type": "text", "style": "", "detail": 0, "format": 0, "version": 1}], "direction": "ltr", "textStyle": "", "textFormat": 0}, {"tag": "ul", "type": "list", "start": 1, "format": "", "indent": 0, "version": 1, "children": [{"type": "listitem", "value": 1, "format": "", "indent": 0, "version": 1, "children": [{"mode": "normal", "text": "Falta de recursos", "type": "text", "style": "", "detail": 0, "format": 0, "version": 1}], "direction": "ltr"}, {"type": "listitem", "value": 2, "format": "", "indent": 0, "version": 1, "children": [{"mode": "normal", "text": "Falta de gestin de la convivencia ", "type": "text", "style": "", "detail": 0, "format": 0, "version": 1}], "direction": "ltr"}, {"type": "listitem", "value": 3, "format": "", "indent": 0, "version": 1, "children": [{"mode": "normal", "text": "Escasa atencin al bienestar docente y familiar ", "type": "text", "style": "", "detail": 0, "format": 0, "version": 1}], "direction": "ltr"}], "listType": "bullet", "direction": "ltr"}, {"type": "paragraph", "format": "", "indent": 0, "version": 1, "children": [{"mode": "normal", "text": "Educar Sano nace de la necesidad de entender la compleja realidad de hoy, humanizar la educacin y convertir los entornos familiares y educativos en espacios de bienestar comn.", "type": "text", "style": "", "detail": 0, "format": 0, "version": 1}], "direction": "ltr", "textStyle": "", "textFormat": 0}, {"type": "paragraph", "format": "", "indent": 0, "version": 1, "children": [{"mode": "normal", "text": "Por eso me dedico a la asesora, consultora y formacin educativa, ofreciendo un acompaamiento humano, prctico y consciente que devuelve a la educacin su papel transformador.", "type": "text", "style": "", "detail": 0, "format": 0, "version": 1}], "direction": "ltr", "textStyle": "", "textFormat": 0}], "direction": null}}	t	reference	\N	\N	Conoce mi historia completa	default	t	-90	separatorBackground	homeAbout	68f798e6431c43bc53390a63	Sobre-m	blue
2	838	version.layout	4926	f	\N	\N	\N	\N	t	{"root": {"type": "root", "format": "", "indent": 0, "version": 1, "children": [{"type": "paragraph", "format": "", "indent": 0, "version": 1, "children": [{"mode": "normal", "text": "Te sientes solo/a en tu camino educativo o familiar?", "type": "text", "style": "", "detail": 0, "format": 0, "version": 1}], "direction": "ltr", "textStyle": "", "textFormat": 0}, {"type": "paragraph", "format": "", "indent": 0, "version": 1, "children": [{"mode": "normal", "text": "Quieres que tus hijos o alumnos desarrollen ", "type": "text", "style": "", "detail": 0, "format": 0, "version": 1}, {"mode": "normal", "text": "herramientas para la vida", "type": "text", "style": "", "detail": 0, "format": 1, "version": 1}, {"mode": "normal", "text": "?", "type": "text", "style": "", "detail": 0, "format": 0, "version": 1}], "direction": "ltr", "textStyle": "", "textFormat": 0}, {"type": "paragraph", "format": "", "indent": 0, "version": 1, "children": [{"mode": "normal", "text": "Buscas ", "type": "text", "style": "", "detail": 0, "format": 0, "version": 1}, {"mode": "normal", "text": "estrategias y recursos", "type": "text", "style": "", "detail": 0, "format": 1, "version": 1}, {"mode": "normal", "text": " para un aula o hogar ms humano y creativo?", "type": "text", "style": "", "detail": 0, "format": 0, "version": 1}], "direction": "ltr", "textStyle": "", "textFormat": 0}, {"type": "paragraph", "format": "", "indent": 0, "version": 1, "children": [{"mode": "normal", "text": "Quieres ", "type": "text", "style": "", "detail": 0, "format": 0, "version": 1}, {"mode": "normal", "text": "volver a creer en la educacin", "type": "text", "style": "", "detail": 0, "format": 1, "version": 1}, {"mode": "normal", "text": " y motivarte cada da?", "type": "text", "style": "", "detail": 0, "format": 0, "version": 1}], "direction": "ltr", "textStyle": "", "textFormat": 0}, {"type": "paragraph", "format": "", "indent": 0, "version": 1, "children": [{"mode": "normal", "text": "Sientes que tu entorno educativo o familiar no est funcionando como te gustara y buscas un nuevo enfoque?", "type": "text", "style": "", "detail": 0, "format": 0, "version": 1}], "direction": "ltr", "textStyle": "", "textFormat": 0}, {"type": "paragraph", "format": "", "indent": 0, "version": 1, "children": [{"mode": "normal", "text": "Te gustara ensear y acompaar desde una educacin ms ", "type": "text", "style": "", "detail": 0, "format": 0, "version": 1}, {"mode": "normal", "text": "consciente, respetuosa y socialmente responsable", "type": "text", "style": "", "detail": 0, "format": 1, "version": 1}, {"mode": "normal", "text": "?", "type": "text", "style": "", "detail": 0, "format": 0, "version": 1}], "direction": "ltr", "textStyle": "", "textFormat": 0}, {"type": "block", "fields": {"id": "68f798b375fb0ceeb6989752", "style": "info", "content": {"root": {"type": "root", "format": "", "indent": 0, "version": 1, "children": [{"type": "paragraph", "format": "", "indent": 0, "version": 1, "children": [{"mode": "normal", "text": "En Educar Sano ofrezco asesora, orientacin, formacin y herramientas prcticas a familias, educadores e instituciones educativas, para transformar la educacin en un espacio ms humano, eficaz y socialmente responsable.", "type": "text", "style": "", "detail": 0, "format": 0, "version": 1}], "direction": null, "textStyle": "", "textFormat": 0}], "direction": null}}, "blockName": "Banner", "blockType": "banner"}, "format": "", "version": 2}, {"type": "quote", "format": "", "indent": 0, "version": 1, "children": [{"mode": "normal", "text": "Transforma la educacin en un espacio humano, consciente y conectado con la sociedad. ", "type": "text", "style": "", "detail": 0, "format": 0, "version": 1}, {"mode": "normal", "text": "Yo te acompao en el camino.", "type": "text", "style": "", "detail": 0, "format": 1, "version": 1}], "direction": null}], "direction": null}}	\N	reference	\N	\N	\N	default	t	-88	separatorWhite	homeQuestions	68f79891431c43bc53390a61	Preguntas	dark
3	838	version.layout	4927	t	Sobre m	t	69	t	t	{"root": {"type": "root", "format": "", "indent": 0, "version": 1, "children": [{"type": "paragraph", "format": "", "indent": 0, "version": 1, "children": [{"mode": "normal", "text": "Soy Ane, diplomada en Educacin Primaria y con ms de veinte aos de experiencia acompaando a ni@s y familias. ", "type": "text", "style": "", "detail": 0, "format": 0, "version": 1}], "direction": "ltr", "textStyle": "", "textFormat": 0}, {"type": "paragraph", "format": "", "indent": 0, "version": 1, "children": [{"mode": "normal", "text": "He vivido de cerca las dificultades del mundo educativo:", "type": "text", "style": "", "detail": 0, "format": 0, "version": 1}], "direction": "ltr", "textStyle": "", "textFormat": 0}, {"tag": "ul", "type": "list", "start": 1, "format": "", "indent": 0, "version": 1, "children": [{"type": "listitem", "value": 1, "format": "", "indent": 0, "version": 1, "children": [{"mode": "normal", "text": "Falta de recursos", "type": "text", "style": "", "detail": 0, "format": 0, "version": 1}], "direction": "ltr"}, {"type": "listitem", "value": 2, "format": "", "indent": 0, "version": 1, "children": [{"mode": "normal", "text": "Falta de gestin de la convivencia ", "type": "text", "style": "", "detail": 0, "format": 0, "version": 1}], "direction": "ltr"}, {"type": "listitem", "value": 3, "format": "", "indent": 0, "version": 1, "children": [{"mode": "normal", "text": "Escasa atencin al bienestar docente y familiar ", "type": "text", "style": "", "detail": 0, "format": 0, "version": 1}], "direction": "ltr"}], "listType": "bullet", "direction": "ltr"}, {"type": "paragraph", "format": "", "indent": 0, "version": 1, "children": [{"mode": "normal", "text": "Educar Sano nace de la necesidad de entender la compleja realidad de hoy, humanizar la educacin y convertir los entornos familiares y educativos en espacios de bienestar comn.", "type": "text", "style": "", "detail": 0, "format": 0, "version": 1}], "direction": "ltr", "textStyle": "", "textFormat": 0}, {"type": "paragraph", "format": "", "indent": 0, "version": 1, "children": [{"mode": "normal", "text": "Por eso me dedico a la asesora, consultora y formacin educativa, ofreciendo un acompaamiento humano, prctico y consciente que devuelve a la educacin su papel transformador.", "type": "text", "style": "", "detail": 0, "format": 0, "version": 1}], "direction": "ltr", "textStyle": "", "textFormat": 0}], "direction": null}}	t	reference	\N	\N	Conoce mi historia completa	default	t	-90	separatorBackground	homeAbout	68f798e6431c43bc53390a63	Sobre-m	blue
2	839	version.layout	4928	f	\N	\N	\N	\N	t	{"root": {"type": "root", "format": "", "indent": 0, "version": 1, "children": [{"type": "paragraph", "format": "", "indent": 0, "version": 1, "children": [{"mode": "normal", "text": "Te sientes solo/a en tu camino educativo o familiar?", "type": "text", "style": "", "detail": 0, "format": 0, "version": 1}], "direction": "ltr", "textStyle": "", "textFormat": 0}, {"type": "paragraph", "format": "", "indent": 0, "version": 1, "children": [{"mode": "normal", "text": "Quieres que tus hijos o alumnos desarrollen ", "type": "text", "style": "", "detail": 0, "format": 0, "version": 1}, {"mode": "normal", "text": "herramientas para la vida", "type": "text", "style": "", "detail": 0, "format": 1, "version": 1}, {"mode": "normal", "text": "?", "type": "text", "style": "", "detail": 0, "format": 0, "version": 1}], "direction": "ltr", "textStyle": "", "textFormat": 0}, {"type": "paragraph", "format": "", "indent": 0, "version": 1, "children": [{"mode": "normal", "text": "Buscas ", "type": "text", "style": "", "detail": 0, "format": 0, "version": 1}, {"mode": "normal", "text": "estrategias y recursos", "type": "text", "style": "", "detail": 0, "format": 1, "version": 1}, {"mode": "normal", "text": " para un aula o hogar ms humano y creativo?", "type": "text", "style": "", "detail": 0, "format": 0, "version": 1}], "direction": "ltr", "textStyle": "", "textFormat": 0}, {"type": "paragraph", "format": "", "indent": 0, "version": 1, "children": [{"mode": "normal", "text": "Quieres ", "type": "text", "style": "", "detail": 0, "format": 0, "version": 1}, {"mode": "normal", "text": "volver a creer en la educacin", "type": "text", "style": "", "detail": 0, "format": 1, "version": 1}, {"mode": "normal", "text": " y motivarte cada da?", "type": "text", "style": "", "detail": 0, "format": 0, "version": 1}], "direction": "ltr", "textStyle": "", "textFormat": 0}, {"type": "paragraph", "format": "", "indent": 0, "version": 1, "children": [{"mode": "normal", "text": "Sientes que tu entorno educativo o familiar no est funcionando como te gustara y buscas un nuevo enfoque?", "type": "text", "style": "", "detail": 0, "format": 0, "version": 1}], "direction": "ltr", "textStyle": "", "textFormat": 0}, {"type": "paragraph", "format": "", "indent": 0, "version": 1, "children": [{"mode": "normal", "text": "Te gustara ensear y acompaar desde una educacin ms ", "type": "text", "style": "", "detail": 0, "format": 0, "version": 1}, {"mode": "normal", "text": "consciente, respetuosa y socialmente responsable", "type": "text", "style": "", "detail": 0, "format": 1, "version": 1}, {"mode": "normal", "text": "?", "type": "text", "style": "", "detail": 0, "format": 0, "version": 1}], "direction": "ltr", "textStyle": "", "textFormat": 0}, {"type": "block", "fields": {"id": "68f798b375fb0ceeb6989752", "style": "info", "content": {"root": {"type": "root", "format": "", "indent": 0, "version": 1, "children": [{"type": "paragraph", "format": "", "indent": 0, "version": 1, "children": [{"mode": "normal", "text": "En Educar Sano ofrezco asesora, orientacin, formacin y herramientas prcticas a familias, educadores e instituciones educativas, para transformar la educacin en un espacio ms humano, eficaz y socialmente responsable.", "type": "text", "style": "", "detail": 0, "format": 0, "version": 1}], "direction": null, "textStyle": "", "textFormat": 0}], "direction": null}}, "blockName": "Banner", "blockType": "banner"}, "format": "", "version": 2}, {"type": "quote", "format": "", "indent": 0, "version": 1, "children": [{"mode": "normal", "text": "Transforma la educacin en un espacio humano, consciente y conectado con la sociedad. ", "type": "text", "style": "", "detail": 0, "format": 0, "version": 1}, {"mode": "normal", "text": "Yo te acompao en el camino.", "type": "text", "style": "", "detail": 0, "format": 1, "version": 1}], "direction": null}], "direction": null}}	\N	reference	\N	\N	\N	default	t	-88	separatorWhite	homeQuestions	68f79891431c43bc53390a61	Preguntas	dark
3	839	version.layout	4929	t	Sobre m	t	69	t	t	{"root": {"type": "root", "format": "", "indent": 0, "version": 1, "children": [{"type": "paragraph", "format": "", "indent": 0, "version": 1, "children": [{"mode": "normal", "text": "Soy Ane, diplomada en Educacin Primaria y con ms de veinte aos de experiencia acompaando a ni@s y familias. ", "type": "text", "style": "", "detail": 0, "format": 0, "version": 1}], "direction": "ltr", "textStyle": "", "textFormat": 0}, {"type": "paragraph", "format": "", "indent": 0, "version": 1, "children": [{"mode": "normal", "text": "He vivido de cerca las dificultades del mundo educativo:", "type": "text", "style": "", "detail": 0, "format": 0, "version": 1}], "direction": "ltr", "textStyle": "", "textFormat": 0}, {"tag": "ul", "type": "list", "start": 1, "format": "", "indent": 0, "version": 1, "children": [{"type": "listitem", "value": 1, "format": "", "indent": 0, "version": 1, "children": [{"mode": "normal", "text": "Falta de recursos", "type": "text", "style": "", "detail": 0, "format": 0, "version": 1}], "direction": "ltr"}, {"type": "listitem", "value": 2, "format": "", "indent": 0, "version": 1, "children": [{"mode": "normal", "text": "Falta de gestin de la convivencia ", "type": "text", "style": "", "detail": 0, "format": 0, "version": 1}], "direction": "ltr"}, {"type": "listitem", "value": 3, "format": "", "indent": 0, "version": 1, "children": [{"mode": "normal", "text": "Escasa atencin al bienestar docente y familiar ", "type": "text", "style": "", "detail": 0, "format": 0, "version": 1}], "direction": "ltr"}], "listType": "bullet", "direction": "ltr"}, {"type": "paragraph", "format": "", "indent": 0, "version": 1, "children": [{"mode": "normal", "text": "Educar Sano nace de la necesidad de entender la compleja realidad de hoy, humanizar la educacin y convertir los entornos familiares y educativos en espacios de bienestar comn.", "type": "text", "style": "", "detail": 0, "format": 0, "version": 1}], "direction": "ltr", "textStyle": "", "textFormat": 0}, {"type": "paragraph", "format": "", "indent": 0, "version": 1, "children": [{"mode": "normal", "text": "Por eso me dedico a la asesora, consultora y formacin educativa, ofreciendo un acompaamiento humano, prctico y consciente que devuelve a la educacin su papel transformador.", "type": "text", "style": "", "detail": 0, "format": 0, "version": 1}], "direction": "ltr", "textStyle": "", "textFormat": 0}], "direction": null}}	t	reference	\N	\N	Conoce mi historia completa	default	t	-90	separatorBackground	homeAbout	68f798e6431c43bc53390a63	Sobre-m	blue
1	764	version.layout	4870	\N	\N	t	72	\N	t	{"root": {"type": "root", "format": "", "indent": 0, "version": 1, "children": [{"tag": "h2", "type": "heading", "format": "", "indent": 0, "version": 1, "children": [{"mode": "normal", "text": "QUIN SOY?", "type": "text", "style": "", "detail": 0, "format": 1, "version": 1}], "direction": null}, {"type": "paragraph", "format": "", "indent": 0, "version": 1, "children": [{"mode": "normal", "text": "Soy Ane, diplomada en educacin primaria. Desde muy pequea tuve claro que mi vocacin estaba ligada al mundo educativo. Empec muy joven a trabajar con nixs y sent desde ese momento que la docencia era mi camino.", "type": "text", "style": "", "detail": 0, "format": 0, "version": 1}], "direction": null, "textStyle": "", "textFormat": 0}, {"type": "paragraph", "format": "", "indent": 0, "version": 1, "children": [{"mode": "normal", "text": "Despus de terminar la carrera, comenc mi andadura como profesora y descubr la gran responsabilidad que implica educar. Durante mi trabajo como tutora me enfrent a diferentes dificultades y retos, te suena? Algunos de ellos fueron:", "type": "text", "style": "", "detail": 0, "format": 0, "version": 1}], "direction": null, "textStyle": "", "textFormat": 0}, {"tag": "ol", "type": "list", "start": 1, "format": "", "indent": 0, "version": 1, "children": [{"type": "listitem", "value": 1, "format": "", "indent": 0, "version": 1, "children": [{"mode": "normal", "text": "La falta de recursos, tanto acadmicos como emocionales.", "type": "text", "style": "", "detail": 0, "format": 0, "version": 1}], "direction": null}, {"type": "listitem", "value": 2, "format": "", "indent": 0, "version": 1, "children": [{"mode": "normal", "text": "La gestin con familias, docentes y equipo directivo.", "type": "text", "style": "", "detail": 0, "format": 0, "version": 1}], "direction": null}, {"type": "listitem", "value": 3, "format": "", "indent": 0, "version": 1, "children": [{"mode": "normal", "text": "La falta de apoyo y acompaamiento al profesorado.", "type": "text", "style": "", "detail": 0, "format": 0, "version": 1}], "direction": null}], "listType": "number", "direction": null}, {"type": "paragraph", "format": "", "indent": 0, "version": 1, "children": [{"mode": "normal", "text": "Toda esta experiencia me llev a seguir formndome en distintas reas para ganar conocimiento, bienestar y herramientas prcticas. Siempre me ha nacido de manera espontnea ayudar y acompaar, y las injusticias que observaba a mi alrededor me hicieron comprender que la educacin debe ser tambin un motor de transformacin social.", "type": "text", "style": "", "detail": 0, "format": 0, "version": 1}], "direction": null, "textStyle": "", "textFormat": 0}], "direction": null}}	\N	reference	\N	\N	\N	default	t	-70	\N	about-first	68fb50ed398c9978e6edfe3e	sobre-mi	dark
2	764	version.layout	4871	\N	\N	t	71	t	t	{"root": {"type": "root", "format": "", "indent": 0, "version": 1, "children": [{"type": "paragraph", "format": "", "indent": 0, "version": 1, "children": [{"mode": "normal", "text": "Hoy, despus de ms de veinte aos dedicados a la educacin y al acompaamiento de ni@s y familias, decid emprender como asesora educativa y familiar. Mi labor consiste en acompaar a educadores y familias desde mi experiencia y visin, con un enfoque humano, prctico, integral y social. ", "type": "text", "style": "", "detail": 0, "format": 0, "version": 1}], "direction": null, "textStyle": "", "textFormat": 0}, {"type": "paragraph", "format": "", "indent": 0, "version": 1, "children": [{"mode": "normal", "text": "A lo largo de mi trayectoria he mantenido una formacin continua para ofrecer un acompaamiento de la mxima calidad, basado en la experiencia, el conocimiento y las mejores herramientas educativas.", "type": "text", "style": "", "detail": 0, "format": 0, "version": 1}], "direction": null, "textStyle": "", "textFormat": 0}, {"type": "paragraph", "format": "", "indent": 0, "version": 1, "children": [{"mode": "normal", "text": "Mi objetivo es que no te sientas perdid@ ni solo en este proceso tan fascinante y exigente que es educar, fomentando al mismo tiempo valores, conciencia social y la capacidad de ser agentes activos para un mundo ms equilibrado, justo y emptico para todxs.", "type": "text", "style": "", "detail": 0, "format": 0, "version": 1}], "direction": null, "textStyle": "", "textFormat": 0}], "direction": null}}	\N	reference	\N	\N	\N	default	f	-70	\N	about-second	68fb525c398c9978e6edfe40	sobre-mi	dark
3	764	version.layout	4872	f		t	107	\N	t	{"doc": null, "root": {"type": "root", "format": "", "indent": 0, "version": 1, "children": [{"tag": "h2", "type": "heading", "format": "left", "indent": 0, "version": 1, "children": [{"mode": "normal", "text": "Formacin", "type": "text", "style": "", "detail": 0, "format": 0, "version": 1}], "direction": null}, {"tag": "ul", "type": "list", "start": 1, "format": "", "indent": 0, "version": 1, "children": [{"type": "listitem", "value": 1, "format": "", "indent": 0, "version": 1, "children": [{"mode": "normal", "text": "Diplomatura en Educacin Primaria", "type": "text", "style": "", "detail": 0, "format": 0, "version": 1}], "direction": null}, {"type": "listitem", "value": 2, "format": "", "indent": 0, "version": 1, "children": [{"mode": "normal", "text": "Experta en Educacin Emocional y Acompaamiento Educativo y Familiar", "type": "text", "style": "", "detail": 0, "format": 0, "version": 1}], "direction": null}, {"type": "listitem", "value": 3, "format": "", "indent": 0, "version": 1, "children": [{"mode": "normal", "text": "Disciplina Positiva para Familias", "type": "text", "style": "", "detail": 0, "format": 0, "version": 1}], "direction": null}, {"type": "listitem", "value": 4, "format": "", "indent": 0, "version": 1, "children": [{"mode": "normal", "text": "Instructora de Yoga y Mindfulness para ni@s, educador@s y familias", "type": "text", "style": "", "detail": 0, "format": 0, "version": 1}], "direction": null}, {"type": "listitem", "value": 5, "format": "", "indent": 0, "version": 1, "children": [{"mode": "normal", "text": "Coaching Infanto-Juvenil", "type": "text", "style": "", "detail": 0, "format": 0, "version": 1}], "direction": null}, {"type": "listitem", "value": 6, "format": "", "indent": 0, "version": 1, "children": [{"mode": "normal", "text": "Intervencin con Muecos Playmobil", "type": "text", "style": "", "detail": 0, "format": 0, "version": 1}], "direction": null}, {"type": "listitem", "value": 7, "format": "", "indent": 0, "version": 1, "children": [{"mode": "normal", "text": "Intervencin Estratgica en la Escuela", "type": "text", "style": "", "detail": 0, "format": 0, "version": 1}], "direction": null}, {"type": "listitem", "value": 8, "format": "", "indent": 0, "version": 1, "children": [{"mode": "normal", "text": "Tcnicas de Terapia Estratgica en Ni@s y Adolescentes", "type": "text", "style": "", "detail": 0, "format": 0, "version": 1}], "direction": null}, {"type": "listitem", "value": 9, "format": "", "indent": 0, "version": 1, "children": [{"mode": "normal", "text": "Formacin en la Tcnica de la Caja de Arena", "type": "text", "style": "", "detail": 0, "format": 0, "version": 1}], "direction": null}, {"type": "listitem", "value": 10, "format": "", "indent": 0, "version": 1, "children": [{"mode": "normal", "text": "Mediacin y Resolucin de Conflictos", "type": "text", "style": "", "detail": 0, "format": 0, "version": 1}], "direction": null}, {"type": "listitem", "value": 11, "format": "", "indent": 0, "version": 1, "children": [{"mode": "normal", "text": "Curso de Educacin Sexual", "type": "text", "style": "", "detail": 0, "format": 0, "version": 1}], "direction": null}], "listType": "bullet", "direction": null}], "direction": null}}	t	custom	t	https://d2kzarvvomoj6d.cloudfront.net/documents/ti2yt3bo8ny5izsensif.pdf	descargar Curriculum	default	t	-65	separatorBackground	about-academic	69026a07c0fe9717b5354e07	formacin	dark
4	764	version.layout	4873	f		t	109	t	t	{"root": {"type": "root", "format": "", "indent": 0, "version": 1, "children": [{"tag": "h2", "type": "heading", "format": "", "indent": 0, "version": 1, "children": [{"mode": "normal", "text": "Visin educativa ", "type": "text", "style": "", "detail": 0, "format": 0, "version": 1}], "direction": null}, {"type": "paragraph", "format": "", "indent": 0, "version": 1, "children": [{"mode": "normal", "text": "Educar Sano nace como respuesta a los retos que plantea la escuela actual, desde una mirada ms humana, emptica y consciente de que educar hoy implica tambin entender el mundo complejo en el que vivimos.", "type": "text", "style": "", "detail": 0, "format": 0, "version": 1}], "direction": null, "textStyle": "", "textFormat": 0}, {"type": "paragraph", "format": "", "indent": 0, "version": 1, "children": [{"mode": "normal", "text": "Creemos que la educacin debe ser un espacio de bienestar compartido para el alumnado, el profesorado y las familias donde la empata, el cuidado y la conciencia social estn en el centro.", "type": "text", "style": "", "detail": 0, "format": 0, "version": 1}], "direction": null, "textStyle": "", "textFormat": 0}, {"type": "paragraph", "format": "", "indent": 0, "version": 1, "children": [{"mode": "normal", "text": "Defendemos una escuela que respete y valore a sus docentes, garantizando condiciones laborales dignas y espacios donde puedan cuidar su salud mental y emocional.", "type": "text", "style": "", "detail": 0, "format": 0, "version": 1}, {"type": "linebreak", "version": 1}, {"mode": "normal", "text": "Tambin apostamos por una conciliacin familiar real, donde las familias puedan implicarse en la educacin sin renunciar a su equilibrio personal y profesional.", "type": "text", "style": "", "detail": 0, "format": 0, "version": 1}], "direction": null, "textStyle": "", "textFormat": 0}, {"type": "paragraph", "format": "", "indent": 0, "version": 1, "children": [{"mode": "normal", "text": "Desde ", "type": "text", "style": "", "detail": 0, "format": 0, "version": 1}, {"mode": "normal", "text": "Educar Sano", "type": "text", "style": "", "detail": 0, "format": 2, "version": 1}, {"mode": "normal", "text": " queremos acompaar a quienes sienten que educar no es solo transmitir contenidos, sino formar personas activas, crticas y comprometidas con su entorno.", "type": "text", "style": "", "detail": 0, "format": 0, "version": 1}], "direction": null, "textStyle": "", "textFormat": 0}, {"type": "paragraph", "format": "", "indent": 0, "version": 1, "children": [{"mode": "normal", "text": "Educar es el reflejo de la sociedad. Por tanto, dediqumosle el rigor, la importancia y la vala que tiene.", "type": "text", "style": "", "detail": 0, "format": 0, "version": 1}], "direction": null, "textStyle": "", "textFormat": 0}, {"type": "paragraph", "format": "", "indent": 0, "version": 1, "children": [{"mode": "normal", "text": "Mi objetivo es que no te sientas perdid@ ni solo en este proceso tan fascinante y exigente que es educar, fomentando al mismo tiempo valores, conciencia social y la capacidad de ser agentes activos para un mundo ms equilibrado, justo y emptico para todxs.", "type": "text", "style": "", "detail": 0, "format": 0, "version": 1}], "direction": null, "textStyle": "", "textFormat": 0}], "direction": null}}	\N	reference	\N	\N	\N	default	t	-80	separatorWhite	about-my-vision	690276e88a378f13385b430c	visin educativa 	dark
2	840	version.layout	4930	f	\N	\N	\N	\N	t	{"root": {"type": "root", "format": "", "indent": 0, "version": 1, "children": [{"type": "paragraph", "format": "", "indent": 0, "version": 1, "children": [{"mode": "normal", "text": "Te sientes solo/a en tu camino educativo o familiar?", "type": "text", "style": "", "detail": 0, "format": 0, "version": 1}], "direction": "ltr", "textStyle": "", "textFormat": 0}, {"type": "paragraph", "format": "", "indent": 0, "version": 1, "children": [{"mode": "normal", "text": "Quieres que tus hijos o alumnos desarrollen ", "type": "text", "style": "", "detail": 0, "format": 0, "version": 1}, {"mode": "normal", "text": "herramientas para la vida", "type": "text", "style": "", "detail": 0, "format": 1, "version": 1}, {"mode": "normal", "text": "?", "type": "text", "style": "", "detail": 0, "format": 0, "version": 1}], "direction": "ltr", "textStyle": "", "textFormat": 0}, {"type": "paragraph", "format": "", "indent": 0, "version": 1, "children": [{"mode": "normal", "text": "Buscas ", "type": "text", "style": "", "detail": 0, "format": 0, "version": 1}, {"mode": "normal", "text": "estrategias y recursos", "type": "text", "style": "", "detail": 0, "format": 1, "version": 1}, {"mode": "normal", "text": " para un aula o hogar ms humano y creativo?", "type": "text", "style": "", "detail": 0, "format": 0, "version": 1}], "direction": "ltr", "textStyle": "", "textFormat": 0}, {"type": "paragraph", "format": "", "indent": 0, "version": 1, "children": [{"mode": "normal", "text": "Quieres ", "type": "text", "style": "", "detail": 0, "format": 0, "version": 1}, {"mode": "normal", "text": "volver a creer en la educacin", "type": "text", "style": "", "detail": 0, "format": 1, "version": 1}, {"mode": "normal", "text": " y motivarte cada da?", "type": "text", "style": "", "detail": 0, "format": 0, "version": 1}], "direction": "ltr", "textStyle": "", "textFormat": 0}, {"type": "paragraph", "format": "", "indent": 0, "version": 1, "children": [{"mode": "normal", "text": "Sientes que tu entorno educativo o familiar no est funcionando como te gustara y buscas un nuevo enfoque?", "type": "text", "style": "", "detail": 0, "format": 0, "version": 1}], "direction": "ltr", "textStyle": "", "textFormat": 0}, {"type": "paragraph", "format": "", "indent": 0, "version": 1, "children": [{"mode": "normal", "text": "Te gustara ensear y acompaar desde una educacin ms ", "type": "text", "style": "", "detail": 0, "format": 0, "version": 1}, {"mode": "normal", "text": "consciente, respetuosa y socialmente responsable", "type": "text", "style": "", "detail": 0, "format": 1, "version": 1}, {"mode": "normal", "text": "?", "type": "text", "style": "", "detail": 0, "format": 0, "version": 1}], "direction": "ltr", "textStyle": "", "textFormat": 0}, {"type": "block", "fields": {"id": "68f798b375fb0ceeb6989752", "style": "info", "content": {"root": {"type": "root", "format": "", "indent": 0, "version": 1, "children": [{"type": "paragraph", "format": "", "indent": 0, "version": 1, "children": [{"mode": "normal", "text": "En Educar Sano ofrezco asesora, orientacin, formacin y herramientas prcticas a familias, educadores e instituciones educativas, para transformar la educacin en un espacio ms humano, eficaz y socialmente responsable.", "type": "text", "style": "", "detail": 0, "format": 0, "version": 1}], "direction": null, "textStyle": "", "textFormat": 0}], "direction": null}}, "blockName": "Banner", "blockType": "banner"}, "format": "", "version": 2}, {"type": "quote", "format": "", "indent": 0, "version": 1, "children": [{"mode": "normal", "text": "Transforma la educacin en un espacio humano, consciente y conectado con la sociedad. ", "type": "text", "style": "", "detail": 0, "format": 0, "version": 1}, {"mode": "normal", "text": "Yo te acompao en el camino.", "type": "text", "style": "", "detail": 0, "format": 1, "version": 1}], "direction": null}], "direction": null}}	\N	reference	\N	\N	\N	default	t	-88	separatorWhite	homeQuestions	68f79891431c43bc53390a61	Preguntas	dark
3	840	version.layout	4931	t	Sobre m	t	69	t	t	{"root": {"type": "root", "format": "", "indent": 0, "version": 1, "children": [{"type": "paragraph", "format": "", "indent": 0, "version": 1, "children": [{"mode": "normal", "text": "Soy Ane, diplomada en Educacin Primaria y con ms de veinte aos de experiencia acompaando a ni@s y familias. ", "type": "text", "style": "", "detail": 0, "format": 0, "version": 1}], "direction": "ltr", "textStyle": "", "textFormat": 0}, {"type": "paragraph", "format": "", "indent": 0, "version": 1, "children": [{"mode": "normal", "text": "He vivido de cerca las dificultades del mundo educativo:", "type": "text", "style": "", "detail": 0, "format": 0, "version": 1}], "direction": "ltr", "textStyle": "", "textFormat": 0}, {"tag": "ul", "type": "list", "start": 1, "format": "", "indent": 0, "version": 1, "children": [{"type": "listitem", "value": 1, "format": "", "indent": 0, "version": 1, "children": [{"mode": "normal", "text": "Falta de recursos", "type": "text", "style": "", "detail": 0, "format": 0, "version": 1}], "direction": "ltr"}, {"type": "listitem", "value": 2, "format": "", "indent": 0, "version": 1, "children": [{"mode": "normal", "text": "Falta de gestin de la convivencia ", "type": "text", "style": "", "detail": 0, "format": 0, "version": 1}], "direction": "ltr"}, {"type": "listitem", "value": 3, "format": "", "indent": 0, "version": 1, "children": [{"mode": "normal", "text": "Escasa atencin al bienestar docente y familiar ", "type": "text", "style": "", "detail": 0, "format": 0, "version": 1}], "direction": "ltr"}], "listType": "bullet", "direction": "ltr"}, {"type": "paragraph", "format": "", "indent": 0, "version": 1, "children": [{"mode": "normal", "text": "Educar Sano nace de la necesidad de entender la compleja realidad de hoy, humanizar la educacin y convertir los entornos familiares y educativos en espacios de bienestar comn.", "type": "text", "style": "", "detail": 0, "format": 0, "version": 1}], "direction": "ltr", "textStyle": "", "textFormat": 0}, {"type": "paragraph", "format": "", "indent": 0, "version": 1, "children": [{"mode": "normal", "text": "Por eso me dedico a la asesora, consultora y formacin educativa, ofreciendo un acompaamiento humano, prctico y consciente que devuelve a la educacin su papel transformador.", "type": "text", "style": "", "detail": 0, "format": 0, "version": 1}], "direction": "ltr", "textStyle": "", "textFormat": 0}], "direction": null}}	t	reference	\N	\N	Conoce mi historia completa	default	t	-90	separatorBackground	homeAbout	68f798e6431c43bc53390a63	Sobre-m	blue
1	765	version.layout	4874	\N	\N	t	72	\N	t	{"root": {"type": "root", "format": "", "indent": 0, "version": 1, "children": [{"tag": "h2", "type": "heading", "format": "", "indent": 0, "version": 1, "children": [{"mode": "normal", "text": "QUIN SOY?", "type": "text", "style": "", "detail": 0, "format": 1, "version": 1}], "direction": null}, {"type": "paragraph", "format": "", "indent": 0, "version": 1, "children": [{"mode": "normal", "text": "Soy Ane, diplomada en educacin primaria. Desde muy pequea tuve claro que mi vocacin estaba ligada al mundo educativo. Empec muy joven a trabajar con nixs y sent desde ese momento que la docencia era mi camino.", "type": "text", "style": "", "detail": 0, "format": 0, "version": 1}], "direction": null, "textStyle": "", "textFormat": 0}, {"type": "paragraph", "format": "", "indent": 0, "version": 1, "children": [{"mode": "normal", "text": "Despus de terminar la carrera, comenc mi andadura como profesora y descubr la gran responsabilidad que implica educar. Durante mi trabajo como tutora me enfrent a diferentes dificultades y retos, te suena? Algunos de ellos fueron:", "type": "text", "style": "", "detail": 0, "format": 0, "version": 1}], "direction": null, "textStyle": "", "textFormat": 0}, {"tag": "ol", "type": "list", "start": 1, "format": "", "indent": 0, "version": 1, "children": [{"type": "listitem", "value": 1, "format": "", "indent": 0, "version": 1, "children": [{"mode": "normal", "text": "La falta de recursos, tanto acadmicos como emocionales.", "type": "text", "style": "", "detail": 0, "format": 0, "version": 1}], "direction": null}, {"type": "listitem", "value": 2, "format": "", "indent": 0, "version": 1, "children": [{"mode": "normal", "text": "La gestin con familias, docentes y equipo directivo.", "type": "text", "style": "", "detail": 0, "format": 0, "version": 1}], "direction": null}, {"type": "listitem", "value": 3, "format": "", "indent": 0, "version": 1, "children": [{"mode": "normal", "text": "La falta de apoyo y acompaamiento al profesorado.", "type": "text", "style": "", "detail": 0, "format": 0, "version": 1}], "direction": null}], "listType": "number", "direction": null}, {"type": "paragraph", "format": "", "indent": 0, "version": 1, "children": [{"mode": "normal", "text": "Toda esta experiencia me llev a seguir formndome en distintas reas para ganar conocimiento, bienestar y herramientas prcticas. Siempre me ha nacido de manera espontnea ayudar y acompaar, y las injusticias que observaba a mi alrededor me hicieron comprender que la educacin debe ser tambin un motor de transformacin social.", "type": "text", "style": "", "detail": 0, "format": 0, "version": 1}], "direction": null, "textStyle": "", "textFormat": 0}], "direction": null}}	\N	reference	\N	\N	\N	default	t	-70	\N	about-first	68fb50ed398c9978e6edfe3e	sobre-mi	dark
2	765	version.layout	4875	\N	\N	t	71	t	t	{"root": {"type": "root", "format": "", "indent": 0, "version": 1, "children": [{"type": "paragraph", "format": "", "indent": 0, "version": 1, "children": [{"mode": "normal", "text": "Hoy, despus de ms de veinte aos dedicados a la educacin y al acompaamiento de ni@s y familias, decid emprender como asesora educativa y familiar. Mi labor consiste en acompaar a educadores y familias desde mi experiencia y visin, con un enfoque humano, prctico, integral y social. ", "type": "text", "style": "", "detail": 0, "format": 0, "version": 1}], "direction": null, "textStyle": "", "textFormat": 0}, {"type": "paragraph", "format": "", "indent": 0, "version": 1, "children": [{"mode": "normal", "text": "A lo largo de mi trayectoria he mantenido una formacin continua para ofrecer un acompaamiento de la mxima calidad, basado en la experiencia, el conocimiento y las mejores herramientas educativas.", "type": "text", "style": "", "detail": 0, "format": 0, "version": 1}], "direction": null, "textStyle": "", "textFormat": 0}, {"type": "paragraph", "format": "", "indent": 0, "version": 1, "children": [{"mode": "normal", "text": "Mi objetivo es que no te sientas perdid@ ni solo en este proceso tan fascinante y exigente que es educar, fomentando al mismo tiempo valores, conciencia social y la capacidad de ser agentes activos para un mundo ms equilibrado, justo y emptico para todxs.", "type": "text", "style": "", "detail": 0, "format": 0, "version": 1}], "direction": null, "textStyle": "", "textFormat": 0}], "direction": null}}	\N	reference	\N	\N	\N	default	f	-70	\N	about-second	68fb525c398c9978e6edfe40	sobre-mi	dark
3	765	version.layout	4876	f		t	107	\N	t	{"doc": null, "root": {"type": "root", "format": "", "indent": 0, "version": 1, "children": [{"tag": "h2", "type": "heading", "format": "left", "indent": 0, "version": 1, "children": [{"mode": "normal", "text": "Formacin", "type": "text", "style": "", "detail": 0, "format": 0, "version": 1}], "direction": null}, {"tag": "ul", "type": "list", "start": 1, "format": "", "indent": 0, "version": 1, "children": [{"type": "listitem", "value": 1, "format": "", "indent": 0, "version": 1, "children": [{"mode": "normal", "text": "Diplomatura en Educacin Primaria", "type": "text", "style": "", "detail": 0, "format": 0, "version": 1}], "direction": null}, {"type": "listitem", "value": 2, "format": "", "indent": 0, "version": 1, "children": [{"mode": "normal", "text": "Experta en Educacin Emocional y Acompaamiento Educativo y Familiar", "type": "text", "style": "", "detail": 0, "format": 0, "version": 1}], "direction": null}, {"type": "listitem", "value": 3, "format": "", "indent": 0, "version": 1, "children": [{"mode": "normal", "text": "Disciplina Positiva para Familias", "type": "text", "style": "", "detail": 0, "format": 0, "version": 1}], "direction": null}, {"type": "listitem", "value": 4, "format": "", "indent": 0, "version": 1, "children": [{"mode": "normal", "text": "Instructora de Yoga y Mindfulness para ni@s, educador@s y familias", "type": "text", "style": "", "detail": 0, "format": 0, "version": 1}], "direction": null}, {"type": "listitem", "value": 5, "format": "", "indent": 0, "version": 1, "children": [{"mode": "normal", "text": "Coaching Infanto-Juvenil", "type": "text", "style": "", "detail": 0, "format": 0, "version": 1}], "direction": null}, {"type": "listitem", "value": 6, "format": "", "indent": 0, "version": 1, "children": [{"mode": "normal", "text": "Intervencin con Muecos Playmobil", "type": "text", "style": "", "detail": 0, "format": 0, "version": 1}], "direction": null}, {"type": "listitem", "value": 7, "format": "", "indent": 0, "version": 1, "children": [{"mode": "normal", "text": "Intervencin Estratgica en la Escuela", "type": "text", "style": "", "detail": 0, "format": 0, "version": 1}], "direction": null}, {"type": "listitem", "value": 8, "format": "", "indent": 0, "version": 1, "children": [{"mode": "normal", "text": "Tcnicas de Terapia Estratgica en Ni@s y Adolescentes", "type": "text", "style": "", "detail": 0, "format": 0, "version": 1}], "direction": null}, {"type": "listitem", "value": 9, "format": "", "indent": 0, "version": 1, "children": [{"mode": "normal", "text": "Formacin en la Tcnica de la Caja de Arena", "type": "text", "style": "", "detail": 0, "format": 0, "version": 1}], "direction": null}, {"type": "listitem", "value": 10, "format": "", "indent": 0, "version": 1, "children": [{"mode": "normal", "text": "Mediacin y Resolucin de Conflictos", "type": "text", "style": "", "detail": 0, "format": 0, "version": 1}], "direction": null}, {"type": "listitem", "value": 11, "format": "", "indent": 0, "version": 1, "children": [{"mode": "normal", "text": "Curso de Educacin Sexual", "type": "text", "style": "", "detail": 0, "format": 0, "version": 1}], "direction": null}], "listType": "bullet", "direction": null}], "direction": null}}	t	custom	t	https://d2kzarvvomoj6d.cloudfront.net/documents/ti2yt3bo8ny5izsensif.pdf	descargar Curriculum	default	t	-65	separatorWhite	about-academic	69026a07c0fe9717b5354e07	formacin	dark
4	765	version.layout	4877	f		t	109	t	t	{"root": {"type": "root", "format": "", "indent": 0, "version": 1, "children": [{"tag": "h2", "type": "heading", "format": "", "indent": 0, "version": 1, "children": [{"mode": "normal", "text": "Visin educativa ", "type": "text", "style": "", "detail": 0, "format": 0, "version": 1}], "direction": null}, {"type": "paragraph", "format": "", "indent": 0, "version": 1, "children": [{"mode": "normal", "text": "Educar Sano nace como respuesta a los retos que plantea la escuela actual, desde una mirada ms humana, emptica y consciente de que educar hoy implica tambin entender el mundo complejo en el que vivimos.", "type": "text", "style": "", "detail": 0, "format": 0, "version": 1}], "direction": null, "textStyle": "", "textFormat": 0}, {"type": "paragraph", "format": "", "indent": 0, "version": 1, "children": [{"mode": "normal", "text": "Creemos que la educacin debe ser un espacio de bienestar compartido para el alumnado, el profesorado y las familias donde la empata, el cuidado y la conciencia social estn en el centro.", "type": "text", "style": "", "detail": 0, "format": 0, "version": 1}], "direction": null, "textStyle": "", "textFormat": 0}, {"type": "paragraph", "format": "", "indent": 0, "version": 1, "children": [{"mode": "normal", "text": "Defendemos una escuela que respete y valore a sus docentes, garantizando condiciones laborales dignas y espacios donde puedan cuidar su salud mental y emocional.", "type": "text", "style": "", "detail": 0, "format": 0, "version": 1}, {"type": "linebreak", "version": 1}, {"mode": "normal", "text": "Tambin apostamos por una conciliacin familiar real, donde las familias puedan implicarse en la educacin sin renunciar a su equilibrio personal y profesional.", "type": "text", "style": "", "detail": 0, "format": 0, "version": 1}], "direction": null, "textStyle": "", "textFormat": 0}, {"type": "paragraph", "format": "", "indent": 0, "version": 1, "children": [{"mode": "normal", "text": "Desde ", "type": "text", "style": "", "detail": 0, "format": 0, "version": 1}, {"mode": "normal", "text": "Educar Sano", "type": "text", "style": "", "detail": 0, "format": 2, "version": 1}, {"mode": "normal", "text": " queremos acompaar a quienes sienten que educar no es solo transmitir contenidos, sino formar personas activas, crticas y comprometidas con su entorno.", "type": "text", "style": "", "detail": 0, "format": 0, "version": 1}], "direction": null, "textStyle": "", "textFormat": 0}, {"type": "paragraph", "format": "", "indent": 0, "version": 1, "children": [{"mode": "normal", "text": "Educar es el reflejo de la sociedad. Por tanto, dediqumosle el rigor, la importancia y la vala que tiene.", "type": "text", "style": "", "detail": 0, "format": 0, "version": 1}], "direction": null, "textStyle": "", "textFormat": 0}, {"type": "paragraph", "format": "", "indent": 0, "version": 1, "children": [{"mode": "normal", "text": "Mi objetivo es que no te sientas perdid@ ni solo en este proceso tan fascinante y exigente que es educar, fomentando al mismo tiempo valores, conciencia social y la capacidad de ser agentes activos para un mundo ms equilibrado, justo y emptico para todxs.", "type": "text", "style": "", "detail": 0, "format": 0, "version": 1}], "direction": null, "textStyle": "", "textFormat": 0}], "direction": null}}	\N	reference	\N	\N	\N	default	t	-80	separatorWhite	about-my-vision	690276e88a378f13385b430c	visin educativa 	dark
2	841	version.layout	4932	f	\N	\N	\N	\N	t	{"root": {"type": "root", "format": "", "indent": 0, "version": 1, "children": [{"type": "paragraph", "format": "", "indent": 0, "version": 1, "children": [{"mode": "normal", "text": "Te sientes solo/a en tu camino educativo o familiar?", "type": "text", "style": "", "detail": 0, "format": 0, "version": 1}], "direction": "ltr", "textStyle": "", "textFormat": 0}, {"type": "paragraph", "format": "", "indent": 0, "version": 1, "children": [{"mode": "normal", "text": "Quieres que tus hijos o alumnos desarrollen ", "type": "text", "style": "", "detail": 0, "format": 0, "version": 1}, {"mode": "normal", "text": "herramientas para la vida", "type": "text", "style": "", "detail": 0, "format": 1, "version": 1}, {"mode": "normal", "text": "?", "type": "text", "style": "", "detail": 0, "format": 0, "version": 1}], "direction": "ltr", "textStyle": "", "textFormat": 0}, {"type": "paragraph", "format": "", "indent": 0, "version": 1, "children": [{"mode": "normal", "text": "Buscas ", "type": "text", "style": "", "detail": 0, "format": 0, "version": 1}, {"mode": "normal", "text": "estrategias y recursos", "type": "text", "style": "", "detail": 0, "format": 1, "version": 1}, {"mode": "normal", "text": " para un aula o hogar ms humano y creativo?", "type": "text", "style": "", "detail": 0, "format": 0, "version": 1}], "direction": "ltr", "textStyle": "", "textFormat": 0}, {"type": "paragraph", "format": "", "indent": 0, "version": 1, "children": [{"mode": "normal", "text": "Quieres ", "type": "text", "style": "", "detail": 0, "format": 0, "version": 1}, {"mode": "normal", "text": "volver a creer en la educacin", "type": "text", "style": "", "detail": 0, "format": 1, "version": 1}, {"mode": "normal", "text": " y motivarte cada da?", "type": "text", "style": "", "detail": 0, "format": 0, "version": 1}], "direction": "ltr", "textStyle": "", "textFormat": 0}, {"type": "paragraph", "format": "", "indent": 0, "version": 1, "children": [{"mode": "normal", "text": "Sientes que tu entorno educativo o familiar no est funcionando como te gustara y buscas un nuevo enfoque?", "type": "text", "style": "", "detail": 0, "format": 0, "version": 1}], "direction": "ltr", "textStyle": "", "textFormat": 0}, {"type": "paragraph", "format": "", "indent": 0, "version": 1, "children": [{"mode": "normal", "text": "Te gustara ensear y acompaar desde una educacin ms ", "type": "text", "style": "", "detail": 0, "format": 0, "version": 1}, {"mode": "normal", "text": "consciente, respetuosa y socialmente responsable", "type": "text", "style": "", "detail": 0, "format": 1, "version": 1}, {"mode": "normal", "text": "?", "type": "text", "style": "", "detail": 0, "format": 0, "version": 1}], "direction": "ltr", "textStyle": "", "textFormat": 0}, {"type": "block", "fields": {"id": "68f798b375fb0ceeb6989752", "style": "info", "content": {"root": {"type": "root", "format": "", "indent": 0, "version": 1, "children": [{"type": "paragraph", "format": "", "indent": 0, "version": 1, "children": [{"mode": "normal", "text": "En Educar Sano ofrezco asesora, orientacin, formacin y herramientas prcticas a familias, educadores e instituciones educativas, para transformar la educacin en un espacio ms humano, eficaz y socialmente responsable.", "type": "text", "style": "", "detail": 0, "format": 0, "version": 1}], "direction": null, "textStyle": "", "textFormat": 0}], "direction": null}}, "blockName": "Banner", "blockType": "banner"}, "format": "", "version": 2}, {"type": "quote", "format": "", "indent": 0, "version": 1, "children": [{"mode": "normal", "text": "Transforma la educacin en un espacio humano, consciente y conectado con la sociedad. ", "type": "text", "style": "", "detail": 0, "format": 0, "version": 1}, {"mode": "normal", "text": "Yo te acompao en el camino.", "type": "text", "style": "", "detail": 0, "format": 1, "version": 1}], "direction": null}], "direction": null}}	\N	reference	\N	\N	\N	default	t	-88	separatorWhite	homeQuestions	68f79891431c43bc53390a61	Preguntas	dark
1	766	version.layout	4878	\N	\N	t	72	\N	t	{"root": {"type": "root", "format": "", "indent": 0, "version": 1, "children": [{"tag": "h2", "type": "heading", "format": "", "indent": 0, "version": 1, "children": [{"mode": "normal", "text": "QUIN SOY?", "type": "text", "style": "", "detail": 0, "format": 1, "version": 1}], "direction": null}, {"type": "paragraph", "format": "", "indent": 0, "version": 1, "children": [{"mode": "normal", "text": "Soy Ane, diplomada en educacin primaria. Desde muy pequea tuve claro que mi vocacin estaba ligada al mundo educativo. Empec muy joven a trabajar con nixs y sent desde ese momento que la docencia era mi camino.", "type": "text", "style": "", "detail": 0, "format": 0, "version": 1}], "direction": null, "textStyle": "", "textFormat": 0}, {"type": "paragraph", "format": "", "indent": 0, "version": 1, "children": [{"mode": "normal", "text": "Despus de terminar la carrera, comenc mi andadura como profesora y descubr la gran responsabilidad que implica educar. Durante mi trabajo como tutora me enfrent a diferentes dificultades y retos, te suena? Algunos de ellos fueron:", "type": "text", "style": "", "detail": 0, "format": 0, "version": 1}], "direction": null, "textStyle": "", "textFormat": 0}, {"tag": "ol", "type": "list", "start": 1, "format": "", "indent": 0, "version": 1, "children": [{"type": "listitem", "value": 1, "format": "", "indent": 0, "version": 1, "children": [{"mode": "normal", "text": "La falta de recursos, tanto acadmicos como emocionales.", "type": "text", "style": "", "detail": 0, "format": 0, "version": 1}], "direction": null}, {"type": "listitem", "value": 2, "format": "", "indent": 0, "version": 1, "children": [{"mode": "normal", "text": "La gestin con familias, docentes y equipo directivo.", "type": "text", "style": "", "detail": 0, "format": 0, "version": 1}], "direction": null}, {"type": "listitem", "value": 3, "format": "", "indent": 0, "version": 1, "children": [{"mode": "normal", "text": "La falta de apoyo y acompaamiento al profesorado.", "type": "text", "style": "", "detail": 0, "format": 0, "version": 1}], "direction": null}], "listType": "number", "direction": null}, {"type": "paragraph", "format": "", "indent": 0, "version": 1, "children": [{"mode": "normal", "text": "Toda esta experiencia me llev a seguir formndome en distintas reas para ganar conocimiento, bienestar y herramientas prcticas. Siempre me ha nacido de manera espontnea ayudar y acompaar, y las injusticias que observaba a mi alrededor me hicieron comprender que la educacin debe ser tambin un motor de transformacin social.", "type": "text", "style": "", "detail": 0, "format": 0, "version": 1}], "direction": null, "textStyle": "", "textFormat": 0}], "direction": null}}	\N	reference	\N	\N	\N	default	t	-70	\N	about-first	68fb50ed398c9978e6edfe3e	sobre-mi	dark
3	841	version.layout	4933	t	Sobre m	t	69	t	t	{"root": {"type": "root", "format": "", "indent": 0, "version": 1, "children": [{"type": "paragraph", "format": "", "indent": 0, "version": 1, "children": [{"mode": "normal", "text": "Soy Ane, diplomada en Educacin Primaria y con ms de veinte aos de experiencia acompaando a ni@s y familias. ", "type": "text", "style": "", "detail": 0, "format": 0, "version": 1}], "direction": "ltr", "textStyle": "", "textFormat": 0}, {"type": "paragraph", "format": "", "indent": 0, "version": 1, "children": [{"mode": "normal", "text": "He vivido de cerca las dificultades del mundo educativo:", "type": "text", "style": "", "detail": 0, "format": 0, "version": 1}], "direction": "ltr", "textStyle": "", "textFormat": 0}, {"tag": "ul", "type": "list", "start": 1, "format": "", "indent": 0, "version": 1, "children": [{"type": "listitem", "value": 1, "format": "", "indent": 0, "version": 1, "children": [{"mode": "normal", "text": "Falta de recursos", "type": "text", "style": "", "detail": 0, "format": 0, "version": 1}], "direction": "ltr"}, {"type": "listitem", "value": 2, "format": "", "indent": 0, "version": 1, "children": [{"mode": "normal", "text": "Falta de gestin de la convivencia ", "type": "text", "style": "", "detail": 0, "format": 0, "version": 1}], "direction": "ltr"}, {"type": "listitem", "value": 3, "format": "", "indent": 0, "version": 1, "children": [{"mode": "normal", "text": "Escasa atencin al bienestar docente y familiar ", "type": "text", "style": "", "detail": 0, "format": 0, "version": 1}], "direction": "ltr"}], "listType": "bullet", "direction": "ltr"}, {"type": "paragraph", "format": "", "indent": 0, "version": 1, "children": [{"mode": "normal", "text": "Educar Sano nace de la necesidad de entender la compleja realidad de hoy, humanizar la educacin y convertir los entornos familiares y educativos en espacios de bienestar comn.", "type": "text", "style": "", "detail": 0, "format": 0, "version": 1}], "direction": "ltr", "textStyle": "", "textFormat": 0}, {"type": "paragraph", "format": "", "indent": 0, "version": 1, "children": [{"mode": "normal", "text": "Por eso me dedico a la asesora, consultora y formacin educativa, ofreciendo un acompaamiento humano, prctico y consciente que devuelve a la educacin su papel transformador.", "type": "text", "style": "", "detail": 0, "format": 0, "version": 1}], "direction": "ltr", "textStyle": "", "textFormat": 0}], "direction": null}}	t	reference	\N	\N	Conoce mi historia completa	default	t	-90	separatorBackground	homeAbout	68f798e6431c43bc53390a63	Sobre-m	blue
2	766	version.layout	4879	\N	\N	t	71	t	t	{"root": {"type": "root", "format": "", "indent": 0, "version": 1, "children": [{"type": "paragraph", "format": "", "indent": 0, "version": 1, "children": [{"mode": "normal", "text": "Hoy, despus de ms de veinte aos dedicados a la educacin y al acompaamiento de ni@s y familias, decid emprender como asesora educativa y familiar. Mi labor consiste en acompaar a educadores y familias desde mi experiencia y visin, con un enfoque humano, prctico, integral y social. ", "type": "text", "style": "", "detail": 0, "format": 0, "version": 1}], "direction": null, "textStyle": "", "textFormat": 0}, {"type": "paragraph", "format": "", "indent": 0, "version": 1, "children": [{"mode": "normal", "text": "A lo largo de mi trayectoria he mantenido una formacin continua para ofrecer un acompaamiento de la mxima calidad, basado en la experiencia, el conocimiento y las mejores herramientas educativas.", "type": "text", "style": "", "detail": 0, "format": 0, "version": 1}], "direction": null, "textStyle": "", "textFormat": 0}, {"type": "paragraph", "format": "", "indent": 0, "version": 1, "children": [{"mode": "normal", "text": "Mi objetivo es que no te sientas perdid@ ni solo en este proceso tan fascinante y exigente que es educar, fomentando al mismo tiempo valores, conciencia social y la capacidad de ser agentes activos para un mundo ms equilibrado, justo y emptico para todxs.", "type": "text", "style": "", "detail": 0, "format": 0, "version": 1}], "direction": null, "textStyle": "", "textFormat": 0}], "direction": null}}	\N	reference	\N	\N	\N	default	f	-70	\N	about-second	68fb525c398c9978e6edfe40	sobre-mi	dark
3	766	version.layout	4880	f		t	107	\N	t	{"doc": null, "root": {"type": "root", "format": "", "indent": 0, "version": 1, "children": [{"tag": "h2", "type": "heading", "format": "left", "indent": 0, "version": 1, "children": [{"mode": "normal", "text": "Formacin", "type": "text", "style": "", "detail": 0, "format": 0, "version": 1}], "direction": null}, {"tag": "ul", "type": "list", "start": 1, "format": "", "indent": 0, "version": 1, "children": [{"type": "listitem", "value": 1, "format": "", "indent": 0, "version": 1, "children": [{"mode": "normal", "text": "Diplomatura en Educacin Primaria", "type": "text", "style": "", "detail": 0, "format": 0, "version": 1}], "direction": null}, {"type": "listitem", "value": 2, "format": "", "indent": 0, "version": 1, "children": [{"mode": "normal", "text": "Experta en Educacin Emocional y Acompaamiento Educativo y Familiar", "type": "text", "style": "", "detail": 0, "format": 0, "version": 1}], "direction": null}, {"type": "listitem", "value": 3, "format": "", "indent": 0, "version": 1, "children": [{"mode": "normal", "text": "Disciplina Positiva para Familias", "type": "text", "style": "", "detail": 0, "format": 0, "version": 1}], "direction": null}, {"type": "listitem", "value": 4, "format": "", "indent": 0, "version": 1, "children": [{"mode": "normal", "text": "Instructora de Yoga y Mindfulness para ni@s, educador@s y familias", "type": "text", "style": "", "detail": 0, "format": 0, "version": 1}], "direction": null}, {"type": "listitem", "value": 5, "format": "", "indent": 0, "version": 1, "children": [{"mode": "normal", "text": "Coaching Infanto-Juvenil", "type": "text", "style": "", "detail": 0, "format": 0, "version": 1}], "direction": null}, {"type": "listitem", "value": 6, "format": "", "indent": 0, "version": 1, "children": [{"mode": "normal", "text": "Intervencin con Muecos Playmobil", "type": "text", "style": "", "detail": 0, "format": 0, "version": 1}], "direction": null}, {"type": "listitem", "value": 7, "format": "", "indent": 0, "version": 1, "children": [{"mode": "normal", "text": "Intervencin Estratgica en la Escuela", "type": "text", "style": "", "detail": 0, "format": 0, "version": 1}], "direction": null}, {"type": "listitem", "value": 8, "format": "", "indent": 0, "version": 1, "children": [{"mode": "normal", "text": "Tcnicas de Terapia Estratgica en Ni@s y Adolescentes", "type": "text", "style": "", "detail": 0, "format": 0, "version": 1}], "direction": null}, {"type": "listitem", "value": 9, "format": "", "indent": 0, "version": 1, "children": [{"mode": "normal", "text": "Formacin en la Tcnica de la Caja de Arena", "type": "text", "style": "", "detail": 0, "format": 0, "version": 1}], "direction": null}, {"type": "listitem", "value": 10, "format": "", "indent": 0, "version": 1, "children": [{"mode": "normal", "text": "Mediacin y Resolucin de Conflictos", "type": "text", "style": "", "detail": 0, "format": 0, "version": 1}], "direction": null}, {"type": "listitem", "value": 11, "format": "", "indent": 0, "version": 1, "children": [{"mode": "normal", "text": "Curso de Educacin Sexual", "type": "text", "style": "", "detail": 0, "format": 0, "version": 1}], "direction": null}], "listType": "bullet", "direction": null}], "direction": null}}	t	custom	t	https://d2kzarvvomoj6d.cloudfront.net/documents/ti2yt3bo8ny5izsensif.pdf	descargar Curriculum	default	f	-65	separatorWhite	about-academic	69026a07c0fe9717b5354e07	formacin	dark
2	847	version.layout	4934	f	\N	\N	\N	\N	t	{"root": {"type": "root", "format": "", "indent": 0, "version": 1, "children": [{"type": "paragraph", "format": "", "indent": 0, "version": 1, "children": [{"mode": "normal", "text": "Te sientes solo/a en tu camino educativo o familiar?", "type": "text", "style": "", "detail": 0, "format": 0, "version": 1}], "direction": "ltr", "textStyle": "", "textFormat": 0}, {"type": "paragraph", "format": "", "indent": 0, "version": 1, "children": [{"mode": "normal", "text": "Quieres que tus hijos o alumnos desarrollen ", "type": "text", "style": "", "detail": 0, "format": 0, "version": 1}, {"mode": "normal", "text": "herramientas para la vida", "type": "text", "style": "", "detail": 0, "format": 1, "version": 1}, {"mode": "normal", "text": "?", "type": "text", "style": "", "detail": 0, "format": 0, "version": 1}], "direction": "ltr", "textStyle": "", "textFormat": 0}, {"type": "paragraph", "format": "", "indent": 0, "version": 1, "children": [{"mode": "normal", "text": "Buscas ", "type": "text", "style": "", "detail": 0, "format": 0, "version": 1}, {"mode": "normal", "text": "estrategias y recursos", "type": "text", "style": "", "detail": 0, "format": 1, "version": 1}, {"mode": "normal", "text": " para un aula o hogar ms humano y creativo?", "type": "text", "style": "", "detail": 0, "format": 0, "version": 1}], "direction": "ltr", "textStyle": "", "textFormat": 0}, {"type": "paragraph", "format": "", "indent": 0, "version": 1, "children": [{"mode": "normal", "text": "Quieres ", "type": "text", "style": "", "detail": 0, "format": 0, "version": 1}, {"mode": "normal", "text": "volver a creer en la educacin", "type": "text", "style": "", "detail": 0, "format": 1, "version": 1}, {"mode": "normal", "text": " y motivarte cada da?", "type": "text", "style": "", "detail": 0, "format": 0, "version": 1}], "direction": "ltr", "textStyle": "", "textFormat": 0}, {"type": "paragraph", "format": "", "indent": 0, "version": 1, "children": [{"mode": "normal", "text": "Sientes que tu entorno educativo o familiar no est funcionando como te gustara y buscas un nuevo enfoque?", "type": "text", "style": "", "detail": 0, "format": 0, "version": 1}], "direction": "ltr", "textStyle": "", "textFormat": 0}, {"type": "paragraph", "format": "", "indent": 0, "version": 1, "children": [{"mode": "normal", "text": "Te gustara ensear y acompaar desde una educacin ms ", "type": "text", "style": "", "detail": 0, "format": 0, "version": 1}, {"mode": "normal", "text": "consciente, respetuosa y socialmente responsable", "type": "text", "style": "", "detail": 0, "format": 1, "version": 1}, {"mode": "normal", "text": "?", "type": "text", "style": "", "detail": 0, "format": 0, "version": 1}], "direction": "ltr", "textStyle": "", "textFormat": 0}, {"type": "block", "fields": {"id": "68f798b375fb0ceeb6989752", "style": "info", "content": {"root": {"type": "root", "format": "", "indent": 0, "version": 1, "children": [{"type": "paragraph", "format": "", "indent": 0, "version": 1, "children": [{"mode": "normal", "text": "En Educar Sano ofrezco asesora, orientacin, formacin y herramientas prcticas a familias, educadores e instituciones educativas, para transformar la educacin en un espacio ms humano, eficaz y socialmente responsable.", "type": "text", "style": "", "detail": 0, "format": 0, "version": 1}], "direction": null, "textStyle": "", "textFormat": 0}], "direction": null}}, "blockName": "Banner", "blockType": "banner"}, "format": "", "version": 2}, {"type": "quote", "format": "", "indent": 0, "version": 1, "children": [{"mode": "normal", "text": "Transforma la educacin en un espacio humano, consciente y conectado con la sociedad. ", "type": "text", "style": "", "detail": 0, "format": 0, "version": 1}, {"mode": "normal", "text": "Yo te acompao en el camino.", "type": "text", "style": "", "detail": 0, "format": 1, "version": 1}], "direction": null}], "direction": null}}	\N	reference	\N	\N	\N	default	t	-88	separatorWhite	homeQuestions	68f79891431c43bc53390a61	Preguntas	dark
3	847	version.layout	4935	t	Sobre m	t	69	t	t	{"root": {"type": "root", "format": "", "indent": 0, "version": 1, "children": [{"type": "paragraph", "format": "", "indent": 0, "version": 1, "children": [{"mode": "normal", "text": "Soy Ane, diplomada en Educacin Primaria y con ms de veinte aos de experiencia acompaando a ni@s y familias. ", "type": "text", "style": "", "detail": 0, "format": 0, "version": 1}], "direction": "ltr", "textStyle": "", "textFormat": 0}, {"type": "paragraph", "format": "", "indent": 0, "version": 1, "children": [{"mode": "normal", "text": "He vivido de cerca las dificultades del mundo educativo:", "type": "text", "style": "", "detail": 0, "format": 0, "version": 1}], "direction": "ltr", "textStyle": "", "textFormat": 0}, {"tag": "ul", "type": "list", "start": 1, "format": "", "indent": 0, "version": 1, "children": [{"type": "listitem", "value": 1, "format": "", "indent": 0, "version": 1, "children": [{"mode": "normal", "text": "Falta de recursos", "type": "text", "style": "", "detail": 0, "format": 0, "version": 1}], "direction": "ltr"}, {"type": "listitem", "value": 2, "format": "", "indent": 0, "version": 1, "children": [{"mode": "normal", "text": "Falta de gestin de la convivencia ", "type": "text", "style": "", "detail": 0, "format": 0, "version": 1}], "direction": "ltr"}, {"type": "listitem", "value": 3, "format": "", "indent": 0, "version": 1, "children": [{"mode": "normal", "text": "Escasa atencin al bienestar docente y familiar ", "type": "text", "style": "", "detail": 0, "format": 0, "version": 1}], "direction": "ltr"}], "listType": "bullet", "direction": "ltr"}, {"type": "paragraph", "format": "", "indent": 0, "version": 1, "children": [{"mode": "normal", "text": "Educar Sano nace de la necesidad de entender la compleja realidad de hoy, humanizar la educacin y convertir los entornos familiares y educativos en espacios de bienestar comn.", "type": "text", "style": "", "detail": 0, "format": 0, "version": 1}], "direction": "ltr", "textStyle": "", "textFormat": 0}, {"type": "paragraph", "format": "", "indent": 0, "version": 1, "children": [{"mode": "normal", "text": "Por eso me dedico a la asesora, consultora y formacin educativa, ofreciendo un acompaamiento humano, prctico y consciente que devuelve a la educacin su papel transformador.", "type": "text", "style": "", "detail": 0, "format": 0, "version": 1}], "direction": "ltr", "textStyle": "", "textFormat": 0}], "direction": null}}	t	reference	\N	\N	Conoce mi historia completa	default	t	-90	separatorBackground	homeAbout	68f798e6431c43bc53390a63	Sobre-m	blue
2	848	version.layout	4936	f	\N	\N	\N	\N	t	{"root": {"type": "root", "format": "", "indent": 0, "version": 1, "children": [{"type": "paragraph", "format": "", "indent": 0, "version": 1, "children": [{"mode": "normal", "text": "Te sientes solo/a en tu camino educativo o familiar?", "type": "text", "style": "", "detail": 0, "format": 0, "version": 1}], "direction": "ltr", "textStyle": "", "textFormat": 0}, {"type": "paragraph", "format": "", "indent": 0, "version": 1, "children": [{"mode": "normal", "text": "Quieres que tus hijos o alumnos desarrollen ", "type": "text", "style": "", "detail": 0, "format": 0, "version": 1}, {"mode": "normal", "text": "herramientas para la vida", "type": "text", "style": "", "detail": 0, "format": 1, "version": 1}, {"mode": "normal", "text": "?", "type": "text", "style": "", "detail": 0, "format": 0, "version": 1}], "direction": "ltr", "textStyle": "", "textFormat": 0}, {"type": "paragraph", "format": "", "indent": 0, "version": 1, "children": [{"mode": "normal", "text": "Buscas ", "type": "text", "style": "", "detail": 0, "format": 0, "version": 1}, {"mode": "normal", "text": "estrategias y recursos", "type": "text", "style": "", "detail": 0, "format": 1, "version": 1}, {"mode": "normal", "text": " para un aula o hogar ms humano y creativo?", "type": "text", "style": "", "detail": 0, "format": 0, "version": 1}], "direction": "ltr", "textStyle": "", "textFormat": 0}, {"type": "paragraph", "format": "", "indent": 0, "version": 1, "children": [{"mode": "normal", "text": "Quieres ", "type": "text", "style": "", "detail": 0, "format": 0, "version": 1}, {"mode": "normal", "text": "volver a creer en la educacin", "type": "text", "style": "", "detail": 0, "format": 1, "version": 1}, {"mode": "normal", "text": " y motivarte cada da?", "type": "text", "style": "", "detail": 0, "format": 0, "version": 1}], "direction": "ltr", "textStyle": "", "textFormat": 0}, {"type": "paragraph", "format": "", "indent": 0, "version": 1, "children": [{"mode": "normal", "text": "Sientes que tu entorno educativo o familiar no est funcionando como te gustara y buscas un nuevo enfoque?", "type": "text", "style": "", "detail": 0, "format": 0, "version": 1}], "direction": "ltr", "textStyle": "", "textFormat": 0}, {"type": "paragraph", "format": "", "indent": 0, "version": 1, "children": [{"mode": "normal", "text": "Te gustara ensear y acompaar desde una educacin ms ", "type": "text", "style": "", "detail": 0, "format": 0, "version": 1}, {"mode": "normal", "text": "consciente, respetuosa y socialmente responsable", "type": "text", "style": "", "detail": 0, "format": 1, "version": 1}, {"mode": "normal", "text": "?", "type": "text", "style": "", "detail": 0, "format": 0, "version": 1}], "direction": "ltr", "textStyle": "", "textFormat": 0}, {"type": "block", "fields": {"id": "68f798b375fb0ceeb6989752", "style": "info", "content": {"root": {"type": "root", "format": "", "indent": 0, "version": 1, "children": [{"type": "paragraph", "format": "", "indent": 0, "version": 1, "children": [{"mode": "normal", "text": "En Educar Sano ofrezco asesora, orientacin, formacin y herramientas prcticas a familias, educadores e instituciones educativas, para transformar la educacin en un espacio ms humano, eficaz y socialmente responsable.", "type": "text", "style": "", "detail": 0, "format": 0, "version": 1}], "direction": null, "textStyle": "", "textFormat": 0}], "direction": null}}, "blockName": "Banner", "blockType": "banner"}, "format": "", "version": 2}, {"type": "quote", "format": "", "indent": 0, "version": 1, "children": [{"mode": "normal", "text": "Transforma la educacin en un espacio humano, consciente y conectado con la sociedad. ", "type": "text", "style": "", "detail": 0, "format": 0, "version": 1}, {"mode": "normal", "text": "Yo te acompao en el camino.", "type": "text", "style": "", "detail": 0, "format": 1, "version": 1}], "direction": null}], "direction": null}}	\N	reference	\N	\N	\N	default	t	-88	separatorWhite	homeQuestions	68f79891431c43bc53390a61	Preguntas	dark
4	766	version.layout	4881	f		t	109	t	t	{"root": {"type": "root", "format": "", "indent": 0, "version": 1, "children": [{"tag": "h2", "type": "heading", "format": "", "indent": 0, "version": 1, "children": [{"mode": "normal", "text": "Visin educativa ", "type": "text", "style": "", "detail": 0, "format": 0, "version": 1}], "direction": null}, {"type": "paragraph", "format": "", "indent": 0, "version": 1, "children": [{"mode": "normal", "text": "Educar Sano nace como respuesta a los retos que plantea la escuela actual, desde una mirada ms humana, emptica y consciente de que educar hoy implica tambin entender el mundo complejo en el que vivimos.", "type": "text", "style": "", "detail": 0, "format": 0, "version": 1}], "direction": null, "textStyle": "", "textFormat": 0}, {"type": "paragraph", "format": "", "indent": 0, "version": 1, "children": [{"mode": "normal", "text": "Creemos que la educacin debe ser un espacio de bienestar compartido para el alumnado, el profesorado y las familias donde la empata, el cuidado y la conciencia social estn en el centro.", "type": "text", "style": "", "detail": 0, "format": 0, "version": 1}], "direction": null, "textStyle": "", "textFormat": 0}, {"type": "paragraph", "format": "", "indent": 0, "version": 1, "children": [{"mode": "normal", "text": "Defendemos una escuela que respete y valore a sus docentes, garantizando condiciones laborales dignas y espacios donde puedan cuidar su salud mental y emocional.", "type": "text", "style": "", "detail": 0, "format": 0, "version": 1}, {"type": "linebreak", "version": 1}, {"mode": "normal", "text": "Tambin apostamos por una conciliacin familiar real, donde las familias puedan implicarse en la educacin sin renunciar a su equilibrio personal y profesional.", "type": "text", "style": "", "detail": 0, "format": 0, "version": 1}], "direction": null, "textStyle": "", "textFormat": 0}, {"type": "paragraph", "format": "", "indent": 0, "version": 1, "children": [{"mode": "normal", "text": "Desde ", "type": "text", "style": "", "detail": 0, "format": 0, "version": 1}, {"mode": "normal", "text": "Educar Sano", "type": "text", "style": "", "detail": 0, "format": 2, "version": 1}, {"mode": "normal", "text": " queremos acompaar a quienes sienten que educar no es solo transmitir contenidos, sino formar personas activas, crticas y comprometidas con su entorno.", "type": "text", "style": "", "detail": 0, "format": 0, "version": 1}], "direction": null, "textStyle": "", "textFormat": 0}, {"type": "paragraph", "format": "", "indent": 0, "version": 1, "children": [{"mode": "normal", "text": "Educar es el reflejo de la sociedad. Por tanto, dediqumosle el rigor, la importancia y la vala que tiene.", "type": "text", "style": "", "detail": 0, "format": 0, "version": 1}], "direction": null, "textStyle": "", "textFormat": 0}, {"type": "paragraph", "format": "", "indent": 0, "version": 1, "children": [{"mode": "normal", "text": "Mi objetivo es que no te sientas perdid@ ni solo en este proceso tan fascinante y exigente que es educar, fomentando al mismo tiempo valores, conciencia social y la capacidad de ser agentes activos para un mundo ms equilibrado, justo y emptico para todxs.", "type": "text", "style": "", "detail": 0, "format": 0, "version": 1}], "direction": null, "textStyle": "", "textFormat": 0}], "direction": null}}	\N	reference	\N	\N	\N	default	t	-80	separatorWhite	about-my-vision	690276e88a378f13385b430c	visin educativa 	dark
3	848	version.layout	4937	t	Sobre m	t	69	t	t	{"root": {"type": "root", "format": "", "indent": 0, "version": 1, "children": [{"type": "paragraph", "format": "", "indent": 0, "version": 1, "children": [{"mode": "normal", "text": "Soy Ane, diplomada en Educacin Primaria y con ms de veinte aos de experiencia acompaando a ni@s y familias. ", "type": "text", "style": "", "detail": 0, "format": 0, "version": 1}], "direction": "ltr", "textStyle": "", "textFormat": 0}, {"type": "paragraph", "format": "", "indent": 0, "version": 1, "children": [{"mode": "normal", "text": "He vivido de cerca las dificultades del mundo educativo:", "type": "text", "style": "", "detail": 0, "format": 0, "version": 1}], "direction": "ltr", "textStyle": "", "textFormat": 0}, {"tag": "ul", "type": "list", "start": 1, "format": "", "indent": 0, "version": 1, "children": [{"type": "listitem", "value": 1, "format": "", "indent": 0, "version": 1, "children": [{"mode": "normal", "text": "Falta de recursos", "type": "text", "style": "", "detail": 0, "format": 0, "version": 1}], "direction": "ltr"}, {"type": "listitem", "value": 2, "format": "", "indent": 0, "version": 1, "children": [{"mode": "normal", "text": "Falta de gestin de la convivencia ", "type": "text", "style": "", "detail": 0, "format": 0, "version": 1}], "direction": "ltr"}, {"type": "listitem", "value": 3, "format": "", "indent": 0, "version": 1, "children": [{"mode": "normal", "text": "Escasa atencin al bienestar docente y familiar ", "type": "text", "style": "", "detail": 0, "format": 0, "version": 1}], "direction": "ltr"}], "listType": "bullet", "direction": "ltr"}, {"type": "paragraph", "format": "", "indent": 0, "version": 1, "children": [{"mode": "normal", "text": "Educar Sano nace de la necesidad de entender la compleja realidad de hoy, humanizar la educacin y convertir los entornos familiares y educativos en espacios de bienestar comn.", "type": "text", "style": "", "detail": 0, "format": 0, "version": 1}], "direction": "ltr", "textStyle": "", "textFormat": 0}, {"type": "paragraph", "format": "", "indent": 0, "version": 1, "children": [{"mode": "normal", "text": "Por eso me dedico a la asesora, consultora y formacin educativa, ofreciendo un acompaamiento humano, prctico y consciente que devuelve a la educacin su papel transformador.", "type": "text", "style": "", "detail": 0, "format": 0, "version": 1}], "direction": "ltr", "textStyle": "", "textFormat": 0}], "direction": null}}	t	reference	\N	\N	Conoce mi historia completa	default	t	-90	separatorBackground	homeAbout	68f798e6431c43bc53390a63	Sobre-m	blue
2	868	version.layout	4938	f	\N	\N	\N	\N	t	{"root": {"type": "root", "format": "", "indent": 0, "version": 1, "children": [{"type": "paragraph", "format": "", "indent": 0, "version": 1, "children": [{"mode": "normal", "text": "Te sientes solo/a en tu camino educativo o familiar?", "type": "text", "style": "", "detail": 0, "format": 0, "version": 1}], "direction": "ltr", "textStyle": "", "textFormat": 0}, {"type": "paragraph", "format": "", "indent": 0, "version": 1, "children": [{"mode": "normal", "text": "Quieres que tus hijos o alumnos desarrollen ", "type": "text", "style": "", "detail": 0, "format": 0, "version": 1}, {"mode": "normal", "text": "herramientas para la vida", "type": "text", "style": "", "detail": 0, "format": 1, "version": 1}, {"mode": "normal", "text": "?", "type": "text", "style": "", "detail": 0, "format": 0, "version": 1}], "direction": "ltr", "textStyle": "", "textFormat": 0}, {"type": "paragraph", "format": "", "indent": 0, "version": 1, "children": [{"mode": "normal", "text": "Buscas ", "type": "text", "style": "", "detail": 0, "format": 0, "version": 1}, {"mode": "normal", "text": "estrategias y recursos", "type": "text", "style": "", "detail": 0, "format": 1, "version": 1}, {"mode": "normal", "text": " para un aula o hogar ms humano y creativo?", "type": "text", "style": "", "detail": 0, "format": 0, "version": 1}], "direction": "ltr", "textStyle": "", "textFormat": 0}, {"type": "paragraph", "format": "", "indent": 0, "version": 1, "children": [{"mode": "normal", "text": "Quieres ", "type": "text", "style": "", "detail": 0, "format": 0, "version": 1}, {"mode": "normal", "text": "volver a creer en la educacin", "type": "text", "style": "", "detail": 0, "format": 1, "version": 1}, {"mode": "normal", "text": " y motivarte cada da?", "type": "text", "style": "", "detail": 0, "format": 0, "version": 1}], "direction": "ltr", "textStyle": "", "textFormat": 0}, {"type": "paragraph", "format": "", "indent": 0, "version": 1, "children": [{"mode": "normal", "text": "Sientes que tu entorno educativo o familiar no est funcionando como te gustara y buscas un nuevo enfoque?", "type": "text", "style": "", "detail": 0, "format": 0, "version": 1}], "direction": "ltr", "textStyle": "", "textFormat": 0}, {"type": "paragraph", "format": "", "indent": 0, "version": 1, "children": [{"mode": "normal", "text": "Te gustara ensear y acompaar desde una educacin ms ", "type": "text", "style": "", "detail": 0, "format": 0, "version": 1}, {"mode": "normal", "text": "consciente, respetuosa y socialmente responsable", "type": "text", "style": "", "detail": 0, "format": 1, "version": 1}, {"mode": "normal", "text": "?", "type": "text", "style": "", "detail": 0, "format": 0, "version": 1}], "direction": "ltr", "textStyle": "", "textFormat": 0}, {"type": "block", "fields": {"id": "68f798b375fb0ceeb6989752", "style": "info", "content": {"root": {"type": "root", "format": "", "indent": 0, "version": 1, "children": [{"type": "paragraph", "format": "", "indent": 0, "version": 1, "children": [{"mode": "normal", "text": "En Educar Sano ofrezco asesora, orientacin, formacin y herramientas prcticas a familias, educadores e instituciones educativas, para transformar la educacin en un espacio ms humano, eficaz y socialmente responsable.", "type": "text", "style": "", "detail": 0, "format": 0, "version": 1}], "direction": null, "textStyle": "", "textFormat": 0}], "direction": null}}, "blockName": "Banner", "blockType": "banner"}, "format": "", "version": 2}, {"type": "quote", "format": "", "indent": 0, "version": 1, "children": [{"mode": "normal", "text": "Transforma la educacin en un espacio humano, consciente y conectado con la sociedad. ", "type": "text", "style": "", "detail": 0, "format": 0, "version": 1}, {"mode": "normal", "text": "Yo te acompao en el camino.", "type": "text", "style": "", "detail": 0, "format": 1, "version": 1}], "direction": null}], "direction": null}}	\N	reference	\N	\N	\N	default	t	-88	separatorWhite	homeQuestions	68f79891431c43bc53390a61	Preguntas	dark
3	868	version.layout	4939	t	Sobre m	t	69	t	t	{"root": {"type": "root", "format": "", "indent": 0, "version": 1, "children": [{"type": "paragraph", "format": "", "indent": 0, "version": 1, "children": [{"mode": "normal", "text": "Soy Ane, diplomada en Educacin Primaria y con ms de veinte aos de experiencia acompaando a ni@s y familias. ", "type": "text", "style": "", "detail": 0, "format": 0, "version": 1}], "direction": "ltr", "textStyle": "", "textFormat": 0}, {"type": "paragraph", "format": "", "indent": 0, "version": 1, "children": [{"mode": "normal", "text": "He vivido de cerca las dificultades del mundo educativo:", "type": "text", "style": "", "detail": 0, "format": 0, "version": 1}], "direction": "ltr", "textStyle": "", "textFormat": 0}, {"tag": "ul", "type": "list", "start": 1, "format": "", "indent": 0, "version": 1, "children": [{"type": "listitem", "value": 1, "format": "", "indent": 0, "version": 1, "children": [{"mode": "normal", "text": "Falta de recursos", "type": "text", "style": "", "detail": 0, "format": 0, "version": 1}], "direction": "ltr"}, {"type": "listitem", "value": 2, "format": "", "indent": 0, "version": 1, "children": [{"mode": "normal", "text": "Falta de gestin de la convivencia ", "type": "text", "style": "", "detail": 0, "format": 0, "version": 1}], "direction": "ltr"}, {"type": "listitem", "value": 3, "format": "", "indent": 0, "version": 1, "children": [{"mode": "normal", "text": "Escasa atencin al bienestar docente y familiar ", "type": "text", "style": "", "detail": 0, "format": 0, "version": 1}], "direction": "ltr"}], "listType": "bullet", "direction": "ltr"}, {"type": "paragraph", "format": "", "indent": 0, "version": 1, "children": [{"mode": "normal", "text": "Educar Sano nace de la necesidad de entender la compleja realidad de hoy, humanizar la educacin y convertir los entornos familiares y educativos en espacios de bienestar comn.", "type": "text", "style": "", "detail": 0, "format": 0, "version": 1}], "direction": "ltr", "textStyle": "", "textFormat": 0}, {"type": "paragraph", "format": "", "indent": 0, "version": 1, "children": [{"mode": "normal", "text": "Por eso me dedico a la asesora, consultora y formacin educativa, ofreciendo un acompaamiento humano, prctico y consciente que devuelve a la educacin su papel transformador.", "type": "text", "style": "", "detail": 0, "format": 0, "version": 1}], "direction": "ltr", "textStyle": "", "textFormat": 0}], "direction": null}}	t	reference	\N	\N	Conoce mi historia completa	default	t	-90	separatorBackground	homeAbout	68f798e6431c43bc53390a63	Sobre-m	blue
1	767	version.layout	4882	\N	\N	t	72	\N	t	{"root": {"type": "root", "format": "", "indent": 0, "version": 1, "children": [{"tag": "h2", "type": "heading", "format": "", "indent": 0, "version": 1, "children": [{"mode": "normal", "text": "QUIN SOY?", "type": "text", "style": "", "detail": 0, "format": 1, "version": 1}], "direction": null}, {"type": "paragraph", "format": "", "indent": 0, "version": 1, "children": [{"mode": "normal", "text": "Soy Ane, diplomada en educacin primaria. Desde muy pequea tuve claro que mi vocacin estaba ligada al mundo educativo. Empec muy joven a trabajar con nixs y sent desde ese momento que la docencia era mi camino.", "type": "text", "style": "", "detail": 0, "format": 0, "version": 1}], "direction": null, "textStyle": "", "textFormat": 0}, {"type": "paragraph", "format": "", "indent": 0, "version": 1, "children": [{"mode": "normal", "text": "Despus de terminar la carrera, comenc mi andadura como profesora y descubr la gran responsabilidad que implica educar. Durante mi trabajo como tutora me enfrent a diferentes dificultades y retos, te suena? Algunos de ellos fueron:", "type": "text", "style": "", "detail": 0, "format": 0, "version": 1}], "direction": null, "textStyle": "", "textFormat": 0}, {"tag": "ol", "type": "list", "start": 1, "format": "", "indent": 0, "version": 1, "children": [{"type": "listitem", "value": 1, "format": "", "indent": 0, "version": 1, "children": [{"mode": "normal", "text": "La falta de recursos, tanto acadmicos como emocionales.", "type": "text", "style": "", "detail": 0, "format": 0, "version": 1}], "direction": null}, {"type": "listitem", "value": 2, "format": "", "indent": 0, "version": 1, "children": [{"mode": "normal", "text": "La gestin con familias, docentes y equipo directivo.", "type": "text", "style": "", "detail": 0, "format": 0, "version": 1}], "direction": null}, {"type": "listitem", "value": 3, "format": "", "indent": 0, "version": 1, "children": [{"mode": "normal", "text": "La falta de apoyo y acompaamiento al profesorado.", "type": "text", "style": "", "detail": 0, "format": 0, "version": 1}], "direction": null}], "listType": "number", "direction": null}, {"type": "paragraph", "format": "", "indent": 0, "version": 1, "children": [{"mode": "normal", "text": "Toda esta experiencia me llev a seguir formndome en distintas reas para ganar conocimiento, bienestar y herramientas prcticas. Siempre me ha nacido de manera espontnea ayudar y acompaar, y las injusticias que observaba a mi alrededor me hicieron comprender que la educacin debe ser tambin un motor de transformacin social.", "type": "text", "style": "", "detail": 0, "format": 0, "version": 1}], "direction": null, "textStyle": "", "textFormat": 0}], "direction": null}}	\N	reference	\N	\N	\N	default	t	-70	\N	about-first	68fb50ed398c9978e6edfe3e	sobre-mi	dark
2	767	version.layout	4883	\N	\N	t	71	t	t	{"root": {"type": "root", "format": "", "indent": 0, "version": 1, "children": [{"type": "paragraph", "format": "", "indent": 0, "version": 1, "children": [{"mode": "normal", "text": "Hoy, despus de ms de veinte aos dedicados a la educacin y al acompaamiento de ni@s y familias, decid emprender como asesora educativa y familiar. Mi labor consiste en acompaar a educadores y familias desde mi experiencia y visin, con un enfoque humano, prctico, integral y social. ", "type": "text", "style": "", "detail": 0, "format": 0, "version": 1}], "direction": null, "textStyle": "", "textFormat": 0}, {"type": "paragraph", "format": "", "indent": 0, "version": 1, "children": [{"mode": "normal", "text": "A lo largo de mi trayectoria he mantenido una formacin continua para ofrecer un acompaamiento de la mxima calidad, basado en la experiencia, el conocimiento y las mejores herramientas educativas.", "type": "text", "style": "", "detail": 0, "format": 0, "version": 1}], "direction": null, "textStyle": "", "textFormat": 0}, {"type": "paragraph", "format": "", "indent": 0, "version": 1, "children": [{"mode": "normal", "text": "Mi objetivo es que no te sientas perdid@ ni solo en este proceso tan fascinante y exigente que es educar, fomentando al mismo tiempo valores, conciencia social y la capacidad de ser agentes activos para un mundo ms equilibrado, justo y emptico para todxs.", "type": "text", "style": "", "detail": 0, "format": 0, "version": 1}], "direction": null, "textStyle": "", "textFormat": 0}], "direction": null}}	\N	reference	\N	\N	\N	default	f	-70	\N	about-second	68fb525c398c9978e6edfe40	sobre-mi	dark
3	767	version.layout	4884	f		t	107	\N	t	{"doc": null, "root": {"type": "root", "format": "", "indent": 0, "version": 1, "children": [{"tag": "h2", "type": "heading", "format": "left", "indent": 0, "version": 1, "children": [{"mode": "normal", "text": "Formacin", "type": "text", "style": "", "detail": 0, "format": 0, "version": 1}], "direction": null}, {"tag": "ul", "type": "list", "start": 1, "format": "", "indent": 0, "version": 1, "children": [{"type": "listitem", "value": 1, "format": "", "indent": 0, "version": 1, "children": [{"mode": "normal", "text": "Diplomatura en Educacin Primaria", "type": "text", "style": "", "detail": 0, "format": 0, "version": 1}], "direction": null}, {"type": "listitem", "value": 2, "format": "", "indent": 0, "version": 1, "children": [{"mode": "normal", "text": "Experta en Educacin Emocional y Acompaamiento Educativo y Familiar", "type": "text", "style": "", "detail": 0, "format": 0, "version": 1}], "direction": null}, {"type": "listitem", "value": 3, "format": "", "indent": 0, "version": 1, "children": [{"mode": "normal", "text": "Disciplina Positiva para Familias", "type": "text", "style": "", "detail": 0, "format": 0, "version": 1}], "direction": null}, {"type": "listitem", "value": 4, "format": "", "indent": 0, "version": 1, "children": [{"mode": "normal", "text": "Instructora de Yoga y Mindfulness para ni@s, educador@s y familias", "type": "text", "style": "", "detail": 0, "format": 0, "version": 1}], "direction": null}, {"type": "listitem", "value": 5, "format": "", "indent": 0, "version": 1, "children": [{"mode": "normal", "text": "Coaching Infanto-Juvenil", "type": "text", "style": "", "detail": 0, "format": 0, "version": 1}], "direction": null}, {"type": "listitem", "value": 6, "format": "", "indent": 0, "version": 1, "children": [{"mode": "normal", "text": "Intervencin con Muecos Playmobil", "type": "text", "style": "", "detail": 0, "format": 0, "version": 1}], "direction": null}, {"type": "listitem", "value": 7, "format": "", "indent": 0, "version": 1, "children": [{"mode": "normal", "text": "Intervencin Estratgica en la Escuela", "type": "text", "style": "", "detail": 0, "format": 0, "version": 1}], "direction": null}, {"type": "listitem", "value": 8, "format": "", "indent": 0, "version": 1, "children": [{"mode": "normal", "text": "Tcnicas de Terapia Estratgica en Ni@s y Adolescentes", "type": "text", "style": "", "detail": 0, "format": 0, "version": 1}], "direction": null}, {"type": "listitem", "value": 9, "format": "", "indent": 0, "version": 1, "children": [{"mode": "normal", "text": "Formacin en la Tcnica de la Caja de Arena", "type": "text", "style": "", "detail": 0, "format": 0, "version": 1}], "direction": null}, {"type": "listitem", "value": 10, "format": "", "indent": 0, "version": 1, "children": [{"mode": "normal", "text": "Mediacin y Resolucin de Conflictos", "type": "text", "style": "", "detail": 0, "format": 0, "version": 1}], "direction": null}, {"type": "listitem", "value": 11, "format": "", "indent": 0, "version": 1, "children": [{"mode": "normal", "text": "Curso de Educacin Sexual", "type": "text", "style": "", "detail": 0, "format": 0, "version": 1}], "direction": null}], "listType": "bullet", "direction": null}], "direction": null}}	t	custom	t	https://d2kzarvvomoj6d.cloudfront.net/documents/ti2yt3bo8ny5izsensif.pdf	descargar Curriculum	default	f	-65	separatorBackground	about-academic	69026a07c0fe9717b5354e07	formacin	dark
1	869	version.layout	4940	\N	\N	t	72	\N	t	{"root": {"type": "root", "format": "", "indent": 0, "version": 1, "children": [{"tag": "h2", "type": "heading", "format": "", "indent": 0, "version": 1, "children": [{"mode": "normal", "text": "QUIN SOY?", "type": "text", "style": "", "detail": 0, "format": 1, "version": 1}], "direction": null}, {"type": "paragraph", "format": "", "indent": 0, "version": 1, "children": [{"mode": "normal", "text": "Soy Ane, diplomada en educacin primaria. Desde muy pequea tuve claro que mi vocacin estaba ligada al mundo educativo. Empec muy joven a trabajar con nixs y sent desde ese momento que la docencia era mi camino.", "type": "text", "style": "", "detail": 0, "format": 0, "version": 1}], "direction": null, "textStyle": "", "textFormat": 0}, {"type": "paragraph", "format": "", "indent": 0, "version": 1, "children": [{"mode": "normal", "text": "Despus de terminar la carrera, comenc mi andadura como profesora y descubr la gran responsabilidad que implica educar. Durante mi trabajo como tutora me enfrent a diferentes dificultades y retos, te suena? Algunos de ellos fueron:", "type": "text", "style": "", "detail": 0, "format": 0, "version": 1}], "direction": null, "textStyle": "", "textFormat": 0}, {"tag": "ol", "type": "list", "start": 1, "format": "", "indent": 0, "version": 1, "children": [{"type": "listitem", "value": 1, "format": "", "indent": 0, "version": 1, "children": [{"mode": "normal", "text": "La falta de recursos, tanto acadmicos como emocionales.", "type": "text", "style": "", "detail": 0, "format": 0, "version": 1}], "direction": null}, {"type": "listitem", "value": 2, "format": "", "indent": 0, "version": 1, "children": [{"mode": "normal", "text": "La gestin con familias, docentes y equipo directivo.", "type": "text", "style": "", "detail": 0, "format": 0, "version": 1}], "direction": null}, {"type": "listitem", "value": 3, "format": "", "indent": 0, "version": 1, "children": [{"mode": "normal", "text": "La falta de apoyo y acompaamiento al profesorado.", "type": "text", "style": "", "detail": 0, "format": 0, "version": 1}], "direction": null}], "listType": "number", "direction": null}, {"type": "paragraph", "format": "", "indent": 0, "version": 1, "children": [{"mode": "normal", "text": "Toda esta experiencia me llev a seguir formndome en distintas reas para ganar conocimiento, bienestar y herramientas prcticas. Siempre me ha nacido de manera espontnea ayudar y acompaar, y las injusticias que observaba a mi alrededor me hicieron comprender que la educacin debe ser tambin un motor de transformacin social.", "type": "text", "style": "", "detail": 0, "format": 0, "version": 1}], "direction": null, "textStyle": "", "textFormat": 0}], "direction": null}}	\N	reference	\N	\N	\N	default	f	-70	separatorBackground	about-first	68fb50ed398c9978e6edfe3e	sobre-mi	dark
4	767	version.layout	4885	f		t	109	t	t	{"root": {"type": "root", "format": "", "indent": 0, "version": 1, "children": [{"tag": "h2", "type": "heading", "format": "", "indent": 0, "version": 1, "children": [{"mode": "normal", "text": "Visin educativa ", "type": "text", "style": "", "detail": 0, "format": 0, "version": 1}], "direction": null}, {"type": "paragraph", "format": "", "indent": 0, "version": 1, "children": [{"mode": "normal", "text": "Educar Sano nace como respuesta a los retos que plantea la escuela actual, desde una mirada ms humana, emptica y consciente de que educar hoy implica tambin entender el mundo complejo en el que vivimos.", "type": "text", "style": "", "detail": 0, "format": 0, "version": 1}], "direction": null, "textStyle": "", "textFormat": 0}, {"type": "paragraph", "format": "", "indent": 0, "version": 1, "children": [{"mode": "normal", "text": "Creemos que la educacin debe ser un espacio de bienestar compartido para el alumnado, el profesorado y las familias donde la empata, el cuidado y la conciencia social estn en el centro.", "type": "text", "style": "", "detail": 0, "format": 0, "version": 1}], "direction": null, "textStyle": "", "textFormat": 0}, {"type": "paragraph", "format": "", "indent": 0, "version": 1, "children": [{"mode": "normal", "text": "Defendemos una escuela que respete y valore a sus docentes, garantizando condiciones laborales dignas y espacios donde puedan cuidar su salud mental y emocional.", "type": "text", "style": "", "detail": 0, "format": 0, "version": 1}, {"type": "linebreak", "version": 1}, {"mode": "normal", "text": "Tambin apostamos por una conciliacin familiar real, donde las familias puedan implicarse en la educacin sin renunciar a su equilibrio personal y profesional.", "type": "text", "style": "", "detail": 0, "format": 0, "version": 1}], "direction": null, "textStyle": "", "textFormat": 0}, {"type": "paragraph", "format": "", "indent": 0, "version": 1, "children": [{"mode": "normal", "text": "Desde ", "type": "text", "style": "", "detail": 0, "format": 0, "version": 1}, {"mode": "normal", "text": "Educar Sano", "type": "text", "style": "", "detail": 0, "format": 2, "version": 1}, {"mode": "normal", "text": " queremos acompaar a quienes sienten que educar no es solo transmitir contenidos, sino formar personas activas, crticas y comprometidas con su entorno.", "type": "text", "style": "", "detail": 0, "format": 0, "version": 1}], "direction": null, "textStyle": "", "textFormat": 0}, {"type": "paragraph", "format": "", "indent": 0, "version": 1, "children": [{"mode": "normal", "text": "Educar es el reflejo de la sociedad. Por tanto, dediqumosle el rigor, la importancia y la vala que tiene.", "type": "text", "style": "", "detail": 0, "format": 0, "version": 1}], "direction": null, "textStyle": "", "textFormat": 0}, {"type": "paragraph", "format": "", "indent": 0, "version": 1, "children": [{"mode": "normal", "text": "Mi objetivo es que no te sientas perdid@ ni solo en este proceso tan fascinante y exigente que es educar, fomentando al mismo tiempo valores, conciencia social y la capacidad de ser agentes activos para un mundo ms equilibrado, justo y emptico para todxs.", "type": "text", "style": "", "detail": 0, "format": 0, "version": 1}], "direction": null, "textStyle": "", "textFormat": 0}], "direction": null}}	\N	reference	\N	\N	\N	default	t	-80	separatorWhite	about-my-vision	690276e88a378f13385b430c	visin educativa 	dark
2	869	version.layout	4941	\N	\N	t	71	t	t	{"root": {"type": "root", "format": "", "indent": 0, "version": 1, "children": [{"type": "paragraph", "format": "", "indent": 0, "version": 1, "children": [{"mode": "normal", "text": "Hoy, despus de ms de veinte aos dedicados a la educacin y al acompaamiento de ni@s y familias, decid emprender como asesora educativa y familiar. Mi labor consiste en acompaar a educadores y familias desde mi experiencia y visin, con un enfoque humano, prctico, integral y social. ", "type": "text", "style": "", "detail": 0, "format": 0, "version": 1}], "direction": null, "textStyle": "", "textFormat": 0}, {"type": "paragraph", "format": "", "indent": 0, "version": 1, "children": [{"mode": "normal", "text": "A lo largo de mi trayectoria he mantenido una formacin continua para ofrecer un acompaamiento de la mxima calidad, basado en la experiencia, el conocimiento y las mejores herramientas educativas.", "type": "text", "style": "", "detail": 0, "format": 0, "version": 1}], "direction": null, "textStyle": "", "textFormat": 0}, {"type": "paragraph", "format": "", "indent": 0, "version": 1, "children": [{"mode": "normal", "text": "Mi objetivo es que no te sientas perdid@ ni solo en este proceso tan fascinante y exigente que es educar, fomentando al mismo tiempo valores, conciencia social y la capacidad de ser agentes activos para un mundo ms equilibrado, justo y emptico para todxs.", "type": "text", "style": "", "detail": 0, "format": 0, "version": 1}], "direction": null, "textStyle": "", "textFormat": 0}], "direction": null}}	\N	reference	\N	\N	\N	default	f	-70	\N	about-second	68fb525c398c9978e6edfe40	sobre-mi	dark
3	869	version.layout	4942	f		t	107	\N	t	{"doc": null, "root": {"type": "root", "format": "", "indent": 0, "version": 1, "children": [{"tag": "h2", "type": "heading", "format": "left", "indent": 0, "version": 1, "children": [{"mode": "normal", "text": "Formacin", "type": "text", "style": "", "detail": 0, "format": 0, "version": 1}], "direction": null}, {"tag": "ul", "type": "list", "start": 1, "format": "", "indent": 0, "version": 1, "children": [{"type": "listitem", "value": 1, "format": "", "indent": 0, "version": 1, "children": [{"mode": "normal", "text": "Diplomatura en Educacin Primaria", "type": "text", "style": "", "detail": 0, "format": 0, "version": 1}], "direction": null}, {"type": "listitem", "value": 2, "format": "", "indent": 0, "version": 1, "children": [{"mode": "normal", "text": "Experta en Educacin Emocional y Acompaamiento Educativo y Familiar", "type": "text", "style": "", "detail": 0, "format": 0, "version": 1}], "direction": null}, {"type": "listitem", "value": 3, "format": "", "indent": 0, "version": 1, "children": [{"mode": "normal", "text": "Disciplina Positiva para Familias", "type": "text", "style": "", "detail": 0, "format": 0, "version": 1}], "direction": null}, {"type": "listitem", "value": 4, "format": "", "indent": 0, "version": 1, "children": [{"mode": "normal", "text": "Instructora de Yoga y Mindfulness para ni@s, educador@s y familias", "type": "text", "style": "", "detail": 0, "format": 0, "version": 1}], "direction": null}, {"type": "listitem", "value": 5, "format": "", "indent": 0, "version": 1, "children": [{"mode": "normal", "text": "Coaching Infanto-Juvenil", "type": "text", "style": "", "detail": 0, "format": 0, "version": 1}], "direction": null}, {"type": "listitem", "value": 6, "format": "", "indent": 0, "version": 1, "children": [{"mode": "normal", "text": "Intervencin con Muecos Playmobil", "type": "text", "style": "", "detail": 0, "format": 0, "version": 1}], "direction": null}, {"type": "listitem", "value": 7, "format": "", "indent": 0, "version": 1, "children": [{"mode": "normal", "text": "Intervencin Estratgica en la Escuela", "type": "text", "style": "", "detail": 0, "format": 0, "version": 1}], "direction": null}, {"type": "listitem", "value": 8, "format": "", "indent": 0, "version": 1, "children": [{"mode": "normal", "text": "Tcnicas de Terapia Estratgica en Ni@s y Adolescentes", "type": "text", "style": "", "detail": 0, "format": 0, "version": 1}], "direction": null}, {"type": "listitem", "value": 9, "format": "", "indent": 0, "version": 1, "children": [{"mode": "normal", "text": "Formacin en la Tcnica de la Caja de Arena", "type": "text", "style": "", "detail": 0, "format": 0, "version": 1}], "direction": null}, {"type": "listitem", "value": 10, "format": "", "indent": 0, "version": 1, "children": [{"mode": "normal", "text": "Mediacin y Resolucin de Conflictos", "type": "text", "style": "", "detail": 0, "format": 0, "version": 1}], "direction": null}, {"type": "listitem", "value": 11, "format": "", "indent": 0, "version": 1, "children": [{"mode": "normal", "text": "Curso de Educacin Sexual", "type": "text", "style": "", "detail": 0, "format": 0, "version": 1}], "direction": null}], "listType": "bullet", "direction": null}], "direction": null}}	t	custom	t	https://d2kzarvvomoj6d.cloudfront.net/documents/ti2yt3bo8ny5izsensif.pdf	descargar Curriculum	default	f	-65	separatorBackground	about-academic	69026a07c0fe9717b5354e07	formacin	dark
4	869	version.layout	4943	f		t	109	t	t	{"root": {"type": "root", "format": "", "indent": 0, "version": 1, "children": [{"tag": "h2", "type": "heading", "format": "", "indent": 0, "version": 1, "children": [{"mode": "normal", "text": "Visin educativa ", "type": "text", "style": "", "detail": 0, "format": 0, "version": 1}], "direction": null}, {"type": "paragraph", "format": "", "indent": 0, "version": 1, "children": [{"mode": "normal", "text": "Educar Sano nace como respuesta a los retos que plantea la escuela actual, desde una mirada ms humana, emptica y consciente de que educar hoy implica tambin entender el mundo complejo en el que vivimos.", "type": "text", "style": "", "detail": 0, "format": 0, "version": 1}], "direction": null, "textStyle": "", "textFormat": 0}, {"type": "paragraph", "format": "", "indent": 0, "version": 1, "children": [{"mode": "normal", "text": "Creemos que la educacin debe ser un espacio de bienestar compartido para el alumnado, el profesorado y las familias donde la empata, el cuidado y la conciencia social estn en el centro.", "type": "text", "style": "", "detail": 0, "format": 0, "version": 1}], "direction": null, "textStyle": "", "textFormat": 0}, {"type": "paragraph", "format": "", "indent": 0, "version": 1, "children": [{"mode": "normal", "text": "Defendemos una escuela que respete y valore a sus docentes, garantizando condiciones laborales dignas y espacios donde puedan cuidar su salud mental y emocional.", "type": "text", "style": "", "detail": 0, "format": 0, "version": 1}, {"type": "linebreak", "version": 1}, {"mode": "normal", "text": "Tambin apostamos por una conciliacin familiar real, donde las familias puedan implicarse en la educacin sin renunciar a su equilibrio personal y profesional.", "type": "text", "style": "", "detail": 0, "format": 0, "version": 1}], "direction": null, "textStyle": "", "textFormat": 0}, {"type": "paragraph", "format": "", "indent": 0, "version": 1, "children": [{"mode": "normal", "text": "Desde ", "type": "text", "style": "", "detail": 0, "format": 0, "version": 1}, {"mode": "normal", "text": "Educar Sano", "type": "text", "style": "", "detail": 0, "format": 2, "version": 1}, {"mode": "normal", "text": " queremos acompaar a quienes sienten que educar no es solo transmitir contenidos, sino formar personas activas, crticas y comprometidas con su entorno.", "type": "text", "style": "", "detail": 0, "format": 0, "version": 1}], "direction": null, "textStyle": "", "textFormat": 0}, {"type": "paragraph", "format": "", "indent": 0, "version": 1, "children": [{"mode": "normal", "text": "Educar es el reflejo de la sociedad. Por tanto, dediqumosle el rigor, la importancia y la vala que tiene.", "type": "text", "style": "", "detail": 0, "format": 0, "version": 1}], "direction": null, "textStyle": "", "textFormat": 0}, {"type": "paragraph", "format": "", "indent": 0, "version": 1, "children": [{"mode": "normal", "text": "Mi objetivo es que no te sientas perdid@ ni solo en este proceso tan fascinante y exigente que es educar, fomentando al mismo tiempo valores, conciencia social y la capacidad de ser agentes activos para un mundo ms equilibrado, justo y emptico para todxs.", "type": "text", "style": "", "detail": 0, "format": 0, "version": 1}], "direction": null, "textStyle": "", "textFormat": 0}], "direction": null}}	\N	reference	\N	\N	\N	default	f	-80	separatorWhite	about-my-vision	690276e88a378f13385b430c	visin educativa 	dark
1	768	version.layout	4886	\N	\N	t	72	\N	t	{"root": {"type": "root", "format": "", "indent": 0, "version": 1, "children": [{"tag": "h2", "type": "heading", "format": "", "indent": 0, "version": 1, "children": [{"mode": "normal", "text": "QUIN SOY?", "type": "text", "style": "", "detail": 0, "format": 1, "version": 1}], "direction": null}, {"type": "paragraph", "format": "", "indent": 0, "version": 1, "children": [{"mode": "normal", "text": "Soy Ane, diplomada en educacin primaria. Desde muy pequea tuve claro que mi vocacin estaba ligada al mundo educativo. Empec muy joven a trabajar con nixs y sent desde ese momento que la docencia era mi camino.", "type": "text", "style": "", "detail": 0, "format": 0, "version": 1}], "direction": null, "textStyle": "", "textFormat": 0}, {"type": "paragraph", "format": "", "indent": 0, "version": 1, "children": [{"mode": "normal", "text": "Despus de terminar la carrera, comenc mi andadura como profesora y descubr la gran responsabilidad que implica educar. Durante mi trabajo como tutora me enfrent a diferentes dificultades y retos, te suena? Algunos de ellos fueron:", "type": "text", "style": "", "detail": 0, "format": 0, "version": 1}], "direction": null, "textStyle": "", "textFormat": 0}, {"tag": "ol", "type": "list", "start": 1, "format": "", "indent": 0, "version": 1, "children": [{"type": "listitem", "value": 1, "format": "", "indent": 0, "version": 1, "children": [{"mode": "normal", "text": "La falta de recursos, tanto acadmicos como emocionales.", "type": "text", "style": "", "detail": 0, "format": 0, "version": 1}], "direction": null}, {"type": "listitem", "value": 2, "format": "", "indent": 0, "version": 1, "children": [{"mode": "normal", "text": "La gestin con familias, docentes y equipo directivo.", "type": "text", "style": "", "detail": 0, "format": 0, "version": 1}], "direction": null}, {"type": "listitem", "value": 3, "format": "", "indent": 0, "version": 1, "children": [{"mode": "normal", "text": "La falta de apoyo y acompaamiento al profesorado.", "type": "text", "style": "", "detail": 0, "format": 0, "version": 1}], "direction": null}], "listType": "number", "direction": null}, {"type": "paragraph", "format": "", "indent": 0, "version": 1, "children": [{"mode": "normal", "text": "Toda esta experiencia me llev a seguir formndome en distintas reas para ganar conocimiento, bienestar y herramientas prcticas. Siempre me ha nacido de manera espontnea ayudar y acompaar, y las injusticias que observaba a mi alrededor me hicieron comprender que la educacin debe ser tambin un motor de transformacin social.", "type": "text", "style": "", "detail": 0, "format": 0, "version": 1}], "direction": null, "textStyle": "", "textFormat": 0}], "direction": null}}	\N	reference	\N	\N	\N	default	t	-70	separatorBackground	about-first	68fb50ed398c9978e6edfe3e	sobre-mi	dark
2	768	version.layout	4887	\N	\N	t	71	t	t	{"root": {"type": "root", "format": "", "indent": 0, "version": 1, "children": [{"type": "paragraph", "format": "", "indent": 0, "version": 1, "children": [{"mode": "normal", "text": "Hoy, despus de ms de veinte aos dedicados a la educacin y al acompaamiento de ni@s y familias, decid emprender como asesora educativa y familiar. Mi labor consiste en acompaar a educadores y familias desde mi experiencia y visin, con un enfoque humano, prctico, integral y social. ", "type": "text", "style": "", "detail": 0, "format": 0, "version": 1}], "direction": null, "textStyle": "", "textFormat": 0}, {"type": "paragraph", "format": "", "indent": 0, "version": 1, "children": [{"mode": "normal", "text": "A lo largo de mi trayectoria he mantenido una formacin continua para ofrecer un acompaamiento de la mxima calidad, basado en la experiencia, el conocimiento y las mejores herramientas educativas.", "type": "text", "style": "", "detail": 0, "format": 0, "version": 1}], "direction": null, "textStyle": "", "textFormat": 0}, {"type": "paragraph", "format": "", "indent": 0, "version": 1, "children": [{"mode": "normal", "text": "Mi objetivo es que no te sientas perdid@ ni solo en este proceso tan fascinante y exigente que es educar, fomentando al mismo tiempo valores, conciencia social y la capacidad de ser agentes activos para un mundo ms equilibrado, justo y emptico para todxs.", "type": "text", "style": "", "detail": 0, "format": 0, "version": 1}], "direction": null, "textStyle": "", "textFormat": 0}], "direction": null}}	\N	reference	\N	\N	\N	default	f	-70	\N	about-second	68fb525c398c9978e6edfe40	sobre-mi	dark
3	768	version.layout	4888	f		t	107	\N	t	{"doc": null, "root": {"type": "root", "format": "", "indent": 0, "version": 1, "children": [{"tag": "h2", "type": "heading", "format": "left", "indent": 0, "version": 1, "children": [{"mode": "normal", "text": "Formacin", "type": "text", "style": "", "detail": 0, "format": 0, "version": 1}], "direction": null}, {"tag": "ul", "type": "list", "start": 1, "format": "", "indent": 0, "version": 1, "children": [{"type": "listitem", "value": 1, "format": "", "indent": 0, "version": 1, "children": [{"mode": "normal", "text": "Diplomatura en Educacin Primaria", "type": "text", "style": "", "detail": 0, "format": 0, "version": 1}], "direction": null}, {"type": "listitem", "value": 2, "format": "", "indent": 0, "version": 1, "children": [{"mode": "normal", "text": "Experta en Educacin Emocional y Acompaamiento Educativo y Familiar", "type": "text", "style": "", "detail": 0, "format": 0, "version": 1}], "direction": null}, {"type": "listitem", "value": 3, "format": "", "indent": 0, "version": 1, "children": [{"mode": "normal", "text": "Disciplina Positiva para Familias", "type": "text", "style": "", "detail": 0, "format": 0, "version": 1}], "direction": null}, {"type": "listitem", "value": 4, "format": "", "indent": 0, "version": 1, "children": [{"mode": "normal", "text": "Instructora de Yoga y Mindfulness para ni@s, educador@s y familias", "type": "text", "style": "", "detail": 0, "format": 0, "version": 1}], "direction": null}, {"type": "listitem", "value": 5, "format": "", "indent": 0, "version": 1, "children": [{"mode": "normal", "text": "Coaching Infanto-Juvenil", "type": "text", "style": "", "detail": 0, "format": 0, "version": 1}], "direction": null}, {"type": "listitem", "value": 6, "format": "", "indent": 0, "version": 1, "children": [{"mode": "normal", "text": "Intervencin con Muecos Playmobil", "type": "text", "style": "", "detail": 0, "format": 0, "version": 1}], "direction": null}, {"type": "listitem", "value": 7, "format": "", "indent": 0, "version": 1, "children": [{"mode": "normal", "text": "Intervencin Estratgica en la Escuela", "type": "text", "style": "", "detail": 0, "format": 0, "version": 1}], "direction": null}, {"type": "listitem", "value": 8, "format": "", "indent": 0, "version": 1, "children": [{"mode": "normal", "text": "Tcnicas de Terapia Estratgica en Ni@s y Adolescentes", "type": "text", "style": "", "detail": 0, "format": 0, "version": 1}], "direction": null}, {"type": "listitem", "value": 9, "format": "", "indent": 0, "version": 1, "children": [{"mode": "normal", "text": "Formacin en la Tcnica de la Caja de Arena", "type": "text", "style": "", "detail": 0, "format": 0, "version": 1}], "direction": null}, {"type": "listitem", "value": 10, "format": "", "indent": 0, "version": 1, "children": [{"mode": "normal", "text": "Mediacin y Resolucin de Conflictos", "type": "text", "style": "", "detail": 0, "format": 0, "version": 1}], "direction": null}, {"type": "listitem", "value": 11, "format": "", "indent": 0, "version": 1, "children": [{"mode": "normal", "text": "Curso de Educacin Sexual", "type": "text", "style": "", "detail": 0, "format": 0, "version": 1}], "direction": null}], "listType": "bullet", "direction": null}], "direction": null}}	t	custom	t	https://d2kzarvvomoj6d.cloudfront.net/documents/ti2yt3bo8ny5izsensif.pdf	descargar Curriculum	default	f	-65	separatorBackground	about-academic	69026a07c0fe9717b5354e07	formacin	dark
1	873	version.layout	4944	\N	\N	t	72	\N	t	{"root": {"type": "root", "format": "", "indent": 0, "version": 1, "children": [{"tag": "h2", "type": "heading", "format": "", "indent": 0, "version": 1, "children": [{"mode": "normal", "text": "QUIN SOY?", "type": "text", "style": "", "detail": 0, "format": 1, "version": 1}], "direction": null}, {"type": "paragraph", "format": "", "indent": 0, "version": 1, "children": [{"mode": "normal", "text": "Soy Ane, diplomada en educacin primaria. Desde muy pequea tuve claro que mi vocacin estaba ligada al mundo educativo. Empec muy joven a trabajar con nixs y sent desde ese momento que la docencia era mi camino.", "type": "text", "style": "", "detail": 0, "format": 0, "version": 1}], "direction": null, "textStyle": "", "textFormat": 0}, {"type": "paragraph", "format": "", "indent": 0, "version": 1, "children": [{"mode": "normal", "text": "Despus de terminar la carrera, comenc mi andadura como profesora y descubr la gran responsabilidad que implica educar. Durante mi trabajo como tutora me enfrent a diferentes dificultades y retos, te suena? Algunos de ellos fueron:", "type": "text", "style": "", "detail": 0, "format": 0, "version": 1}], "direction": null, "textStyle": "", "textFormat": 0}, {"tag": "ol", "type": "list", "start": 1, "format": "", "indent": 0, "version": 1, "children": [{"type": "listitem", "value": 1, "format": "", "indent": 0, "version": 1, "children": [{"mode": "normal", "text": "La falta de recursos, tanto acadmicos como emocionales.", "type": "text", "style": "", "detail": 0, "format": 0, "version": 1}], "direction": null}, {"type": "listitem", "value": 2, "format": "", "indent": 0, "version": 1, "children": [{"mode": "normal", "text": "La gestin con familias, docentes y equipo directivo.", "type": "text", "style": "", "detail": 0, "format": 0, "version": 1}], "direction": null}, {"type": "listitem", "value": 3, "format": "", "indent": 0, "version": 1, "children": [{"mode": "normal", "text": "La falta de apoyo y acompaamiento al profesorado.", "type": "text", "style": "", "detail": 0, "format": 0, "version": 1}], "direction": null}], "listType": "number", "direction": null}, {"type": "paragraph", "format": "", "indent": 0, "version": 1, "children": [{"mode": "normal", "text": "Toda esta experiencia me llev a seguir formndome en distintas reas para ganar conocimiento, bienestar y herramientas prcticas. Siempre me ha nacido de manera espontnea ayudar y acompaar, y las injusticias que observaba a mi alrededor me hicieron comprender que la educacin debe ser tambin un motor de transformacin social.", "type": "text", "style": "", "detail": 0, "format": 0, "version": 1}], "direction": null, "textStyle": "", "textFormat": 0}], "direction": null}}	\N	reference	\N	\N	\N	default	f	-70	separatorBackground	about-first	68fb50ed398c9978e6edfe3e	sobre-mi	dark
2	873	version.layout	4945	\N	\N	t	71	t	t	{"root": {"type": "root", "format": "", "indent": 0, "version": 1, "children": [{"type": "paragraph", "format": "", "indent": 0, "version": 1, "children": [{"mode": "normal", "text": "Hoy, despus de ms de veinte aos dedicados a la educacin y al acompaamiento de ni@s y familias, decid emprender como asesora educativa y familiar. Mi labor consiste en acompaar a educadores y familias desde mi experiencia y visin, con un enfoque humano, prctico, integral y social. ", "type": "text", "style": "", "detail": 0, "format": 0, "version": 1}], "direction": null, "textStyle": "", "textFormat": 0}, {"type": "paragraph", "format": "", "indent": 0, "version": 1, "children": [{"mode": "normal", "text": "A lo largo de mi trayectoria he mantenido una formacin continua para ofrecer un acompaamiento de la mxima calidad, basado en la experiencia, el conocimiento y las mejores herramientas educativas.", "type": "text", "style": "", "detail": 0, "format": 0, "version": 1}], "direction": null, "textStyle": "", "textFormat": 0}, {"type": "paragraph", "format": "", "indent": 0, "version": 1, "children": [{"mode": "normal", "text": "Mi objetivo es que no te sientas perdid@ ni solo en este proceso tan fascinante y exigente que es educar, fomentando al mismo tiempo valores, conciencia social y la capacidad de ser agentes activos para un mundo ms equilibrado, justo y emptico para todxs.", "type": "text", "style": "", "detail": 0, "format": 0, "version": 1}], "direction": null, "textStyle": "", "textFormat": 0}], "direction": null}}	\N	reference	\N	\N	\N	default	f	-70	\N	about-second	68fb525c398c9978e6edfe40	sobre-mi	dark
3	873	version.layout	4946	f		t	107	\N	t	{"doc": null, "root": {"type": "root", "format": "", "indent": 0, "version": 1, "children": [{"tag": "h2", "type": "heading", "format": "left", "indent": 0, "version": 1, "children": [{"mode": "normal", "text": "Formacin", "type": "text", "style": "", "detail": 0, "format": 0, "version": 1}], "direction": null}, {"tag": "ul", "type": "list", "start": 1, "format": "", "indent": 0, "version": 1, "children": [{"type": "listitem", "value": 1, "format": "", "indent": 0, "version": 1, "children": [{"mode": "normal", "text": "Diplomatura en Educacin Primaria", "type": "text", "style": "", "detail": 0, "format": 0, "version": 1}], "direction": null}, {"type": "listitem", "value": 2, "format": "", "indent": 0, "version": 1, "children": [{"mode": "normal", "text": "Experta en Educacin Emocional y Acompaamiento Educativo y Familiar", "type": "text", "style": "", "detail": 0, "format": 0, "version": 1}], "direction": null}, {"type": "listitem", "value": 3, "format": "", "indent": 0, "version": 1, "children": [{"mode": "normal", "text": "Disciplina Positiva para Familias", "type": "text", "style": "", "detail": 0, "format": 0, "version": 1}], "direction": null}, {"type": "listitem", "value": 4, "format": "", "indent": 0, "version": 1, "children": [{"mode": "normal", "text": "Instructora de Yoga y Mindfulness para ni@s, educador@s y familias", "type": "text", "style": "", "detail": 0, "format": 0, "version": 1}], "direction": null}, {"type": "listitem", "value": 5, "format": "", "indent": 0, "version": 1, "children": [{"mode": "normal", "text": "Coaching Infanto-Juvenil", "type": "text", "style": "", "detail": 0, "format": 0, "version": 1}], "direction": null}, {"type": "listitem", "value": 6, "format": "", "indent": 0, "version": 1, "children": [{"mode": "normal", "text": "Intervencin con Muecos Playmobil", "type": "text", "style": "", "detail": 0, "format": 0, "version": 1}], "direction": null}, {"type": "listitem", "value": 7, "format": "", "indent": 0, "version": 1, "children": [{"mode": "normal", "text": "Intervencin Estratgica en la Escuela", "type": "text", "style": "", "detail": 0, "format": 0, "version": 1}], "direction": null}, {"type": "listitem", "value": 8, "format": "", "indent": 0, "version": 1, "children": [{"mode": "normal", "text": "Tcnicas de Terapia Estratgica en Ni@s y Adolescentes", "type": "text", "style": "", "detail": 0, "format": 0, "version": 1}], "direction": null}, {"type": "listitem", "value": 9, "format": "", "indent": 0, "version": 1, "children": [{"mode": "normal", "text": "Formacin en la Tcnica de la Caja de Arena", "type": "text", "style": "", "detail": 0, "format": 0, "version": 1}], "direction": null}, {"type": "listitem", "value": 10, "format": "", "indent": 0, "version": 1, "children": [{"mode": "normal", "text": "Mediacin y Resolucin de Conflictos", "type": "text", "style": "", "detail": 0, "format": 0, "version": 1}], "direction": null}, {"type": "listitem", "value": 11, "format": "", "indent": 0, "version": 1, "children": [{"mode": "normal", "text": "Curso de Educacin Sexual", "type": "text", "style": "", "detail": 0, "format": 0, "version": 1}], "direction": null}], "listType": "bullet", "direction": null}], "direction": null}}	t	custom	t	https://d2kzarvvomoj6d.cloudfront.net/documents/ti2yt3bo8ny5izsensif.pdf	descargar Curriculum	default	f	-65	separatorBackground	about-academic	69026a07c0fe9717b5354e07	formacin	dark
4	873	version.layout	4947	f		t	109	t	t	{"root": {"type": "root", "format": "", "indent": 0, "version": 1, "children": [{"tag": "h2", "type": "heading", "format": "", "indent": 0, "version": 1, "children": [{"mode": "normal", "text": "Visin educativa ", "type": "text", "style": "", "detail": 0, "format": 0, "version": 1}], "direction": null}, {"type": "paragraph", "format": "", "indent": 0, "version": 1, "children": [{"mode": "normal", "text": "Educar Sano nace como respuesta a los retos que plantea la escuela actual, desde una mirada ms humana, emptica y consciente de que educar hoy implica tambin entender el mundo complejo en el que vivimos.", "type": "text", "style": "", "detail": 0, "format": 0, "version": 1}], "direction": null, "textStyle": "", "textFormat": 0}, {"type": "paragraph", "format": "", "indent": 0, "version": 1, "children": [{"mode": "normal", "text": "Creemos que la educacin debe ser un espacio de bienestar compartido para el alumnado, el profesorado y las familias donde la empata, el cuidado y la conciencia social estn en el centro.", "type": "text", "style": "", "detail": 0, "format": 0, "version": 1}], "direction": null, "textStyle": "", "textFormat": 0}, {"type": "paragraph", "format": "", "indent": 0, "version": 1, "children": [{"mode": "normal", "text": "Defendemos una escuela que respete y valore a sus docentes, garantizando condiciones laborales dignas y espacios donde puedan cuidar su salud mental y emocional.", "type": "text", "style": "", "detail": 0, "format": 0, "version": 1}, {"type": "linebreak", "version": 1}, {"mode": "normal", "text": "Tambin apostamos por una conciliacin familiar real, donde las familias puedan implicarse en la educacin sin renunciar a su equilibrio personal y profesional.", "type": "text", "style": "", "detail": 0, "format": 0, "version": 1}], "direction": null, "textStyle": "", "textFormat": 0}, {"type": "paragraph", "format": "", "indent": 0, "version": 1, "children": [{"mode": "normal", "text": "Desde ", "type": "text", "style": "", "detail": 0, "format": 0, "version": 1}, {"mode": "normal", "text": "Educar Sano", "type": "text", "style": "", "detail": 0, "format": 2, "version": 1}, {"mode": "normal", "text": " queremos acompaar a quienes sienten que educar no es solo transmitir contenidos, sino formar personas activas, crticas y comprometidas con su entorno.", "type": "text", "style": "", "detail": 0, "format": 0, "version": 1}], "direction": null, "textStyle": "", "textFormat": 0}, {"type": "paragraph", "format": "", "indent": 0, "version": 1, "children": [{"mode": "normal", "text": "Educar es el reflejo de la sociedad. Por tanto, dediqumosle el rigor, la importancia y la vala que tiene.", "type": "text", "style": "", "detail": 0, "format": 0, "version": 1}], "direction": null, "textStyle": "", "textFormat": 0}, {"type": "paragraph", "format": "", "indent": 0, "version": 1, "children": [{"mode": "normal", "text": "Mi objetivo es que no te sientas perdid@ ni solo en este proceso tan fascinante y exigente que es educar, fomentando al mismo tiempo valores, conciencia social y la capacidad de ser agentes activos para un mundo ms equilibrado, justo y emptico para todxs.", "type": "text", "style": "", "detail": 0, "format": 0, "version": 1}], "direction": null, "textStyle": "", "textFormat": 0}], "direction": null}}	\N	reference	\N	\N	\N	default	f	-80	separatorWhite	about-my-vision	690276e88a378f13385b430c	visin educativa 	dark
4	768	version.layout	4889	f		t	109	t	t	{"root": {"type": "root", "format": "", "indent": 0, "version": 1, "children": [{"tag": "h2", "type": "heading", "format": "", "indent": 0, "version": 1, "children": [{"mode": "normal", "text": "Visin educativa ", "type": "text", "style": "", "detail": 0, "format": 0, "version": 1}], "direction": null}, {"type": "paragraph", "format": "", "indent": 0, "version": 1, "children": [{"mode": "normal", "text": "Educar Sano nace como respuesta a los retos que plantea la escuela actual, desde una mirada ms humana, emptica y consciente de que educar hoy implica tambin entender el mundo complejo en el que vivimos.", "type": "text", "style": "", "detail": 0, "format": 0, "version": 1}], "direction": null, "textStyle": "", "textFormat": 0}, {"type": "paragraph", "format": "", "indent": 0, "version": 1, "children": [{"mode": "normal", "text": "Creemos que la educacin debe ser un espacio de bienestar compartido para el alumnado, el profesorado y las familias donde la empata, el cuidado y la conciencia social estn en el centro.", "type": "text", "style": "", "detail": 0, "format": 0, "version": 1}], "direction": null, "textStyle": "", "textFormat": 0}, {"type": "paragraph", "format": "", "indent": 0, "version": 1, "children": [{"mode": "normal", "text": "Defendemos una escuela que respete y valore a sus docentes, garantizando condiciones laborales dignas y espacios donde puedan cuidar su salud mental y emocional.", "type": "text", "style": "", "detail": 0, "format": 0, "version": 1}, {"type": "linebreak", "version": 1}, {"mode": "normal", "text": "Tambin apostamos por una conciliacin familiar real, donde las familias puedan implicarse en la educacin sin renunciar a su equilibrio personal y profesional.", "type": "text", "style": "", "detail": 0, "format": 0, "version": 1}], "direction": null, "textStyle": "", "textFormat": 0}, {"type": "paragraph", "format": "", "indent": 0, "version": 1, "children": [{"mode": "normal", "text": "Desde ", "type": "text", "style": "", "detail": 0, "format": 0, "version": 1}, {"mode": "normal", "text": "Educar Sano", "type": "text", "style": "", "detail": 0, "format": 2, "version": 1}, {"mode": "normal", "text": " queremos acompaar a quienes sienten que educar no es solo transmitir contenidos, sino formar personas activas, crticas y comprometidas con su entorno.", "type": "text", "style": "", "detail": 0, "format": 0, "version": 1}], "direction": null, "textStyle": "", "textFormat": 0}, {"type": "paragraph", "format": "", "indent": 0, "version": 1, "children": [{"mode": "normal", "text": "Educar es el reflejo de la sociedad. Por tanto, dediqumosle el rigor, la importancia y la vala que tiene.", "type": "text", "style": "", "detail": 0, "format": 0, "version": 1}], "direction": null, "textStyle": "", "textFormat": 0}, {"type": "paragraph", "format": "", "indent": 0, "version": 1, "children": [{"mode": "normal", "text": "Mi objetivo es que no te sientas perdid@ ni solo en este proceso tan fascinante y exigente que es educar, fomentando al mismo tiempo valores, conciencia social y la capacidad de ser agentes activos para un mundo ms equilibrado, justo y emptico para todxs.", "type": "text", "style": "", "detail": 0, "format": 0, "version": 1}], "direction": null, "textStyle": "", "textFormat": 0}], "direction": null}}	\N	reference	\N	\N	\N	default	t	-80	separatorWhite	about-my-vision	690276e88a378f13385b430c	visin educativa 	dark
1	769	version.layout	4890	\N	\N	t	72	\N	t	{"root": {"type": "root", "format": "", "indent": 0, "version": 1, "children": [{"tag": "h2", "type": "heading", "format": "", "indent": 0, "version": 1, "children": [{"mode": "normal", "text": "QUIN SOY?", "type": "text", "style": "", "detail": 0, "format": 1, "version": 1}], "direction": null}, {"type": "paragraph", "format": "", "indent": 0, "version": 1, "children": [{"mode": "normal", "text": "Soy Ane, diplomada en educacin primaria. Desde muy pequea tuve claro que mi vocacin estaba ligada al mundo educativo. Empec muy joven a trabajar con nixs y sent desde ese momento que la docencia era mi camino.", "type": "text", "style": "", "detail": 0, "format": 0, "version": 1}], "direction": null, "textStyle": "", "textFormat": 0}, {"type": "paragraph", "format": "", "indent": 0, "version": 1, "children": [{"mode": "normal", "text": "Despus de terminar la carrera, comenc mi andadura como profesora y descubr la gran responsabilidad que implica educar. Durante mi trabajo como tutora me enfrent a diferentes dificultades y retos, te suena? Algunos de ellos fueron:", "type": "text", "style": "", "detail": 0, "format": 0, "version": 1}], "direction": null, "textStyle": "", "textFormat": 0}, {"tag": "ol", "type": "list", "start": 1, "format": "", "indent": 0, "version": 1, "children": [{"type": "listitem", "value": 1, "format": "", "indent": 0, "version": 1, "children": [{"mode": "normal", "text": "La falta de recursos, tanto acadmicos como emocionales.", "type": "text", "style": "", "detail": 0, "format": 0, "version": 1}], "direction": null}, {"type": "listitem", "value": 2, "format": "", "indent": 0, "version": 1, "children": [{"mode": "normal", "text": "La gestin con familias, docentes y equipo directivo.", "type": "text", "style": "", "detail": 0, "format": 0, "version": 1}], "direction": null}, {"type": "listitem", "value": 3, "format": "", "indent": 0, "version": 1, "children": [{"mode": "normal", "text": "La falta de apoyo y acompaamiento al profesorado.", "type": "text", "style": "", "detail": 0, "format": 0, "version": 1}], "direction": null}], "listType": "number", "direction": null}, {"type": "paragraph", "format": "", "indent": 0, "version": 1, "children": [{"mode": "normal", "text": "Toda esta experiencia me llev a seguir formndome en distintas reas para ganar conocimiento, bienestar y herramientas prcticas. Siempre me ha nacido de manera espontnea ayudar y acompaar, y las injusticias que observaba a mi alrededor me hicieron comprender que la educacin debe ser tambin un motor de transformacin social.", "type": "text", "style": "", "detail": 0, "format": 0, "version": 1}], "direction": null, "textStyle": "", "textFormat": 0}], "direction": null}}	\N	reference	\N	\N	\N	default	f	-70	separatorBackground	about-first	68fb50ed398c9978e6edfe3e	sobre-mi	dark
2	769	version.layout	4891	\N	\N	t	71	t	t	{"root": {"type": "root", "format": "", "indent": 0, "version": 1, "children": [{"type": "paragraph", "format": "", "indent": 0, "version": 1, "children": [{"mode": "normal", "text": "Hoy, despus de ms de veinte aos dedicados a la educacin y al acompaamiento de ni@s y familias, decid emprender como asesora educativa y familiar. Mi labor consiste en acompaar a educadores y familias desde mi experiencia y visin, con un enfoque humano, prctico, integral y social. ", "type": "text", "style": "", "detail": 0, "format": 0, "version": 1}], "direction": null, "textStyle": "", "textFormat": 0}, {"type": "paragraph", "format": "", "indent": 0, "version": 1, "children": [{"mode": "normal", "text": "A lo largo de mi trayectoria he mantenido una formacin continua para ofrecer un acompaamiento de la mxima calidad, basado en la experiencia, el conocimiento y las mejores herramientas educativas.", "type": "text", "style": "", "detail": 0, "format": 0, "version": 1}], "direction": null, "textStyle": "", "textFormat": 0}, {"type": "paragraph", "format": "", "indent": 0, "version": 1, "children": [{"mode": "normal", "text": "Mi objetivo es que no te sientas perdid@ ni solo en este proceso tan fascinante y exigente que es educar, fomentando al mismo tiempo valores, conciencia social y la capacidad de ser agentes activos para un mundo ms equilibrado, justo y emptico para todxs.", "type": "text", "style": "", "detail": 0, "format": 0, "version": 1}], "direction": null, "textStyle": "", "textFormat": 0}], "direction": null}}	\N	reference	\N	\N	\N	default	f	-70	\N	about-second	68fb525c398c9978e6edfe40	sobre-mi	dark
3	769	version.layout	4892	f		t	107	\N	t	{"doc": null, "root": {"type": "root", "format": "", "indent": 0, "version": 1, "children": [{"tag": "h2", "type": "heading", "format": "left", "indent": 0, "version": 1, "children": [{"mode": "normal", "text": "Formacin", "type": "text", "style": "", "detail": 0, "format": 0, "version": 1}], "direction": null}, {"tag": "ul", "type": "list", "start": 1, "format": "", "indent": 0, "version": 1, "children": [{"type": "listitem", "value": 1, "format": "", "indent": 0, "version": 1, "children": [{"mode": "normal", "text": "Diplomatura en Educacin Primaria", "type": "text", "style": "", "detail": 0, "format": 0, "version": 1}], "direction": null}, {"type": "listitem", "value": 2, "format": "", "indent": 0, "version": 1, "children": [{"mode": "normal", "text": "Experta en Educacin Emocional y Acompaamiento Educativo y Familiar", "type": "text", "style": "", "detail": 0, "format": 0, "version": 1}], "direction": null}, {"type": "listitem", "value": 3, "format": "", "indent": 0, "version": 1, "children": [{"mode": "normal", "text": "Disciplina Positiva para Familias", "type": "text", "style": "", "detail": 0, "format": 0, "version": 1}], "direction": null}, {"type": "listitem", "value": 4, "format": "", "indent": 0, "version": 1, "children": [{"mode": "normal", "text": "Instructora de Yoga y Mindfulness para ni@s, educador@s y familias", "type": "text", "style": "", "detail": 0, "format": 0, "version": 1}], "direction": null}, {"type": "listitem", "value": 5, "format": "", "indent": 0, "version": 1, "children": [{"mode": "normal", "text": "Coaching Infanto-Juvenil", "type": "text", "style": "", "detail": 0, "format": 0, "version": 1}], "direction": null}, {"type": "listitem", "value": 6, "format": "", "indent": 0, "version": 1, "children": [{"mode": "normal", "text": "Intervencin con Muecos Playmobil", "type": "text", "style": "", "detail": 0, "format": 0, "version": 1}], "direction": null}, {"type": "listitem", "value": 7, "format": "", "indent": 0, "version": 1, "children": [{"mode": "normal", "text": "Intervencin Estratgica en la Escuela", "type": "text", "style": "", "detail": 0, "format": 0, "version": 1}], "direction": null}, {"type": "listitem", "value": 8, "format": "", "indent": 0, "version": 1, "children": [{"mode": "normal", "text": "Tcnicas de Terapia Estratgica en Ni@s y Adolescentes", "type": "text", "style": "", "detail": 0, "format": 0, "version": 1}], "direction": null}, {"type": "listitem", "value": 9, "format": "", "indent": 0, "version": 1, "children": [{"mode": "normal", "text": "Formacin en la Tcnica de la Caja de Arena", "type": "text", "style": "", "detail": 0, "format": 0, "version": 1}], "direction": null}, {"type": "listitem", "value": 10, "format": "", "indent": 0, "version": 1, "children": [{"mode": "normal", "text": "Mediacin y Resolucin de Conflictos", "type": "text", "style": "", "detail": 0, "format": 0, "version": 1}], "direction": null}, {"type": "listitem", "value": 11, "format": "", "indent": 0, "version": 1, "children": [{"mode": "normal", "text": "Curso de Educacin Sexual", "type": "text", "style": "", "detail": 0, "format": 0, "version": 1}], "direction": null}], "listType": "bullet", "direction": null}], "direction": null}}	t	custom	t	https://d2kzarvvomoj6d.cloudfront.net/documents/ti2yt3bo8ny5izsensif.pdf	descargar Curriculum	default	f	-65	separatorBackground	about-academic	69026a07c0fe9717b5354e07	formacin	dark
4	769	version.layout	4893	f		t	109	t	t	{"root": {"type": "root", "format": "", "indent": 0, "version": 1, "children": [{"tag": "h2", "type": "heading", "format": "", "indent": 0, "version": 1, "children": [{"mode": "normal", "text": "Visin educativa ", "type": "text", "style": "", "detail": 0, "format": 0, "version": 1}], "direction": null}, {"type": "paragraph", "format": "", "indent": 0, "version": 1, "children": [{"mode": "normal", "text": "Educar Sano nace como respuesta a los retos que plantea la escuela actual, desde una mirada ms humana, emptica y consciente de que educar hoy implica tambin entender el mundo complejo en el que vivimos.", "type": "text", "style": "", "detail": 0, "format": 0, "version": 1}], "direction": null, "textStyle": "", "textFormat": 0}, {"type": "paragraph", "format": "", "indent": 0, "version": 1, "children": [{"mode": "normal", "text": "Creemos que la educacin debe ser un espacio de bienestar compartido para el alumnado, el profesorado y las familias donde la empata, el cuidado y la conciencia social estn en el centro.", "type": "text", "style": "", "detail": 0, "format": 0, "version": 1}], "direction": null, "textStyle": "", "textFormat": 0}, {"type": "paragraph", "format": "", "indent": 0, "version": 1, "children": [{"mode": "normal", "text": "Defendemos una escuela que respete y valore a sus docentes, garantizando condiciones laborales dignas y espacios donde puedan cuidar su salud mental y emocional.", "type": "text", "style": "", "detail": 0, "format": 0, "version": 1}, {"type": "linebreak", "version": 1}, {"mode": "normal", "text": "Tambin apostamos por una conciliacin familiar real, donde las familias puedan implicarse en la educacin sin renunciar a su equilibrio personal y profesional.", "type": "text", "style": "", "detail": 0, "format": 0, "version": 1}], "direction": null, "textStyle": "", "textFormat": 0}, {"type": "paragraph", "format": "", "indent": 0, "version": 1, "children": [{"mode": "normal", "text": "Desde ", "type": "text", "style": "", "detail": 0, "format": 0, "version": 1}, {"mode": "normal", "text": "Educar Sano", "type": "text", "style": "", "detail": 0, "format": 2, "version": 1}, {"mode": "normal", "text": " queremos acompaar a quienes sienten que educar no es solo transmitir contenidos, sino formar personas activas, crticas y comprometidas con su entorno.", "type": "text", "style": "", "detail": 0, "format": 0, "version": 1}], "direction": null, "textStyle": "", "textFormat": 0}, {"type": "paragraph", "format": "", "indent": 0, "version": 1, "children": [{"mode": "normal", "text": "Educar es el reflejo de la sociedad. Por tanto, dediqumosle el rigor, la importancia y la vala que tiene.", "type": "text", "style": "", "detail": 0, "format": 0, "version": 1}], "direction": null, "textStyle": "", "textFormat": 0}, {"type": "paragraph", "format": "", "indent": 0, "version": 1, "children": [{"mode": "normal", "text": "Mi objetivo es que no te sientas perdid@ ni solo en este proceso tan fascinante y exigente que es educar, fomentando al mismo tiempo valores, conciencia social y la capacidad de ser agentes activos para un mundo ms equilibrado, justo y emptico para todxs.", "type": "text", "style": "", "detail": 0, "format": 0, "version": 1}], "direction": null, "textStyle": "", "textFormat": 0}], "direction": null}}	\N	reference	\N	\N	\N	default	t	-80	separatorWhite	about-my-vision	690276e88a378f13385b430c	visin educativa 	dark
1	770	version.layout	4894	\N	\N	t	72	\N	t	{"root": {"type": "root", "format": "", "indent": 0, "version": 1, "children": [{"tag": "h2", "type": "heading", "format": "", "indent": 0, "version": 1, "children": [{"mode": "normal", "text": "QUIN SOY?", "type": "text", "style": "", "detail": 0, "format": 1, "version": 1}], "direction": null}, {"type": "paragraph", "format": "", "indent": 0, "version": 1, "children": [{"mode": "normal", "text": "Soy Ane, diplomada en educacin primaria. Desde muy pequea tuve claro que mi vocacin estaba ligada al mundo educativo. Empec muy joven a trabajar con nixs y sent desde ese momento que la docencia era mi camino.", "type": "text", "style": "", "detail": 0, "format": 0, "version": 1}], "direction": null, "textStyle": "", "textFormat": 0}, {"type": "paragraph", "format": "", "indent": 0, "version": 1, "children": [{"mode": "normal", "text": "Despus de terminar la carrera, comenc mi andadura como profesora y descubr la gran responsabilidad que implica educar. Durante mi trabajo como tutora me enfrent a diferentes dificultades y retos, te suena? Algunos de ellos fueron:", "type": "text", "style": "", "detail": 0, "format": 0, "version": 1}], "direction": null, "textStyle": "", "textFormat": 0}, {"tag": "ol", "type": "list", "start": 1, "format": "", "indent": 0, "version": 1, "children": [{"type": "listitem", "value": 1, "format": "", "indent": 0, "version": 1, "children": [{"mode": "normal", "text": "La falta de recursos, tanto acadmicos como emocionales.", "type": "text", "style": "", "detail": 0, "format": 0, "version": 1}], "direction": null}, {"type": "listitem", "value": 2, "format": "", "indent": 0, "version": 1, "children": [{"mode": "normal", "text": "La gestin con familias, docentes y equipo directivo.", "type": "text", "style": "", "detail": 0, "format": 0, "version": 1}], "direction": null}, {"type": "listitem", "value": 3, "format": "", "indent": 0, "version": 1, "children": [{"mode": "normal", "text": "La falta de apoyo y acompaamiento al profesorado.", "type": "text", "style": "", "detail": 0, "format": 0, "version": 1}], "direction": null}], "listType": "number", "direction": null}, {"type": "paragraph", "format": "", "indent": 0, "version": 1, "children": [{"mode": "normal", "text": "Toda esta experiencia me llev a seguir formndome en distintas reas para ganar conocimiento, bienestar y herramientas prcticas. Siempre me ha nacido de manera espontnea ayudar y acompaar, y las injusticias que observaba a mi alrededor me hicieron comprender que la educacin debe ser tambin un motor de transformacin social.", "type": "text", "style": "", "detail": 0, "format": 0, "version": 1}], "direction": null, "textStyle": "", "textFormat": 0}], "direction": null}}	\N	reference	\N	\N	\N	default	f	-70	separatorBackground	about-first	68fb50ed398c9978e6edfe3e	sobre-mi	dark
2	770	version.layout	4895	\N	\N	t	71	t	t	{"root": {"type": "root", "format": "", "indent": 0, "version": 1, "children": [{"type": "paragraph", "format": "", "indent": 0, "version": 1, "children": [{"mode": "normal", "text": "Hoy, despus de ms de veinte aos dedicados a la educacin y al acompaamiento de ni@s y familias, decid emprender como asesora educativa y familiar. Mi labor consiste en acompaar a educadores y familias desde mi experiencia y visin, con un enfoque humano, prctico, integral y social. ", "type": "text", "style": "", "detail": 0, "format": 0, "version": 1}], "direction": null, "textStyle": "", "textFormat": 0}, {"type": "paragraph", "format": "", "indent": 0, "version": 1, "children": [{"mode": "normal", "text": "A lo largo de mi trayectoria he mantenido una formacin continua para ofrecer un acompaamiento de la mxima calidad, basado en la experiencia, el conocimiento y las mejores herramientas educativas.", "type": "text", "style": "", "detail": 0, "format": 0, "version": 1}], "direction": null, "textStyle": "", "textFormat": 0}, {"type": "paragraph", "format": "", "indent": 0, "version": 1, "children": [{"mode": "normal", "text": "Mi objetivo es que no te sientas perdid@ ni solo en este proceso tan fascinante y exigente que es educar, fomentando al mismo tiempo valores, conciencia social y la capacidad de ser agentes activos para un mundo ms equilibrado, justo y emptico para todxs.", "type": "text", "style": "", "detail": 0, "format": 0, "version": 1}], "direction": null, "textStyle": "", "textFormat": 0}], "direction": null}}	\N	reference	\N	\N	\N	default	f	-70	\N	about-second	68fb525c398c9978e6edfe40	sobre-mi	dark
3	770	version.layout	4896	f		t	107	\N	t	{"doc": null, "root": {"type": "root", "format": "", "indent": 0, "version": 1, "children": [{"tag": "h2", "type": "heading", "format": "left", "indent": 0, "version": 1, "children": [{"mode": "normal", "text": "Formacin", "type": "text", "style": "", "detail": 0, "format": 0, "version": 1}], "direction": null}, {"tag": "ul", "type": "list", "start": 1, "format": "", "indent": 0, "version": 1, "children": [{"type": "listitem", "value": 1, "format": "", "indent": 0, "version": 1, "children": [{"mode": "normal", "text": "Diplomatura en Educacin Primaria", "type": "text", "style": "", "detail": 0, "format": 0, "version": 1}], "direction": null}, {"type": "listitem", "value": 2, "format": "", "indent": 0, "version": 1, "children": [{"mode": "normal", "text": "Experta en Educacin Emocional y Acompaamiento Educativo y Familiar", "type": "text", "style": "", "detail": 0, "format": 0, "version": 1}], "direction": null}, {"type": "listitem", "value": 3, "format": "", "indent": 0, "version": 1, "children": [{"mode": "normal", "text": "Disciplina Positiva para Familias", "type": "text", "style": "", "detail": 0, "format": 0, "version": 1}], "direction": null}, {"type": "listitem", "value": 4, "format": "", "indent": 0, "version": 1, "children": [{"mode": "normal", "text": "Instructora de Yoga y Mindfulness para ni@s, educador@s y familias", "type": "text", "style": "", "detail": 0, "format": 0, "version": 1}], "direction": null}, {"type": "listitem", "value": 5, "format": "", "indent": 0, "version": 1, "children": [{"mode": "normal", "text": "Coaching Infanto-Juvenil", "type": "text", "style": "", "detail": 0, "format": 0, "version": 1}], "direction": null}, {"type": "listitem", "value": 6, "format": "", "indent": 0, "version": 1, "children": [{"mode": "normal", "text": "Intervencin con Muecos Playmobil", "type": "text", "style": "", "detail": 0, "format": 0, "version": 1}], "direction": null}, {"type": "listitem", "value": 7, "format": "", "indent": 0, "version": 1, "children": [{"mode": "normal", "text": "Intervencin Estratgica en la Escuela", "type": "text", "style": "", "detail": 0, "format": 0, "version": 1}], "direction": null}, {"type": "listitem", "value": 8, "format": "", "indent": 0, "version": 1, "children": [{"mode": "normal", "text": "Tcnicas de Terapia Estratgica en Ni@s y Adolescentes", "type": "text", "style": "", "detail": 0, "format": 0, "version": 1}], "direction": null}, {"type": "listitem", "value": 9, "format": "", "indent": 0, "version": 1, "children": [{"mode": "normal", "text": "Formacin en la Tcnica de la Caja de Arena", "type": "text", "style": "", "detail": 0, "format": 0, "version": 1}], "direction": null}, {"type": "listitem", "value": 10, "format": "", "indent": 0, "version": 1, "children": [{"mode": "normal", "text": "Mediacin y Resolucin de Conflictos", "type": "text", "style": "", "detail": 0, "format": 0, "version": 1}], "direction": null}, {"type": "listitem", "value": 11, "format": "", "indent": 0, "version": 1, "children": [{"mode": "normal", "text": "Curso de Educacin Sexual", "type": "text", "style": "", "detail": 0, "format": 0, "version": 1}], "direction": null}], "listType": "bullet", "direction": null}], "direction": null}}	t	custom	t	https://d2kzarvvomoj6d.cloudfront.net/documents/ti2yt3bo8ny5izsensif.pdf	descargar Curriculum	default	f	-65	separatorBackground	about-academic	69026a07c0fe9717b5354e07	formacin	dark
4	770	version.layout	4897	f		t	109	t	t	{"root": {"type": "root", "format": "", "indent": 0, "version": 1, "children": [{"tag": "h2", "type": "heading", "format": "", "indent": 0, "version": 1, "children": [{"mode": "normal", "text": "Visin educativa ", "type": "text", "style": "", "detail": 0, "format": 0, "version": 1}], "direction": null}, {"type": "paragraph", "format": "", "indent": 0, "version": 1, "children": [{"mode": "normal", "text": "Educar Sano nace como respuesta a los retos que plantea la escuela actual, desde una mirada ms humana, emptica y consciente de que educar hoy implica tambin entender el mundo complejo en el que vivimos.", "type": "text", "style": "", "detail": 0, "format": 0, "version": 1}], "direction": null, "textStyle": "", "textFormat": 0}, {"type": "paragraph", "format": "", "indent": 0, "version": 1, "children": [{"mode": "normal", "text": "Creemos que la educacin debe ser un espacio de bienestar compartido para el alumnado, el profesorado y las familias donde la empata, el cuidado y la conciencia social estn en el centro.", "type": "text", "style": "", "detail": 0, "format": 0, "version": 1}], "direction": null, "textStyle": "", "textFormat": 0}, {"type": "paragraph", "format": "", "indent": 0, "version": 1, "children": [{"mode": "normal", "text": "Defendemos una escuela que respete y valore a sus docentes, garantizando condiciones laborales dignas y espacios donde puedan cuidar su salud mental y emocional.", "type": "text", "style": "", "detail": 0, "format": 0, "version": 1}, {"type": "linebreak", "version": 1}, {"mode": "normal", "text": "Tambin apostamos por una conciliacin familiar real, donde las familias puedan implicarse en la educacin sin renunciar a su equilibrio personal y profesional.", "type": "text", "style": "", "detail": 0, "format": 0, "version": 1}], "direction": null, "textStyle": "", "textFormat": 0}, {"type": "paragraph", "format": "", "indent": 0, "version": 1, "children": [{"mode": "normal", "text": "Desde ", "type": "text", "style": "", "detail": 0, "format": 0, "version": 1}, {"mode": "normal", "text": "Educar Sano", "type": "text", "style": "", "detail": 0, "format": 2, "version": 1}, {"mode": "normal", "text": " queremos acompaar a quienes sienten que educar no es solo transmitir contenidos, sino formar personas activas, crticas y comprometidas con su entorno.", "type": "text", "style": "", "detail": 0, "format": 0, "version": 1}], "direction": null, "textStyle": "", "textFormat": 0}, {"type": "paragraph", "format": "", "indent": 0, "version": 1, "children": [{"mode": "normal", "text": "Educar es el reflejo de la sociedad. Por tanto, dediqumosle el rigor, la importancia y la vala que tiene.", "type": "text", "style": "", "detail": 0, "format": 0, "version": 1}], "direction": null, "textStyle": "", "textFormat": 0}, {"type": "paragraph", "format": "", "indent": 0, "version": 1, "children": [{"mode": "normal", "text": "Mi objetivo es que no te sientas perdid@ ni solo en este proceso tan fascinante y exigente que es educar, fomentando al mismo tiempo valores, conciencia social y la capacidad de ser agentes activos para un mundo ms equilibrado, justo y emptico para todxs.", "type": "text", "style": "", "detail": 0, "format": 0, "version": 1}], "direction": null, "textStyle": "", "textFormat": 0}], "direction": null}}	\N	reference	\N	\N	\N	default	f	-80	separatorWhite	about-my-vision	690276e88a378f13385b430c	visin educativa 	dark
1	771	version.layout	4898	\N	\N	t	72	\N	t	{"root": {"type": "root", "format": "", "indent": 0, "version": 1, "children": [{"tag": "h2", "type": "heading", "format": "", "indent": 0, "version": 1, "children": [{"mode": "normal", "text": "QUIN SOY?", "type": "text", "style": "", "detail": 0, "format": 1, "version": 1}], "direction": null}, {"type": "paragraph", "format": "", "indent": 0, "version": 1, "children": [{"mode": "normal", "text": "Soy Ane, diplomada en educacin primaria. Desde muy pequea tuve claro que mi vocacin estaba ligada al mundo educativo. Empec muy joven a trabajar con nixs y sent desde ese momento que la docencia era mi camino.", "type": "text", "style": "", "detail": 0, "format": 0, "version": 1}], "direction": null, "textStyle": "", "textFormat": 0}, {"type": "paragraph", "format": "", "indent": 0, "version": 1, "children": [{"mode": "normal", "text": "Despus de terminar la carrera, comenc mi andadura como profesora y descubr la gran responsabilidad que implica educar. Durante mi trabajo como tutora me enfrent a diferentes dificultades y retos, te suena? Algunos de ellos fueron:", "type": "text", "style": "", "detail": 0, "format": 0, "version": 1}], "direction": null, "textStyle": "", "textFormat": 0}, {"tag": "ol", "type": "list", "start": 1, "format": "", "indent": 0, "version": 1, "children": [{"type": "listitem", "value": 1, "format": "", "indent": 0, "version": 1, "children": [{"mode": "normal", "text": "La falta de recursos, tanto acadmicos como emocionales.", "type": "text", "style": "", "detail": 0, "format": 0, "version": 1}], "direction": null}, {"type": "listitem", "value": 2, "format": "", "indent": 0, "version": 1, "children": [{"mode": "normal", "text": "La gestin con familias, docentes y equipo directivo.", "type": "text", "style": "", "detail": 0, "format": 0, "version": 1}], "direction": null}, {"type": "listitem", "value": 3, "format": "", "indent": 0, "version": 1, "children": [{"mode": "normal", "text": "La falta de apoyo y acompaamiento al profesorado.", "type": "text", "style": "", "detail": 0, "format": 0, "version": 1}], "direction": null}], "listType": "number", "direction": null}, {"type": "paragraph", "format": "", "indent": 0, "version": 1, "children": [{"mode": "normal", "text": "Toda esta experiencia me llev a seguir formndome en distintas reas para ganar conocimiento, bienestar y herramientas prcticas. Siempre me ha nacido de manera espontnea ayudar y acompaar, y las injusticias que observaba a mi alrededor me hicieron comprender que la educacin debe ser tambin un motor de transformacin social.", "type": "text", "style": "", "detail": 0, "format": 0, "version": 1}], "direction": null, "textStyle": "", "textFormat": 0}], "direction": null}}	\N	reference	\N	\N	\N	default	f	-70	separatorBackground	about-first	68fb50ed398c9978e6edfe3e	sobre-mi	dark
2	771	version.layout	4899	\N	\N	t	71	t	t	{"root": {"type": "root", "format": "", "indent": 0, "version": 1, "children": [{"type": "paragraph", "format": "", "indent": 0, "version": 1, "children": [{"mode": "normal", "text": "Hoy, despus de ms de veinte aos dedicados a la educacin y al acompaamiento de ni@s y familias, decid emprender como asesora educativa y familiar. Mi labor consiste en acompaar a educadores y familias desde mi experiencia y visin, con un enfoque humano, prctico, integral y social. ", "type": "text", "style": "", "detail": 0, "format": 0, "version": 1}], "direction": null, "textStyle": "", "textFormat": 0}, {"type": "paragraph", "format": "", "indent": 0, "version": 1, "children": [{"mode": "normal", "text": "A lo largo de mi trayectoria he mantenido una formacin continua para ofrecer un acompaamiento de la mxima calidad, basado en la experiencia, el conocimiento y las mejores herramientas educativas.", "type": "text", "style": "", "detail": 0, "format": 0, "version": 1}], "direction": null, "textStyle": "", "textFormat": 0}, {"type": "paragraph", "format": "", "indent": 0, "version": 1, "children": [{"mode": "normal", "text": "Mi objetivo es que no te sientas perdid@ ni solo en este proceso tan fascinante y exigente que es educar, fomentando al mismo tiempo valores, conciencia social y la capacidad de ser agentes activos para un mundo ms equilibrado, justo y emptico para todxs.", "type": "text", "style": "", "detail": 0, "format": 0, "version": 1}], "direction": null, "textStyle": "", "textFormat": 0}], "direction": null}}	\N	reference	\N	\N	\N	default	f	-70	\N	about-second	68fb525c398c9978e6edfe40	sobre-mi	dark
3	771	version.layout	4900	f		t	107	\N	t	{"doc": null, "root": {"type": "root", "format": "", "indent": 0, "version": 1, "children": [{"tag": "h2", "type": "heading", "format": "left", "indent": 0, "version": 1, "children": [{"mode": "normal", "text": "Formacin", "type": "text", "style": "", "detail": 0, "format": 0, "version": 1}], "direction": null}, {"tag": "ul", "type": "list", "start": 1, "format": "", "indent": 0, "version": 1, "children": [{"type": "listitem", "value": 1, "format": "", "indent": 0, "version": 1, "children": [{"mode": "normal", "text": "Diplomatura en Educacin Primaria", "type": "text", "style": "", "detail": 0, "format": 0, "version": 1}], "direction": null}, {"type": "listitem", "value": 2, "format": "", "indent": 0, "version": 1, "children": [{"mode": "normal", "text": "Experta en Educacin Emocional y Acompaamiento Educativo y Familiar", "type": "text", "style": "", "detail": 0, "format": 0, "version": 1}], "direction": null}, {"type": "listitem", "value": 3, "format": "", "indent": 0, "version": 1, "children": [{"mode": "normal", "text": "Disciplina Positiva para Familias", "type": "text", "style": "", "detail": 0, "format": 0, "version": 1}], "direction": null}, {"type": "listitem", "value": 4, "format": "", "indent": 0, "version": 1, "children": [{"mode": "normal", "text": "Instructora de Yoga y Mindfulness para ni@s, educador@s y familias", "type": "text", "style": "", "detail": 0, "format": 0, "version": 1}], "direction": null}, {"type": "listitem", "value": 5, "format": "", "indent": 0, "version": 1, "children": [{"mode": "normal", "text": "Coaching Infanto-Juvenil", "type": "text", "style": "", "detail": 0, "format": 0, "version": 1}], "direction": null}, {"type": "listitem", "value": 6, "format": "", "indent": 0, "version": 1, "children": [{"mode": "normal", "text": "Intervencin con Muecos Playmobil", "type": "text", "style": "", "detail": 0, "format": 0, "version": 1}], "direction": null}, {"type": "listitem", "value": 7, "format": "", "indent": 0, "version": 1, "children": [{"mode": "normal", "text": "Intervencin Estratgica en la Escuela", "type": "text", "style": "", "detail": 0, "format": 0, "version": 1}], "direction": null}, {"type": "listitem", "value": 8, "format": "", "indent": 0, "version": 1, "children": [{"mode": "normal", "text": "Tcnicas de Terapia Estratgica en Ni@s y Adolescentes", "type": "text", "style": "", "detail": 0, "format": 0, "version": 1}], "direction": null}, {"type": "listitem", "value": 9, "format": "", "indent": 0, "version": 1, "children": [{"mode": "normal", "text": "Formacin en la Tcnica de la Caja de Arena", "type": "text", "style": "", "detail": 0, "format": 0, "version": 1}], "direction": null}, {"type": "listitem", "value": 10, "format": "", "indent": 0, "version": 1, "children": [{"mode": "normal", "text": "Mediacin y Resolucin de Conflictos", "type": "text", "style": "", "detail": 0, "format": 0, "version": 1}], "direction": null}, {"type": "listitem", "value": 11, "format": "", "indent": 0, "version": 1, "children": [{"mode": "normal", "text": "Curso de Educacin Sexual", "type": "text", "style": "", "detail": 0, "format": 0, "version": 1}], "direction": null}], "listType": "bullet", "direction": null}], "direction": null}}	t	custom	t	https://d2kzarvvomoj6d.cloudfront.net/documents/ti2yt3bo8ny5izsensif.pdf	descargar Curriculum	default	f	-65	separatorBackground	about-academic	69026a07c0fe9717b5354e07	formacin	dark
4	771	version.layout	4901	f		t	109	t	t	{"root": {"type": "root", "format": "", "indent": 0, "version": 1, "children": [{"tag": "h2", "type": "heading", "format": "", "indent": 0, "version": 1, "children": [{"mode": "normal", "text": "Visin educativa ", "type": "text", "style": "", "detail": 0, "format": 0, "version": 1}], "direction": null}, {"type": "paragraph", "format": "", "indent": 0, "version": 1, "children": [{"mode": "normal", "text": "Educar Sano nace como respuesta a los retos que plantea la escuela actual, desde una mirada ms humana, emptica y consciente de que educar hoy implica tambin entender el mundo complejo en el que vivimos.", "type": "text", "style": "", "detail": 0, "format": 0, "version": 1}], "direction": null, "textStyle": "", "textFormat": 0}, {"type": "paragraph", "format": "", "indent": 0, "version": 1, "children": [{"mode": "normal", "text": "Creemos que la educacin debe ser un espacio de bienestar compartido para el alumnado, el profesorado y las familias donde la empata, el cuidado y la conciencia social estn en el centro.", "type": "text", "style": "", "detail": 0, "format": 0, "version": 1}], "direction": null, "textStyle": "", "textFormat": 0}, {"type": "paragraph", "format": "", "indent": 0, "version": 1, "children": [{"mode": "normal", "text": "Defendemos una escuela que respete y valore a sus docentes, garantizando condiciones laborales dignas y espacios donde puedan cuidar su salud mental y emocional.", "type": "text", "style": "", "detail": 0, "format": 0, "version": 1}, {"type": "linebreak", "version": 1}, {"mode": "normal", "text": "Tambin apostamos por una conciliacin familiar real, donde las familias puedan implicarse en la educacin sin renunciar a su equilibrio personal y profesional.", "type": "text", "style": "", "detail": 0, "format": 0, "version": 1}], "direction": null, "textStyle": "", "textFormat": 0}, {"type": "paragraph", "format": "", "indent": 0, "version": 1, "children": [{"mode": "normal", "text": "Desde ", "type": "text", "style": "", "detail": 0, "format": 0, "version": 1}, {"mode": "normal", "text": "Educar Sano", "type": "text", "style": "", "detail": 0, "format": 2, "version": 1}, {"mode": "normal", "text": " queremos acompaar a quienes sienten que educar no es solo transmitir contenidos, sino formar personas activas, crticas y comprometidas con su entorno.", "type": "text", "style": "", "detail": 0, "format": 0, "version": 1}], "direction": null, "textStyle": "", "textFormat": 0}, {"type": "paragraph", "format": "", "indent": 0, "version": 1, "children": [{"mode": "normal", "text": "Educar es el reflejo de la sociedad. Por tanto, dediqumosle el rigor, la importancia y la vala que tiene.", "type": "text", "style": "", "detail": 0, "format": 0, "version": 1}], "direction": null, "textStyle": "", "textFormat": 0}, {"type": "paragraph", "format": "", "indent": 0, "version": 1, "children": [{"mode": "normal", "text": "Mi objetivo es que no te sientas perdid@ ni solo en este proceso tan fascinante y exigente que es educar, fomentando al mismo tiempo valores, conciencia social y la capacidad de ser agentes activos para un mundo ms equilibrado, justo y emptico para todxs.", "type": "text", "style": "", "detail": 0, "format": 0, "version": 1}], "direction": null, "textStyle": "", "textFormat": 0}], "direction": null}}	\N	reference	\N	\N	\N	default	f	-80	separatorWhite	about-my-vision	690276e88a378f13385b430c	visin educativa 	dark
\.


--
-- TOC entry 5104 (class 0 OID 446382)
-- Dependencies: 248
-- Data for Name: _pages_v_blocks_cta; Type: TABLE DATA; Schema: public; Owner: postgres
--

COPY public._pages_v_blocks_cta (_order, _parent_id, _path, id, media_id, rich_text, is_reverse, bottom, section_name, _uuid, block_name, enable_background_image, separator_type, dark_mode) FROM stdin;
2	826	version.layout	872	119	{"root": {"type": "root", "format": "", "indent": 0, "version": 1, "children": [{"tag": "h2", "type": "heading", "format": "center", "indent": 0, "version": 1, "children": [{"mode": "normal", "text": "Educar Sano: tu espacio educativo y familiar de confianza", "type": "text", "style": "", "detail": 0, "format": 1, "version": 1}], "direction": "ltr", "textFormat": 1}, {"type": "paragraph", "format": "", "indent": 0, "version": 1, "children": [{"mode": "normal", "text": "Si quieres acompaamiento prctico, humano y con conciencia social, aqu encontrars las herramientas y el apoyo que necesitas.", "type": "text", "style": "", "detail": 0, "format": 0, "version": 1}], "direction": "ltr", "textStyle": "", "textFormat": 0}, {"type": "paragraph", "format": "", "indent": 0, "version": 1, "children": [{"mode": "normal", "text": "Comienza tu proceso con nosotros", "type": "text", "style": "", "detail": 0, "format": 0, "version": 1}], "direction": "ltr", "textStyle": "", "textFormat": 0}], "direction": null, "textFormat": 1}}	t	-70	servicesCallToAction02	69133610b6900a691354eca6	LLamada a la accin	t	\N	blue
2	827	version.layout	873	119	{"root": {"type": "root", "format": "", "indent": 0, "version": 1, "children": [{"tag": "h2", "type": "heading", "format": "center", "indent": 0, "version": 1, "children": [{"mode": "normal", "text": "Educar Sano: tu espacio educativo y familiar de confianza", "type": "text", "style": "", "detail": 0, "format": 1, "version": 1}], "direction": "ltr", "textFormat": 1}, {"type": "paragraph", "format": "", "indent": 0, "version": 1, "children": [{"mode": "normal", "text": "Si quieres acompaamiento prctico, humano y con conciencia social, aqu encontrars las herramientas y el apoyo que necesitas.", "type": "text", "style": "", "detail": 0, "format": 0, "version": 1}], "direction": "ltr", "textStyle": "", "textFormat": 0}, {"type": "paragraph", "format": "", "indent": 0, "version": 1, "children": [{"mode": "normal", "text": "Comienza tu proceso con nosotros", "type": "text", "style": "", "detail": 0, "format": 0, "version": 1}], "direction": "ltr", "textStyle": "", "textFormat": 0}], "direction": null, "textFormat": 1}}	t	-70	servicesCallToAction02	69133610b6900a691354eca6	LLamada a la accin	t	\N	blue
5	764	version.layout	800	108	{"root": {"type": "root", "format": "", "indent": 0, "version": 1, "children": [{"tag": "h2", "type": "heading", "format": "center", "indent": 0, "version": 1, "children": [{"mode": "normal", "text": "Educar Sano: tu espacio educativo y familiar de confianza", "type": "text", "style": "", "detail": 0, "format": 1, "version": 1}], "direction": "ltr", "textFormat": 1}, {"type": "paragraph", "format": "", "indent": 0, "version": 1, "children": [{"mode": "normal", "text": "Si quieres acompaamiento prctico, humano y con conciencia social, aqu encontrars las herramientas y el apoyo que necesitas.", "type": "text", "style": "", "detail": 0, "format": 0, "version": 1}], "direction": "ltr", "textStyle": "", "textFormat": 0}, {"type": "paragraph", "format": "", "indent": 0, "version": 1, "children": [{"mode": "normal", "text": "Comienza tu proceso con nosotros", "type": "text", "style": "", "detail": 0, "format": 0, "version": 1}], "direction": "ltr", "textStyle": "", "textFormat": 0}], "direction": null, "textFormat": 1}}	f	0	about-call-to-action	69026af7c0fe9717b5354e09	llamada a la accin	f	\N	\N
2	828	version.layout	874	119	{"root": {"type": "root", "format": "", "indent": 0, "version": 1, "children": [{"tag": "h2", "type": "heading", "format": "center", "indent": 0, "version": 1, "children": [{"mode": "normal", "text": "Educar Sano: tu espacio educativo y familiar de confianza", "type": "text", "style": "", "detail": 0, "format": 1, "version": 1}], "direction": "ltr", "textFormat": 1}, {"type": "paragraph", "format": "", "indent": 0, "version": 1, "children": [{"mode": "normal", "text": "Si quieres acompaamiento prctico, humano y con conciencia social, aqu encontrars las herramientas y el apoyo que necesitas.", "type": "text", "style": "", "detail": 0, "format": 0, "version": 1}], "direction": "ltr", "textStyle": "", "textFormat": 0}, {"type": "paragraph", "format": "", "indent": 0, "version": 1, "children": [{"mode": "normal", "text": "Comienza tu proceso con nosotros", "type": "text", "style": "", "detail": 0, "format": 0, "version": 1}], "direction": "ltr", "textStyle": "", "textFormat": 0}], "direction": null, "textFormat": 1}}	t	-70	servicesCallToAction02	69133610b6900a691354eca6	LLamada a la accin	t	\N	blue
2	829	version.layout	875	119	{"root": {"type": "root", "format": "", "indent": 0, "version": 1, "children": [{"tag": "h2", "type": "heading", "format": "center", "indent": 0, "version": 1, "children": [{"mode": "normal", "text": "Educar Sano: tu espacio educativo y familiar de confianza", "type": "text", "style": "", "detail": 0, "format": 1, "version": 1}], "direction": "ltr", "textFormat": 1}, {"type": "paragraph", "format": "", "indent": 0, "version": 1, "children": [{"mode": "normal", "text": "Si quieres acompaamiento prctico, humano y con conciencia social, aqu encontrars las herramientas y el apoyo que necesitas.", "type": "text", "style": "", "detail": 0, "format": 0, "version": 1}], "direction": "ltr", "textStyle": "", "textFormat": 0}, {"type": "paragraph", "format": "", "indent": 0, "version": 1, "children": [{"mode": "normal", "text": "Comienza tu proceso con nosotros", "type": "text", "style": "", "detail": 0, "format": 0, "version": 1}], "direction": "ltr", "textStyle": "", "textFormat": 0}], "direction": null, "textFormat": 1}}	t	-70	servicesCallToAction02	69133610b6900a691354eca6	LLamada a la accin	t	\N	blue
5	765	version.layout	801	108	{"root": {"type": "root", "format": "", "indent": 0, "version": 1, "children": [{"tag": "h2", "type": "heading", "format": "center", "indent": 0, "version": 1, "children": [{"mode": "normal", "text": "Educar Sano: tu espacio educativo y familiar de confianza", "type": "text", "style": "", "detail": 0, "format": 1, "version": 1}], "direction": "ltr", "textFormat": 1}, {"type": "paragraph", "format": "", "indent": 0, "version": 1, "children": [{"mode": "normal", "text": "Si quieres acompaamiento prctico, humano y con conciencia social, aqu encontrars las herramientas y el apoyo que necesitas.", "type": "text", "style": "", "detail": 0, "format": 0, "version": 1}], "direction": "ltr", "textStyle": "", "textFormat": 0}, {"type": "paragraph", "format": "", "indent": 0, "version": 1, "children": [{"mode": "normal", "text": "Comienza tu proceso con nosotros", "type": "text", "style": "", "detail": 0, "format": 0, "version": 1}], "direction": "ltr", "textStyle": "", "textFormat": 0}], "direction": null, "textFormat": 1}}	f	0	about-call-to-action	69026af7c0fe9717b5354e09	llamada a la accin	f	\N	\N
2	830	version.layout	876	119	{"root": {"type": "root", "format": "", "indent": 0, "version": 1, "children": [{"tag": "h2", "type": "heading", "format": "center", "indent": 0, "version": 1, "children": [{"mode": "normal", "text": "Educar Sano: tu espacio educativo y familiar de confianza", "type": "text", "style": "", "detail": 0, "format": 1, "version": 1}], "direction": "ltr", "textFormat": 1}, {"type": "paragraph", "format": "", "indent": 0, "version": 1, "children": [{"mode": "normal", "text": "Si quieres acompaamiento prctico, humano y con conciencia social, aqu encontrars las herramientas y el apoyo que necesitas.", "type": "text", "style": "", "detail": 0, "format": 0, "version": 1}], "direction": "ltr", "textStyle": "", "textFormat": 0}, {"type": "paragraph", "format": "", "indent": 0, "version": 1, "children": [{"mode": "normal", "text": "Comienza tu proceso con nosotros", "type": "text", "style": "", "detail": 0, "format": 0, "version": 1}], "direction": "ltr", "textStyle": "", "textFormat": 0}], "direction": null, "textFormat": 1}}	t	-70	servicesCallToAction02	69133610b6900a691354eca6	LLamada a la accin	t	\N	blue
5	766	version.layout	802	108	{"root": {"type": "root", "format": "", "indent": 0, "version": 1, "children": [{"tag": "h2", "type": "heading", "format": "center", "indent": 0, "version": 1, "children": [{"mode": "normal", "text": "Educar Sano: tu espacio educativo y familiar de confianza", "type": "text", "style": "", "detail": 0, "format": 1, "version": 1}], "direction": "ltr", "textFormat": 1}, {"type": "paragraph", "format": "", "indent": 0, "version": 1, "children": [{"mode": "normal", "text": "Si quieres acompaamiento prctico, humano y con conciencia social, aqu encontrars las herramientas y el apoyo que necesitas.", "type": "text", "style": "", "detail": 0, "format": 0, "version": 1}], "direction": "ltr", "textStyle": "", "textFormat": 0}, {"type": "paragraph", "format": "", "indent": 0, "version": 1, "children": [{"mode": "normal", "text": "Comienza tu proceso con nosotros", "type": "text", "style": "", "detail": 0, "format": 0, "version": 1}], "direction": "ltr", "textStyle": "", "textFormat": 0}], "direction": null, "textFormat": 1}}	f	0	about-call-to-action	69026af7c0fe9717b5354e09	llamada a la accin	f	\N	\N
6	847	version.layout	893	108	{"root": {"type": "root", "format": "", "indent": 0, "version": 1, "children": [{"tag": "h2", "type": "heading", "format": "center", "indent": 0, "version": 1, "children": [{"mode": "normal", "text": "Educar Sano: tu espacio educativo y familiar de confianza", "type": "text", "style": "", "detail": 0, "format": 1, "version": 1}], "direction": "ltr", "textFormat": 1}, {"type": "paragraph", "format": "", "indent": 0, "version": 1, "children": [{"mode": "normal", "text": "Si quieres acompaamiento prctico, humano y con conciencia social, aqu encontrars las herramientas y el apoyo que necesitas.", "type": "text", "style": "", "detail": 0, "format": 0, "version": 1}], "direction": "ltr", "textStyle": "", "textFormat": 0}, {"type": "paragraph", "format": "", "indent": 0, "version": 1, "children": [{"mode": "normal", "text": "Comienza tu proceso con nosotros", "type": "text", "style": "", "detail": 0, "format": 0, "version": 1}], "direction": "ltr", "textStyle": "", "textFormat": 0}], "direction": null, "textFormat": 1}}	t	-66	HomeCallToAction01	68f79fc8f46630ee6d8dcbb6	Llamada a la accin	t	separatorBackground	\N
2	831	version.layout	877	119	{"root": {"type": "root", "format": "", "indent": 0, "version": 1, "children": [{"tag": "h2", "type": "heading", "format": "center", "indent": 0, "version": 1, "children": [{"mode": "normal", "text": "Educar Sano: tu espacio educativo y familiar de confianza", "type": "text", "style": "", "detail": 0, "format": 1, "version": 1}], "direction": "ltr", "textFormat": 1}, {"type": "paragraph", "format": "", "indent": 0, "version": 1, "children": [{"mode": "normal", "text": "Si quieres acompaamiento prctico, humano y con conciencia social, aqu encontrars las herramientas y el apoyo que necesitas.", "type": "text", "style": "", "detail": 0, "format": 0, "version": 1}], "direction": "ltr", "textStyle": "", "textFormat": 0}, {"type": "paragraph", "format": "", "indent": 0, "version": 1, "children": [{"mode": "normal", "text": "Comienza tu proceso con nosotros", "type": "text", "style": "", "detail": 0, "format": 0, "version": 1}], "direction": "ltr", "textStyle": "", "textFormat": 0}], "direction": null, "textFormat": 1}}	t	-70	servicesCallToAction02	69133610b6900a691354eca6	LLamada a la accin	t	\N	blue
6	848	version.layout	894	108	{"root": {"type": "root", "format": "", "indent": 0, "version": 1, "children": [{"tag": "h2", "type": "heading", "format": "center", "indent": 0, "version": 1, "children": [{"mode": "normal", "text": "Educar Sano: tu espacio educativo y familiar de confianza", "type": "text", "style": "", "detail": 0, "format": 1, "version": 1}], "direction": "ltr", "textFormat": 1}, {"type": "paragraph", "format": "", "indent": 0, "version": 1, "children": [{"mode": "normal", "text": "Si quieres acompaamiento prctico, humano y con conciencia social, aqu encontrars las herramientas y el apoyo que necesitas.", "type": "text", "style": "", "detail": 0, "format": 0, "version": 1}], "direction": "ltr", "textStyle": "", "textFormat": 0}, {"type": "paragraph", "format": "", "indent": 0, "version": 1, "children": [{"mode": "normal", "text": "Comienza tu proceso con nosotros", "type": "text", "style": "", "detail": 0, "format": 0, "version": 1}], "direction": "ltr", "textStyle": "", "textFormat": 0}], "direction": null, "textFormat": 1}}	t	-66	HomeCallToAction01	68f79fc8f46630ee6d8dcbb6	Llamada a la accin	t	separatorBackground	\N
5	767	version.layout	803	108	{"root": {"type": "root", "format": "", "indent": 0, "version": 1, "children": [{"tag": "h2", "type": "heading", "format": "center", "indent": 0, "version": 1, "children": [{"mode": "normal", "text": "Educar Sano: tu espacio educativo y familiar de confianza", "type": "text", "style": "", "detail": 0, "format": 1, "version": 1}], "direction": "ltr", "textFormat": 1}, {"type": "paragraph", "format": "", "indent": 0, "version": 1, "children": [{"mode": "normal", "text": "Si quieres acompaamiento prctico, humano y con conciencia social, aqu encontrars las herramientas y el apoyo que necesitas.", "type": "text", "style": "", "detail": 0, "format": 0, "version": 1}], "direction": "ltr", "textStyle": "", "textFormat": 0}, {"type": "paragraph", "format": "", "indent": 0, "version": 1, "children": [{"mode": "normal", "text": "Comienza tu proceso con nosotros", "type": "text", "style": "", "detail": 0, "format": 0, "version": 1}], "direction": "ltr", "textStyle": "", "textFormat": 0}], "direction": null, "textFormat": 1}}	f	0	about-call-to-action	69026af7c0fe9717b5354e09	llamada a la accin	f	\N	\N
5	768	version.layout	804	108	{"root": {"type": "root", "format": "", "indent": 0, "version": 1, "children": [{"tag": "h2", "type": "heading", "format": "center", "indent": 0, "version": 1, "children": [{"mode": "normal", "text": "Educar Sano: tu espacio educativo y familiar de confianza", "type": "text", "style": "", "detail": 0, "format": 1, "version": 1}], "direction": "ltr", "textFormat": 1}, {"type": "paragraph", "format": "", "indent": 0, "version": 1, "children": [{"mode": "normal", "text": "Si quieres acompaamiento prctico, humano y con conciencia social, aqu encontrars las herramientas y el apoyo que necesitas.", "type": "text", "style": "", "detail": 0, "format": 0, "version": 1}], "direction": "ltr", "textStyle": "", "textFormat": 0}, {"type": "paragraph", "format": "", "indent": 0, "version": 1, "children": [{"mode": "normal", "text": "Comienza tu proceso con nosotros", "type": "text", "style": "", "detail": 0, "format": 0, "version": 1}], "direction": "ltr", "textStyle": "", "textFormat": 0}], "direction": null, "textFormat": 1}}	f	0	about-call-to-action	69026af7c0fe9717b5354e09	llamada a la accin	f	\N	\N
6	868	version.layout	895	108	{"root": {"type": "root", "format": "", "indent": 0, "version": 1, "children": [{"tag": "h2", "type": "heading", "format": "center", "indent": 0, "version": 1, "children": [{"mode": "normal", "text": "Educar Sano: tu espacio educativo y familiar de confianza", "type": "text", "style": "", "detail": 0, "format": 1, "version": 1}], "direction": "ltr", "textFormat": 1}, {"type": "paragraph", "format": "", "indent": 0, "version": 1, "children": [{"mode": "normal", "text": "Si quieres acompaamiento prctico, humano y con conciencia social, aqu encontrars las herramientas y el apoyo que necesitas.", "type": "text", "style": "", "detail": 0, "format": 0, "version": 1}], "direction": "ltr", "textStyle": "", "textFormat": 0}, {"type": "paragraph", "format": "", "indent": 0, "version": 1, "children": [{"mode": "normal", "text": "Comienza tu proceso con nosotros", "type": "text", "style": "", "detail": 0, "format": 0, "version": 1}], "direction": "ltr", "textStyle": "", "textFormat": 0}], "direction": null, "textFormat": 1}}	t	-66	HomeCallToAction01	68f79fc8f46630ee6d8dcbb6	Llamada a la accin	t	separatorBackground	\N
5	769	version.layout	805	108	{"root": {"type": "root", "format": "", "indent": 0, "version": 1, "children": [{"tag": "h2", "type": "heading", "format": "center", "indent": 0, "version": 1, "children": [{"mode": "normal", "text": "Educar Sano: tu espacio educativo y familiar de confianza", "type": "text", "style": "", "detail": 0, "format": 1, "version": 1}], "direction": "ltr", "textFormat": 1}, {"type": "paragraph", "format": "", "indent": 0, "version": 1, "children": [{"mode": "normal", "text": "Si quieres acompaamiento prctico, humano y con conciencia social, aqu encontrars las herramientas y el apoyo que necesitas.", "type": "text", "style": "", "detail": 0, "format": 0, "version": 1}], "direction": "ltr", "textStyle": "", "textFormat": 0}, {"type": "paragraph", "format": "", "indent": 0, "version": 1, "children": [{"mode": "normal", "text": "Comienza tu proceso con nosotros", "type": "text", "style": "", "detail": 0, "format": 0, "version": 1}], "direction": "ltr", "textStyle": "", "textFormat": 0}], "direction": null, "textFormat": 1}}	f	0	about-call-to-action	69026af7c0fe9717b5354e09	llamada a la accin	f	\N	\N
5	869	version.layout	896	108	{"root": {"type": "root", "format": "", "indent": 0, "version": 1, "children": [{"tag": "h2", "type": "heading", "format": "center", "indent": 0, "version": 1, "children": [{"mode": "normal", "text": "Educar Sano: tu espacio educativo y familiar de confianza", "type": "text", "style": "", "detail": 0, "format": 1, "version": 1}], "direction": "ltr", "textFormat": 1}, {"type": "paragraph", "format": "", "indent": 0, "version": 1, "children": [{"mode": "normal", "text": "Si quieres acompaamiento prctico, humano y con conciencia social, aqu encontrars las herramientas y el apoyo que necesitas.", "type": "text", "style": "", "detail": 0, "format": 0, "version": 1}], "direction": "ltr", "textStyle": "", "textFormat": 0}, {"type": "paragraph", "format": "", "indent": 0, "version": 1, "children": [{"mode": "normal", "text": "Comienza tu proceso con nosotros", "type": "text", "style": "", "detail": 0, "format": 0, "version": 1}], "direction": "ltr", "textStyle": "", "textFormat": 0}], "direction": null, "textFormat": 1}}	f	0	about-call-to-action	69026af7c0fe9717b5354e09	llamada a la accin	f	separatorBackground	\N
2	870	version.layout	897	119	{"root": {"type": "root", "format": "", "indent": 0, "version": 1, "children": [{"tag": "h2", "type": "heading", "format": "center", "indent": 0, "version": 1, "children": [{"mode": "normal", "text": "Educar Sano: tu espacio educativo y familiar de confianza", "type": "text", "style": "", "detail": 0, "format": 1, "version": 1}], "direction": "ltr", "textFormat": 1}, {"type": "paragraph", "format": "", "indent": 0, "version": 1, "children": [{"mode": "normal", "text": "Si quieres acompaamiento prctico, humano y con conciencia social, aqu encontrars las herramientas y el apoyo que necesitas.", "type": "text", "style": "", "detail": 0, "format": 0, "version": 1}], "direction": "ltr", "textStyle": "", "textFormat": 0}, {"type": "paragraph", "format": "", "indent": 0, "version": 1, "children": [{"mode": "normal", "text": "Comienza tu proceso con nosotros", "type": "text", "style": "", "detail": 0, "format": 0, "version": 1}], "direction": "ltr", "textStyle": "", "textFormat": 0}], "direction": null, "textFormat": 1}}	t	-70	servicesCallToAction02	69133610b6900a691354eca6	LLamada a la accin	t	\N	blue
5	770	version.layout	806	108	{"root": {"type": "root", "format": "", "indent": 0, "version": 1, "children": [{"tag": "h2", "type": "heading", "format": "center", "indent": 0, "version": 1, "children": [{"mode": "normal", "text": "Educar Sano: tu espacio educativo y familiar de confianza", "type": "text", "style": "", "detail": 0, "format": 1, "version": 1}], "direction": "ltr", "textFormat": 1}, {"type": "paragraph", "format": "", "indent": 0, "version": 1, "children": [{"mode": "normal", "text": "Si quieres acompaamiento prctico, humano y con conciencia social, aqu encontrars las herramientas y el apoyo que necesitas.", "type": "text", "style": "", "detail": 0, "format": 0, "version": 1}], "direction": "ltr", "textStyle": "", "textFormat": 0}, {"type": "paragraph", "format": "", "indent": 0, "version": 1, "children": [{"mode": "normal", "text": "Comienza tu proceso con nosotros", "type": "text", "style": "", "detail": 0, "format": 0, "version": 1}], "direction": "ltr", "textStyle": "", "textFormat": 0}], "direction": null, "textFormat": 1}}	f	0	about-call-to-action	69026af7c0fe9717b5354e09	llamada a la accin	f	\N	\N
6	835	version.layout	881	108	{"root": {"type": "root", "format": "", "indent": 0, "version": 1, "children": [{"tag": "h2", "type": "heading", "format": "center", "indent": 0, "version": 1, "children": [{"mode": "normal", "text": "Educar Sano: tu espacio educativo y familiar de confianza", "type": "text", "style": "", "detail": 0, "format": 1, "version": 1}], "direction": "ltr", "textFormat": 1}, {"type": "paragraph", "format": "", "indent": 0, "version": 1, "children": [{"mode": "normal", "text": "Si quieres acompaamiento prctico, humano y con conciencia social, aqu encontrars las herramientas y el apoyo que necesitas.", "type": "text", "style": "", "detail": 0, "format": 0, "version": 1}], "direction": "ltr", "textStyle": "", "textFormat": 0}, {"type": "paragraph", "format": "", "indent": 0, "version": 1, "children": [{"mode": "normal", "text": "Comienza tu proceso con nosotros", "type": "text", "style": "", "detail": 0, "format": 0, "version": 1}], "direction": "ltr", "textStyle": "", "textFormat": 0}], "direction": null, "textFormat": 1}}	t	-66	HomeCallToAction01	68f79fc8f46630ee6d8dcbb6	Llamada a la accin	t	separatorBackground	\N
2	871	version.layout	898	119	{"root": {"type": "root", "format": "", "indent": 0, "version": 1, "children": [{"tag": "h2", "type": "heading", "format": "center", "indent": 0, "version": 1, "children": [{"mode": "normal", "text": "Educar Sano: tu espacio educativo y familiar de confianza", "type": "text", "style": "", "detail": 0, "format": 1, "version": 1}], "direction": "ltr", "textFormat": 1}, {"type": "paragraph", "format": "", "indent": 0, "version": 1, "children": [{"mode": "normal", "text": "Si quieres acompaamiento prctico, humano y con conciencia social, aqu encontrars las herramientas y el apoyo que necesitas.", "type": "text", "style": "", "detail": 0, "format": 0, "version": 1}], "direction": "ltr", "textStyle": "", "textFormat": 0}, {"type": "paragraph", "format": "", "indent": 0, "version": 1, "children": [{"mode": "normal", "text": "Comienza tu proceso con nosotros", "type": "text", "style": "", "detail": 0, "format": 0, "version": 1}], "direction": "ltr", "textStyle": "", "textFormat": 0}], "direction": null, "textFormat": 1}}	t	-70	servicesCallToAction02	69133610b6900a691354eca6	LLamada a la accin	t	\N	blue
5	771	version.layout	807	108	{"root": {"type": "root", "format": "", "indent": 0, "version": 1, "children": [{"tag": "h2", "type": "heading", "format": "center", "indent": 0, "version": 1, "children": [{"mode": "normal", "text": "Educar Sano: tu espacio educativo y familiar de confianza", "type": "text", "style": "", "detail": 0, "format": 1, "version": 1}], "direction": "ltr", "textFormat": 1}, {"type": "paragraph", "format": "", "indent": 0, "version": 1, "children": [{"mode": "normal", "text": "Si quieres acompaamiento prctico, humano y con conciencia social, aqu encontrars las herramientas y el apoyo que necesitas.", "type": "text", "style": "", "detail": 0, "format": 0, "version": 1}], "direction": "ltr", "textStyle": "", "textFormat": 0}, {"type": "paragraph", "format": "", "indent": 0, "version": 1, "children": [{"mode": "normal", "text": "Comienza tu proceso con nosotros", "type": "text", "style": "", "detail": 0, "format": 0, "version": 1}], "direction": "ltr", "textStyle": "", "textFormat": 0}], "direction": null, "textFormat": 1}}	f	0	about-call-to-action	69026af7c0fe9717b5354e09	llamada a la accin	f	separatorBackground	\N
6	836	version.layout	882	108	{"root": {"type": "root", "format": "", "indent": 0, "version": 1, "children": [{"tag": "h2", "type": "heading", "format": "center", "indent": 0, "version": 1, "children": [{"mode": "normal", "text": "Educar Sano: tu espacio educativo y familiar de confianza", "type": "text", "style": "", "detail": 0, "format": 1, "version": 1}], "direction": "ltr", "textFormat": 1}, {"type": "paragraph", "format": "", "indent": 0, "version": 1, "children": [{"mode": "normal", "text": "Si quieres acompaamiento prctico, humano y con conciencia social, aqu encontrars las herramientas y el apoyo que necesitas.", "type": "text", "style": "", "detail": 0, "format": 0, "version": 1}], "direction": "ltr", "textStyle": "", "textFormat": 0}, {"type": "paragraph", "format": "", "indent": 0, "version": 1, "children": [{"mode": "normal", "text": "Comienza tu proceso con nosotros", "type": "text", "style": "", "detail": 0, "format": 0, "version": 1}], "direction": "ltr", "textStyle": "", "textFormat": 0}], "direction": null, "textFormat": 1}}	t	-66	HomeCallToAction01	68f79fc8f46630ee6d8dcbb6	Llamada a la accin	t	separatorBackground	\N
2	872	version.layout	899	119	{"root": {"type": "root", "format": "", "indent": 0, "version": 1, "children": [{"tag": "h2", "type": "heading", "format": "center", "indent": 0, "version": 1, "children": [{"mode": "normal", "text": "Educar Sano: tu espacio educativo y familiar de confianza", "type": "text", "style": "", "detail": 0, "format": 1, "version": 1}], "direction": "ltr", "textFormat": 1}, {"type": "paragraph", "format": "", "indent": 0, "version": 1, "children": [{"mode": "normal", "text": "Si quieres acompaamiento prctico, humano y con conciencia social, aqu encontrars las herramientas y el apoyo que necesitas.", "type": "text", "style": "", "detail": 0, "format": 0, "version": 1}], "direction": "ltr", "textStyle": "", "textFormat": 0}, {"type": "paragraph", "format": "", "indent": 0, "version": 1, "children": [{"mode": "normal", "text": "Comienza tu proceso con nosotros", "type": "text", "style": "", "detail": 0, "format": 0, "version": 1}], "direction": "ltr", "textStyle": "", "textFormat": 0}], "direction": null, "textFormat": 1}}	t	-70	servicesCallToAction02	69133610b6900a691354eca6	LLamada a la accin	t	\N	blue
6	837	version.layout	883	108	{"root": {"type": "root", "format": "", "indent": 0, "version": 1, "children": [{"tag": "h2", "type": "heading", "format": "center", "indent": 0, "version": 1, "children": [{"mode": "normal", "text": "Educar Sano: tu espacio educativo y familiar de confianza", "type": "text", "style": "", "detail": 0, "format": 1, "version": 1}], "direction": "ltr", "textFormat": 1}, {"type": "paragraph", "format": "", "indent": 0, "version": 1, "children": [{"mode": "normal", "text": "Si quieres acompaamiento prctico, humano y con conciencia social, aqu encontrars las herramientas y el apoyo que necesitas.", "type": "text", "style": "", "detail": 0, "format": 0, "version": 1}], "direction": "ltr", "textStyle": "", "textFormat": 0}, {"type": "paragraph", "format": "", "indent": 0, "version": 1, "children": [{"mode": "normal", "text": "Comienza tu proceso con nosotros", "type": "text", "style": "", "detail": 0, "format": 0, "version": 1}], "direction": "ltr", "textStyle": "", "textFormat": 0}], "direction": null, "textFormat": 1}}	t	-66	HomeCallToAction01	68f79fc8f46630ee6d8dcbb6	Llamada a la accin	t	separatorBackground	\N
5	873	version.layout	900	108	{"root": {"type": "root", "format": "", "indent": 0, "version": 1, "children": [{"tag": "h2", "type": "heading", "format": "center", "indent": 0, "version": 1, "children": [{"mode": "normal", "text": "Educar Sano: tu espacio educativo y familiar de confianza", "type": "text", "style": "", "detail": 0, "format": 1, "version": 1}], "direction": "ltr", "textFormat": 1}, {"type": "paragraph", "format": "", "indent": 0, "version": 1, "children": [{"mode": "normal", "text": "Si quieres acompaamiento prctico, humano y con conciencia social, aqu encontrars las herramientas y el apoyo que necesitas.", "type": "text", "style": "", "detail": 0, "format": 0, "version": 1}], "direction": "ltr", "textStyle": "", "textFormat": 0}, {"type": "paragraph", "format": "", "indent": 0, "version": 1, "children": [{"mode": "normal", "text": "Comienza tu proceso con nosotros", "type": "text", "style": "", "detail": 0, "format": 0, "version": 1}], "direction": "ltr", "textStyle": "", "textFormat": 0}], "direction": null, "textFormat": 1}}	f	0	about-call-to-action	69026af7c0fe9717b5354e09	llamada a la accin	f	separatorBackground	\N
6	838	version.layout	884	108	{"root": {"type": "root", "format": "", "indent": 0, "version": 1, "children": [{"tag": "h2", "type": "heading", "format": "center", "indent": 0, "version": 1, "children": [{"mode": "normal", "text": "Educar Sano: tu espacio educativo y familiar de confianza", "type": "text", "style": "", "detail": 0, "format": 1, "version": 1}], "direction": "ltr", "textFormat": 1}, {"type": "paragraph", "format": "", "indent": 0, "version": 1, "children": [{"mode": "normal", "text": "Si quieres acompaamiento prctico, humano y con conciencia social, aqu encontrars las herramientas y el apoyo que necesitas.", "type": "text", "style": "", "detail": 0, "format": 0, "version": 1}], "direction": "ltr", "textStyle": "", "textFormat": 0}, {"type": "paragraph", "format": "", "indent": 0, "version": 1, "children": [{"mode": "normal", "text": "Comienza tu proceso con nosotros", "type": "text", "style": "", "detail": 0, "format": 0, "version": 1}], "direction": "ltr", "textStyle": "", "textFormat": 0}], "direction": null, "textFormat": 1}}	t	-66	HomeCallToAction01	68f79fc8f46630ee6d8dcbb6	Llamada a la accin	t	separatorBackground	\N
2	874	version.layout	901	119	{"root": {"type": "root", "format": "", "indent": 0, "version": 1, "children": [{"tag": "h2", "type": "heading", "format": "center", "indent": 0, "version": 1, "children": [{"mode": "normal", "text": "Educar Sano: tu espacio educativo y familiar de confianza", "type": "text", "style": "", "detail": 0, "format": 1, "version": 1}], "direction": "ltr", "textFormat": 1}, {"type": "paragraph", "format": "", "indent": 0, "version": 1, "children": [{"mode": "normal", "text": "Si quieres acompaamiento prctico, humano y con conciencia social, aqu encontrars las herramientas y el apoyo que necesitas.", "type": "text", "style": "", "detail": 0, "format": 0, "version": 1}], "direction": "ltr", "textStyle": "", "textFormat": 0}, {"type": "paragraph", "format": "", "indent": 0, "version": 1, "children": [{"mode": "normal", "text": "Comienza tu proceso con nosotros", "type": "text", "style": "", "detail": 0, "format": 0, "version": 1}], "direction": "ltr", "textStyle": "", "textFormat": 0}], "direction": null, "textFormat": 1}}	t	-70	servicesCallToAction02	69133610b6900a691354eca6	LLamada a la accin	t	\N	blue
6	839	version.layout	885	108	{"root": {"type": "root", "format": "", "indent": 0, "version": 1, "children": [{"tag": "h2", "type": "heading", "format": "center", "indent": 0, "version": 1, "children": [{"mode": "normal", "text": "Educar Sano: tu espacio educativo y familiar de confianza", "type": "text", "style": "", "detail": 0, "format": 1, "version": 1}], "direction": "ltr", "textFormat": 1}, {"type": "paragraph", "format": "", "indent": 0, "version": 1, "children": [{"mode": "normal", "text": "Si quieres acompaamiento prctico, humano y con conciencia social, aqu encontrars las herramientas y el apoyo que necesitas.", "type": "text", "style": "", "detail": 0, "format": 0, "version": 1}], "direction": "ltr", "textStyle": "", "textFormat": 0}, {"type": "paragraph", "format": "", "indent": 0, "version": 1, "children": [{"mode": "normal", "text": "Comienza tu proceso con nosotros", "type": "text", "style": "", "detail": 0, "format": 0, "version": 1}], "direction": "ltr", "textStyle": "", "textFormat": 0}], "direction": null, "textFormat": 1}}	t	-66	HomeCallToAction01	68f79fc8f46630ee6d8dcbb6	Llamada a la accin	t	separatorBackground	\N
6	840	version.layout	886	108	{"root": {"type": "root", "format": "", "indent": 0, "version": 1, "children": [{"tag": "h2", "type": "heading", "format": "center", "indent": 0, "version": 1, "children": [{"mode": "normal", "text": "Educar Sano: tu espacio educativo y familiar de confianza", "type": "text", "style": "", "detail": 0, "format": 1, "version": 1}], "direction": "ltr", "textFormat": 1}, {"type": "paragraph", "format": "", "indent": 0, "version": 1, "children": [{"mode": "normal", "text": "Si quieres acompaamiento prctico, humano y con conciencia social, aqu encontrars las herramientas y el apoyo que necesitas.", "type": "text", "style": "", "detail": 0, "format": 0, "version": 1}], "direction": "ltr", "textStyle": "", "textFormat": 0}, {"type": "paragraph", "format": "", "indent": 0, "version": 1, "children": [{"mode": "normal", "text": "Comienza tu proceso con nosotros", "type": "text", "style": "", "detail": 0, "format": 0, "version": 1}], "direction": "ltr", "textStyle": "", "textFormat": 0}], "direction": null, "textFormat": 1}}	t	-66	HomeCallToAction01	68f79fc8f46630ee6d8dcbb6	Llamada a la accin	t	separatorBackground	\N
6	841	version.layout	887	108	{"root": {"type": "root", "format": "", "indent": 0, "version": 1, "children": [{"tag": "h2", "type": "heading", "format": "center", "indent": 0, "version": 1, "children": [{"mode": "normal", "text": "Educar Sano: tu espacio educativo y familiar de confianza", "type": "text", "style": "", "detail": 0, "format": 1, "version": 1}], "direction": "ltr", "textFormat": 1}, {"type": "paragraph", "format": "", "indent": 0, "version": 1, "children": [{"mode": "normal", "text": "Si quieres acompaamiento prctico, humano y con conciencia social, aqu encontrars las herramientas y el apoyo que necesitas.", "type": "text", "style": "", "detail": 0, "format": 0, "version": 1}], "direction": "ltr", "textStyle": "", "textFormat": 0}, {"type": "paragraph", "format": "", "indent": 0, "version": 1, "children": [{"mode": "normal", "text": "Comienza tu proceso con nosotros", "type": "text", "style": "", "detail": 0, "format": 0, "version": 1}], "direction": "ltr", "textStyle": "", "textFormat": 0}], "direction": null, "textFormat": 1}}	t	-66	HomeCallToAction01	68f79fc8f46630ee6d8dcbb6	Llamada a la accin	t	separatorBackground	\N
\.


--
-- TOC entry 5102 (class 0 OID 446371)
-- Dependencies: 246
-- Data for Name: _pages_v_blocks_cta_links; Type: TABLE DATA; Schema: public; Owner: postgres
--

COPY public._pages_v_blocks_cta_links (_order, _parent_id, id, link_type, link_new_tab, link_url, link_label, link_appearance, _uuid) FROM stdin;
1	884	1735	calendly	\N	https://calendly.com/educarsano	agendar cita	default	68f7a020ad89aa564b316f79
2	884	1736	reference	\N	\N	contacto	default	68f7a03ead89aa564b316f7b
1	886	1739	calendly	\N	https://calendly.com/educarsano	agendar cita	default	68f7a020ad89aa564b316f79
2	886	1740	reference	\N	\N	contacto	default	68f7a03ead89aa564b316f7b
1	893	1753	calendly	\N	https://calendly.com/educarsano	agendar cita	default	68f7a020ad89aa564b316f79
2	893	1754	reference	\N	\N	contacto	default	68f7a03ead89aa564b316f7b
1	894	1755	calendly	\N	https://calendly.com/educarsano	agendar cita	default	68f7a020ad89aa564b316f79
2	894	1756	reference	\N	\N	contacto	default	68f7a03ead89aa564b316f7b
1	895	1757	calendly	\N	https://calendly.com/educarsano	agendar cita	default	68f7a020ad89aa564b316f79
2	895	1758	reference	\N	\N	contacto	default	68f7a03ead89aa564b316f7b
1	897	1761	calendly	\N	https://calendly.com/educarsano	agendar cita	default	69133691406dbfb798ca855e
2	897	1762	reference	\N	\N	contacto	default	6913366d406dbfb798ca855c
1	899	1765	calendly	\N	https://calendly.com/educarsano	agendar cita	default	69133691406dbfb798ca855e
2	899	1766	reference	\N	\N	contacto	default	6913366d406dbfb798ca855c
1	901	1769	calendly	\N	https://calendly.com/educarsano	agendar cita	default	69133691406dbfb798ca855e
2	901	1770	reference	\N	\N	contacto	default	6913366d406dbfb798ca855c
1	873	1713	calendly	\N	https://calendly.com/educarsano	agendar cita	default	69133691406dbfb798ca855e
2	873	1714	reference	\N	\N	contacto	default	6913366d406dbfb798ca855c
1	874	1715	calendly	\N	https://calendly.com/educarsano	agendar cita	default	69133691406dbfb798ca855e
2	874	1716	reference	\N	\N	contacto	default	6913366d406dbfb798ca855c
1	876	1719	calendly	\N	https://calendly.com/educarsano	agendar cita	default	69133691406dbfb798ca855e
2	876	1720	reference	\N	\N	contacto	default	6913366d406dbfb798ca855c
1	882	1731	calendly	\N	https://calendly.com/educarsano	agendar cita	default	68f7a020ad89aa564b316f79
2	882	1732	reference	\N	\N	contacto	default	68f7a03ead89aa564b316f7b
1	801	1569	calendly	\N	https://calendly.com/educarsano	agendar cita	default	69026b8c8a378f13385b4300
2	801	1570	reference	\N	\N	contacto	default	69026bad8a378f13385b4302
1	803	1573	calendly	\N	https://calendly.com/educarsano	agendar cita	default	69026b8c8a378f13385b4300
2	803	1574	reference	\N	\N	contacto	default	69026bad8a378f13385b4302
1	805	1577	calendly	\N	https://calendly.com/educarsano	agendar cita	default	69026b8c8a378f13385b4300
2	805	1578	reference	\N	\N	contacto	default	69026bad8a378f13385b4302
1	807	1581	calendly	\N	https://calendly.com/educarsano	agendar cita	default	69026b8c8a378f13385b4300
2	807	1582	reference	\N	\N	contacto	default	69026bad8a378f13385b4302
1	885	1737	calendly	\N	https://calendly.com/educarsano	agendar cita	default	68f7a020ad89aa564b316f79
2	885	1738	reference	\N	\N	contacto	default	68f7a03ead89aa564b316f7b
1	887	1741	calendly	\N	https://calendly.com/educarsano	agendar cita	default	68f7a020ad89aa564b316f79
2	887	1742	reference	\N	\N	contacto	default	68f7a03ead89aa564b316f7b
1	896	1759	calendly	\N	https://calendly.com/educarsano	agendar cita	default	69026b8c8a378f13385b4300
2	896	1760	reference	\N	\N	contacto	default	69026bad8a378f13385b4302
1	898	1763	calendly	\N	https://calendly.com/educarsano	agendar cita	default	69133691406dbfb798ca855e
2	898	1764	reference	\N	\N	contacto	default	6913366d406dbfb798ca855c
1	900	1767	calendly	\N	https://calendly.com/educarsano	agendar cita	default	69026b8c8a378f13385b4300
2	900	1768	reference	\N	\N	contacto	default	69026bad8a378f13385b4302
1	872	1711	calendly	\N	https://calendly.com/educarsano	agendar cita	default	69133691406dbfb798ca855e
2	872	1712	reference	\N	\N	contacto	default	6913366d406dbfb798ca855c
1	875	1717	calendly	\N	https://calendly.com/educarsano	agendar cita	default	69133691406dbfb798ca855e
2	875	1718	reference	\N	\N	contacto	default	6913366d406dbfb798ca855c
1	877	1721	calendly	\N	https://calendly.com/educarsano	agendar cita	default	69133691406dbfb798ca855e
2	877	1722	reference	\N	\N	contacto	default	6913366d406dbfb798ca855c
1	881	1729	calendly	\N	https://calendly.com/educarsano	agendar cita	default	68f7a020ad89aa564b316f79
2	881	1730	reference	\N	\N	contacto	default	68f7a03ead89aa564b316f7b
1	883	1733	calendly	\N	https://calendly.com/educarsano	agendar cita	default	68f7a020ad89aa564b316f79
2	883	1734	reference	\N	\N	contacto	default	68f7a03ead89aa564b316f7b
1	800	1567	calendly	\N	https://calendly.com/educarsano	agendar cita	default	69026b8c8a378f13385b4300
2	800	1568	reference	\N	\N	contacto	default	69026bad8a378f13385b4302
1	802	1571	calendly	\N	https://calendly.com/educarsano	agendar cita	default	69026b8c8a378f13385b4300
2	802	1572	reference	\N	\N	contacto	default	69026bad8a378f13385b4302
1	804	1575	calendly	\N	https://calendly.com/educarsano	agendar cita	default	69026b8c8a378f13385b4300
2	804	1576	reference	\N	\N	contacto	default	69026bad8a378f13385b4302
1	806	1579	calendly	\N	https://calendly.com/educarsano	agendar cita	default	69026b8c8a378f13385b4300
2	806	1580	reference	\N	\N	contacto	default	69026bad8a378f13385b4302
\.


--
-- TOC entry 5112 (class 0 OID 446436)
-- Dependencies: 256
-- Data for Name: _pages_v_blocks_form_block; Type: TABLE DATA; Schema: public; Owner: postgres
--

COPY public._pages_v_blocks_form_block (_order, _parent_id, _path, id, enable_header_text, header_text, enable_companion_text, companion_text, form_id, is_reverse, bottom, _uuid, block_name, dark_mode, separator_type, enable_background_image) FROM stdin;
4	829	version.layout	682	t	{"root": {"type": "root", "format": "", "indent": 0, "version": 1, "children": [{"tag": "h2", "type": "heading", "format": "center", "indent": 0, "version": 1, "children": [{"mode": "normal", "text": "conectemos!", "type": "text", "style": "", "detail": 0, "format": 0, "version": 1}], "direction": null}, {"type": "paragraph", "format": "", "indent": 0, "version": 1, "children": [{"mode": "normal", "text": "Lorem ipsum dolor sit amet consectetur. Potenti diam facilisi sagittis qiuisque. Consequat gravida est semper sagittis. Morbi eleifend ac maecenas integer congue viverra morbi.", "type": "text", "style": "", "detail": 0, "format": 0, "version": 1}], "direction": "ltr", "textStyle": "", "textFormat": 0}, {"type": "block", "fields": {"id": "69331a5d5e74d2a163008163", "rrss": [{"id": "69331a5f70b6b23ed6637e4c", "icon": 66, "link": {"url": "www.google.es", "type": "custom", "label": "contacto@educarsano.com"}, "title": "Email"}, {"id": "69331a8a70b6b23ed6637e4e", "icon": 67, "link": {"url": "www.google.es", "type": "custom", "label": "@educarsano"}, "title": "Instagram"}], "blockName": "rrss", "blockType": "social"}, "format": "", "version": 2}, {"type": "paragraph", "format": "", "indent": 0, "version": 1, "children": [], "direction": "ltr", "textStyle": "", "textFormat": 0}], "direction": null}}	t	{"root": {"type": "root", "format": "", "indent": 0, "version": 1, "children": [{"tag": "h3", "type": "heading", "format": "center", "indent": 1, "version": 1, "children": [{"mode": "normal", "text": "Formulario de Contacto", "type": "text", "style": "", "detail": 0, "format": 0, "version": 1}], "direction": null}, {"type": "paragraph", "format": "center", "indent": 0, "version": 1, "children": [{"mode": "normal", "text": "Ponte en contacto conmigo y hablamos!", "type": "text", "style": "", "detail": 0, "format": 0, "version": 1}], "direction": "ltr", "textStyle": "", "textFormat": 0}], "direction": null}}	1	t	-36	693318b170b6b23ed6637e4a	formulario de contacto	dark	separatorYellow	\N
10	847	version.layout	700	t	{"root": {"type": "root", "format": "", "indent": 0, "version": 1, "children": [{"tag": "h2", "type": "heading", "format": "center", "indent": 0, "version": 1, "children": [{"mode": "normal", "text": "conectemos!", "type": "text", "style": "", "detail": 0, "format": 0, "version": 1}], "direction": null}, {"type": "paragraph", "format": "", "indent": 0, "version": 1, "children": [{"mode": "normal", "text": "Lorem ipsum dolor sit amet consectetur. Potenti diam facilisi sagittis qiuisque. Consequat gravida est semper sagittis. Morbi eleifend ac maecenas integer congue viverra morbi.", "type": "text", "style": "", "detail": 0, "format": 0, "version": 1}], "direction": "ltr", "textStyle": "", "textFormat": 0}, {"type": "block", "fields": {"id": "68f7b7713a7bb11e3a36255a", "rrss": [{"id": "68f7b776539115341321864c", "icon": 66, "link": {"url": "www.google.es", "type": "custom", "label": "contacto@educarsano.com"}, "title": "Email"}, {"id": "68f7b7a8539115341321864e", "icon": 67, "link": {"url": "www.google.es", "type": "custom", "label": "@educarsano"}, "title": "Instagram"}], "blockName": "rrss", "blockType": "social"}, "format": "", "version": 2}, {"type": "paragraph", "format": "", "indent": 0, "version": 1, "children": [], "direction": "ltr", "textStyle": "", "textFormat": 0}], "direction": null}}	t	{"root": {"type": "root", "format": "", "indent": 0, "version": 1, "children": [{"tag": "h3", "type": "heading", "format": "center", "indent": 1, "version": 1, "children": [{"mode": "normal", "text": "Formulario de Contacto", "type": "text", "style": "", "detail": 0, "format": 0, "version": 1}], "direction": null}, {"type": "paragraph", "format": "center", "indent": 0, "version": 1, "children": [{"mode": "normal", "text": "Ponte en contacto conmigo y hablamos!", "type": "text", "style": "", "detail": 0, "format": 0, "version": 1}], "direction": "ltr", "textStyle": "", "textFormat": 0}], "direction": null}}	1	t	-39	68f7b71ec5b20bf7bc32e1c1	Formulario de contacto	dark	separatorYellow	\N
10	848	version.layout	701	t	{"root": {"type": "root", "format": "", "indent": 0, "version": 1, "children": [{"tag": "h2", "type": "heading", "format": "center", "indent": 0, "version": 1, "children": [{"mode": "normal", "text": "conectemos!", "type": "text", "style": "", "detail": 0, "format": 0, "version": 1}], "direction": null}, {"type": "paragraph", "format": "", "indent": 0, "version": 1, "children": [{"mode": "normal", "text": "Lorem ipsum dolor sit amet consectetur. Potenti diam facilisi sagittis qiuisque. Consequat gravida est semper sagittis. Morbi eleifend ac maecenas integer congue viverra morbi.", "type": "text", "style": "", "detail": 0, "format": 0, "version": 1}], "direction": "ltr", "textStyle": "", "textFormat": 0}, {"type": "block", "fields": {"id": "68f7b7713a7bb11e3a36255a", "rrss": [{"id": "68f7b776539115341321864c", "icon": 66, "link": {"url": "www.google.es", "type": "custom", "label": "contacto@educarsano.com"}, "title": "Email"}, {"id": "68f7b7a8539115341321864e", "icon": 67, "link": {"url": "www.google.es", "type": "custom", "label": "@educarsano"}, "title": "Instagram"}], "blockName": "rrss", "blockType": "social"}, "format": "", "version": 2}, {"type": "paragraph", "format": "", "indent": 0, "version": 1, "children": [], "direction": "ltr", "textStyle": "", "textFormat": 0}], "direction": null}}	t	{"root": {"type": "root", "format": "", "indent": 0, "version": 1, "children": [{"tag": "h3", "type": "heading", "format": "center", "indent": 1, "version": 1, "children": [{"mode": "normal", "text": "Formulario de Contacto", "type": "text", "style": "", "detail": 0, "format": 0, "version": 1}], "direction": null}, {"type": "paragraph", "format": "center", "indent": 0, "version": 1, "children": [{"mode": "normal", "text": "Ponte en contacto conmigo y hablamos!", "type": "text", "style": "", "detail": 0, "format": 0, "version": 1}], "direction": "ltr", "textStyle": "", "textFormat": 0}], "direction": null}}	1	t	-39	68f7b71ec5b20bf7bc32e1c1	Formulario de contacto	dark	separatorYellow	\N
4	830	version.layout	683	t	{"root": {"type": "root", "format": "", "indent": 0, "version": 1, "children": [{"tag": "h2", "type": "heading", "format": "center", "indent": 0, "version": 1, "children": [{"mode": "normal", "text": "conectemos!", "type": "text", "style": "", "detail": 0, "format": 0, "version": 1}], "direction": null}, {"type": "paragraph", "format": "", "indent": 0, "version": 1, "children": [{"mode": "normal", "text": "Lorem ipsum dolor sit amet consectetur. Potenti diam facilisi sagittis qiuisque. Consequat gravida est semper sagittis. Morbi eleifend ac maecenas integer congue viverra morbi.", "type": "text", "style": "", "detail": 0, "format": 0, "version": 1}], "direction": "ltr", "textStyle": "", "textFormat": 0}, {"type": "block", "fields": {"id": "69331a5d5e74d2a163008163", "rrss": [{"id": "69331a5f70b6b23ed6637e4c", "icon": 66, "link": {"url": "www.google.es", "type": "custom", "label": "contacto@educarsano.com"}, "title": "Email"}, {"id": "69331a8a70b6b23ed6637e4e", "icon": 67, "link": {"url": "www.google.es", "type": "custom", "label": "@educarsano"}, "title": "Instagram"}], "blockName": "rrss", "blockType": "social"}, "format": "", "version": 2}, {"type": "paragraph", "format": "", "indent": 0, "version": 1, "children": [], "direction": "ltr", "textStyle": "", "textFormat": 0}], "direction": null}}	t	{"root": {"type": "root", "format": "", "indent": 0, "version": 1, "children": [{"tag": "h3", "type": "heading", "format": "center", "indent": 1, "version": 1, "children": [{"mode": "normal", "text": "Formulario de Contacto", "type": "text", "style": "", "detail": 0, "format": 0, "version": 1}], "direction": null}, {"type": "paragraph", "format": "center", "indent": 0, "version": 1, "children": [{"mode": "normal", "text": "Ponte en contacto conmigo y hablamos!", "type": "text", "style": "", "detail": 0, "format": 0, "version": 1}], "direction": "ltr", "textStyle": "", "textFormat": 0}], "direction": null}}	1	t	-36	693318b170b6b23ed6637e4a	formulario de contacto	dark	separatorYellow	\N
10	840	version.layout	693	t	{"root": {"type": "root", "format": "", "indent": 0, "version": 1, "children": [{"tag": "h2", "type": "heading", "format": "center", "indent": 0, "version": 1, "children": [{"mode": "normal", "text": "conectemos!", "type": "text", "style": "", "detail": 0, "format": 0, "version": 1}], "direction": null}, {"type": "paragraph", "format": "", "indent": 0, "version": 1, "children": [{"mode": "normal", "text": "Lorem ipsum dolor sit amet consectetur. Potenti diam facilisi sagittis qiuisque. Consequat gravida est semper sagittis. Morbi eleifend ac maecenas integer congue viverra morbi.", "type": "text", "style": "", "detail": 0, "format": 0, "version": 1}], "direction": "ltr", "textStyle": "", "textFormat": 0}, {"type": "block", "fields": {"id": "68f7b7713a7bb11e3a36255a", "rrss": [{"id": "68f7b776539115341321864c", "icon": 66, "link": {"url": "www.google.es", "type": "custom", "label": "contacto@educarsano.com"}, "title": "Email"}, {"id": "68f7b7a8539115341321864e", "icon": 67, "link": {"url": "www.google.es", "type": "custom", "label": "@educarsano"}, "title": "Instagram"}], "blockName": "rrss", "blockType": "social"}, "format": "", "version": 2}, {"type": "paragraph", "format": "", "indent": 0, "version": 1, "children": [], "direction": "ltr", "textStyle": "", "textFormat": 0}], "direction": null}}	t	{"root": {"type": "root", "format": "", "indent": 0, "version": 1, "children": [{"tag": "h3", "type": "heading", "format": "center", "indent": 1, "version": 1, "children": [{"mode": "normal", "text": "Formulario de Contacto", "type": "text", "style": "", "detail": 0, "format": 0, "version": 1}], "direction": null}, {"type": "paragraph", "format": "center", "indent": 0, "version": 1, "children": [{"mode": "normal", "text": "Ponte en contacto conmigo y hablamos!", "type": "text", "style": "", "detail": 0, "format": 0, "version": 1}], "direction": "ltr", "textStyle": "", "textFormat": 0}], "direction": null}}	1	t	-39	68f7b71ec5b20bf7bc32e1c1	Formulario de contacto	dark	separatorYellow	\N
1	866	version.layout	729	t	{"root": {"type": "root", "format": "", "indent": 0, "version": 1, "children": [{"tag": "h2", "type": "heading", "format": "center", "indent": 0, "version": 1, "children": [{"mode": "normal", "text": "conectemos!", "type": "text", "style": "", "detail": 0, "format": 0, "version": 1}], "direction": null}, {"type": "paragraph", "format": "", "indent": 0, "version": 1, "children": [{"mode": "normal", "text": "Lorem ipsum dolor sit amet consectetur. Potenti diam facilisi sagittis qiuisque. Consequat gravida est semper sagittis. Morbi eleifend ac maecenas integer congue viverra morbi.", "type": "text", "style": "", "detail": 0, "format": 0, "version": 1}], "direction": "ltr", "textStyle": "", "textFormat": 0}, {"type": "block", "fields": {"id": "693a73da221ed6f1902cc392", "rrss": [{"id": "693a73dc61708c6b781d468f", "icon": 67, "link": {"url": "www.google.es", "type": "custom", "label": "@educarsano"}}], "blockName": "RRSS", "blockType": "social"}, "format": "", "version": 2}, {"type": "paragraph", "format": "", "indent": 0, "version": 1, "children": [], "direction": "ltr", "textStyle": "", "textFormat": 0}], "direction": null}}	t	{"root": {"type": "root", "format": "", "indent": 0, "version": 1, "children": [{"tag": "h3", "type": "heading", "format": "center", "indent": 1, "version": 1, "children": [{"mode": "normal", "text": "Formulario de Contacto", "type": "text", "style": "", "detail": 0, "format": 0, "version": 1}], "direction": null}, {"type": "paragraph", "format": "center", "indent": 0, "version": 1, "children": [{"mode": "normal", "text": "Ponte en contacto conmigo y hablamos!", "type": "text", "style": "", "detail": 0, "format": 0, "version": 1}], "direction": "ltr", "textStyle": "", "textFormat": 0}], "direction": null}}	1	f	100	693a735b61708c6b781d468d	Formulario de contacto	\N	separatorYellow	\N
4	831	version.layout	684	t	{"root": {"type": "root", "format": "", "indent": 0, "version": 1, "children": [{"tag": "h2", "type": "heading", "format": "center", "indent": 0, "version": 1, "children": [{"mode": "normal", "text": "conectemos!", "type": "text", "style": "", "detail": 0, "format": 0, "version": 1}], "direction": null}, {"type": "paragraph", "format": "", "indent": 0, "version": 1, "children": [{"mode": "normal", "text": "Lorem ipsum dolor sit amet consectetur. Potenti diam facilisi sagittis qiuisque. Consequat gravida est semper sagittis. Morbi eleifend ac maecenas integer congue viverra morbi.", "type": "text", "style": "", "detail": 0, "format": 0, "version": 1}], "direction": "ltr", "textStyle": "", "textFormat": 0}, {"type": "block", "fields": {"id": "69331a5d5e74d2a163008163", "rrss": [{"id": "69331a5f70b6b23ed6637e4c", "icon": 66, "link": {"url": "www.google.es", "type": "custom", "label": "contacto@educarsano.com"}, "title": "Email"}, {"id": "69331a8a70b6b23ed6637e4e", "icon": 67, "link": {"url": "www.google.es", "type": "custom", "label": "@educarsano"}, "title": "Instagram"}], "blockName": "rrss", "blockType": "social"}, "format": "", "version": 2}, {"type": "paragraph", "format": "", "indent": 0, "version": 1, "children": [], "direction": "ltr", "textStyle": "", "textFormat": 0}], "direction": null}}	t	{"root": {"type": "root", "format": "", "indent": 0, "version": 1, "children": [{"tag": "h3", "type": "heading", "format": "center", "indent": 1, "version": 1, "children": [{"mode": "normal", "text": "Formulario de Contacto", "type": "text", "style": "", "detail": 0, "format": 0, "version": 1}], "direction": null}, {"type": "paragraph", "format": "center", "indent": 0, "version": 1, "children": [{"mode": "normal", "text": "Ponte en contacto conmigo y hablamos!", "type": "text", "style": "", "detail": 0, "format": 0, "version": 1}], "direction": "ltr", "textStyle": "", "textFormat": 0}], "direction": null}}	1	t	-36	693318b170b6b23ed6637e4a	formulario de contacto	blue	separatorYellow	\N
10	841	version.layout	694	t	{"root": {"type": "root", "format": "", "indent": 0, "version": 1, "children": [{"tag": "h2", "type": "heading", "format": "center", "indent": 0, "version": 1, "children": [{"mode": "normal", "text": "conectemos!", "type": "text", "style": "", "detail": 0, "format": 0, "version": 1}], "direction": null}, {"type": "paragraph", "format": "", "indent": 0, "version": 1, "children": [{"mode": "normal", "text": "Lorem ipsum dolor sit amet consectetur. Potenti diam facilisi sagittis qiuisque. Consequat gravida est semper sagittis. Morbi eleifend ac maecenas integer congue viverra morbi.", "type": "text", "style": "", "detail": 0, "format": 0, "version": 1}], "direction": "ltr", "textStyle": "", "textFormat": 0}, {"type": "block", "fields": {"id": "68f7b7713a7bb11e3a36255a", "rrss": [{"id": "68f7b776539115341321864c", "icon": 66, "link": {"url": "www.google.es", "type": "custom", "label": "contacto@educarsano.com"}, "title": "Email"}, {"id": "68f7b7a8539115341321864e", "icon": 67, "link": {"url": "www.google.es", "type": "custom", "label": "@educarsano"}, "title": "Instagram"}], "blockName": "rrss", "blockType": "social"}, "format": "", "version": 2}, {"type": "paragraph", "format": "", "indent": 0, "version": 1, "children": [], "direction": "ltr", "textStyle": "", "textFormat": 0}], "direction": null}}	t	{"root": {"type": "root", "format": "", "indent": 0, "version": 1, "children": [{"tag": "h3", "type": "heading", "format": "center", "indent": 1, "version": 1, "children": [{"mode": "normal", "text": "Formulario de Contacto", "type": "text", "style": "", "detail": 0, "format": 0, "version": 1}], "direction": null}, {"type": "paragraph", "format": "center", "indent": 0, "version": 1, "children": [{"mode": "normal", "text": "Ponte en contacto conmigo y hablamos!", "type": "text", "style": "", "detail": 0, "format": 0, "version": 1}], "direction": "ltr", "textStyle": "", "textFormat": 0}], "direction": null}}	1	t	-39	68f7b71ec5b20bf7bc32e1c1	Formulario de contacto	dark	separatorYellow	\N
1	867	version.layout	730	t	{"root": {"type": "root", "format": "", "indent": 0, "version": 1, "children": [{"tag": "h2", "type": "heading", "format": "center", "indent": 0, "version": 1, "children": [{"mode": "normal", "text": "conectemos!", "type": "text", "style": "", "detail": 0, "format": 0, "version": 1}], "direction": null}, {"type": "paragraph", "format": "", "indent": 0, "version": 1, "children": [{"mode": "normal", "text": "Lorem ipsum dolor sit amet consectetur. Potenti diam facilisi sagittis qiuisque. Consequat gravida est semper sagittis. Morbi eleifend ac maecenas integer congue viverra morbi.", "type": "text", "style": "", "detail": 0, "format": 0, "version": 1}], "direction": "ltr", "textStyle": "", "textFormat": 0}, {"type": "block", "fields": {"id": "693a73da221ed6f1902cc392", "rrss": [{"id": "693a73dc61708c6b781d468f", "icon": 67, "link": {"url": "www.google.es", "type": "custom", "label": "@educarsano"}}], "blockName": "RRSS", "blockType": "social"}, "format": "", "version": 2}, {"type": "paragraph", "format": "", "indent": 0, "version": 1, "children": [], "direction": "ltr", "textStyle": "", "textFormat": 0}], "direction": null}}	t	{"root": {"type": "root", "format": "", "indent": 0, "version": 1, "children": [{"tag": "h3", "type": "heading", "format": "center", "indent": 1, "version": 1, "children": [{"mode": "normal", "text": "Formulario de Contacto", "type": "text", "style": "", "detail": 0, "format": 0, "version": 1}], "direction": null}, {"type": "paragraph", "format": "center", "indent": 0, "version": 1, "children": [{"mode": "normal", "text": "Ponte en contacto conmigo y hablamos!", "type": "text", "style": "", "detail": 0, "format": 0, "version": 1}], "direction": "ltr", "textStyle": "", "textFormat": 0}], "direction": null}}	1	f	0	693a735b61708c6b781d468d	Formulario de contacto	\N	separatorYellow	\N
10	868	version.layout	731	t	{"root": {"type": "root", "format": "", "indent": 0, "version": 1, "children": [{"tag": "h2", "type": "heading", "format": "center", "indent": 0, "version": 1, "children": [{"mode": "normal", "text": "conectemos!", "type": "text", "style": "", "detail": 0, "format": 0, "version": 1}], "direction": null}, {"type": "paragraph", "format": "", "indent": 0, "version": 1, "children": [{"mode": "normal", "text": "Lorem ipsum dolor sit amet consectetur. Potenti diam facilisi sagittis qiuisque. Consequat gravida est semper sagittis. Morbi eleifend ac maecenas integer congue viverra morbi.", "type": "text", "style": "", "detail": 0, "format": 0, "version": 1}], "direction": "ltr", "textStyle": "", "textFormat": 0}, {"type": "block", "fields": {"id": "68f7b7713a7bb11e3a36255a", "rrss": [{"id": "68f7b776539115341321864c", "icon": 66, "link": {"url": "www.google.es", "type": "custom", "label": "contacto@educarsano.com"}, "title": "Email"}, {"id": "68f7b7a8539115341321864e", "icon": 67, "link": {"url": "www.google.es", "type": "custom", "label": "@educarsano"}, "title": "Instagram"}], "blockName": "rrss", "blockType": "social"}, "format": "", "version": 2}, {"type": "paragraph", "format": "", "indent": 0, "version": 1, "children": [], "direction": "ltr", "textStyle": "", "textFormat": 0}], "direction": null}}	t	{"root": {"type": "root", "format": "", "indent": 0, "version": 1, "children": [{"tag": "h3", "type": "heading", "format": "center", "indent": 1, "version": 1, "children": [{"mode": "normal", "text": "Formulario de Contacto", "type": "text", "style": "", "detail": 0, "format": 0, "version": 1}], "direction": null}, {"type": "paragraph", "format": "center", "indent": 0, "version": 1, "children": [{"mode": "normal", "text": "Ponte en contacto conmigo y hablamos!", "type": "text", "style": "", "detail": 0, "format": 0, "version": 1}], "direction": "ltr", "textStyle": "", "textFormat": 0}], "direction": null}}	1	t	-39	68f7b71ec5b20bf7bc32e1c1	Formulario de contacto	dark	separatorYellow	\N
4	870	version.layout	732	t	{"root": {"type": "root", "format": "", "indent": 0, "version": 1, "children": [{"tag": "h2", "type": "heading", "format": "center", "indent": 0, "version": 1, "children": [{"mode": "normal", "text": "conectemos!", "type": "text", "style": "", "detail": 0, "format": 0, "version": 1}], "direction": null}, {"type": "paragraph", "format": "", "indent": 0, "version": 1, "children": [{"mode": "normal", "text": "Lorem ipsum dolor sit amet consectetur. Potenti diam facilisi sagittis qiuisque. Consequat gravida est semper sagittis. Morbi eleifend ac maecenas integer congue viverra morbi.", "type": "text", "style": "", "detail": 0, "format": 0, "version": 1}], "direction": "ltr", "textStyle": "", "textFormat": 0}, {"type": "block", "fields": {"id": "69331a5d5e74d2a163008163", "rrss": [{"id": "69331a5f70b6b23ed6637e4c", "icon": 66, "link": {"url": "www.google.es", "type": "custom", "label": "contacto@educarsano.com"}, "title": "Email"}, {"id": "69331a8a70b6b23ed6637e4e", "icon": 67, "link": {"url": "www.google.es", "type": "custom", "label": "@educarsano"}, "title": "Instagram"}], "blockName": "rrss", "blockType": "social"}, "format": "", "version": 2}, {"type": "paragraph", "format": "", "indent": 0, "version": 1, "children": [], "direction": "ltr", "textStyle": "", "textFormat": 0}], "direction": null}}	t	{"root": {"type": "root", "format": "", "indent": 0, "version": 1, "children": [{"tag": "h3", "type": "heading", "format": "center", "indent": 1, "version": 1, "children": [{"mode": "normal", "text": "Formulario de Contacto", "type": "text", "style": "", "detail": 0, "format": 0, "version": 1}], "direction": null}, {"type": "paragraph", "format": "center", "indent": 0, "version": 1, "children": [{"mode": "normal", "text": "Ponte en contacto conmigo y hablamos!", "type": "text", "style": "", "detail": 0, "format": 0, "version": 1}], "direction": "ltr", "textStyle": "", "textFormat": 0}], "direction": null}}	1	t	-36	693318b170b6b23ed6637e4a	formulario de contacto	blue	separatorYellow	\N
10	835	version.layout	688	t	{"root": {"type": "root", "format": "", "indent": 0, "version": 1, "children": [{"tag": "h2", "type": "heading", "format": "center", "indent": 0, "version": 1, "children": [{"mode": "normal", "text": "conectemos!", "type": "text", "style": "", "detail": 0, "format": 0, "version": 1}], "direction": null}, {"type": "paragraph", "format": "", "indent": 0, "version": 1, "children": [{"mode": "normal", "text": "Lorem ipsum dolor sit amet consectetur. Potenti diam facilisi sagittis qiuisque. Consequat gravida est semper sagittis. Morbi eleifend ac maecenas integer congue viverra morbi.", "type": "text", "style": "", "detail": 0, "format": 0, "version": 1}], "direction": "ltr", "textStyle": "", "textFormat": 0}, {"type": "block", "fields": {"id": "68f7b7713a7bb11e3a36255a", "rrss": [{"id": "68f7b776539115341321864c", "icon": 66, "link": {"url": "www.google.es", "type": "custom", "label": "contacto@educarsano.com"}, "title": "Email"}, {"id": "68f7b7a8539115341321864e", "icon": 67, "link": {"url": "www.google.es", "type": "custom", "label": "@educarsano"}, "title": "Instagram"}], "blockName": "rrss", "blockType": "social"}, "format": "", "version": 2}, {"type": "paragraph", "format": "", "indent": 0, "version": 1, "children": [], "direction": "ltr", "textStyle": "", "textFormat": 0}], "direction": null}}	t	{"root": {"type": "root", "format": "", "indent": 0, "version": 1, "children": [{"tag": "h3", "type": "heading", "format": "center", "indent": 1, "version": 1, "children": [{"mode": "normal", "text": "Formulario de Contacto", "type": "text", "style": "", "detail": 0, "format": 0, "version": 1}], "direction": null}, {"type": "paragraph", "format": "center", "indent": 0, "version": 1, "children": [{"mode": "normal", "text": "Ponte en contacto conmigo y hablamos!", "type": "text", "style": "", "detail": 0, "format": 0, "version": 1}], "direction": "ltr", "textStyle": "", "textFormat": 0}], "direction": null}}	1	t	-39	68f7b71ec5b20bf7bc32e1c1	Formulario de contacto	\N	separatorYellow	\N
1	858	version.layout	720	t	{"root": {"type": "root", "format": "", "indent": 0, "version": 1, "children": [{"tag": "h2", "type": "heading", "format": "center", "indent": 0, "version": 1, "children": [{"mode": "normal", "text": "conectemos!", "type": "text", "style": "", "detail": 0, "format": 0, "version": 1}], "direction": null}, {"type": "paragraph", "format": "", "indent": 0, "version": 1, "children": [{"mode": "normal", "text": "Lorem ipsum dolor sit amet consectetur. Potenti diam facilisi sagittis qiuisque. Consequat gravida est semper sagittis. Morbi eleifend ac maecenas integer congue viverra morbi.", "type": "text", "style": "", "detail": 0, "format": 0, "version": 1}], "direction": "ltr", "textStyle": "", "textFormat": 0}, {"type": "block", "fields": {"id": "693a73da221ed6f1902cc392", "rrss": [{"id": "693a73dc61708c6b781d468f", "icon": 67, "link": {"url": "www.google.es", "type": "custom", "label": "@educarsano"}}], "blockName": "RRSS", "blockType": "social"}, "format": "", "version": 2}, {"type": "paragraph", "format": "", "indent": 0, "version": 1, "children": [], "direction": "ltr", "textStyle": "", "textFormat": 0}], "direction": null}}	t	{"root": {"type": "root", "format": "", "indent": 0, "version": 1, "children": [{"tag": "h3", "type": "heading", "format": "center", "indent": 1, "version": 1, "children": [{"mode": "normal", "text": "Formulario de Contacto", "type": "text", "style": "", "detail": 0, "format": 0, "version": 1}], "direction": null}, {"type": "paragraph", "format": "center", "indent": 0, "version": 1, "children": [{"mode": "normal", "text": "Ponte en contacto conmigo y hablamos!", "type": "text", "style": "", "detail": 0, "format": 0, "version": 1}], "direction": "ltr", "textStyle": "", "textFormat": 0}], "direction": null}}	1	f	100	693a735b61708c6b781d468d	Formulario de contacto	\N	\N	\N
10	836	version.layout	689	t	{"root": {"type": "root", "format": "", "indent": 0, "version": 1, "children": [{"tag": "h2", "type": "heading", "format": "center", "indent": 0, "version": 1, "children": [{"mode": "normal", "text": "conectemos!", "type": "text", "style": "", "detail": 0, "format": 0, "version": 1}], "direction": null}, {"type": "paragraph", "format": "", "indent": 0, "version": 1, "children": [{"mode": "normal", "text": "Lorem ipsum dolor sit amet consectetur. Potenti diam facilisi sagittis qiuisque. Consequat gravida est semper sagittis. Morbi eleifend ac maecenas integer congue viverra morbi.", "type": "text", "style": "", "detail": 0, "format": 0, "version": 1}], "direction": "ltr", "textStyle": "", "textFormat": 0}, {"type": "block", "fields": {"id": "68f7b7713a7bb11e3a36255a", "rrss": [{"id": "68f7b776539115341321864c", "icon": 66, "link": {"url": "www.google.es", "type": "custom", "label": "contacto@educarsano.com"}, "title": "Email"}, {"id": "68f7b7a8539115341321864e", "icon": 67, "link": {"url": "www.google.es", "type": "custom", "label": "@educarsano"}, "title": "Instagram"}], "blockName": "rrss", "blockType": "social"}, "format": "", "version": 2}, {"type": "paragraph", "format": "", "indent": 0, "version": 1, "children": [], "direction": "ltr", "textStyle": "", "textFormat": 0}], "direction": null}}	t	{"root": {"type": "root", "format": "", "indent": 0, "version": 1, "children": [{"tag": "h3", "type": "heading", "format": "center", "indent": 1, "version": 1, "children": [{"mode": "normal", "text": "Formulario de Contacto", "type": "text", "style": "", "detail": 0, "format": 0, "version": 1}], "direction": null}, {"type": "paragraph", "format": "center", "indent": 0, "version": 1, "children": [{"mode": "normal", "text": "Ponte en contacto conmigo y hablamos!", "type": "text", "style": "", "detail": 0, "format": 0, "version": 1}], "direction": "ltr", "textStyle": "", "textFormat": 0}], "direction": null}}	1	t	-39	68f7b71ec5b20bf7bc32e1c1	Formulario de contacto	\N	separatorYellow	\N
1	859	version.layout	721	t	{"root": {"type": "root", "format": "", "indent": 0, "version": 1, "children": [{"tag": "h2", "type": "heading", "format": "center", "indent": 0, "version": 1, "children": [{"mode": "normal", "text": "conectemos!", "type": "text", "style": "", "detail": 0, "format": 0, "version": 1}], "direction": null}, {"type": "paragraph", "format": "", "indent": 0, "version": 1, "children": [{"mode": "normal", "text": "Lorem ipsum dolor sit amet consectetur. Potenti diam facilisi sagittis qiuisque. Consequat gravida est semper sagittis. Morbi eleifend ac maecenas integer congue viverra morbi.", "type": "text", "style": "", "detail": 0, "format": 0, "version": 1}], "direction": "ltr", "textStyle": "", "textFormat": 0}, {"type": "block", "fields": {"id": "693a73da221ed6f1902cc392", "rrss": [{"id": "693a73dc61708c6b781d468f", "icon": 67, "link": {"url": "www.google.es", "type": "custom", "label": "@educarsano"}}], "blockName": "RRSS", "blockType": "social"}, "format": "", "version": 2}, {"type": "paragraph", "format": "", "indent": 0, "version": 1, "children": [], "direction": "ltr", "textStyle": "", "textFormat": 0}], "direction": null}}	t	{"root": {"type": "root", "format": "", "indent": 0, "version": 1, "children": [{"tag": "h3", "type": "heading", "format": "center", "indent": 1, "version": 1, "children": [{"mode": "normal", "text": "Formulario de Contacto", "type": "text", "style": "", "detail": 0, "format": 0, "version": 1}], "direction": null}, {"type": "paragraph", "format": "center", "indent": 0, "version": 1, "children": [{"mode": "normal", "text": "Ponte en contacto conmigo y hablamos!", "type": "text", "style": "", "detail": 0, "format": 0, "version": 1}], "direction": "ltr", "textStyle": "", "textFormat": 0}], "direction": null}}	1	f	100	693a735b61708c6b781d468d	Formulario de contacto	\N	\N	\N
4	871	version.layout	733	t	{"root": {"type": "root", "format": "", "indent": 0, "version": 1, "children": [{"tag": "h2", "type": "heading", "format": "center", "indent": 0, "version": 1, "children": [{"mode": "normal", "text": "conectemos!", "type": "text", "style": "", "detail": 0, "format": 0, "version": 1}], "direction": null}, {"type": "paragraph", "format": "", "indent": 0, "version": 1, "children": [{"mode": "normal", "text": "Lorem ipsum dolor sit amet consectetur. Potenti diam facilisi sagittis qiuisque. Consequat gravida est semper sagittis. Morbi eleifend ac maecenas integer congue viverra morbi.", "type": "text", "style": "", "detail": 0, "format": 0, "version": 1}], "direction": "ltr", "textStyle": "", "textFormat": 0}, {"type": "block", "fields": {"id": "69331a5d5e74d2a163008163", "rrss": [{"id": "69331a5f70b6b23ed6637e4c", "icon": 66, "link": {"url": "www.google.es", "type": "custom", "label": "contacto@educarsano.com"}, "title": "Email"}, {"id": "69331a8a70b6b23ed6637e4e", "icon": 67, "link": {"url": "www.google.es", "type": "custom", "label": "@educarsano"}, "title": "Instagram"}], "blockName": "rrss", "blockType": "social"}, "format": "", "version": 2}, {"type": "paragraph", "format": "", "indent": 0, "version": 1, "children": [], "direction": "ltr", "textStyle": "", "textFormat": 0}], "direction": null}}	t	{"root": {"type": "root", "format": "", "indent": 0, "version": 1, "children": [{"tag": "h3", "type": "heading", "format": "center", "indent": 1, "version": 1, "children": [{"mode": "normal", "text": "Formulario de Contacto", "type": "text", "style": "", "detail": 0, "format": 0, "version": 1}], "direction": null}, {"type": "paragraph", "format": "center", "indent": 0, "version": 1, "children": [{"mode": "normal", "text": "Ponte en contacto conmigo y hablamos!", "type": "text", "style": "", "detail": 0, "format": 0, "version": 1}], "direction": "ltr", "textStyle": "", "textFormat": 0}], "direction": null}}	1	t	-36	693318b170b6b23ed6637e4a	formulario de contacto	blue	separatorYellow	\N
4	872	version.layout	734	t	{"root": {"type": "root", "format": "", "indent": 0, "version": 1, "children": [{"tag": "h2", "type": "heading", "format": "center", "indent": 0, "version": 1, "children": [{"mode": "normal", "text": "conectemos!", "type": "text", "style": "", "detail": 0, "format": 0, "version": 1}], "direction": null}, {"type": "paragraph", "format": "", "indent": 0, "version": 1, "children": [{"mode": "normal", "text": "Lorem ipsum dolor sit amet consectetur. Potenti diam facilisi sagittis qiuisque. Consequat gravida est semper sagittis. Morbi eleifend ac maecenas integer congue viverra morbi.", "type": "text", "style": "", "detail": 0, "format": 0, "version": 1}], "direction": "ltr", "textStyle": "", "textFormat": 0}, {"type": "block", "fields": {"id": "69331a5d5e74d2a163008163", "rrss": [{"id": "69331a5f70b6b23ed6637e4c", "icon": 66, "link": {"url": "www.google.es", "type": "custom", "label": "contacto@educarsano.com"}, "title": "Email"}, {"id": "69331a8a70b6b23ed6637e4e", "icon": 67, "link": {"url": "www.google.es", "type": "custom", "label": "@educarsano"}, "title": "Instagram"}], "blockName": "rrss", "blockType": "social"}, "format": "", "version": 2}, {"type": "paragraph", "format": "", "indent": 0, "version": 1, "children": [], "direction": "ltr", "textStyle": "", "textFormat": 0}], "direction": null}}	t	{"root": {"type": "root", "format": "", "indent": 0, "version": 1, "children": [{"tag": "h3", "type": "heading", "format": "center", "indent": 1, "version": 1, "children": [{"mode": "normal", "text": "Formulario de Contacto", "type": "text", "style": "", "detail": 0, "format": 0, "version": 1}], "direction": null}, {"type": "paragraph", "format": "center", "indent": 0, "version": 1, "children": [{"mode": "normal", "text": "Ponte en contacto conmigo y hablamos!", "type": "text", "style": "", "detail": 0, "format": 0, "version": 1}], "direction": "ltr", "textStyle": "", "textFormat": 0}], "direction": null}}	1	t	-36	693318b170b6b23ed6637e4a	formulario de contacto	blue	separatorYellow	\N
1	860	version.layout	723	t	{"root": {"type": "root", "format": "", "indent": 0, "version": 1, "children": [{"tag": "h2", "type": "heading", "format": "center", "indent": 0, "version": 1, "children": [{"mode": "normal", "text": "conectemos!", "type": "text", "style": "", "detail": 0, "format": 0, "version": 1}], "direction": null}, {"type": "paragraph", "format": "", "indent": 0, "version": 1, "children": [{"mode": "normal", "text": "Lorem ipsum dolor sit amet consectetur. Potenti diam facilisi sagittis qiuisque. Consequat gravida est semper sagittis. Morbi eleifend ac maecenas integer congue viverra morbi.", "type": "text", "style": "", "detail": 0, "format": 0, "version": 1}], "direction": "ltr", "textStyle": "", "textFormat": 0}, {"type": "block", "fields": {"id": "693a73da221ed6f1902cc392", "rrss": [{"id": "693a73dc61708c6b781d468f", "icon": 67, "link": {"url": "www.google.es", "type": "custom", "label": "@educarsano"}}], "blockName": "RRSS", "blockType": "social"}, "format": "", "version": 2}, {"type": "paragraph", "format": "", "indent": 0, "version": 1, "children": [], "direction": "ltr", "textStyle": "", "textFormat": 0}], "direction": null}}	t	{"root": {"type": "root", "format": "", "indent": 0, "version": 1, "children": [{"tag": "h3", "type": "heading", "format": "center", "indent": 1, "version": 1, "children": [{"mode": "normal", "text": "Formulario de Contacto", "type": "text", "style": "", "detail": 0, "format": 0, "version": 1}], "direction": null}, {"type": "paragraph", "format": "center", "indent": 0, "version": 1, "children": [{"mode": "normal", "text": "Ponte en contacto conmigo y hablamos!", "type": "text", "style": "", "detail": 0, "format": 0, "version": 1}], "direction": "ltr", "textStyle": "", "textFormat": 0}], "direction": null}}	1	f	100	693a735b61708c6b781d468d	Formulario de contacto	\N	\N	\N
10	837	version.layout	690	t	{"root": {"type": "root", "format": "", "indent": 0, "version": 1, "children": [{"tag": "h2", "type": "heading", "format": "center", "indent": 0, "version": 1, "children": [{"mode": "normal", "text": "conectemos!", "type": "text", "style": "", "detail": 0, "format": 0, "version": 1}], "direction": null}, {"type": "paragraph", "format": "", "indent": 0, "version": 1, "children": [{"mode": "normal", "text": "Lorem ipsum dolor sit amet consectetur. Potenti diam facilisi sagittis qiuisque. Consequat gravida est semper sagittis. Morbi eleifend ac maecenas integer congue viverra morbi.", "type": "text", "style": "", "detail": 0, "format": 0, "version": 1}], "direction": "ltr", "textStyle": "", "textFormat": 0}, {"type": "block", "fields": {"id": "68f7b7713a7bb11e3a36255a", "rrss": [{"id": "68f7b776539115341321864c", "icon": 66, "link": {"url": "www.google.es", "type": "custom", "label": "contacto@educarsano.com"}, "title": "Email"}, {"id": "68f7b7a8539115341321864e", "icon": 67, "link": {"url": "www.google.es", "type": "custom", "label": "@educarsano"}, "title": "Instagram"}], "blockName": "rrss", "blockType": "social"}, "format": "", "version": 2}, {"type": "paragraph", "format": "", "indent": 0, "version": 1, "children": [], "direction": "ltr", "textStyle": "", "textFormat": 0}], "direction": null}}	t	{"root": {"type": "root", "format": "", "indent": 0, "version": 1, "children": [{"tag": "h3", "type": "heading", "format": "center", "indent": 1, "version": 1, "children": [{"mode": "normal", "text": "Formulario de Contacto", "type": "text", "style": "", "detail": 0, "format": 0, "version": 1}], "direction": null}, {"type": "paragraph", "format": "center", "indent": 0, "version": 1, "children": [{"mode": "normal", "text": "Ponte en contacto conmigo y hablamos!", "type": "text", "style": "", "detail": 0, "format": 0, "version": 1}], "direction": "ltr", "textStyle": "", "textFormat": 0}], "direction": null}}	1	t	-39	68f7b71ec5b20bf7bc32e1c1	Formulario de contacto	\N	separatorYellow	\N
1	861	version.layout	724	t	{"root": {"type": "root", "format": "", "indent": 0, "version": 1, "children": [{"tag": "h2", "type": "heading", "format": "center", "indent": 0, "version": 1, "children": [{"mode": "normal", "text": "conectemos!", "type": "text", "style": "", "detail": 0, "format": 0, "version": 1}], "direction": null}, {"type": "paragraph", "format": "", "indent": 0, "version": 1, "children": [{"mode": "normal", "text": "Lorem ipsum dolor sit amet consectetur. Potenti diam facilisi sagittis qiuisque. Consequat gravida est semper sagittis. Morbi eleifend ac maecenas integer congue viverra morbi.", "type": "text", "style": "", "detail": 0, "format": 0, "version": 1}], "direction": "ltr", "textStyle": "", "textFormat": 0}, {"type": "block", "fields": {"id": "693a73da221ed6f1902cc392", "rrss": [{"id": "693a73dc61708c6b781d468f", "icon": 67, "link": {"url": "www.google.es", "type": "custom", "label": "@educarsano"}}], "blockName": "RRSS", "blockType": "social"}, "format": "", "version": 2}, {"type": "paragraph", "format": "", "indent": 0, "version": 1, "children": [], "direction": "ltr", "textStyle": "", "textFormat": 0}], "direction": null}}	t	{"root": {"type": "root", "format": "", "indent": 0, "version": 1, "children": [{"tag": "h3", "type": "heading", "format": "center", "indent": 1, "version": 1, "children": [{"mode": "normal", "text": "Formulario de Contacto", "type": "text", "style": "", "detail": 0, "format": 0, "version": 1}], "direction": null}, {"type": "paragraph", "format": "center", "indent": 0, "version": 1, "children": [{"mode": "normal", "text": "Ponte en contacto conmigo y hablamos!", "type": "text", "style": "", "detail": 0, "format": 0, "version": 1}], "direction": "ltr", "textStyle": "", "textFormat": 0}], "direction": null}}	1	f	100	693a735b61708c6b781d468d	Formulario de contacto	\N	\N	\N
10	838	version.layout	691	t	{"root": {"type": "root", "format": "", "indent": 0, "version": 1, "children": [{"tag": "h2", "type": "heading", "format": "center", "indent": 0, "version": 1, "children": [{"mode": "normal", "text": "conectemos!", "type": "text", "style": "", "detail": 0, "format": 0, "version": 1}], "direction": null}, {"type": "paragraph", "format": "", "indent": 0, "version": 1, "children": [{"mode": "normal", "text": "Lorem ipsum dolor sit amet consectetur. Potenti diam facilisi sagittis qiuisque. Consequat gravida est semper sagittis. Morbi eleifend ac maecenas integer congue viverra morbi.", "type": "text", "style": "", "detail": 0, "format": 0, "version": 1}], "direction": "ltr", "textStyle": "", "textFormat": 0}, {"type": "block", "fields": {"id": "68f7b7713a7bb11e3a36255a", "rrss": [{"id": "68f7b776539115341321864c", "icon": 66, "link": {"url": "www.google.es", "type": "custom", "label": "contacto@educarsano.com"}, "title": "Email"}, {"id": "68f7b7a8539115341321864e", "icon": 67, "link": {"url": "www.google.es", "type": "custom", "label": "@educarsano"}, "title": "Instagram"}], "blockName": "rrss", "blockType": "social"}, "format": "", "version": 2}, {"type": "paragraph", "format": "", "indent": 0, "version": 1, "children": [], "direction": "ltr", "textStyle": "", "textFormat": 0}], "direction": null}}	t	{"root": {"type": "root", "format": "", "indent": 0, "version": 1, "children": [{"tag": "h3", "type": "heading", "format": "center", "indent": 1, "version": 1, "children": [{"mode": "normal", "text": "Formulario de Contacto", "type": "text", "style": "", "detail": 0, "format": 0, "version": 1}], "direction": null}, {"type": "paragraph", "format": "center", "indent": 0, "version": 1, "children": [{"mode": "normal", "text": "Ponte en contacto conmigo y hablamos!", "type": "text", "style": "", "detail": 0, "format": 0, "version": 1}], "direction": "ltr", "textStyle": "", "textFormat": 0}], "direction": null}}	1	t	-39	68f7b71ec5b20bf7bc32e1c1	Formulario de contacto	\N	separatorYellow	\N
1	862	version.layout	725	t	{"root": {"type": "root", "format": "", "indent": 0, "version": 1, "children": [{"tag": "h2", "type": "heading", "format": "center", "indent": 0, "version": 1, "children": [{"mode": "normal", "text": "conectemos!", "type": "text", "style": "", "detail": 0, "format": 0, "version": 1}], "direction": null}, {"type": "paragraph", "format": "", "indent": 0, "version": 1, "children": [{"mode": "normal", "text": "Lorem ipsum dolor sit amet consectetur. Potenti diam facilisi sagittis qiuisque. Consequat gravida est semper sagittis. Morbi eleifend ac maecenas integer congue viverra morbi.", "type": "text", "style": "", "detail": 0, "format": 0, "version": 1}], "direction": "ltr", "textStyle": "", "textFormat": 0}, {"type": "block", "fields": {"id": "693a73da221ed6f1902cc392", "rrss": [{"id": "693a73dc61708c6b781d468f", "icon": 67, "link": {"url": "www.google.es", "type": "custom", "label": "@educarsano"}}], "blockName": "RRSS", "blockType": "social"}, "format": "", "version": 2}, {"type": "paragraph", "format": "", "indent": 0, "version": 1, "children": [], "direction": "ltr", "textStyle": "", "textFormat": 0}], "direction": null}}	t	{"root": {"type": "root", "format": "", "indent": 0, "version": 1, "children": [{"tag": "h3", "type": "heading", "format": "center", "indent": 1, "version": 1, "children": [{"mode": "normal", "text": "Formulario de Contacto", "type": "text", "style": "", "detail": 0, "format": 0, "version": 1}], "direction": null}, {"type": "paragraph", "format": "center", "indent": 0, "version": 1, "children": [{"mode": "normal", "text": "Ponte en contacto conmigo y hablamos!", "type": "text", "style": "", "detail": 0, "format": 0, "version": 1}], "direction": "ltr", "textStyle": "", "textFormat": 0}], "direction": null}}	1	f	100	693a735b61708c6b781d468d	Formulario de contacto	\N	separatorYellow	\N
4	874	version.layout	735	t	{"root": {"type": "root", "format": "", "indent": 0, "version": 1, "children": [{"tag": "h2", "type": "heading", "format": "center", "indent": 0, "version": 1, "children": [{"mode": "normal", "text": "conectemos!", "type": "text", "style": "", "detail": 0, "format": 0, "version": 1}], "direction": null}, {"type": "paragraph", "format": "", "indent": 0, "version": 1, "children": [{"mode": "normal", "text": "Lorem ipsum dolor sit amet consectetur. Potenti diam facilisi sagittis qiuisque. Consequat gravida est semper sagittis. Morbi eleifend ac maecenas integer congue viverra morbi.", "type": "text", "style": "", "detail": 0, "format": 0, "version": 1}], "direction": "ltr", "textStyle": "", "textFormat": 0}, {"type": "block", "fields": {"id": "69331a5d5e74d2a163008163", "rrss": [{"id": "69331a5f70b6b23ed6637e4c", "icon": 66, "link": {"url": "www.google.es", "type": "custom", "label": "contacto@educarsano.com"}, "title": "Email"}, {"id": "69331a8a70b6b23ed6637e4e", "icon": 67, "link": {"url": "www.google.es", "type": "custom", "label": "@educarsano"}, "title": "Instagram"}], "blockName": "rrss", "blockType": "social"}, "format": "", "version": 2}, {"type": "paragraph", "format": "", "indent": 0, "version": 1, "children": [], "direction": "ltr", "textStyle": "", "textFormat": 0}], "direction": null}}	t	{"root": {"type": "root", "format": "", "indent": 0, "version": 1, "children": [{"tag": "h3", "type": "heading", "format": "center", "indent": 1, "version": 1, "children": [{"mode": "normal", "text": "Formulario de Contacto", "type": "text", "style": "", "detail": 0, "format": 0, "version": 1}], "direction": null}, {"type": "paragraph", "format": "center", "indent": 0, "version": 1, "children": [{"mode": "normal", "text": "Ponte en contacto conmigo y hablamos!", "type": "text", "style": "", "detail": 0, "format": 0, "version": 1}], "direction": "ltr", "textStyle": "", "textFormat": 0}], "direction": null}}	1	t	-36	693318b170b6b23ed6637e4a	formulario de contacto	blue	separatorYellow	\N
1	863	version.layout	726	t	{"root": {"type": "root", "format": "", "indent": 0, "version": 1, "children": [{"tag": "h2", "type": "heading", "format": "center", "indent": 0, "version": 1, "children": [{"mode": "normal", "text": "conectemos!", "type": "text", "style": "", "detail": 0, "format": 0, "version": 1}], "direction": null}, {"type": "paragraph", "format": "", "indent": 0, "version": 1, "children": [{"mode": "normal", "text": "Lorem ipsum dolor sit amet consectetur. Potenti diam facilisi sagittis qiuisque. Consequat gravida est semper sagittis. Morbi eleifend ac maecenas integer congue viverra morbi.", "type": "text", "style": "", "detail": 0, "format": 0, "version": 1}], "direction": "ltr", "textStyle": "", "textFormat": 0}, {"type": "block", "fields": {"id": "693a73da221ed6f1902cc392", "rrss": [{"id": "693a73dc61708c6b781d468f", "icon": 67, "link": {"url": "www.google.es", "type": "custom", "label": "@educarsano"}}], "blockName": "RRSS", "blockType": "social"}, "format": "", "version": 2}, {"type": "paragraph", "format": "", "indent": 0, "version": 1, "children": [], "direction": "ltr", "textStyle": "", "textFormat": 0}], "direction": null}}	t	{"root": {"type": "root", "format": "", "indent": 0, "version": 1, "children": [{"tag": "h3", "type": "heading", "format": "center", "indent": 1, "version": 1, "children": [{"mode": "normal", "text": "Formulario de Contacto", "type": "text", "style": "", "detail": 0, "format": 0, "version": 1}], "direction": null}, {"type": "paragraph", "format": "center", "indent": 0, "version": 1, "children": [{"mode": "normal", "text": "Ponte en contacto conmigo y hablamos!", "type": "text", "style": "", "detail": 0, "format": 0, "version": 1}], "direction": "ltr", "textStyle": "", "textFormat": 0}], "direction": null}}	1	f	100	693a735b61708c6b781d468d	Formulario de contacto	\N	separatorYellow	\N
4	826	version.layout	679	t	{"root": {"type": "root", "format": "", "indent": 0, "version": 1, "children": [{"tag": "h2", "type": "heading", "format": "center", "indent": 0, "version": 1, "children": [{"mode": "normal", "text": "conectemos!", "type": "text", "style": "", "detail": 0, "format": 0, "version": 1}], "direction": null}, {"type": "paragraph", "format": "", "indent": 0, "version": 1, "children": [{"mode": "normal", "text": "Lorem ipsum dolor sit amet consectetur. Potenti diam facilisi sagittis qiuisque. Consequat gravida est semper sagittis. Morbi eleifend ac maecenas integer congue viverra morbi.", "type": "text", "style": "", "detail": 0, "format": 0, "version": 1}], "direction": "ltr", "textStyle": "", "textFormat": 0}, {"type": "block", "fields": {"id": "69331a5d5e74d2a163008163", "rrss": [{"id": "69331a5f70b6b23ed6637e4c", "icon": 66, "link": {"url": "www.google.es", "type": "custom", "label": "contacto@educarsano.com"}, "title": "Email"}, {"id": "69331a8a70b6b23ed6637e4e", "icon": 67, "link": {"url": "www.google.es", "type": "custom", "label": "@educarsano"}, "title": "Instagram"}], "blockName": "rrss", "blockType": "social"}, "format": "", "version": 2}, {"type": "paragraph", "format": "", "indent": 0, "version": 1, "children": [], "direction": "ltr", "textStyle": "", "textFormat": 0}], "direction": null}}	t	{"root": {"type": "root", "format": "", "indent": 0, "version": 1, "children": [{"tag": "h3", "type": "heading", "format": "center", "indent": 1, "version": 1, "children": [{"mode": "normal", "text": "Formulario de Contacto", "type": "text", "style": "", "detail": 0, "format": 0, "version": 1}], "direction": null}, {"type": "paragraph", "format": "center", "indent": 0, "version": 1, "children": [{"mode": "normal", "text": "Ponte en contacto conmigo y hablamos!", "type": "text", "style": "", "detail": 0, "format": 0, "version": 1}], "direction": "ltr", "textStyle": "", "textFormat": 0}], "direction": null}}	1	t	-36	693318b170b6b23ed6637e4a	formulario de contacto	dark	separatorYellow	\N
1	864	version.layout	727	t	{"root": {"type": "root", "format": "", "indent": 0, "version": 1, "children": [{"tag": "h2", "type": "heading", "format": "center", "indent": 0, "version": 1, "children": [{"mode": "normal", "text": "conectemos!", "type": "text", "style": "", "detail": 0, "format": 0, "version": 1}], "direction": null}, {"type": "paragraph", "format": "", "indent": 0, "version": 1, "children": [{"mode": "normal", "text": "Lorem ipsum dolor sit amet consectetur. Potenti diam facilisi sagittis qiuisque. Consequat gravida est semper sagittis. Morbi eleifend ac maecenas integer congue viverra morbi.", "type": "text", "style": "", "detail": 0, "format": 0, "version": 1}], "direction": "ltr", "textStyle": "", "textFormat": 0}, {"type": "block", "fields": {"id": "693a73da221ed6f1902cc392", "rrss": [{"id": "693a73dc61708c6b781d468f", "icon": 67, "link": {"url": "www.google.es", "type": "custom", "label": "@educarsano"}}], "blockName": "RRSS", "blockType": "social"}, "format": "", "version": 2}, {"type": "paragraph", "format": "", "indent": 0, "version": 1, "children": [], "direction": "ltr", "textStyle": "", "textFormat": 0}], "direction": null}}	t	{"root": {"type": "root", "format": "", "indent": 0, "version": 1, "children": [{"tag": "h3", "type": "heading", "format": "center", "indent": 1, "version": 1, "children": [{"mode": "normal", "text": "Formulario de Contacto", "type": "text", "style": "", "detail": 0, "format": 0, "version": 1}], "direction": null}, {"type": "paragraph", "format": "center", "indent": 0, "version": 1, "children": [{"mode": "normal", "text": "Ponte en contacto conmigo y hablamos!", "type": "text", "style": "", "detail": 0, "format": 0, "version": 1}], "direction": "ltr", "textStyle": "", "textFormat": 0}], "direction": null}}	1	f	100	693a735b61708c6b781d468d	Formulario de contacto	\N	separatorYellow	\N
1	865	version.layout	728	t	{"root": {"type": "root", "format": "", "indent": 0, "version": 1, "children": [{"tag": "h2", "type": "heading", "format": "center", "indent": 0, "version": 1, "children": [{"mode": "normal", "text": "conectemos!", "type": "text", "style": "", "detail": 0, "format": 0, "version": 1}], "direction": null}, {"type": "paragraph", "format": "", "indent": 0, "version": 1, "children": [{"mode": "normal", "text": "Lorem ipsum dolor sit amet consectetur. Potenti diam facilisi sagittis qiuisque. Consequat gravida est semper sagittis. Morbi eleifend ac maecenas integer congue viverra morbi.", "type": "text", "style": "", "detail": 0, "format": 0, "version": 1}], "direction": "ltr", "textStyle": "", "textFormat": 0}, {"type": "block", "fields": {"id": "693a73da221ed6f1902cc392", "rrss": [{"id": "693a73dc61708c6b781d468f", "icon": 67, "link": {"url": "www.google.es", "type": "custom", "label": "@educarsano"}}], "blockName": "RRSS", "blockType": "social"}, "format": "", "version": 2}, {"type": "paragraph", "format": "", "indent": 0, "version": 1, "children": [], "direction": "ltr", "textStyle": "", "textFormat": 0}], "direction": null}}	t	{"root": {"type": "root", "format": "", "indent": 0, "version": 1, "children": [{"tag": "h3", "type": "heading", "format": "center", "indent": 1, "version": 1, "children": [{"mode": "normal", "text": "Formulario de Contacto", "type": "text", "style": "", "detail": 0, "format": 0, "version": 1}], "direction": null}, {"type": "paragraph", "format": "center", "indent": 0, "version": 1, "children": [{"mode": "normal", "text": "Ponte en contacto conmigo y hablamos!", "type": "text", "style": "", "detail": 0, "format": 0, "version": 1}], "direction": "ltr", "textStyle": "", "textFormat": 0}], "direction": null}}	1	f	100	693a735b61708c6b781d468d	Formulario de contacto	\N	separatorYellow	\N
4	827	version.layout	680	t	{"root": {"type": "root", "format": "", "indent": 0, "version": 1, "children": [{"tag": "h2", "type": "heading", "format": "center", "indent": 0, "version": 1, "children": [{"mode": "normal", "text": "conectemos!", "type": "text", "style": "", "detail": 0, "format": 0, "version": 1}], "direction": null}, {"type": "paragraph", "format": "", "indent": 0, "version": 1, "children": [{"mode": "normal", "text": "Lorem ipsum dolor sit amet consectetur. Potenti diam facilisi sagittis qiuisque. Consequat gravida est semper sagittis. Morbi eleifend ac maecenas integer congue viverra morbi.", "type": "text", "style": "", "detail": 0, "format": 0, "version": 1}], "direction": "ltr", "textStyle": "", "textFormat": 0}, {"type": "block", "fields": {"id": "69331a5d5e74d2a163008163", "rrss": [{"id": "69331a5f70b6b23ed6637e4c", "icon": 66, "link": {"url": "www.google.es", "type": "custom", "label": "contacto@educarsano.com"}, "title": "Email"}, {"id": "69331a8a70b6b23ed6637e4e", "icon": 67, "link": {"url": "www.google.es", "type": "custom", "label": "@educarsano"}, "title": "Instagram"}], "blockName": "rrss", "blockType": "social"}, "format": "", "version": 2}, {"type": "paragraph", "format": "", "indent": 0, "version": 1, "children": [], "direction": "ltr", "textStyle": "", "textFormat": 0}], "direction": null}}	t	{"root": {"type": "root", "format": "", "indent": 0, "version": 1, "children": [{"tag": "h3", "type": "heading", "format": "center", "indent": 1, "version": 1, "children": [{"mode": "normal", "text": "Formulario de Contacto", "type": "text", "style": "", "detail": 0, "format": 0, "version": 1}], "direction": null}, {"type": "paragraph", "format": "center", "indent": 0, "version": 1, "children": [{"mode": "normal", "text": "Ponte en contacto conmigo y hablamos!", "type": "text", "style": "", "detail": 0, "format": 0, "version": 1}], "direction": "ltr", "textStyle": "", "textFormat": 0}], "direction": null}}	1	t	-36	693318b170b6b23ed6637e4a	formulario de contacto	dark	separatorYellow	\N
4	828	version.layout	681	t	{"root": {"type": "root", "format": "", "indent": 0, "version": 1, "children": [{"tag": "h2", "type": "heading", "format": "center", "indent": 0, "version": 1, "children": [{"mode": "normal", "text": "conectemos!", "type": "text", "style": "", "detail": 0, "format": 0, "version": 1}], "direction": null}, {"type": "paragraph", "format": "", "indent": 0, "version": 1, "children": [{"mode": "normal", "text": "Lorem ipsum dolor sit amet consectetur. Potenti diam facilisi sagittis qiuisque. Consequat gravida est semper sagittis. Morbi eleifend ac maecenas integer congue viverra morbi.", "type": "text", "style": "", "detail": 0, "format": 0, "version": 1}], "direction": "ltr", "textStyle": "", "textFormat": 0}, {"type": "block", "fields": {"id": "69331a5d5e74d2a163008163", "rrss": [{"id": "69331a5f70b6b23ed6637e4c", "icon": 66, "link": {"url": "www.google.es", "type": "custom", "label": "contacto@educarsano.com"}, "title": "Email"}, {"id": "69331a8a70b6b23ed6637e4e", "icon": 67, "link": {"url": "www.google.es", "type": "custom", "label": "@educarsano"}, "title": "Instagram"}], "blockName": "rrss", "blockType": "social"}, "format": "", "version": 2}, {"type": "paragraph", "format": "", "indent": 0, "version": 1, "children": [], "direction": "ltr", "textStyle": "", "textFormat": 0}], "direction": null}}	t	{"root": {"type": "root", "format": "", "indent": 0, "version": 1, "children": [{"tag": "h3", "type": "heading", "format": "center", "indent": 1, "version": 1, "children": [{"mode": "normal", "text": "Formulario de Contacto", "type": "text", "style": "", "detail": 0, "format": 0, "version": 1}], "direction": null}, {"type": "paragraph", "format": "center", "indent": 0, "version": 1, "children": [{"mode": "normal", "text": "Ponte en contacto conmigo y hablamos!", "type": "text", "style": "", "detail": 0, "format": 0, "version": 1}], "direction": "ltr", "textStyle": "", "textFormat": 0}], "direction": null}}	1	t	-36	693318b170b6b23ed6637e4a	formulario de contacto	dark	separatorYellow	\N
10	839	version.layout	692	t	{"root": {"type": "root", "format": "", "indent": 0, "version": 1, "children": [{"tag": "h2", "type": "heading", "format": "center", "indent": 0, "version": 1, "children": [{"mode": "normal", "text": "conectemos!", "type": "text", "style": "", "detail": 0, "format": 0, "version": 1}], "direction": null}, {"type": "paragraph", "format": "", "indent": 0, "version": 1, "children": [{"mode": "normal", "text": "Lorem ipsum dolor sit amet consectetur. Potenti diam facilisi sagittis qiuisque. Consequat gravida est semper sagittis. Morbi eleifend ac maecenas integer congue viverra morbi.", "type": "text", "style": "", "detail": 0, "format": 0, "version": 1}], "direction": "ltr", "textStyle": "", "textFormat": 0}, {"type": "block", "fields": {"id": "68f7b7713a7bb11e3a36255a", "rrss": [{"id": "68f7b776539115341321864c", "icon": 66, "link": {"url": "www.google.es", "type": "custom", "label": "contacto@educarsano.com"}, "title": "Email"}, {"id": "68f7b7a8539115341321864e", "icon": 67, "link": {"url": "www.google.es", "type": "custom", "label": "@educarsano"}, "title": "Instagram"}], "blockName": "rrss", "blockType": "social"}, "format": "", "version": 2}, {"type": "paragraph", "format": "", "indent": 0, "version": 1, "children": [], "direction": "ltr", "textStyle": "", "textFormat": 0}], "direction": null}}	t	{"root": {"type": "root", "format": "", "indent": 0, "version": 1, "children": [{"tag": "h3", "type": "heading", "format": "center", "indent": 1, "version": 1, "children": [{"mode": "normal", "text": "Formulario de Contacto", "type": "text", "style": "", "detail": 0, "format": 0, "version": 1}], "direction": null}, {"type": "paragraph", "format": "center", "indent": 0, "version": 1, "children": [{"mode": "normal", "text": "Ponte en contacto conmigo y hablamos!", "type": "text", "style": "", "detail": 0, "format": 0, "version": 1}], "direction": "ltr", "textStyle": "", "textFormat": 0}], "direction": null}}	1	t	-39	68f7b71ec5b20bf7bc32e1c1	Formulario de contacto	dark	separatorYellow	\N
\.


--
-- TOC entry 5195 (class 0 OID 473901)
-- Dependencies: 339
-- Data for Name: _pages_v_blocks_frequently_questions_block; Type: TABLE DATA; Schema: public; Owner: postgres
--

COPY public._pages_v_blocks_frequently_questions_block (_order, _parent_id, _path, id, enable_title, title, enable_text, content, enable_image, image_id, section_name, _uuid, block_name) FROM stdin;
\.


--
-- TOC entry 5193 (class 0 OID 473892)
-- Dependencies: 337
-- Data for Name: _pages_v_blocks_frequently_questions_block_questions; Type: TABLE DATA; Schema: public; Owner: postgres
--

COPY public._pages_v_blocks_frequently_questions_block_questions (_order, _parent_id, id, question, answer, _uuid) FROM stdin;
\.


--
-- TOC entry 5110 (class 0 OID 446425)
-- Dependencies: 254
-- Data for Name: _pages_v_blocks_list_content; Type: TABLE DATA; Schema: public; Owner: postgres
--

COPY public._pages_v_blocks_list_content (_order, _parent_id, _path, id, enable_title, title, enable_sub_title, sub_title, enable_background_image, enable_image, field_image_id, is_reverse, bottom, separator_type, section_name, _uuid, block_name, dark_mode) FROM stdin;
4	868	version.layout	1213	t	Servicios	\N	\N	\N	t	59	f	-65	separatorWhite	homeServices	68f79953431c43bc53390a65	Servicios	dark
7	868	version.layout	1214	t	 Qu hace diferente a Educar Sano?	t	{"root": {"type": "root", "format": "", "indent": 0, "version": 1, "children": [{"type": "paragraph", "format": "", "indent": 0, "version": 1, "children": [{"mode": "normal", "text": "Mi propuesta no es genrica ni estandarizada. Acompa desde la experiencia, la empata y una mirada educativa adaptada a cada realidad.", "type": "text", "style": "", "detail": 0, "format": 0, "version": 1}], "direction": null, "textStyle": "", "textFormat": 0}], "direction": null}}	t	t	63	f	-80	separatorBackground	homeDiferences	68f79e0e42986f06cbf2068d	 Qu hace diferente a Educar Sano?	dark
4	836	version.layout	1197	t	Servicios	\N	\N	\N	t	59	f	-65	separatorWhite	homeServices	68f79953431c43bc53390a65	Servicios	dark
7	836	version.layout	1198	t	 Qu hace diferente a Educar Sano?	t	{"root": {"type": "root", "format": "", "indent": 0, "version": 1, "children": [{"type": "paragraph", "format": "", "indent": 0, "version": 1, "children": [{"mode": "normal", "text": "Mi propuesta no es genrica ni estandarizada. Acompa desde la experiencia, la empata y una mirada educativa adaptada a cada realidad.", "type": "text", "style": "", "detail": 0, "format": 0, "version": 1}], "direction": null, "textStyle": "", "textFormat": 0}], "direction": null}}	t	t	63	f	-80	separatorBackground	homeDiferences	68f79e0e42986f06cbf2068d	 Qu hace diferente a Educar Sano?	dark
4	841	version.layout	1207	t	Servicios	\N	\N	\N	t	59	f	-65	separatorWhite	homeServices	68f79953431c43bc53390a65	Servicios	dark
7	841	version.layout	1208	t	 Qu hace diferente a Educar Sano?	t	{"root": {"type": "root", "format": "", "indent": 0, "version": 1, "children": [{"type": "paragraph", "format": "", "indent": 0, "version": 1, "children": [{"mode": "normal", "text": "Mi propuesta no es genrica ni estandarizada. Acompa desde la experiencia, la empata y una mirada educativa adaptada a cada realidad.", "type": "text", "style": "", "detail": 0, "format": 0, "version": 1}], "direction": null, "textStyle": "", "textFormat": 0}], "direction": null}}	t	t	63	f	-80	separatorBackground	homeDiferences	68f79e0e42986f06cbf2068d	 Qu hace diferente a Educar Sano?	dark
4	847	version.layout	1209	t	Servicios	\N	\N	\N	t	59	f	-65	separatorWhite	homeServices	68f79953431c43bc53390a65	Servicios	dark
7	847	version.layout	1210	t	 Qu hace diferente a Educar Sano?	t	{"root": {"type": "root", "format": "", "indent": 0, "version": 1, "children": [{"type": "paragraph", "format": "", "indent": 0, "version": 1, "children": [{"mode": "normal", "text": "Mi propuesta no es genrica ni estandarizada. Acompa desde la experiencia, la empata y una mirada educativa adaptada a cada realidad.", "type": "text", "style": "", "detail": 0, "format": 0, "version": 1}], "direction": null, "textStyle": "", "textFormat": 0}], "direction": null}}	t	t	63	f	-80	separatorBackground	homeDiferences	68f79e0e42986f06cbf2068d	 Qu hace diferente a Educar Sano?	dark
4	848	version.layout	1211	t	Servicios	\N	\N	\N	t	59	f	-65	separatorWhite	homeServices	68f79953431c43bc53390a65	Servicios	dark
7	848	version.layout	1212	t	 Qu hace diferente a Educar Sano?	t	{"root": {"type": "root", "format": "", "indent": 0, "version": 1, "children": [{"type": "paragraph", "format": "", "indent": 0, "version": 1, "children": [{"mode": "normal", "text": "Mi propuesta no es genrica ni estandarizada. Acompa desde la experiencia, la empata y una mirada educativa adaptada a cada realidad.", "type": "text", "style": "", "detail": 0, "format": 0, "version": 1}], "direction": null, "textStyle": "", "textFormat": 0}], "direction": null}}	t	t	63	f	-80	separatorBackground	homeDiferences	68f79e0e42986f06cbf2068d	 Qu hace diferente a Educar Sano?	dark
4	837	version.layout	1199	t	Servicios	\N	\N	\N	t	59	f	-65	separatorWhite	homeServices	68f79953431c43bc53390a65	Servicios	dark
7	837	version.layout	1200	t	 Qu hace diferente a Educar Sano?	t	{"root": {"type": "root", "format": "", "indent": 0, "version": 1, "children": [{"type": "paragraph", "format": "", "indent": 0, "version": 1, "children": [{"mode": "normal", "text": "Mi propuesta no es genrica ni estandarizada. Acompa desde la experiencia, la empata y una mirada educativa adaptada a cada realidad.", "type": "text", "style": "", "detail": 0, "format": 0, "version": 1}], "direction": null, "textStyle": "", "textFormat": 0}], "direction": null}}	t	t	63	f	-80	separatorBackground	homeDiferences	68f79e0e42986f06cbf2068d	 Qu hace diferente a Educar Sano?	dark
4	838	version.layout	1201	t	Servicios	\N	\N	\N	t	59	f	-65	separatorWhite	homeServices	68f79953431c43bc53390a65	Servicios	dark
7	838	version.layout	1202	t	 Qu hace diferente a Educar Sano?	t	{"root": {"type": "root", "format": "", "indent": 0, "version": 1, "children": [{"type": "paragraph", "format": "", "indent": 0, "version": 1, "children": [{"mode": "normal", "text": "Mi propuesta no es genrica ni estandarizada. Acompa desde la experiencia, la empata y una mirada educativa adaptada a cada realidad.", "type": "text", "style": "", "detail": 0, "format": 0, "version": 1}], "direction": null, "textStyle": "", "textFormat": 0}], "direction": null}}	t	t	63	f	-80	separatorBackground	homeDiferences	68f79e0e42986f06cbf2068d	 Qu hace diferente a Educar Sano?	dark
4	839	version.layout	1203	t	Servicios	\N	\N	\N	t	59	f	-65	separatorWhite	homeServices	68f79953431c43bc53390a65	Servicios	dark
7	839	version.layout	1204	t	 Qu hace diferente a Educar Sano?	t	{"root": {"type": "root", "format": "", "indent": 0, "version": 1, "children": [{"type": "paragraph", "format": "", "indent": 0, "version": 1, "children": [{"mode": "normal", "text": "Mi propuesta no es genrica ni estandarizada. Acompa desde la experiencia, la empata y una mirada educativa adaptada a cada realidad.", "type": "text", "style": "", "detail": 0, "format": 0, "version": 1}], "direction": null, "textStyle": "", "textFormat": 0}], "direction": null}}	t	t	63	f	-80	separatorBackground	homeDiferences	68f79e0e42986f06cbf2068d	 Qu hace diferente a Educar Sano?	dark
4	835	version.layout	1195	t	Servicios	\N	\N	\N	t	59	f	-65	separatorWhite	homeServices	68f79953431c43bc53390a65	Servicios	dark
7	835	version.layout	1196	t	 Qu hace diferente a Educar Sano?	t	{"root": {"type": "root", "format": "", "indent": 0, "version": 1, "children": [{"type": "paragraph", "format": "", "indent": 0, "version": 1, "children": [{"mode": "normal", "text": "Mi propuesta no es genrica ni estandarizada. Acompa desde la experiencia, la empata y una mirada educativa adaptada a cada realidad.", "type": "text", "style": "", "detail": 0, "format": 0, "version": 1}], "direction": null, "textStyle": "", "textFormat": 0}], "direction": null}}	t	t	63	f	-80	separatorBackground	homeDiferences	68f79e0e42986f06cbf2068d	 Qu hace diferente a Educar Sano?	dark
4	840	version.layout	1205	t	Servicios	\N	\N	\N	t	59	f	-65	separatorWhite	homeServices	68f79953431c43bc53390a65	Servicios	dark
7	840	version.layout	1206	t	 Qu hace diferente a Educar Sano?	t	{"root": {"type": "root", "format": "", "indent": 0, "version": 1, "children": [{"type": "paragraph", "format": "", "indent": 0, "version": 1, "children": [{"mode": "normal", "text": "Mi propuesta no es genrica ni estandarizada. Acompa desde la experiencia, la empata y una mirada educativa adaptada a cada realidad.", "type": "text", "style": "", "detail": 0, "format": 0, "version": 1}], "direction": null, "textStyle": "", "textFormat": 0}], "direction": null}}	t	t	63	f	-80	separatorBackground	homeDiferences	68f79e0e42986f06cbf2068d	 Qu hace diferente a Educar Sano?	dark
\.


--
-- TOC entry 5216 (class 0 OID 487092)
-- Dependencies: 360
-- Data for Name: _pages_v_blocks_list_content_blocks; Type: TABLE DATA; Schema: public; Owner: postgres
--

COPY public._pages_v_blocks_list_content_blocks (_order, _parent_id, id, enable_filed_title, field_title, enable_icon, media_id, enable_rich_text, rich_text, enable_link, link_type, link_new_tab, link_url, link_label, link_appearance, color, _uuid) FROM stdin;
1	1195	915	t	Asesoramiento familiar	t	105	t	{"root": {"type": "root", "format": "", "indent": 0, "version": 1, "children": [{"type": "paragraph", "format": "", "indent": 0, "version": 1, "children": [{"mode": "normal", "text": "Acompaamiento para mejorar la convivencia y el bienestar en casa.", "type": "text", "style": "", "detail": 0, "format": 0, "version": 1}], "direction": null, "textStyle": "", "textFormat": 0}], "direction": null}}	t	reference	\N	\N	asesoramiento faamiliar	default	transparent	692ad5a62732e16824dec687
1	1209	1013	t	Asesoramiento familiar	t	105	t	{"root": {"type": "root", "format": "", "indent": 0, "version": 1, "children": [{"type": "paragraph", "format": "", "indent": 0, "version": 1, "children": [{"mode": "normal", "text": "Acompaamiento para mejorar la convivencia y el bienestar en casa.", "type": "text", "style": "", "detail": 0, "format": 0, "version": 1}], "direction": null, "textStyle": "", "textFormat": 0}], "direction": null}}	t	reference	\N	\N	asesoramiento faamiliar	default	transparent	692ad5a62732e16824dec687
2	1209	1014	t	Asesoramiento educativo	t	105	t	{"root": {"type": "root", "format": "", "indent": 0, "version": 1, "children": [{"type": "paragraph", "format": "", "indent": 0, "version": 1, "children": [{"mode": "normal", "text": "Orientacin para docentes y profesionales que buscan nuevas herramientas.", "type": "text", "style": "", "detail": 0, "format": 0, "version": 1}], "direction": null, "textStyle": "", "textFormat": 0}], "direction": null}}	t	reference	\N	\N	Asesoramiento-educativo	default	transparent	692c1826fa0d132570dd3aea
3	1209	1015	t	Clases de refuerzo 	t	105	t	{"root": {"type": "root", "format": "", "indent": 0, "version": 1, "children": [{"type": "paragraph", "format": "", "indent": 0, "version": 1, "children": [{"mode": "normal", "text": "Apoyo escolar individualizado con una mirada respetuosa y consciente.", "type": "text", "style": "", "detail": 0, "format": 0, "version": 1}], "direction": null, "textStyle": "", "textFormat": 0}], "direction": null}}	\N	reference	\N	\N	\N	default	transparent	692c188cfa0d132570dd3aec
4	1209	1016	t	Asesoramiento express	t	105	t	{"root": {"type": "root", "format": "", "indent": 0, "version": 1, "children": [{"type": "paragraph", "format": "", "indent": 0, "version": 1, "children": [{"mode": "normal", "text": "Sesiones rpidas para dudas concretas o decisiones urgentes.", "type": "text", "style": "", "detail": 0, "format": 0, "version": 1}], "direction": null, "textStyle": "", "textFormat": 0}], "direction": null}}	\N	reference	\N	\N	\N	default	transparent	692c18c45396350128105952
5	1209	1017	t	Consultora educativa	t	105	t	{"root": {"type": "root", "format": "", "indent": 0, "version": 1, "children": [{"type": "paragraph", "format": "", "indent": 0, "version": 1, "children": [{"mode": "normal", "text": "Transformacin de centros escolares hacia un modelo ms humano e inclusivo.", "type": "text", "style": "", "detail": 0, "format": 0, "version": 1}], "direction": null, "textStyle": "", "textFormat": 0}], "direction": null}}	\N	reference	\N	\N	\N	default	transparent	692c18eb5396350128105954
6	1209	1018	t	Supervisiones pedaggicas	t	105	t	{"root": {"type": "root", "format": "", "indent": 0, "version": 1, "children": [{"type": "paragraph", "format": "", "indent": 0, "version": 1, "children": [{"mode": "normal", "text": "Acompaamiento a equipos docentes para reflexionar y mejorar su prctica educativa.", "type": "text", "style": "", "detail": 0, "format": 0, "version": 1}], "direction": null, "textStyle": "", "textFormat": 0}], "direction": null}}	\N	reference	\N	\N	\N	default	transparent	692c190d5396350128105956
7	1209	1019	t	Formaciones y charlas	t	105	t	{"root": {"type": "root", "format": "", "indent": 0, "version": 1, "children": [{"type": "paragraph", "format": "", "indent": 0, "version": 1, "children": [{"mode": "normal", "text": "Talleres y conferencias para familias, docentes e instituciones", "type": "text", "style": "", "detail": 0, "format": 0, "version": 1}], "direction": null, "textStyle": "", "textFormat": 0}], "direction": null}}	\N	reference	\N	\N	\N	default	transparent	692c19365396350128105958
1	1210	1020	t	Acompaamiento personalizado	t	105	t	{"root": {"type": "root", "format": "", "indent": 0, "version": 1, "children": [{"type": "paragraph", "format": "", "indent": 0, "version": 1, "children": [{"mode": "normal", "text": "Planes ajustados a cada familia y educador/a, con seguimiento cercano y realista.", "type": "text", "style": "", "detail": 0, "format": 0, "version": 1}], "direction": null, "textStyle": "", "textFormat": 0}], "direction": null}}	\N	reference	\N	\N	\N	default	transparent	692c2817d54b4884d5beffae
2	1210	1021	t	Enfoque prctico y actualizado	t	105	t	{"root": {"type": "root", "format": "", "indent": 0, "version": 1, "children": [{"type": "paragraph", "format": "", "indent": 0, "version": 1, "children": [{"mode": "normal", "text": "Herramientas educativas respetuosas y aplicables, basadas en la experiencia.", "type": "text", "style": "", "detail": 0, "format": 0, "version": 1}], "direction": null, "textStyle": "", "textFormat": 0}], "direction": null}}	\N	reference	\N	\N	\N	default	transparent	692c2879d54b4884d5beffb0
3	1210	1022	t	Mirada emptica y social	t	105	t	{"root": {"type": "root", "format": "", "indent": 0, "version": 1, "children": [{"type": "paragraph", "format": "", "indent": 0, "version": 1, "children": [{"mode": "normal", "text": "Escucha, respeto y compromiso con una educacin ms justa y consciente.", "type": "text", "style": "", "detail": 0, "format": 0, "version": 1}], "direction": null, "textStyle": "", "textFormat": 0}], "direction": null}}	\N	reference	\N	\N	\N	default	transparent	692c28a4d54b4884d5beffb2
4	1210	1023	t	Supervisin de casos	t	105	t	{"root": {"type": "root", "format": "", "indent": 0, "version": 1, "children": [{"type": "paragraph", "format": "", "indent": 0, "version": 1, "children": [{"mode": "normal", "text": "Anlisis de situaciones concretas para encontrar estrategias tiles en el aula o en casa.", "type": "text", "style": "", "detail": 0, "format": 0, "version": 1}], "direction": null, "textStyle": "", "textFormat": 0}], "direction": null}}	f	reference	\N	\N	\N	default	transparent	692c28c9d54b4884d5beffb4
5	1210	1024	t	Formaciones a medida	t	105	t	{"root": {"type": "root", "format": "", "indent": 0, "version": 1, "children": [{"type": "paragraph", "format": "", "indent": 0, "version": 1, "children": [{"mode": "normal", "text": "Talleres, charlas y sesiones adaptadas a tus necesidades.", "type": "text", "style": "", "detail": 0, "format": 0, "version": 1}], "direction": null, "textStyle": "", "textFormat": 0}], "direction": null}}	\N	reference	\N	\N	\N	default	transparent	692c28efd54b4884d5beffb6
6	1210	1025	t	Creatividad en la educacin	t	105	t	{"root": {"type": "root", "format": "", "indent": 0, "version": 1, "children": [{"type": "paragraph", "format": "", "indent": 0, "version": 1, "children": [{"mode": "normal", "text": "Respeto y potencia de las habilidades nicas de cada persona para que encuentre su propio estilo de acompaar a la infancia.", "type": "text", "style": "", "detail": 0, "format": 0, "version": 1}], "direction": null, "textStyle": "", "textFormat": 0}], "direction": null}}	\N	reference	\N	\N	\N	default	transparent	692c291dd54b4884d5beffb8
2	1195	916	t	Asesoramiento educativo	t	105	t	{"root": {"type": "root", "format": "", "indent": 0, "version": 1, "children": [{"type": "paragraph", "format": "", "indent": 0, "version": 1, "children": [{"mode": "normal", "text": "Orientacin para docentes y profesionales que buscan nuevas herramientas.", "type": "text", "style": "", "detail": 0, "format": 0, "version": 1}], "direction": null, "textStyle": "", "textFormat": 0}], "direction": null}}	t	reference	\N	\N	Asesoramiento-educativo	default	transparent	692c1826fa0d132570dd3aea
3	1195	917	t	Clases de refuerzo 	t	105	t	{"root": {"type": "root", "format": "", "indent": 0, "version": 1, "children": [{"type": "paragraph", "format": "", "indent": 0, "version": 1, "children": [{"mode": "normal", "text": "Apoyo escolar individualizado con una mirada respetuosa y consciente.", "type": "text", "style": "", "detail": 0, "format": 0, "version": 1}], "direction": null, "textStyle": "", "textFormat": 0}], "direction": null}}	\N	reference	\N	\N	\N	default	transparent	692c188cfa0d132570dd3aec
4	1195	918	t	Asesoramiento express	t	105	t	{"root": {"type": "root", "format": "", "indent": 0, "version": 1, "children": [{"type": "paragraph", "format": "", "indent": 0, "version": 1, "children": [{"mode": "normal", "text": "Sesiones rpidas para dudas concretas o decisiones urgentes.", "type": "text", "style": "", "detail": 0, "format": 0, "version": 1}], "direction": null, "textStyle": "", "textFormat": 0}], "direction": null}}	\N	reference	\N	\N	\N	default	transparent	692c18c45396350128105952
5	1195	919	t	Consultora educativa	t	105	t	{"root": {"type": "root", "format": "", "indent": 0, "version": 1, "children": [{"type": "paragraph", "format": "", "indent": 0, "version": 1, "children": [{"mode": "normal", "text": "Transformacin de centros escolares hacia un modelo ms humano e inclusivo.", "type": "text", "style": "", "detail": 0, "format": 0, "version": 1}], "direction": null, "textStyle": "", "textFormat": 0}], "direction": null}}	\N	reference	\N	\N	\N	default	transparent	692c18eb5396350128105954
6	1195	920	t	Supervisiones pedaggicas	t	105	t	{"root": {"type": "root", "format": "", "indent": 0, "version": 1, "children": [{"type": "paragraph", "format": "", "indent": 0, "version": 1, "children": [{"mode": "normal", "text": "Acompaamiento a equipos docentes para reflexionar y mejorar su prctica educativa.", "type": "text", "style": "", "detail": 0, "format": 0, "version": 1}], "direction": null, "textStyle": "", "textFormat": 0}], "direction": null}}	\N	reference	\N	\N	\N	default	transparent	692c190d5396350128105956
7	1195	921	t	Formaciones y charlas	t	105	t	{"root": {"type": "root", "format": "", "indent": 0, "version": 1, "children": [{"type": "paragraph", "format": "", "indent": 0, "version": 1, "children": [{"mode": "normal", "text": "Talleres y conferencias para familias, docentes e instituciones", "type": "text", "style": "", "detail": 0, "format": 0, "version": 1}], "direction": null, "textStyle": "", "textFormat": 0}], "direction": null}}	\N	reference	\N	\N	\N	default	transparent	692c19365396350128105958
1	1196	922	t	Acompaamiento personalizado	t	105	t	{"root": {"type": "root", "format": "", "indent": 0, "version": 1, "children": [{"type": "paragraph", "format": "", "indent": 0, "version": 1, "children": [{"mode": "normal", "text": "Planes ajustados a cada familia y educador/a, con seguimiento cercano y realista.", "type": "text", "style": "", "detail": 0, "format": 0, "version": 1}], "direction": null, "textStyle": "", "textFormat": 0}], "direction": null}}	\N	reference	\N	\N	\N	default	transparent	692c2817d54b4884d5beffae
2	1196	923	t	Enfoque prctico y actualizado	t	105	t	{"root": {"type": "root", "format": "", "indent": 0, "version": 1, "children": [{"type": "paragraph", "format": "", "indent": 0, "version": 1, "children": [{"mode": "normal", "text": "Herramientas educativas respetuosas y aplicables, basadas en la experiencia.", "type": "text", "style": "", "detail": 0, "format": 0, "version": 1}], "direction": null, "textStyle": "", "textFormat": 0}], "direction": null}}	\N	reference	\N	\N	\N	default	transparent	692c2879d54b4884d5beffb0
3	1196	924	t	Mirada emptica y social	t	105	t	{"root": {"type": "root", "format": "", "indent": 0, "version": 1, "children": [{"type": "paragraph", "format": "", "indent": 0, "version": 1, "children": [{"mode": "normal", "text": "Escucha, respeto y compromiso con una educacin ms justa y consciente.", "type": "text", "style": "", "detail": 0, "format": 0, "version": 1}], "direction": null, "textStyle": "", "textFormat": 0}], "direction": null}}	\N	reference	\N	\N	\N	default	transparent	692c28a4d54b4884d5beffb2
4	1196	925	t	Supervisin de casos	t	105	t	{"root": {"type": "root", "format": "", "indent": 0, "version": 1, "children": [{"type": "paragraph", "format": "", "indent": 0, "version": 1, "children": [{"mode": "normal", "text": "Anlisis de situaciones concretas para encontrar estrategias tiles en el aula o en casa.", "type": "text", "style": "", "detail": 0, "format": 0, "version": 1}], "direction": null, "textStyle": "", "textFormat": 0}], "direction": null}}	f	reference	\N	\N	\N	default	transparent	692c28c9d54b4884d5beffb4
5	1196	926	t	Formaciones a medida	t	105	t	{"root": {"type": "root", "format": "", "indent": 0, "version": 1, "children": [{"type": "paragraph", "format": "", "indent": 0, "version": 1, "children": [{"mode": "normal", "text": "Talleres, charlas y sesiones adaptadas a tus necesidades.", "type": "text", "style": "", "detail": 0, "format": 0, "version": 1}], "direction": null, "textStyle": "", "textFormat": 0}], "direction": null}}	\N	reference	\N	\N	\N	default	transparent	692c28efd54b4884d5beffb6
6	1196	927	t	Creatividad en la educacin	t	105	t	{"root": {"type": "root", "format": "", "indent": 0, "version": 1, "children": [{"type": "paragraph", "format": "", "indent": 0, "version": 1, "children": [{"mode": "normal", "text": "Respeto y potencia de las habilidades nicas de cada persona para que encuentre su propio estilo de acompaar a la infancia.", "type": "text", "style": "", "detail": 0, "format": 0, "version": 1}], "direction": null, "textStyle": "", "textFormat": 0}], "direction": null}}	\N	reference	\N	\N	\N	default	transparent	692c291dd54b4884d5beffb8
7	1196	928	t	Precios accesibles	t	105	t	{"root": {"type": "root", "format": "", "indent": 0, "version": 1, "children": [{"type": "paragraph", "format": "", "indent": 0, "version": 1, "children": [{"mode": "normal", "text": "Tarifas sociales para madres solteras y familias con pocos recursos.", "type": "text", "style": "", "detail": 0, "format": 0, "version": 1}], "direction": null, "textStyle": "", "textFormat": 0}, {"type": "paragraph", "format": "", "indent": 0, "version": 1, "children": [{"mode": "normal", "text": "  [Ver tarifas sociales]", "type": "text", "style": "", "detail": 0, "format": 0, "version": 1}], "direction": null, "textStyle": "", "textFormat": 0}], "direction": null}}	\N	reference	\N	\N	\N	default	transparent	692c293dd54b4884d5beffba
7	1210	1026	t	Precios accesibles	t	105	t	{"root": {"type": "root", "format": "", "indent": 0, "version": 1, "children": [{"type": "paragraph", "format": "", "indent": 0, "version": 1, "children": [{"mode": "normal", "text": "Tarifas sociales para madres solteras y familias con pocos recursos.", "type": "text", "style": "", "detail": 0, "format": 0, "version": 1}], "direction": null, "textStyle": "", "textFormat": 0}, {"type": "paragraph", "format": "", "indent": 0, "version": 1, "children": [{"mode": "normal", "text": "  [Ver tarifas sociales]", "type": "text", "style": "", "detail": 0, "format": 0, "version": 1}], "direction": null, "textStyle": "", "textFormat": 0}], "direction": null}}	\N	reference	\N	\N	\N	default	transparent	692c293dd54b4884d5beffba
5	1207	1003	t	Consultora educativa	t	105	t	{"root": {"type": "root", "format": "", "indent": 0, "version": 1, "children": [{"type": "paragraph", "format": "", "indent": 0, "version": 1, "children": [{"mode": "normal", "text": "Transformacin de centros escolares hacia un modelo ms humano e inclusivo.", "type": "text", "style": "", "detail": 0, "format": 0, "version": 1}], "direction": null, "textStyle": "", "textFormat": 0}], "direction": null}}	\N	reference	\N	\N	\N	default	transparent	692c18eb5396350128105954
6	1207	1004	t	Supervisiones pedaggicas	t	105	t	{"root": {"type": "root", "format": "", "indent": 0, "version": 1, "children": [{"type": "paragraph", "format": "", "indent": 0, "version": 1, "children": [{"mode": "normal", "text": "Acompaamiento a equipos docentes para reflexionar y mejorar su prctica educativa.", "type": "text", "style": "", "detail": 0, "format": 0, "version": 1}], "direction": null, "textStyle": "", "textFormat": 0}], "direction": null}}	\N	reference	\N	\N	\N	default	transparent	692c190d5396350128105956
7	1207	1005	t	Formaciones y charlas	t	105	t	{"root": {"type": "root", "format": "", "indent": 0, "version": 1, "children": [{"type": "paragraph", "format": "", "indent": 0, "version": 1, "children": [{"mode": "normal", "text": "Talleres y conferencias para familias, docentes e instituciones", "type": "text", "style": "", "detail": 0, "format": 0, "version": 1}], "direction": null, "textStyle": "", "textFormat": 0}], "direction": null}}	\N	reference	\N	\N	\N	default	transparent	692c19365396350128105958
1	1208	1006	t	Acompaamiento personalizado	t	105	t	{"root": {"type": "root", "format": "", "indent": 0, "version": 1, "children": [{"type": "paragraph", "format": "", "indent": 0, "version": 1, "children": [{"mode": "normal", "text": "Planes ajustados a cada familia y educador/a, con seguimiento cercano y realista.", "type": "text", "style": "", "detail": 0, "format": 0, "version": 1}], "direction": null, "textStyle": "", "textFormat": 0}], "direction": null}}	\N	reference	\N	\N	\N	default	transparent	692c2817d54b4884d5beffae
2	1208	1007	t	Enfoque prctico y actualizado	t	105	t	{"root": {"type": "root", "format": "", "indent": 0, "version": 1, "children": [{"type": "paragraph", "format": "", "indent": 0, "version": 1, "children": [{"mode": "normal", "text": "Herramientas educativas respetuosas y aplicables, basadas en la experiencia.", "type": "text", "style": "", "detail": 0, "format": 0, "version": 1}], "direction": null, "textStyle": "", "textFormat": 0}], "direction": null}}	\N	reference	\N	\N	\N	default	transparent	692c2879d54b4884d5beffb0
3	1208	1008	t	Mirada emptica y social	t	105	t	{"root": {"type": "root", "format": "", "indent": 0, "version": 1, "children": [{"type": "paragraph", "format": "", "indent": 0, "version": 1, "children": [{"mode": "normal", "text": "Escucha, respeto y compromiso con una educacin ms justa y consciente.", "type": "text", "style": "", "detail": 0, "format": 0, "version": 1}], "direction": null, "textStyle": "", "textFormat": 0}], "direction": null}}	\N	reference	\N	\N	\N	default	transparent	692c28a4d54b4884d5beffb2
4	1208	1009	t	Supervisin de casos	t	105	t	{"root": {"type": "root", "format": "", "indent": 0, "version": 1, "children": [{"type": "paragraph", "format": "", "indent": 0, "version": 1, "children": [{"mode": "normal", "text": "Anlisis de situaciones concretas para encontrar estrategias tiles en el aula o en casa.", "type": "text", "style": "", "detail": 0, "format": 0, "version": 1}], "direction": null, "textStyle": "", "textFormat": 0}], "direction": null}}	f	reference	\N	\N	\N	default	transparent	692c28c9d54b4884d5beffb4
1	1197	929	t	Asesoramiento familiar	t	105	t	{"root": {"type": "root", "format": "", "indent": 0, "version": 1, "children": [{"type": "paragraph", "format": "", "indent": 0, "version": 1, "children": [{"mode": "normal", "text": "Acompaamiento para mejorar la convivencia y el bienestar en casa.", "type": "text", "style": "", "detail": 0, "format": 0, "version": 1}], "direction": null, "textStyle": "", "textFormat": 0}], "direction": null}}	t	reference	\N	\N	asesoramiento faamiliar	default	transparent	692ad5a62732e16824dec687
1	1211	1027	t	Asesoramiento familiar	t	105	t	{"root": {"type": "root", "format": "", "indent": 0, "version": 1, "children": [{"type": "paragraph", "format": "", "indent": 0, "version": 1, "children": [{"mode": "normal", "text": "Acompaamiento para mejorar la convivencia y el bienestar en casa.", "type": "text", "style": "", "detail": 0, "format": 0, "version": 1}], "direction": null, "textStyle": "", "textFormat": 0}], "direction": null}}	t	reference	\N	\N	asesoramiento faamiliar	default	transparent	692ad5a62732e16824dec687
2	1211	1028	t	Asesoramiento educativo	t	105	t	{"root": {"type": "root", "format": "", "indent": 0, "version": 1, "children": [{"type": "paragraph", "format": "", "indent": 0, "version": 1, "children": [{"mode": "normal", "text": "Orientacin para docentes y profesionales que buscan nuevas herramientas.", "type": "text", "style": "", "detail": 0, "format": 0, "version": 1}], "direction": null, "textStyle": "", "textFormat": 0}], "direction": null}}	t	reference	\N	\N	Asesoramiento-educativo	default	transparent	692c1826fa0d132570dd3aea
3	1211	1029	t	Clases de refuerzo 	t	105	t	{"root": {"type": "root", "format": "", "indent": 0, "version": 1, "children": [{"type": "paragraph", "format": "", "indent": 0, "version": 1, "children": [{"mode": "normal", "text": "Apoyo escolar individualizado con una mirada respetuosa y consciente.", "type": "text", "style": "", "detail": 0, "format": 0, "version": 1}], "direction": null, "textStyle": "", "textFormat": 0}], "direction": null}}	\N	reference	\N	\N	\N	default	transparent	692c188cfa0d132570dd3aec
4	1211	1030	t	Asesoramiento express	t	105	t	{"root": {"type": "root", "format": "", "indent": 0, "version": 1, "children": [{"type": "paragraph", "format": "", "indent": 0, "version": 1, "children": [{"mode": "normal", "text": "Sesiones rpidas para dudas concretas o decisiones urgentes.", "type": "text", "style": "", "detail": 0, "format": 0, "version": 1}], "direction": null, "textStyle": "", "textFormat": 0}], "direction": null}}	\N	reference	\N	\N	\N	default	transparent	692c18c45396350128105952
5	1211	1031	t	Consultora educativa	t	105	t	{"root": {"type": "root", "format": "", "indent": 0, "version": 1, "children": [{"type": "paragraph", "format": "", "indent": 0, "version": 1, "children": [{"mode": "normal", "text": "Transformacin de centros escolares hacia un modelo ms humano e inclusivo.", "type": "text", "style": "", "detail": 0, "format": 0, "version": 1}], "direction": null, "textStyle": "", "textFormat": 0}], "direction": null}}	\N	reference	\N	\N	\N	default	transparent	692c18eb5396350128105954
6	1211	1032	t	Supervisiones pedaggicas	t	105	t	{"root": {"type": "root", "format": "", "indent": 0, "version": 1, "children": [{"type": "paragraph", "format": "", "indent": 0, "version": 1, "children": [{"mode": "normal", "text": "Acompaamiento a equipos docentes para reflexionar y mejorar su prctica educativa.", "type": "text", "style": "", "detail": 0, "format": 0, "version": 1}], "direction": null, "textStyle": "", "textFormat": 0}], "direction": null}}	\N	reference	\N	\N	\N	default	transparent	692c190d5396350128105956
7	1211	1033	t	Formaciones y charlas	t	105	t	{"root": {"type": "root", "format": "", "indent": 0, "version": 1, "children": [{"type": "paragraph", "format": "", "indent": 0, "version": 1, "children": [{"mode": "normal", "text": "Talleres y conferencias para familias, docentes e instituciones", "type": "text", "style": "", "detail": 0, "format": 0, "version": 1}], "direction": null, "textStyle": "", "textFormat": 0}], "direction": null}}	\N	reference	\N	\N	\N	default	transparent	692c19365396350128105958
1	1212	1034	t	Acompaamiento personalizado	t	105	t	{"root": {"type": "root", "format": "", "indent": 0, "version": 1, "children": [{"type": "paragraph", "format": "", "indent": 0, "version": 1, "children": [{"mode": "normal", "text": "Planes ajustados a cada familia y educador/a, con seguimiento cercano y realista.", "type": "text", "style": "", "detail": 0, "format": 0, "version": 1}], "direction": null, "textStyle": "", "textFormat": 0}], "direction": null}}	\N	reference	\N	\N	\N	default	transparent	692c2817d54b4884d5beffae
2	1212	1035	t	Enfoque prctico y actualizado	t	105	t	{"root": {"type": "root", "format": "", "indent": 0, "version": 1, "children": [{"type": "paragraph", "format": "", "indent": 0, "version": 1, "children": [{"mode": "normal", "text": "Herramientas educativas respetuosas y aplicables, basadas en la experiencia.", "type": "text", "style": "", "detail": 0, "format": 0, "version": 1}], "direction": null, "textStyle": "", "textFormat": 0}], "direction": null}}	\N	reference	\N	\N	\N	default	transparent	692c2879d54b4884d5beffb0
2	1197	930	t	Asesoramiento educativo	t	105	t	{"root": {"type": "root", "format": "", "indent": 0, "version": 1, "children": [{"type": "paragraph", "format": "", "indent": 0, "version": 1, "children": [{"mode": "normal", "text": "Orientacin para docentes y profesionales que buscan nuevas herramientas.", "type": "text", "style": "", "detail": 0, "format": 0, "version": 1}], "direction": null, "textStyle": "", "textFormat": 0}], "direction": null}}	t	reference	\N	\N	Asesoramiento-educativo	default	transparent	692c1826fa0d132570dd3aea
3	1197	931	t	Clases de refuerzo 	t	105	t	{"root": {"type": "root", "format": "", "indent": 0, "version": 1, "children": [{"type": "paragraph", "format": "", "indent": 0, "version": 1, "children": [{"mode": "normal", "text": "Apoyo escolar individualizado con una mirada respetuosa y consciente.", "type": "text", "style": "", "detail": 0, "format": 0, "version": 1}], "direction": null, "textStyle": "", "textFormat": 0}], "direction": null}}	\N	reference	\N	\N	\N	default	transparent	692c188cfa0d132570dd3aec
4	1197	932	t	Asesoramiento express	t	105	t	{"root": {"type": "root", "format": "", "indent": 0, "version": 1, "children": [{"type": "paragraph", "format": "", "indent": 0, "version": 1, "children": [{"mode": "normal", "text": "Sesiones rpidas para dudas concretas o decisiones urgentes.", "type": "text", "style": "", "detail": 0, "format": 0, "version": 1}], "direction": null, "textStyle": "", "textFormat": 0}], "direction": null}}	\N	reference	\N	\N	\N	default	transparent	692c18c45396350128105952
3	1212	1036	t	Mirada emptica y social	t	105	t	{"root": {"type": "root", "format": "", "indent": 0, "version": 1, "children": [{"type": "paragraph", "format": "", "indent": 0, "version": 1, "children": [{"mode": "normal", "text": "Escucha, respeto y compromiso con una educacin ms justa y consciente.", "type": "text", "style": "", "detail": 0, "format": 0, "version": 1}], "direction": null, "textStyle": "", "textFormat": 0}], "direction": null}}	\N	reference	\N	\N	\N	default	transparent	692c28a4d54b4884d5beffb2
5	1197	933	t	Consultora educativa	t	105	t	{"root": {"type": "root", "format": "", "indent": 0, "version": 1, "children": [{"type": "paragraph", "format": "", "indent": 0, "version": 1, "children": [{"mode": "normal", "text": "Transformacin de centros escolares hacia un modelo ms humano e inclusivo.", "type": "text", "style": "", "detail": 0, "format": 0, "version": 1}], "direction": null, "textStyle": "", "textFormat": 0}], "direction": null}}	\N	reference	\N	\N	\N	default	transparent	692c18eb5396350128105954
6	1197	934	t	Supervisiones pedaggicas	t	105	t	{"root": {"type": "root", "format": "", "indent": 0, "version": 1, "children": [{"type": "paragraph", "format": "", "indent": 0, "version": 1, "children": [{"mode": "normal", "text": "Acompaamiento a equipos docentes para reflexionar y mejorar su prctica educativa.", "type": "text", "style": "", "detail": 0, "format": 0, "version": 1}], "direction": null, "textStyle": "", "textFormat": 0}], "direction": null}}	\N	reference	\N	\N	\N	default	transparent	692c190d5396350128105956
7	1197	935	t	Formaciones y charlas	t	105	t	{"root": {"type": "root", "format": "", "indent": 0, "version": 1, "children": [{"type": "paragraph", "format": "", "indent": 0, "version": 1, "children": [{"mode": "normal", "text": "Talleres y conferencias para familias, docentes e instituciones", "type": "text", "style": "", "detail": 0, "format": 0, "version": 1}], "direction": null, "textStyle": "", "textFormat": 0}], "direction": null}}	\N	reference	\N	\N	\N	default	transparent	692c19365396350128105958
1	1198	936	t	Acompaamiento personalizado	t	105	t	{"root": {"type": "root", "format": "", "indent": 0, "version": 1, "children": [{"type": "paragraph", "format": "", "indent": 0, "version": 1, "children": [{"mode": "normal", "text": "Planes ajustados a cada familia y educador/a, con seguimiento cercano y realista.", "type": "text", "style": "", "detail": 0, "format": 0, "version": 1}], "direction": null, "textStyle": "", "textFormat": 0}], "direction": null}}	\N	reference	\N	\N	\N	default	transparent	692c2817d54b4884d5beffae
2	1198	937	t	Enfoque prctico y actualizado	t	105	t	{"root": {"type": "root", "format": "", "indent": 0, "version": 1, "children": [{"type": "paragraph", "format": "", "indent": 0, "version": 1, "children": [{"mode": "normal", "text": "Herramientas educativas respetuosas y aplicables, basadas en la experiencia.", "type": "text", "style": "", "detail": 0, "format": 0, "version": 1}], "direction": null, "textStyle": "", "textFormat": 0}], "direction": null}}	\N	reference	\N	\N	\N	default	transparent	692c2879d54b4884d5beffb0
3	1198	938	t	Mirada emptica y social	t	105	t	{"root": {"type": "root", "format": "", "indent": 0, "version": 1, "children": [{"type": "paragraph", "format": "", "indent": 0, "version": 1, "children": [{"mode": "normal", "text": "Escucha, respeto y compromiso con una educacin ms justa y consciente.", "type": "text", "style": "", "detail": 0, "format": 0, "version": 1}], "direction": null, "textStyle": "", "textFormat": 0}], "direction": null}}	\N	reference	\N	\N	\N	default	transparent	692c28a4d54b4884d5beffb2
4	1198	939	t	Supervisin de casos	t	105	t	{"root": {"type": "root", "format": "", "indent": 0, "version": 1, "children": [{"type": "paragraph", "format": "", "indent": 0, "version": 1, "children": [{"mode": "normal", "text": "Anlisis de situaciones concretas para encontrar estrategias tiles en el aula o en casa.", "type": "text", "style": "", "detail": 0, "format": 0, "version": 1}], "direction": null, "textStyle": "", "textFormat": 0}], "direction": null}}	f	reference	\N	\N	\N	default	transparent	692c28c9d54b4884d5beffb4
5	1198	940	t	Formaciones a medida	t	105	t	{"root": {"type": "root", "format": "", "indent": 0, "version": 1, "children": [{"type": "paragraph", "format": "", "indent": 0, "version": 1, "children": [{"mode": "normal", "text": "Talleres, charlas y sesiones adaptadas a tus necesidades.", "type": "text", "style": "", "detail": 0, "format": 0, "version": 1}], "direction": null, "textStyle": "", "textFormat": 0}], "direction": null}}	\N	reference	\N	\N	\N	default	transparent	692c28efd54b4884d5beffb6
6	1198	941	t	Creatividad en la educacin	t	105	t	{"root": {"type": "root", "format": "", "indent": 0, "version": 1, "children": [{"type": "paragraph", "format": "", "indent": 0, "version": 1, "children": [{"mode": "normal", "text": "Respeto y potencia de las habilidades nicas de cada persona para que encuentre su propio estilo de acompaar a la infancia.", "type": "text", "style": "", "detail": 0, "format": 0, "version": 1}], "direction": null, "textStyle": "", "textFormat": 0}], "direction": null}}	\N	reference	\N	\N	\N	default	transparent	692c291dd54b4884d5beffb8
7	1198	942	t	Precios accesibles	t	105	t	{"root": {"type": "root", "format": "", "indent": 0, "version": 1, "children": [{"type": "paragraph", "format": "", "indent": 0, "version": 1, "children": [{"mode": "normal", "text": "Tarifas sociales para madres solteras y familias con pocos recursos.", "type": "text", "style": "", "detail": 0, "format": 0, "version": 1}], "direction": null, "textStyle": "", "textFormat": 0}, {"type": "paragraph", "format": "", "indent": 0, "version": 1, "children": [{"mode": "normal", "text": "  [Ver tarifas sociales]", "type": "text", "style": "", "detail": 0, "format": 0, "version": 1}], "direction": null, "textStyle": "", "textFormat": 0}], "direction": null}}	\N	reference	\N	\N	\N	default	transparent	692c293dd54b4884d5beffba
1	1199	943	t	Asesoramiento familiar	t	105	t	{"root": {"type": "root", "format": "", "indent": 0, "version": 1, "children": [{"type": "paragraph", "format": "", "indent": 0, "version": 1, "children": [{"mode": "normal", "text": "Acompaamiento para mejorar la convivencia y el bienestar en casa.", "type": "text", "style": "", "detail": 0, "format": 0, "version": 1}], "direction": null, "textStyle": "", "textFormat": 0}], "direction": null}}	t	reference	\N	\N	asesoramiento faamiliar	default	transparent	692ad5a62732e16824dec687
2	1199	944	t	Asesoramiento educativo	t	105	t	{"root": {"type": "root", "format": "", "indent": 0, "version": 1, "children": [{"type": "paragraph", "format": "", "indent": 0, "version": 1, "children": [{"mode": "normal", "text": "Orientacin para docentes y profesionales que buscan nuevas herramientas.", "type": "text", "style": "", "detail": 0, "format": 0, "version": 1}], "direction": null, "textStyle": "", "textFormat": 0}], "direction": null}}	t	reference	\N	\N	Asesoramiento-educativo	default	transparent	692c1826fa0d132570dd3aea
4	1212	1037	t	Supervisin de casos	t	105	t	{"root": {"type": "root", "format": "", "indent": 0, "version": 1, "children": [{"type": "paragraph", "format": "", "indent": 0, "version": 1, "children": [{"mode": "normal", "text": "Anlisis de situaciones concretas para encontrar estrategias tiles en el aula o en casa.", "type": "text", "style": "", "detail": 0, "format": 0, "version": 1}], "direction": null, "textStyle": "", "textFormat": 0}], "direction": null}}	f	reference	\N	\N	\N	default	transparent	692c28c9d54b4884d5beffb4
5	1212	1038	t	Formaciones a medida	t	105	t	{"root": {"type": "root", "format": "", "indent": 0, "version": 1, "children": [{"type": "paragraph", "format": "", "indent": 0, "version": 1, "children": [{"mode": "normal", "text": "Talleres, charlas y sesiones adaptadas a tus necesidades.", "type": "text", "style": "", "detail": 0, "format": 0, "version": 1}], "direction": null, "textStyle": "", "textFormat": 0}], "direction": null}}	\N	reference	\N	\N	\N	default	transparent	692c28efd54b4884d5beffb6
6	1212	1039	t	Creatividad en la educacin	t	105	t	{"root": {"type": "root", "format": "", "indent": 0, "version": 1, "children": [{"type": "paragraph", "format": "", "indent": 0, "version": 1, "children": [{"mode": "normal", "text": "Respeto y potencia de las habilidades nicas de cada persona para que encuentre su propio estilo de acompaar a la infancia.", "type": "text", "style": "", "detail": 0, "format": 0, "version": 1}], "direction": null, "textStyle": "", "textFormat": 0}], "direction": null}}	\N	reference	\N	\N	\N	default	transparent	692c291dd54b4884d5beffb8
7	1212	1040	t	Precios accesibles	t	105	t	{"root": {"type": "root", "format": "", "indent": 0, "version": 1, "children": [{"type": "paragraph", "format": "", "indent": 0, "version": 1, "children": [{"mode": "normal", "text": "Tarifas sociales para madres solteras y familias con pocos recursos.", "type": "text", "style": "", "detail": 0, "format": 0, "version": 1}], "direction": null, "textStyle": "", "textFormat": 0}, {"type": "paragraph", "format": "", "indent": 0, "version": 1, "children": [{"mode": "normal", "text": "  [Ver tarifas sociales]", "type": "text", "style": "", "detail": 0, "format": 0, "version": 1}], "direction": null, "textStyle": "", "textFormat": 0}], "direction": null}}	\N	reference	\N	\N	\N	default	transparent	692c293dd54b4884d5beffba
3	1199	945	t	Clases de refuerzo 	t	105	t	{"root": {"type": "root", "format": "", "indent": 0, "version": 1, "children": [{"type": "paragraph", "format": "", "indent": 0, "version": 1, "children": [{"mode": "normal", "text": "Apoyo escolar individualizado con una mirada respetuosa y consciente.", "type": "text", "style": "", "detail": 0, "format": 0, "version": 1}], "direction": null, "textStyle": "", "textFormat": 0}], "direction": null}}	\N	reference	\N	\N	\N	default	transparent	692c188cfa0d132570dd3aec
4	1199	946	t	Asesoramiento express	t	105	t	{"root": {"type": "root", "format": "", "indent": 0, "version": 1, "children": [{"type": "paragraph", "format": "", "indent": 0, "version": 1, "children": [{"mode": "normal", "text": "Sesiones rpidas para dudas concretas o decisiones urgentes.", "type": "text", "style": "", "detail": 0, "format": 0, "version": 1}], "direction": null, "textStyle": "", "textFormat": 0}], "direction": null}}	\N	reference	\N	\N	\N	default	transparent	692c18c45396350128105952
5	1199	947	t	Consultora educativa	t	105	t	{"root": {"type": "root", "format": "", "indent": 0, "version": 1, "children": [{"type": "paragraph", "format": "", "indent": 0, "version": 1, "children": [{"mode": "normal", "text": "Transformacin de centros escolares hacia un modelo ms humano e inclusivo.", "type": "text", "style": "", "detail": 0, "format": 0, "version": 1}], "direction": null, "textStyle": "", "textFormat": 0}], "direction": null}}	\N	reference	\N	\N	\N	default	transparent	692c18eb5396350128105954
6	1199	948	t	Supervisiones pedaggicas	t	105	t	{"root": {"type": "root", "format": "", "indent": 0, "version": 1, "children": [{"type": "paragraph", "format": "", "indent": 0, "version": 1, "children": [{"mode": "normal", "text": "Acompaamiento a equipos docentes para reflexionar y mejorar su prctica educativa.", "type": "text", "style": "", "detail": 0, "format": 0, "version": 1}], "direction": null, "textStyle": "", "textFormat": 0}], "direction": null}}	\N	reference	\N	\N	\N	default	transparent	692c190d5396350128105956
7	1199	949	t	Formaciones y charlas	t	105	t	{"root": {"type": "root", "format": "", "indent": 0, "version": 1, "children": [{"type": "paragraph", "format": "", "indent": 0, "version": 1, "children": [{"mode": "normal", "text": "Talleres y conferencias para familias, docentes e instituciones", "type": "text", "style": "", "detail": 0, "format": 0, "version": 1}], "direction": null, "textStyle": "", "textFormat": 0}], "direction": null}}	\N	reference	\N	\N	\N	default	transparent	692c19365396350128105958
1	1200	950	t	Acompaamiento personalizado	t	105	t	{"root": {"type": "root", "format": "", "indent": 0, "version": 1, "children": [{"type": "paragraph", "format": "", "indent": 0, "version": 1, "children": [{"mode": "normal", "text": "Planes ajustados a cada familia y educador/a, con seguimiento cercano y realista.", "type": "text", "style": "", "detail": 0, "format": 0, "version": 1}], "direction": null, "textStyle": "", "textFormat": 0}], "direction": null}}	\N	reference	\N	\N	\N	default	transparent	692c2817d54b4884d5beffae
1	1213	1041	t	Asesoramiento familiar	t	105	t	{"root": {"type": "root", "format": "", "indent": 0, "version": 1, "children": [{"type": "paragraph", "format": "", "indent": 0, "version": 1, "children": [{"mode": "normal", "text": "Acompaamiento para mejorar la convivencia y el bienestar en casa.", "type": "text", "style": "", "detail": 0, "format": 0, "version": 1}], "direction": null, "textStyle": "", "textFormat": 0}], "direction": null}}	t	reference	\N	\N	asesoramiento faamiliar	default	transparent	692ad5a62732e16824dec687
2	1213	1042	t	Asesoramiento educativo	t	105	t	{"root": {"type": "root", "format": "", "indent": 0, "version": 1, "children": [{"type": "paragraph", "format": "", "indent": 0, "version": 1, "children": [{"mode": "normal", "text": "Orientacin para docentes y profesionales que buscan nuevas herramientas.", "type": "text", "style": "", "detail": 0, "format": 0, "version": 1}], "direction": null, "textStyle": "", "textFormat": 0}], "direction": null}}	t	reference	\N	\N	Asesoramiento-educativo	default	transparent	692c1826fa0d132570dd3aea
3	1213	1043	t	Clases de refuerzo 	t	105	t	{"root": {"type": "root", "format": "", "indent": 0, "version": 1, "children": [{"type": "paragraph", "format": "", "indent": 0, "version": 1, "children": [{"mode": "normal", "text": "Apoyo escolar individualizado con una mirada respetuosa y consciente.", "type": "text", "style": "", "detail": 0, "format": 0, "version": 1}], "direction": null, "textStyle": "", "textFormat": 0}], "direction": null}}	\N	reference	\N	\N	\N	default	transparent	692c188cfa0d132570dd3aec
4	1213	1044	t	Asesoramiento express	t	105	t	{"root": {"type": "root", "format": "", "indent": 0, "version": 1, "children": [{"type": "paragraph", "format": "", "indent": 0, "version": 1, "children": [{"mode": "normal", "text": "Sesiones rpidas para dudas concretas o decisiones urgentes.", "type": "text", "style": "", "detail": 0, "format": 0, "version": 1}], "direction": null, "textStyle": "", "textFormat": 0}], "direction": null}}	\N	reference	\N	\N	\N	default	transparent	692c18c45396350128105952
5	1213	1045	t	Consultora educativa	t	105	t	{"root": {"type": "root", "format": "", "indent": 0, "version": 1, "children": [{"type": "paragraph", "format": "", "indent": 0, "version": 1, "children": [{"mode": "normal", "text": "Transformacin de centros escolares hacia un modelo ms humano e inclusivo.", "type": "text", "style": "", "detail": 0, "format": 0, "version": 1}], "direction": null, "textStyle": "", "textFormat": 0}], "direction": null}}	\N	reference	\N	\N	\N	default	transparent	692c18eb5396350128105954
6	1213	1046	t	Supervisiones pedaggicas	t	105	t	{"root": {"type": "root", "format": "", "indent": 0, "version": 1, "children": [{"type": "paragraph", "format": "", "indent": 0, "version": 1, "children": [{"mode": "normal", "text": "Acompaamiento a equipos docentes para reflexionar y mejorar su prctica educativa.", "type": "text", "style": "", "detail": 0, "format": 0, "version": 1}], "direction": null, "textStyle": "", "textFormat": 0}], "direction": null}}	\N	reference	\N	\N	\N	default	transparent	692c190d5396350128105956
7	1213	1047	t	Formaciones y charlas	t	105	t	{"root": {"type": "root", "format": "", "indent": 0, "version": 1, "children": [{"type": "paragraph", "format": "", "indent": 0, "version": 1, "children": [{"mode": "normal", "text": "Talleres y conferencias para familias, docentes e instituciones", "type": "text", "style": "", "detail": 0, "format": 0, "version": 1}], "direction": null, "textStyle": "", "textFormat": 0}], "direction": null}}	\N	reference	\N	\N	\N	default	transparent	692c19365396350128105958
1	1214	1048	t	Acompaamiento personalizado	t	105	t	{"root": {"type": "root", "format": "", "indent": 0, "version": 1, "children": [{"type": "paragraph", "format": "", "indent": 0, "version": 1, "children": [{"mode": "normal", "text": "Planes ajustados a cada familia y educador/a, con seguimiento cercano y realista.", "type": "text", "style": "", "detail": 0, "format": 0, "version": 1}], "direction": null, "textStyle": "", "textFormat": 0}], "direction": null}}	\N	reference	\N	\N	\N	default	transparent	692c2817d54b4884d5beffae
2	1214	1049	t	Enfoque prctico y actualizado	t	105	t	{"root": {"type": "root", "format": "", "indent": 0, "version": 1, "children": [{"type": "paragraph", "format": "", "indent": 0, "version": 1, "children": [{"mode": "normal", "text": "Herramientas educativas respetuosas y aplicables, basadas en la experiencia.", "type": "text", "style": "", "detail": 0, "format": 0, "version": 1}], "direction": null, "textStyle": "", "textFormat": 0}], "direction": null}}	\N	reference	\N	\N	\N	default	transparent	692c2879d54b4884d5beffb0
3	1214	1050	t	Mirada emptica y social	t	105	t	{"root": {"type": "root", "format": "", "indent": 0, "version": 1, "children": [{"type": "paragraph", "format": "", "indent": 0, "version": 1, "children": [{"mode": "normal", "text": "Escucha, respeto y compromiso con una educacin ms justa y consciente.", "type": "text", "style": "", "detail": 0, "format": 0, "version": 1}], "direction": null, "textStyle": "", "textFormat": 0}], "direction": null}}	\N	reference	\N	\N	\N	default	transparent	692c28a4d54b4884d5beffb2
4	1214	1051	t	Supervisin de casos	t	105	t	{"root": {"type": "root", "format": "", "indent": 0, "version": 1, "children": [{"type": "paragraph", "format": "", "indent": 0, "version": 1, "children": [{"mode": "normal", "text": "Anlisis de situaciones concretas para encontrar estrategias tiles en el aula o en casa.", "type": "text", "style": "", "detail": 0, "format": 0, "version": 1}], "direction": null, "textStyle": "", "textFormat": 0}], "direction": null}}	f	reference	\N	\N	\N	default	transparent	692c28c9d54b4884d5beffb4
5	1214	1052	t	Formaciones a medida	t	105	t	{"root": {"type": "root", "format": "", "indent": 0, "version": 1, "children": [{"type": "paragraph", "format": "", "indent": 0, "version": 1, "children": [{"mode": "normal", "text": "Talleres, charlas y sesiones adaptadas a tus necesidades.", "type": "text", "style": "", "detail": 0, "format": 0, "version": 1}], "direction": null, "textStyle": "", "textFormat": 0}], "direction": null}}	\N	reference	\N	\N	\N	default	transparent	692c28efd54b4884d5beffb6
6	1214	1053	t	Creatividad en la educacin	t	105	t	{"root": {"type": "root", "format": "", "indent": 0, "version": 1, "children": [{"type": "paragraph", "format": "", "indent": 0, "version": 1, "children": [{"mode": "normal", "text": "Respeto y potencia de las habilidades nicas de cada persona para que encuentre su propio estilo de acompaar a la infancia.", "type": "text", "style": "", "detail": 0, "format": 0, "version": 1}], "direction": null, "textStyle": "", "textFormat": 0}], "direction": null}}	\N	reference	\N	\N	\N	default	transparent	692c291dd54b4884d5beffb8
7	1214	1054	t	Precios accesibles	t	105	t	{"root": {"type": "root", "format": "", "indent": 0, "version": 1, "children": [{"type": "paragraph", "format": "", "indent": 0, "version": 1, "children": [{"mode": "normal", "text": "Tarifas sociales para madres solteras y familias con pocos recursos.", "type": "text", "style": "", "detail": 0, "format": 0, "version": 1}], "direction": null, "textStyle": "", "textFormat": 0}, {"type": "paragraph", "format": "", "indent": 0, "version": 1, "children": [{"mode": "normal", "text": "  [Ver tarifas sociales]", "type": "text", "style": "", "detail": 0, "format": 0, "version": 1}], "direction": null, "textStyle": "", "textFormat": 0}], "direction": null}}	\N	reference	\N	\N	\N	default	transparent	692c293dd54b4884d5beffba
2	1200	951	t	Enfoque prctico y actualizado	t	105	t	{"root": {"type": "root", "format": "", "indent": 0, "version": 1, "children": [{"type": "paragraph", "format": "", "indent": 0, "version": 1, "children": [{"mode": "normal", "text": "Herramientas educativas respetuosas y aplicables, basadas en la experiencia.", "type": "text", "style": "", "detail": 0, "format": 0, "version": 1}], "direction": null, "textStyle": "", "textFormat": 0}], "direction": null}}	\N	reference	\N	\N	\N	default	transparent	692c2879d54b4884d5beffb0
3	1200	952	t	Mirada emptica y social	t	105	t	{"root": {"type": "root", "format": "", "indent": 0, "version": 1, "children": [{"type": "paragraph", "format": "", "indent": 0, "version": 1, "children": [{"mode": "normal", "text": "Escucha, respeto y compromiso con una educacin ms justa y consciente.", "type": "text", "style": "", "detail": 0, "format": 0, "version": 1}], "direction": null, "textStyle": "", "textFormat": 0}], "direction": null}}	\N	reference	\N	\N	\N	default	transparent	692c28a4d54b4884d5beffb2
4	1200	953	t	Supervisin de casos	t	105	t	{"root": {"type": "root", "format": "", "indent": 0, "version": 1, "children": [{"type": "paragraph", "format": "", "indent": 0, "version": 1, "children": [{"mode": "normal", "text": "Anlisis de situaciones concretas para encontrar estrategias tiles en el aula o en casa.", "type": "text", "style": "", "detail": 0, "format": 0, "version": 1}], "direction": null, "textStyle": "", "textFormat": 0}], "direction": null}}	f	reference	\N	\N	\N	default	transparent	692c28c9d54b4884d5beffb4
5	1200	954	t	Formaciones a medida	t	105	t	{"root": {"type": "root", "format": "", "indent": 0, "version": 1, "children": [{"type": "paragraph", "format": "", "indent": 0, "version": 1, "children": [{"mode": "normal", "text": "Talleres, charlas y sesiones adaptadas a tus necesidades.", "type": "text", "style": "", "detail": 0, "format": 0, "version": 1}], "direction": null, "textStyle": "", "textFormat": 0}], "direction": null}}	\N	reference	\N	\N	\N	default	transparent	692c28efd54b4884d5beffb6
6	1200	955	t	Creatividad en la educacin	t	105	t	{"root": {"type": "root", "format": "", "indent": 0, "version": 1, "children": [{"type": "paragraph", "format": "", "indent": 0, "version": 1, "children": [{"mode": "normal", "text": "Respeto y potencia de las habilidades nicas de cada persona para que encuentre su propio estilo de acompaar a la infancia.", "type": "text", "style": "", "detail": 0, "format": 0, "version": 1}], "direction": null, "textStyle": "", "textFormat": 0}], "direction": null}}	\N	reference	\N	\N	\N	default	transparent	692c291dd54b4884d5beffb8
7	1200	956	t	Precios accesibles	t	105	t	{"root": {"type": "root", "format": "", "indent": 0, "version": 1, "children": [{"type": "paragraph", "format": "", "indent": 0, "version": 1, "children": [{"mode": "normal", "text": "Tarifas sociales para madres solteras y familias con pocos recursos.", "type": "text", "style": "", "detail": 0, "format": 0, "version": 1}], "direction": null, "textStyle": "", "textFormat": 0}, {"type": "paragraph", "format": "", "indent": 0, "version": 1, "children": [{"mode": "normal", "text": "  [Ver tarifas sociales]", "type": "text", "style": "", "detail": 0, "format": 0, "version": 1}], "direction": null, "textStyle": "", "textFormat": 0}], "direction": null}}	\N	reference	\N	\N	\N	default	transparent	692c293dd54b4884d5beffba
5	1208	1010	t	Formaciones a medida	t	105	t	{"root": {"type": "root", "format": "", "indent": 0, "version": 1, "children": [{"type": "paragraph", "format": "", "indent": 0, "version": 1, "children": [{"mode": "normal", "text": "Talleres, charlas y sesiones adaptadas a tus necesidades.", "type": "text", "style": "", "detail": 0, "format": 0, "version": 1}], "direction": null, "textStyle": "", "textFormat": 0}], "direction": null}}	\N	reference	\N	\N	\N	default	transparent	692c28efd54b4884d5beffb6
6	1208	1011	t	Creatividad en la educacin	t	105	t	{"root": {"type": "root", "format": "", "indent": 0, "version": 1, "children": [{"type": "paragraph", "format": "", "indent": 0, "version": 1, "children": [{"mode": "normal", "text": "Respeto y potencia de las habilidades nicas de cada persona para que encuentre su propio estilo de acompaar a la infancia.", "type": "text", "style": "", "detail": 0, "format": 0, "version": 1}], "direction": null, "textStyle": "", "textFormat": 0}], "direction": null}}	\N	reference	\N	\N	\N	default	transparent	692c291dd54b4884d5beffb8
1	1201	957	t	Asesoramiento familiar	t	105	t	{"root": {"type": "root", "format": "", "indent": 0, "version": 1, "children": [{"type": "paragraph", "format": "", "indent": 0, "version": 1, "children": [{"mode": "normal", "text": "Acompaamiento para mejorar la convivencia y el bienestar en casa.", "type": "text", "style": "", "detail": 0, "format": 0, "version": 1}], "direction": null, "textStyle": "", "textFormat": 0}], "direction": null}}	t	reference	\N	\N	asesoramiento faamiliar	default	transparent	692ad5a62732e16824dec687
2	1201	958	t	Asesoramiento educativo	t	105	t	{"root": {"type": "root", "format": "", "indent": 0, "version": 1, "children": [{"type": "paragraph", "format": "", "indent": 0, "version": 1, "children": [{"mode": "normal", "text": "Orientacin para docentes y profesionales que buscan nuevas herramientas.", "type": "text", "style": "", "detail": 0, "format": 0, "version": 1}], "direction": null, "textStyle": "", "textFormat": 0}], "direction": null}}	t	reference	\N	\N	Asesoramiento-educativo	default	transparent	692c1826fa0d132570dd3aea
3	1201	959	t	Clases de refuerzo 	t	105	t	{"root": {"type": "root", "format": "", "indent": 0, "version": 1, "children": [{"type": "paragraph", "format": "", "indent": 0, "version": 1, "children": [{"mode": "normal", "text": "Apoyo escolar individualizado con una mirada respetuosa y consciente.", "type": "text", "style": "", "detail": 0, "format": 0, "version": 1}], "direction": null, "textStyle": "", "textFormat": 0}], "direction": null}}	\N	reference	\N	\N	\N	default	transparent	692c188cfa0d132570dd3aec
4	1201	960	t	Asesoramiento express	t	105	t	{"root": {"type": "root", "format": "", "indent": 0, "version": 1, "children": [{"type": "paragraph", "format": "", "indent": 0, "version": 1, "children": [{"mode": "normal", "text": "Sesiones rpidas para dudas concretas o decisiones urgentes.", "type": "text", "style": "", "detail": 0, "format": 0, "version": 1}], "direction": null, "textStyle": "", "textFormat": 0}], "direction": null}}	\N	reference	\N	\N	\N	default	transparent	692c18c45396350128105952
5	1201	961	t	Consultora educativa	t	105	t	{"root": {"type": "root", "format": "", "indent": 0, "version": 1, "children": [{"type": "paragraph", "format": "", "indent": 0, "version": 1, "children": [{"mode": "normal", "text": "Transformacin de centros escolares hacia un modelo ms humano e inclusivo.", "type": "text", "style": "", "detail": 0, "format": 0, "version": 1}], "direction": null, "textStyle": "", "textFormat": 0}], "direction": null}}	\N	reference	\N	\N	\N	default	transparent	692c18eb5396350128105954
6	1201	962	t	Supervisiones pedaggicas	t	105	t	{"root": {"type": "root", "format": "", "indent": 0, "version": 1, "children": [{"type": "paragraph", "format": "", "indent": 0, "version": 1, "children": [{"mode": "normal", "text": "Acompaamiento a equipos docentes para reflexionar y mejorar su prctica educativa.", "type": "text", "style": "", "detail": 0, "format": 0, "version": 1}], "direction": null, "textStyle": "", "textFormat": 0}], "direction": null}}	\N	reference	\N	\N	\N	default	transparent	692c190d5396350128105956
7	1201	963	t	Formaciones y charlas	t	105	t	{"root": {"type": "root", "format": "", "indent": 0, "version": 1, "children": [{"type": "paragraph", "format": "", "indent": 0, "version": 1, "children": [{"mode": "normal", "text": "Talleres y conferencias para familias, docentes e instituciones", "type": "text", "style": "", "detail": 0, "format": 0, "version": 1}], "direction": null, "textStyle": "", "textFormat": 0}], "direction": null}}	\N	reference	\N	\N	\N	default	transparent	692c19365396350128105958
1	1202	964	t	Acompaamiento personalizado	t	105	t	{"root": {"type": "root", "format": "", "indent": 0, "version": 1, "children": [{"type": "paragraph", "format": "", "indent": 0, "version": 1, "children": [{"mode": "normal", "text": "Planes ajustados a cada familia y educador/a, con seguimiento cercano y realista.", "type": "text", "style": "", "detail": 0, "format": 0, "version": 1}], "direction": null, "textStyle": "", "textFormat": 0}], "direction": null}}	\N	reference	\N	\N	\N	default	transparent	692c2817d54b4884d5beffae
2	1202	965	t	Enfoque prctico y actualizado	t	105	t	{"root": {"type": "root", "format": "", "indent": 0, "version": 1, "children": [{"type": "paragraph", "format": "", "indent": 0, "version": 1, "children": [{"mode": "normal", "text": "Herramientas educativas respetuosas y aplicables, basadas en la experiencia.", "type": "text", "style": "", "detail": 0, "format": 0, "version": 1}], "direction": null, "textStyle": "", "textFormat": 0}], "direction": null}}	\N	reference	\N	\N	\N	default	transparent	692c2879d54b4884d5beffb0
3	1202	966	t	Mirada emptica y social	t	105	t	{"root": {"type": "root", "format": "", "indent": 0, "version": 1, "children": [{"type": "paragraph", "format": "", "indent": 0, "version": 1, "children": [{"mode": "normal", "text": "Escucha, respeto y compromiso con una educacin ms justa y consciente.", "type": "text", "style": "", "detail": 0, "format": 0, "version": 1}], "direction": null, "textStyle": "", "textFormat": 0}], "direction": null}}	\N	reference	\N	\N	\N	default	transparent	692c28a4d54b4884d5beffb2
4	1202	967	t	Supervisin de casos	t	105	t	{"root": {"type": "root", "format": "", "indent": 0, "version": 1, "children": [{"type": "paragraph", "format": "", "indent": 0, "version": 1, "children": [{"mode": "normal", "text": "Anlisis de situaciones concretas para encontrar estrategias tiles en el aula o en casa.", "type": "text", "style": "", "detail": 0, "format": 0, "version": 1}], "direction": null, "textStyle": "", "textFormat": 0}], "direction": null}}	f	reference	\N	\N	\N	default	transparent	692c28c9d54b4884d5beffb4
5	1202	968	t	Formaciones a medida	t	105	t	{"root": {"type": "root", "format": "", "indent": 0, "version": 1, "children": [{"type": "paragraph", "format": "", "indent": 0, "version": 1, "children": [{"mode": "normal", "text": "Talleres, charlas y sesiones adaptadas a tus necesidades.", "type": "text", "style": "", "detail": 0, "format": 0, "version": 1}], "direction": null, "textStyle": "", "textFormat": 0}], "direction": null}}	\N	reference	\N	\N	\N	default	transparent	692c28efd54b4884d5beffb6
6	1202	969	t	Creatividad en la educacin	t	105	t	{"root": {"type": "root", "format": "", "indent": 0, "version": 1, "children": [{"type": "paragraph", "format": "", "indent": 0, "version": 1, "children": [{"mode": "normal", "text": "Respeto y potencia de las habilidades nicas de cada persona para que encuentre su propio estilo de acompaar a la infancia.", "type": "text", "style": "", "detail": 0, "format": 0, "version": 1}], "direction": null, "textStyle": "", "textFormat": 0}], "direction": null}}	\N	reference	\N	\N	\N	default	transparent	692c291dd54b4884d5beffb8
7	1202	970	t	Precios accesibles	t	105	t	{"root": {"type": "root", "format": "", "indent": 0, "version": 1, "children": [{"type": "paragraph", "format": "", "indent": 0, "version": 1, "children": [{"mode": "normal", "text": "Tarifas sociales para madres solteras y familias con pocos recursos.", "type": "text", "style": "", "detail": 0, "format": 0, "version": 1}], "direction": null, "textStyle": "", "textFormat": 0}, {"type": "paragraph", "format": "", "indent": 0, "version": 1, "children": [{"mode": "normal", "text": "  [Ver tarifas sociales]", "type": "text", "style": "", "detail": 0, "format": 0, "version": 1}], "direction": null, "textStyle": "", "textFormat": 0}], "direction": null}}	\N	reference	\N	\N	\N	default	transparent	692c293dd54b4884d5beffba
7	1208	1012	t	Precios accesibles	t	105	t	{"root": {"type": "root", "format": "", "indent": 0, "version": 1, "children": [{"type": "paragraph", "format": "", "indent": 0, "version": 1, "children": [{"mode": "normal", "text": "Tarifas sociales para madres solteras y familias con pocos recursos.", "type": "text", "style": "", "detail": 0, "format": 0, "version": 1}], "direction": null, "textStyle": "", "textFormat": 0}, {"type": "paragraph", "format": "", "indent": 0, "version": 1, "children": [{"mode": "normal", "text": "  [Ver tarifas sociales]", "type": "text", "style": "", "detail": 0, "format": 0, "version": 1}], "direction": null, "textStyle": "", "textFormat": 0}], "direction": null}}	\N	reference	\N	\N	\N	default	transparent	692c293dd54b4884d5beffba
1	1203	971	t	Asesoramiento familiar	t	105	t	{"root": {"type": "root", "format": "", "indent": 0, "version": 1, "children": [{"type": "paragraph", "format": "", "indent": 0, "version": 1, "children": [{"mode": "normal", "text": "Acompaamiento para mejorar la convivencia y el bienestar en casa.", "type": "text", "style": "", "detail": 0, "format": 0, "version": 1}], "direction": null, "textStyle": "", "textFormat": 0}], "direction": null}}	t	reference	\N	\N	asesoramiento faamiliar	default	transparent	692ad5a62732e16824dec687
2	1203	972	t	Asesoramiento educativo	t	105	t	{"root": {"type": "root", "format": "", "indent": 0, "version": 1, "children": [{"type": "paragraph", "format": "", "indent": 0, "version": 1, "children": [{"mode": "normal", "text": "Orientacin para docentes y profesionales que buscan nuevas herramientas.", "type": "text", "style": "", "detail": 0, "format": 0, "version": 1}], "direction": null, "textStyle": "", "textFormat": 0}], "direction": null}}	t	reference	\N	\N	Asesoramiento-educativo	default	transparent	692c1826fa0d132570dd3aea
3	1203	973	t	Clases de refuerzo 	t	105	t	{"root": {"type": "root", "format": "", "indent": 0, "version": 1, "children": [{"type": "paragraph", "format": "", "indent": 0, "version": 1, "children": [{"mode": "normal", "text": "Apoyo escolar individualizado con una mirada respetuosa y consciente.", "type": "text", "style": "", "detail": 0, "format": 0, "version": 1}], "direction": null, "textStyle": "", "textFormat": 0}], "direction": null}}	\N	reference	\N	\N	\N	default	transparent	692c188cfa0d132570dd3aec
4	1203	974	t	Asesoramiento express	t	105	t	{"root": {"type": "root", "format": "", "indent": 0, "version": 1, "children": [{"type": "paragraph", "format": "", "indent": 0, "version": 1, "children": [{"mode": "normal", "text": "Sesiones rpidas para dudas concretas o decisiones urgentes.", "type": "text", "style": "", "detail": 0, "format": 0, "version": 1}], "direction": null, "textStyle": "", "textFormat": 0}], "direction": null}}	\N	reference	\N	\N	\N	default	transparent	692c18c45396350128105952
5	1203	975	t	Consultora educativa	t	105	t	{"root": {"type": "root", "format": "", "indent": 0, "version": 1, "children": [{"type": "paragraph", "format": "", "indent": 0, "version": 1, "children": [{"mode": "normal", "text": "Transformacin de centros escolares hacia un modelo ms humano e inclusivo.", "type": "text", "style": "", "detail": 0, "format": 0, "version": 1}], "direction": null, "textStyle": "", "textFormat": 0}], "direction": null}}	\N	reference	\N	\N	\N	default	transparent	692c18eb5396350128105954
6	1203	976	t	Supervisiones pedaggicas	t	105	t	{"root": {"type": "root", "format": "", "indent": 0, "version": 1, "children": [{"type": "paragraph", "format": "", "indent": 0, "version": 1, "children": [{"mode": "normal", "text": "Acompaamiento a equipos docentes para reflexionar y mejorar su prctica educativa.", "type": "text", "style": "", "detail": 0, "format": 0, "version": 1}], "direction": null, "textStyle": "", "textFormat": 0}], "direction": null}}	\N	reference	\N	\N	\N	default	transparent	692c190d5396350128105956
7	1203	977	t	Formaciones y charlas	t	105	t	{"root": {"type": "root", "format": "", "indent": 0, "version": 1, "children": [{"type": "paragraph", "format": "", "indent": 0, "version": 1, "children": [{"mode": "normal", "text": "Talleres y conferencias para familias, docentes e instituciones", "type": "text", "style": "", "detail": 0, "format": 0, "version": 1}], "direction": null, "textStyle": "", "textFormat": 0}], "direction": null}}	\N	reference	\N	\N	\N	default	transparent	692c19365396350128105958
1	1204	978	t	Acompaamiento personalizado	t	105	t	{"root": {"type": "root", "format": "", "indent": 0, "version": 1, "children": [{"type": "paragraph", "format": "", "indent": 0, "version": 1, "children": [{"mode": "normal", "text": "Planes ajustados a cada familia y educador/a, con seguimiento cercano y realista.", "type": "text", "style": "", "detail": 0, "format": 0, "version": 1}], "direction": null, "textStyle": "", "textFormat": 0}], "direction": null}}	\N	reference	\N	\N	\N	default	transparent	692c2817d54b4884d5beffae
2	1204	979	t	Enfoque prctico y actualizado	t	105	t	{"root": {"type": "root", "format": "", "indent": 0, "version": 1, "children": [{"type": "paragraph", "format": "", "indent": 0, "version": 1, "children": [{"mode": "normal", "text": "Herramientas educativas respetuosas y aplicables, basadas en la experiencia.", "type": "text", "style": "", "detail": 0, "format": 0, "version": 1}], "direction": null, "textStyle": "", "textFormat": 0}], "direction": null}}	\N	reference	\N	\N	\N	default	transparent	692c2879d54b4884d5beffb0
3	1204	980	t	Mirada emptica y social	t	105	t	{"root": {"type": "root", "format": "", "indent": 0, "version": 1, "children": [{"type": "paragraph", "format": "", "indent": 0, "version": 1, "children": [{"mode": "normal", "text": "Escucha, respeto y compromiso con una educacin ms justa y consciente.", "type": "text", "style": "", "detail": 0, "format": 0, "version": 1}], "direction": null, "textStyle": "", "textFormat": 0}], "direction": null}}	\N	reference	\N	\N	\N	default	transparent	692c28a4d54b4884d5beffb2
4	1204	981	t	Supervisin de casos	t	105	t	{"root": {"type": "root", "format": "", "indent": 0, "version": 1, "children": [{"type": "paragraph", "format": "", "indent": 0, "version": 1, "children": [{"mode": "normal", "text": "Anlisis de situaciones concretas para encontrar estrategias tiles en el aula o en casa.", "type": "text", "style": "", "detail": 0, "format": 0, "version": 1}], "direction": null, "textStyle": "", "textFormat": 0}], "direction": null}}	f	reference	\N	\N	\N	default	transparent	692c28c9d54b4884d5beffb4
5	1204	982	t	Formaciones a medida	t	105	t	{"root": {"type": "root", "format": "", "indent": 0, "version": 1, "children": [{"type": "paragraph", "format": "", "indent": 0, "version": 1, "children": [{"mode": "normal", "text": "Talleres, charlas y sesiones adaptadas a tus necesidades.", "type": "text", "style": "", "detail": 0, "format": 0, "version": 1}], "direction": null, "textStyle": "", "textFormat": 0}], "direction": null}}	\N	reference	\N	\N	\N	default	transparent	692c28efd54b4884d5beffb6
6	1204	983	t	Creatividad en la educacin	t	105	t	{"root": {"type": "root", "format": "", "indent": 0, "version": 1, "children": [{"type": "paragraph", "format": "", "indent": 0, "version": 1, "children": [{"mode": "normal", "text": "Respeto y potencia de las habilidades nicas de cada persona para que encuentre su propio estilo de acompaar a la infancia.", "type": "text", "style": "", "detail": 0, "format": 0, "version": 1}], "direction": null, "textStyle": "", "textFormat": 0}], "direction": null}}	\N	reference	\N	\N	\N	default	transparent	692c291dd54b4884d5beffb8
7	1204	984	t	Precios accesibles	t	105	t	{"root": {"type": "root", "format": "", "indent": 0, "version": 1, "children": [{"type": "paragraph", "format": "", "indent": 0, "version": 1, "children": [{"mode": "normal", "text": "Tarifas sociales para madres solteras y familias con pocos recursos.", "type": "text", "style": "", "detail": 0, "format": 0, "version": 1}], "direction": null, "textStyle": "", "textFormat": 0}, {"type": "paragraph", "format": "", "indent": 0, "version": 1, "children": [{"mode": "normal", "text": "  [Ver tarifas sociales]", "type": "text", "style": "", "detail": 0, "format": 0, "version": 1}], "direction": null, "textStyle": "", "textFormat": 0}], "direction": null}}	\N	reference	\N	\N	\N	default	transparent	692c293dd54b4884d5beffba
1	1205	985	t	Asesoramiento familiar	t	105	t	{"root": {"type": "root", "format": "", "indent": 0, "version": 1, "children": [{"type": "paragraph", "format": "", "indent": 0, "version": 1, "children": [{"mode": "normal", "text": "Acompaamiento para mejorar la convivencia y el bienestar en casa.", "type": "text", "style": "", "detail": 0, "format": 0, "version": 1}], "direction": null, "textStyle": "", "textFormat": 0}], "direction": null}}	t	reference	\N	\N	asesoramiento faamiliar	default	transparent	692ad5a62732e16824dec687
2	1205	986	t	Asesoramiento educativo	t	105	t	{"root": {"type": "root", "format": "", "indent": 0, "version": 1, "children": [{"type": "paragraph", "format": "", "indent": 0, "version": 1, "children": [{"mode": "normal", "text": "Orientacin para docentes y profesionales que buscan nuevas herramientas.", "type": "text", "style": "", "detail": 0, "format": 0, "version": 1}], "direction": null, "textStyle": "", "textFormat": 0}], "direction": null}}	t	reference	\N	\N	Asesoramiento-educativo	default	transparent	692c1826fa0d132570dd3aea
3	1205	987	t	Clases de refuerzo 	t	105	t	{"root": {"type": "root", "format": "", "indent": 0, "version": 1, "children": [{"type": "paragraph", "format": "", "indent": 0, "version": 1, "children": [{"mode": "normal", "text": "Apoyo escolar individualizado con una mirada respetuosa y consciente.", "type": "text", "style": "", "detail": 0, "format": 0, "version": 1}], "direction": null, "textStyle": "", "textFormat": 0}], "direction": null}}	\N	reference	\N	\N	\N	default	transparent	692c188cfa0d132570dd3aec
4	1205	988	t	Asesoramiento express	t	105	t	{"root": {"type": "root", "format": "", "indent": 0, "version": 1, "children": [{"type": "paragraph", "format": "", "indent": 0, "version": 1, "children": [{"mode": "normal", "text": "Sesiones rpidas para dudas concretas o decisiones urgentes.", "type": "text", "style": "", "detail": 0, "format": 0, "version": 1}], "direction": null, "textStyle": "", "textFormat": 0}], "direction": null}}	\N	reference	\N	\N	\N	default	transparent	692c18c45396350128105952
5	1205	989	t	Consultora educativa	t	105	t	{"root": {"type": "root", "format": "", "indent": 0, "version": 1, "children": [{"type": "paragraph", "format": "", "indent": 0, "version": 1, "children": [{"mode": "normal", "text": "Transformacin de centros escolares hacia un modelo ms humano e inclusivo.", "type": "text", "style": "", "detail": 0, "format": 0, "version": 1}], "direction": null, "textStyle": "", "textFormat": 0}], "direction": null}}	\N	reference	\N	\N	\N	default	transparent	692c18eb5396350128105954
6	1205	990	t	Supervisiones pedaggicas	t	105	t	{"root": {"type": "root", "format": "", "indent": 0, "version": 1, "children": [{"type": "paragraph", "format": "", "indent": 0, "version": 1, "children": [{"mode": "normal", "text": "Acompaamiento a equipos docentes para reflexionar y mejorar su prctica educativa.", "type": "text", "style": "", "detail": 0, "format": 0, "version": 1}], "direction": null, "textStyle": "", "textFormat": 0}], "direction": null}}	\N	reference	\N	\N	\N	default	transparent	692c190d5396350128105956
7	1205	991	t	Formaciones y charlas	t	105	t	{"root": {"type": "root", "format": "", "indent": 0, "version": 1, "children": [{"type": "paragraph", "format": "", "indent": 0, "version": 1, "children": [{"mode": "normal", "text": "Talleres y conferencias para familias, docentes e instituciones", "type": "text", "style": "", "detail": 0, "format": 0, "version": 1}], "direction": null, "textStyle": "", "textFormat": 0}], "direction": null}}	\N	reference	\N	\N	\N	default	transparent	692c19365396350128105958
1	1206	992	t	Acompaamiento personalizado	t	105	t	{"root": {"type": "root", "format": "", "indent": 0, "version": 1, "children": [{"type": "paragraph", "format": "", "indent": 0, "version": 1, "children": [{"mode": "normal", "text": "Planes ajustados a cada familia y educador/a, con seguimiento cercano y realista.", "type": "text", "style": "", "detail": 0, "format": 0, "version": 1}], "direction": null, "textStyle": "", "textFormat": 0}], "direction": null}}	\N	reference	\N	\N	\N	default	transparent	692c2817d54b4884d5beffae
2	1206	993	t	Enfoque prctico y actualizado	t	105	t	{"root": {"type": "root", "format": "", "indent": 0, "version": 1, "children": [{"type": "paragraph", "format": "", "indent": 0, "version": 1, "children": [{"mode": "normal", "text": "Herramientas educativas respetuosas y aplicables, basadas en la experiencia.", "type": "text", "style": "", "detail": 0, "format": 0, "version": 1}], "direction": null, "textStyle": "", "textFormat": 0}], "direction": null}}	\N	reference	\N	\N	\N	default	transparent	692c2879d54b4884d5beffb0
3	1206	994	t	Mirada emptica y social	t	105	t	{"root": {"type": "root", "format": "", "indent": 0, "version": 1, "children": [{"type": "paragraph", "format": "", "indent": 0, "version": 1, "children": [{"mode": "normal", "text": "Escucha, respeto y compromiso con una educacin ms justa y consciente.", "type": "text", "style": "", "detail": 0, "format": 0, "version": 1}], "direction": null, "textStyle": "", "textFormat": 0}], "direction": null}}	\N	reference	\N	\N	\N	default	transparent	692c28a4d54b4884d5beffb2
4	1206	995	t	Supervisin de casos	t	105	t	{"root": {"type": "root", "format": "", "indent": 0, "version": 1, "children": [{"type": "paragraph", "format": "", "indent": 0, "version": 1, "children": [{"mode": "normal", "text": "Anlisis de situaciones concretas para encontrar estrategias tiles en el aula o en casa.", "type": "text", "style": "", "detail": 0, "format": 0, "version": 1}], "direction": null, "textStyle": "", "textFormat": 0}], "direction": null}}	f	reference	\N	\N	\N	default	transparent	692c28c9d54b4884d5beffb4
5	1206	996	t	Formaciones a medida	t	105	t	{"root": {"type": "root", "format": "", "indent": 0, "version": 1, "children": [{"type": "paragraph", "format": "", "indent": 0, "version": 1, "children": [{"mode": "normal", "text": "Talleres, charlas y sesiones adaptadas a tus necesidades.", "type": "text", "style": "", "detail": 0, "format": 0, "version": 1}], "direction": null, "textStyle": "", "textFormat": 0}], "direction": null}}	\N	reference	\N	\N	\N	default	transparent	692c28efd54b4884d5beffb6
6	1206	997	t	Creatividad en la educacin	t	105	t	{"root": {"type": "root", "format": "", "indent": 0, "version": 1, "children": [{"type": "paragraph", "format": "", "indent": 0, "version": 1, "children": [{"mode": "normal", "text": "Respeto y potencia de las habilidades nicas de cada persona para que encuentre su propio estilo de acompaar a la infancia.", "type": "text", "style": "", "detail": 0, "format": 0, "version": 1}], "direction": null, "textStyle": "", "textFormat": 0}], "direction": null}}	\N	reference	\N	\N	\N	default	transparent	692c291dd54b4884d5beffb8
7	1206	998	t	Precios accesibles	t	105	t	{"root": {"type": "root", "format": "", "indent": 0, "version": 1, "children": [{"type": "paragraph", "format": "", "indent": 0, "version": 1, "children": [{"mode": "normal", "text": "Tarifas sociales para madres solteras y familias con pocos recursos.", "type": "text", "style": "", "detail": 0, "format": 0, "version": 1}], "direction": null, "textStyle": "", "textFormat": 0}, {"type": "paragraph", "format": "", "indent": 0, "version": 1, "children": [{"mode": "normal", "text": "  [Ver tarifas sociales]", "type": "text", "style": "", "detail": 0, "format": 0, "version": 1}], "direction": null, "textStyle": "", "textFormat": 0}], "direction": null}}	\N	reference	\N	\N	\N	default	transparent	692c293dd54b4884d5beffba
1	1207	999	t	Asesoramiento familiar	t	105	t	{"root": {"type": "root", "format": "", "indent": 0, "version": 1, "children": [{"type": "paragraph", "format": "", "indent": 0, "version": 1, "children": [{"mode": "normal", "text": "Acompaamiento para mejorar la convivencia y el bienestar en casa.", "type": "text", "style": "", "detail": 0, "format": 0, "version": 1}], "direction": null, "textStyle": "", "textFormat": 0}], "direction": null}}	t	reference	\N	\N	asesoramiento faamiliar	default	transparent	692ad5a62732e16824dec687
2	1207	1000	t	Asesoramiento educativo	t	105	t	{"root": {"type": "root", "format": "", "indent": 0, "version": 1, "children": [{"type": "paragraph", "format": "", "indent": 0, "version": 1, "children": [{"mode": "normal", "text": "Orientacin para docentes y profesionales que buscan nuevas herramientas.", "type": "text", "style": "", "detail": 0, "format": 0, "version": 1}], "direction": null, "textStyle": "", "textFormat": 0}], "direction": null}}	t	reference	\N	\N	Asesoramiento-educativo	default	transparent	692c1826fa0d132570dd3aea
3	1207	1001	t	Clases de refuerzo 	t	105	t	{"root": {"type": "root", "format": "", "indent": 0, "version": 1, "children": [{"type": "paragraph", "format": "", "indent": 0, "version": 1, "children": [{"mode": "normal", "text": "Apoyo escolar individualizado con una mirada respetuosa y consciente.", "type": "text", "style": "", "detail": 0, "format": 0, "version": 1}], "direction": null, "textStyle": "", "textFormat": 0}], "direction": null}}	\N	reference	\N	\N	\N	default	transparent	692c188cfa0d132570dd3aec
4	1207	1002	t	Asesoramiento express	t	105	t	{"root": {"type": "root", "format": "", "indent": 0, "version": 1, "children": [{"type": "paragraph", "format": "", "indent": 0, "version": 1, "children": [{"mode": "normal", "text": "Sesiones rpidas para dudas concretas o decisiones urgentes.", "type": "text", "style": "", "detail": 0, "format": 0, "version": 1}], "direction": null, "textStyle": "", "textFormat": 0}], "direction": null}}	\N	reference	\N	\N	\N	default	transparent	692c18c45396350128105952
\.


--
-- TOC entry 5108 (class 0 OID 446406)
-- Dependencies: 252
-- Data for Name: _pages_v_blocks_media_block; Type: TABLE DATA; Schema: public; Owner: postgres
--

COPY public._pages_v_blocks_media_block (_order, _parent_id, _path, id, media_id, section_name, _uuid, block_name) FROM stdin;
\.


--
-- TOC entry 5191 (class 0 OID 473881)
-- Dependencies: 335
-- Data for Name: _pages_v_blocks_post_carousel_block; Type: TABLE DATA; Schema: public; Owner: postgres
--

COPY public._pages_v_blocks_post_carousel_block (_order, _parent_id, _path, id, is_reverse, bottom, separator_type, _uuid, block_name, enable_background_image, dark_mode) FROM stdin;
3	826	version.layout	525	t	0	separatorYellow	691d8cf93531105b2f8b2cdf	Carrusel de posts	\N	blue
3	827	version.layout	526	t	0	separatorYellow	691d8cf93531105b2f8b2cdf	Carrusel de posts	\N	dark
3	828	version.layout	527	t	0	separatorYellow	691d8cf93531105b2f8b2cdf	Carrusel de posts	\N	dark
3	829	version.layout	528	t	0	separatorYellow	691d8cf93531105b2f8b2cdf	Carrusel de posts	\N	blue
3	830	version.layout	529	t	0	separatorYellow	691d8cf93531105b2f8b2cdf	Carrusel de posts	\N	dark
3	831	version.layout	530	t	0	separatorYellow	691d8cf93531105b2f8b2cdf	Carrusel de posts	\N	dark
9	835	version.layout	534	f	-1	separatorYellow	6916492d9b13dd4f26d262db	Carrusel de Posts	f	dark
9	836	version.layout	535	f	-1	separatorYellow	6916492d9b13dd4f26d262db	Carrusel de Posts	f	blue
9	837	version.layout	536	t	-1	separatorYellow	6916492d9b13dd4f26d262db	Carrusel de Posts	f	blue
9	838	version.layout	537	f	-1	separatorYellow	6916492d9b13dd4f26d262db	Carrusel de Posts	f	blue
9	839	version.layout	538	f	-1	separatorYellow	6916492d9b13dd4f26d262db	Carrusel de Posts	f	blue
9	840	version.layout	539	f	-1	separatorYellow	6916492d9b13dd4f26d262db	Carrusel de Posts	f	dark
9	841	version.layout	540	f	-1	separatorYellow	6916492d9b13dd4f26d262db	Carrusel de Posts	f	blue
9	847	version.layout	541	f	-1	separatorYellow	6916492d9b13dd4f26d262db	Carrusel de Posts	f	blue
9	848	version.layout	542	f	-1	separatorYellow	6916492d9b13dd4f26d262db	Carrusel de Posts	f	blue
9	868	version.layout	543	f	-1	separatorYellow	6916492d9b13dd4f26d262db	Carrusel de Posts	f	blue
3	870	version.layout	544	t	0	separatorYellow	691d8cf93531105b2f8b2cdf	Carrusel de posts	\N	dark
3	871	version.layout	545	t	0	separatorYellow	691d8cf93531105b2f8b2cdf	Carrusel de posts	\N	dark
3	872	version.layout	546	t	0	separatorYellow	691d8cf93531105b2f8b2cdf	Carrusel de posts	\N	dark
3	874	version.layout	547	t	0	separatorYellow	691d8cf93531105b2f8b2cdf	Carrusel de posts	\N	dark
\.


--
-- TOC entry 5124 (class 0 OID 446498)
-- Dependencies: 268
-- Data for Name: _pages_v_blocks_quote_block; Type: TABLE DATA; Schema: public; Owner: postgres
--

COPY public._pages_v_blocks_quote_block (_order, _parent_id, _path, id, rich_text, enable_image, image_id, is_reverse, bottom, separator_type, section_name, _uuid, block_name) FROM stdin;
\.


--
-- TOC entry 5122 (class 0 OID 446487)
-- Dependencies: 266
-- Data for Name: _pages_v_blocks_quote_block_links; Type: TABLE DATA; Schema: public; Owner: postgres
--

COPY public._pages_v_blocks_quote_block_links (_order, _parent_id, id, link_type, link_new_tab, link_url, link_label, link_appearance, _uuid) FROM stdin;
\.


--
-- TOC entry 5206 (class 0 OID 475557)
-- Dependencies: 350
-- Data for Name: _pages_v_blocks_service; Type: TABLE DATA; Schema: public; Owner: postgres
--

COPY public._pages_v_blocks_service (_order, _parent_id, _path, id, title, enable_background_image, is_reverse, bottom, separator_type, section_name, _uuid, block_name, rich_text, dark_mode) FROM stdin;
\.


--
-- TOC entry 5209 (class 0 OID 484574)
-- Dependencies: 353
-- Data for Name: _pages_v_blocks_service_accordions; Type: TABLE DATA; Schema: public; Owner: postgres
--

COPY public._pages_v_blocks_service_accordions (_order, _parent_id, id, title, content, _uuid) FROM stdin;
\.


--
-- TOC entry 5203 (class 0 OID 474953)
-- Dependencies: 347
-- Data for Name: _pages_v_blocks_service_list_block; Type: TABLE DATA; Schema: public; Owner: postgres
--

COPY public._pages_v_blocks_service_list_block (_order, _parent_id, _path, id, enable_title, title, enable_background_image, is_reverse, bottom, separator_type, section_name, _uuid, block_name, dark_mode) FROM stdin;
1	826	version.layout	151	t	Servicios	\N	t	-65	\N	service-list	691306adb6900a691354ec94	lista de servicios	dark
1	827	version.layout	152	t	Servicios	\N	t	-65	\N	service-list	691306adb6900a691354ec94	lista de servicios	dark
1	828	version.layout	153	t	Servicios	\N	t	-65	\N	service-list	691306adb6900a691354ec94	lista de servicios	dark
1	829	version.layout	154	t	Servicios	\N	t	-65	\N	service-list	691306adb6900a691354ec94	lista de servicios	dark
1	830	version.layout	155	t	Servicios	\N	t	-65	\N	service-list	691306adb6900a691354ec94	lista de servicios	dark
1	831	version.layout	156	t	Servicios	\N	t	-65	\N	service-list	691306adb6900a691354ec94	lista de servicios	dark
1	870	version.layout	157	t	Servicios	\N	t	-65	\N	service-list	691306adb6900a691354ec94	lista de servicios	dark
1	871	version.layout	158	t	Servicios	\N	t	-65	\N	service-list	691306adb6900a691354ec94	lista de servicios	dark
1	872	version.layout	159	t	Servicios	\N	t	-65	\N	service-list	691306adb6900a691354ec94	lista de servicios	dark
1	874	version.layout	160	t	Servicios	\N	t	-65	\N	service-list	691306adb6900a691354ec94	lista de servicios	dark
\.


--
-- TOC entry 5201 (class 0 OID 474943)
-- Dependencies: 345
-- Data for Name: _pages_v_blocks_service_list_block_blocks; Type: TABLE DATA; Schema: public; Owner: postgres
--

COPY public._pages_v_blocks_service_list_block_blocks (_order, _parent_id, id, enable_filed_title, field_title, enable_icon, media_id, enable_rich_text, rich_text, _uuid, link_type, link_new_tab, link_url, link_label, link_appearance) FROM stdin;
1	157	1104	t	Asesoramiento familiar	t	68	t	{"root": {"type": "root", "format": "", "indent": 0, "version": 1, "children": [{"type": "paragraph", "format": "", "indent": 0, "version": 1, "children": [{"mode": "normal", "text": "Un espacio de acompaamiento profesional que brinda orientacin y estrategias prcticas para mejorar la comunicacin, resolver conflictos y fortalecer los vnculos entre los miembros de la familia.", "type": "text", "style": "", "detail": 0, "format": 0, "version": 1}], "direction": null, "textStyle": "", "textFormat": 0}], "direction": null}}	691306b7b6900a691354ec96	reference	\N	\N	Saber ms	outline
2	157	1105	t	Asesoramiento educativo	t	68	t	{"root": {"type": "root", "format": "", "indent": 0, "version": 1, "children": [{"type": "paragraph", "format": "", "indent": 0, "version": 1, "children": [{"mode": "normal", "text": "Dirigido a docentes, directivos, estudiantes y profesionales de la educacin que buscan mejorar su experiencia en el mbito escolar, fortalecer su rol y adquirir herramientas para una convivencia educativa ms efectiva y respetuosa.", "type": "text", "style": "", "detail": 0, "format": 0, "version": 1}], "direction": null, "textStyle": "", "textFormat": 0}], "direction": null}}	691306feb6900a691354ec98	reference	\N	\N	Saber ms	outline
3	157	1106	t	Clases de refuerzo	t	68	t	{"root": {"type": "root", "format": "", "indent": 0, "version": 1, "children": [{"type": "paragraph", "format": "", "indent": 0, "version": 1, "children": [{"mode": "normal", "text": " Clases de refuerzo acadmico para nios y nias de 6 a 12 aos, combinando el aprendizaje escolar con el desarrollo de habilidades para la vida y la convivencia.", "type": "text", "style": "", "detail": 0, "format": 0, "version": 1}], "direction": null, "textStyle": "", "textFormat": 0}], "direction": null}}	69130701b6900a691354ec9a	reference	\N	\N	Saber ms	outline
4	157	1107	t	Asesoramiento express por email	t	68	t	{"root": {"type": "root", "format": "", "indent": 0, "version": 1, "children": [{"type": "paragraph", "format": "", "indent": 0, "version": 1, "children": [{"mode": "normal", "text": "Asesoramiento express, pensado para resolver dudas puntuales y concretas de forma gil y directa. Est disponible tanto para familias como para educadores que necesiten orientacin especfica sobre una situacin particular, sin iniciar un proceso ms largo.", "type": "text", "style": "", "detail": 0, "format": 0, "version": 1}], "direction": null, "textStyle": "", "textFormat": 0}], "direction": null}}	69130704b6900a691354ec9c	reference	\N	\N	Saber ms	outline
5	157	1108	t	Supervisiones pedaggicas	t	68	t	{"root": {"type": "root", "format": "", "indent": 0, "version": 1, "children": [{"type": "paragraph", "format": "", "indent": 0, "version": 1, "children": [{"mode": "normal", "text": " Supervisiones pedaggicas dirigidas a docentes, directivos y equipos educativos, realizadas en el aula o en el centro escolar. Estas supervisiones consisten en la observacin sin juicio de las dinmicas y prcticas pedaggicas, con el fin de reflexionar y mejorar la gestin del aula, la comunicacin y el liderazgo.", "type": "text", "style": "", "detail": 0, "format": 0, "version": 1}], "direction": null, "textStyle": "", "textFormat": 0}], "direction": null}}	69133217b6900a691354ec9e	reference	\N	\N	Saber ms	outline
6	157	1109	t	Consultora educativa	t	68	t	{"root": {"type": "root", "format": "", "indent": 0, "version": 1, "children": [{"type": "paragraph", "format": "", "indent": 0, "version": 1, "children": [{"mode": "normal", "text": "consultora educativa dirigido a instituciones, equipos directivos y profesionales de la educacin que buscan acompaamiento integral y estratgico para mejorar sus prcticas y gestin.", "type": "text", "style": "", "detail": 0, "format": 0, "version": 1}], "direction": null, "textStyle": "", "textFormat": 0}, {"type": "paragraph", "format": "", "indent": 0, "version": 1, "children": [{"mode": "normal", "text": "A diferencia del asesoramiento, la consultora se enfoca en procesos ms largos y profundos, que incluyen anlisis detallados, diseo de planes de mejora y seguimiento continuo.", "type": "text", "style": "", "detail": 0, "format": 0, "version": 1}], "direction": null, "textStyle": "", "textFormat": 0}], "direction": null}}	69133278b6900a691354eca0	reference	\N	\N	Saber ms	outline
7	157	1110	t	Formaciones,Talleres y charlas	t	68	t	{"root": {"type": "root", "format": "", "indent": 0, "version": 1, "children": [{"type": "paragraph", "format": "", "indent": 0, "version": 1, "children": [{"mode": "normal", "text": "Ofrezco espacios formativos pensados para acompaar procesos educativos con sentido, generar dilogo, y construir entornos ms humanos, respetuosos y sostenibles.", "type": "text", "style": "", "detail": 0, "format": 0, "version": 1}], "direction": null, "textStyle": "", "textFormat": 0}, {"type": "paragraph", "format": "", "indent": 0, "version": 1, "children": [{"mode": "normal", "text": "Las formaciones pueden ser personalizadas y adaptadas a las realidades y necesidades de cada entorno educativo, familiar o comunitario.", "type": "text", "style": "", "detail": 0, "format": 0, "version": 1}], "direction": null, "textStyle": "", "textFormat": 0}], "direction": null}}	691332f1b6900a691354eca2	reference	\N	\N	Saber ms	outline
8	157	1111	t	Tarifa social disponible	t	68	t	{"root": {"type": "root", "format": "", "indent": 0, "version": 1, "children": [{"type": "paragraph", "format": "", "indent": 0, "version": 1, "children": [{"mode": "normal", "text": "Comprendo que no todas las personas atraviesan las mismas situaciones econmicas.", "type": "text", "style": "", "detail": 0, "format": 0, "version": 1}], "direction": null, "textStyle": "", "textFormat": 0}, {"type": "paragraph", "format": "", "indent": 0, "version": 1, "children": [{"mode": "normal", "text": "Por eso, ofrezco algunas plazas mensuales con tarifa reducida, destinadas a quienes realmente lo necesiten.", "type": "text", "style": "", "detail": 0, "format": 0, "version": 1}], "direction": null, "textStyle": "", "textFormat": 0}, {"type": "paragraph", "format": "", "indent": 0, "version": 1, "children": [{"mode": "normal", "text": "No se requiere documentacin ni justificantes.", "type": "text", "style": "", "detail": 0, "format": 1, "version": 1}, {"type": "linebreak", "version": 1}, {"mode": "normal", "text": "Confo en tu palabra y en el buen uso de este recurso solidario.", "type": "text", "style": "", "detail": 0, "format": 0, "version": 1}], "direction": null, "textStyle": "", "textFormat": 1}, {"type": "paragraph", "format": "", "indent": 0, "version": 1, "children": [{"mode": "normal", "text": "Si sientes que esta opcin es para ti, puedes escribirme con total confianza.", "type": "text", "style": "", "detail": 0, "format": 0, "version": 1}], "direction": null, "textStyle": "", "textFormat": 0}], "direction": null}}	69133348b6900a691354eca4	reference	\N	\N	Contacto	outline
1	158	1112	t	Asesoramiento familiar	t	68	t	{"root": {"type": "root", "format": "", "indent": 0, "version": 1, "children": [{"type": "paragraph", "format": "", "indent": 0, "version": 1, "children": [{"mode": "normal", "text": "Un espacio de acompaamiento profesional que brinda orientacin y estrategias prcticas para mejorar la comunicacin, resolver conflictos y fortalecer los vnculos entre los miembros de la familia.", "type": "text", "style": "", "detail": 0, "format": 0, "version": 1}], "direction": null, "textStyle": "", "textFormat": 0}], "direction": null}}	691306b7b6900a691354ec96	reference	\N	\N	Saber ms	outline
2	158	1113	t	Asesoramiento educativo	t	68	t	{"root": {"type": "root", "format": "", "indent": 0, "version": 1, "children": [{"type": "paragraph", "format": "", "indent": 0, "version": 1, "children": [{"mode": "normal", "text": "Dirigido a docentes, directivos, estudiantes y profesionales de la educacin que buscan mejorar su experiencia en el mbito escolar, fortalecer su rol y adquirir herramientas para una convivencia educativa ms efectiva y respetuosa.", "type": "text", "style": "", "detail": 0, "format": 0, "version": 1}], "direction": null, "textStyle": "", "textFormat": 0}], "direction": null}}	691306feb6900a691354ec98	reference	\N	\N	Saber ms	outline
3	158	1114	t	Clases de refuerzo	t	68	t	{"root": {"type": "root", "format": "", "indent": 0, "version": 1, "children": [{"type": "paragraph", "format": "", "indent": 0, "version": 1, "children": [{"mode": "normal", "text": " Clases de refuerzo acadmico para nios y nias de 6 a 12 aos, combinando el aprendizaje escolar con el desarrollo de habilidades para la vida y la convivencia.", "type": "text", "style": "", "detail": 0, "format": 0, "version": 1}], "direction": null, "textStyle": "", "textFormat": 0}], "direction": null}}	69130701b6900a691354ec9a	reference	\N	\N	Saber ms	outline
4	158	1115	t	Asesoramiento express por email	t	68	t	{"root": {"type": "root", "format": "", "indent": 0, "version": 1, "children": [{"type": "paragraph", "format": "", "indent": 0, "version": 1, "children": [{"mode": "normal", "text": "Asesoramiento express, pensado para resolver dudas puntuales y concretas de forma gil y directa. Est disponible tanto para familias como para educadores que necesiten orientacin especfica sobre una situacin particular, sin iniciar un proceso ms largo.", "type": "text", "style": "", "detail": 0, "format": 0, "version": 1}], "direction": null, "textStyle": "", "textFormat": 0}], "direction": null}}	69130704b6900a691354ec9c	reference	\N	\N	Saber ms	outline
5	158	1116	t	Supervisiones pedaggicas	t	68	t	{"root": {"type": "root", "format": "", "indent": 0, "version": 1, "children": [{"type": "paragraph", "format": "", "indent": 0, "version": 1, "children": [{"mode": "normal", "text": " Supervisiones pedaggicas dirigidas a docentes, directivos y equipos educativos, realizadas en el aula o en el centro escolar. Estas supervisiones consisten en la observacin sin juicio de las dinmicas y prcticas pedaggicas, con el fin de reflexionar y mejorar la gestin del aula, la comunicacin y el liderazgo.", "type": "text", "style": "", "detail": 0, "format": 0, "version": 1}], "direction": null, "textStyle": "", "textFormat": 0}], "direction": null}}	69133217b6900a691354ec9e	reference	\N	\N	Saber ms	outline
6	158	1117	t	Consultora educativa	t	68	t	{"root": {"type": "root", "format": "", "indent": 0, "version": 1, "children": [{"type": "paragraph", "format": "", "indent": 0, "version": 1, "children": [{"mode": "normal", "text": "consultora educativa dirigido a instituciones, equipos directivos y profesionales de la educacin que buscan acompaamiento integral y estratgico para mejorar sus prcticas y gestin.", "type": "text", "style": "", "detail": 0, "format": 0, "version": 1}], "direction": null, "textStyle": "", "textFormat": 0}, {"type": "paragraph", "format": "", "indent": 0, "version": 1, "children": [{"mode": "normal", "text": "A diferencia del asesoramiento, la consultora se enfoca en procesos ms largos y profundos, que incluyen anlisis detallados, diseo de planes de mejora y seguimiento continuo.", "type": "text", "style": "", "detail": 0, "format": 0, "version": 1}], "direction": null, "textStyle": "", "textFormat": 0}], "direction": null}}	69133278b6900a691354eca0	reference	\N	\N	Saber ms	outline
7	158	1118	t	Formaciones,Talleres y charlas	t	68	t	{"root": {"type": "root", "format": "", "indent": 0, "version": 1, "children": [{"type": "paragraph", "format": "", "indent": 0, "version": 1, "children": [{"mode": "normal", "text": "Ofrezco espacios formativos pensados para acompaar procesos educativos con sentido, generar dilogo, y construir entornos ms humanos, respetuosos y sostenibles.", "type": "text", "style": "", "detail": 0, "format": 0, "version": 1}], "direction": null, "textStyle": "", "textFormat": 0}, {"type": "paragraph", "format": "", "indent": 0, "version": 1, "children": [{"mode": "normal", "text": "Las formaciones pueden ser personalizadas y adaptadas a las realidades y necesidades de cada entorno educativo, familiar o comunitario.", "type": "text", "style": "", "detail": 0, "format": 0, "version": 1}], "direction": null, "textStyle": "", "textFormat": 0}], "direction": null}}	691332f1b6900a691354eca2	reference	\N	\N	Saber ms	outline
8	158	1119	t	Tarifa social disponible	t	68	t	{"root": {"type": "root", "format": "", "indent": 0, "version": 1, "children": [{"type": "paragraph", "format": "", "indent": 0, "version": 1, "children": [{"mode": "normal", "text": "Comprendo que no todas las personas atraviesan las mismas situaciones econmicas.", "type": "text", "style": "", "detail": 0, "format": 0, "version": 1}], "direction": null, "textStyle": "", "textFormat": 0}, {"type": "paragraph", "format": "", "indent": 0, "version": 1, "children": [{"mode": "normal", "text": "Por eso, ofrezco algunas plazas mensuales con tarifa reducida, destinadas a quienes realmente lo necesiten.", "type": "text", "style": "", "detail": 0, "format": 0, "version": 1}], "direction": null, "textStyle": "", "textFormat": 0}, {"type": "paragraph", "format": "", "indent": 0, "version": 1, "children": [{"mode": "normal", "text": "No se requiere documentacin ni justificantes.", "type": "text", "style": "", "detail": 0, "format": 1, "version": 1}, {"type": "linebreak", "version": 1}, {"mode": "normal", "text": "Confo en tu palabra y en el buen uso de este recurso solidario.", "type": "text", "style": "", "detail": 0, "format": 0, "version": 1}], "direction": null, "textStyle": "", "textFormat": 1}, {"type": "paragraph", "format": "", "indent": 0, "version": 1, "children": [{"mode": "normal", "text": "Si sientes que esta opcin es para ti, puedes escribirme con total confianza.", "type": "text", "style": "", "detail": 0, "format": 0, "version": 1}], "direction": null, "textStyle": "", "textFormat": 0}], "direction": null}}	69133348b6900a691354eca4	reference	\N	\N	Contacto	outline
1	159	1120	t	Asesoramiento familiar	t	68	t	{"root": {"type": "root", "format": "", "indent": 0, "version": 1, "children": [{"type": "paragraph", "format": "", "indent": 0, "version": 1, "children": [{"mode": "normal", "text": "Un espacio de acompaamiento profesional que brinda orientacin y estrategias prcticas para mejorar la comunicacin, resolver conflictos y fortalecer los vnculos entre los miembros de la familia.", "type": "text", "style": "", "detail": 0, "format": 0, "version": 1}], "direction": null, "textStyle": "", "textFormat": 0}], "direction": null}}	691306b7b6900a691354ec96	reference	\N	\N	Saber ms	outline
2	159	1121	t	Asesoramiento educativo	t	68	t	{"root": {"type": "root", "format": "", "indent": 0, "version": 1, "children": [{"type": "paragraph", "format": "", "indent": 0, "version": 1, "children": [{"mode": "normal", "text": "Dirigido a docentes, directivos, estudiantes y profesionales de la educacin que buscan mejorar su experiencia en el mbito escolar, fortalecer su rol y adquirir herramientas para una convivencia educativa ms efectiva y respetuosa.", "type": "text", "style": "", "detail": 0, "format": 0, "version": 1}], "direction": null, "textStyle": "", "textFormat": 0}], "direction": null}}	691306feb6900a691354ec98	reference	\N	\N	Saber ms	outline
3	159	1122	t	Clases de refuerzo	t	68	t	{"root": {"type": "root", "format": "", "indent": 0, "version": 1, "children": [{"type": "paragraph", "format": "", "indent": 0, "version": 1, "children": [{"mode": "normal", "text": " Clases de refuerzo acadmico para nios y nias de 6 a 12 aos, combinando el aprendizaje escolar con el desarrollo de habilidades para la vida y la convivencia.", "type": "text", "style": "", "detail": 0, "format": 0, "version": 1}], "direction": null, "textStyle": "", "textFormat": 0}], "direction": null}}	69130701b6900a691354ec9a	reference	\N	\N	Saber ms	outline
4	159	1123	t	Asesoramiento express por email	t	68	t	{"root": {"type": "root", "format": "", "indent": 0, "version": 1, "children": [{"type": "paragraph", "format": "", "indent": 0, "version": 1, "children": [{"mode": "normal", "text": "Asesoramiento express, pensado para resolver dudas puntuales y concretas de forma gil y directa. Est disponible tanto para familias como para educadores que necesiten orientacin especfica sobre una situacin particular, sin iniciar un proceso ms largo.", "type": "text", "style": "", "detail": 0, "format": 0, "version": 1}], "direction": null, "textStyle": "", "textFormat": 0}], "direction": null}}	69130704b6900a691354ec9c	reference	\N	\N	Saber ms	outline
2	154	1081	t	Asesoramiento educativo	t	68	t	{"root": {"type": "root", "format": "", "indent": 0, "version": 1, "children": [{"type": "paragraph", "format": "", "indent": 0, "version": 1, "children": [{"mode": "normal", "text": "Dirigido a docentes, directivos, estudiantes y profesionales de la educacin que buscan mejorar su experiencia en el mbito escolar, fortalecer su rol y adquirir herramientas para una convivencia educativa ms efectiva y respetuosa.", "type": "text", "style": "", "detail": 0, "format": 0, "version": 1}], "direction": null, "textStyle": "", "textFormat": 0}], "direction": null}}	691306feb6900a691354ec98	reference	\N	\N	Saber ms	outline
5	159	1124	t	Supervisiones pedaggicas	t	68	t	{"root": {"type": "root", "format": "", "indent": 0, "version": 1, "children": [{"type": "paragraph", "format": "", "indent": 0, "version": 1, "children": [{"mode": "normal", "text": " Supervisiones pedaggicas dirigidas a docentes, directivos y equipos educativos, realizadas en el aula o en el centro escolar. Estas supervisiones consisten en la observacin sin juicio de las dinmicas y prcticas pedaggicas, con el fin de reflexionar y mejorar la gestin del aula, la comunicacin y el liderazgo.", "type": "text", "style": "", "detail": 0, "format": 0, "version": 1}], "direction": null, "textStyle": "", "textFormat": 0}], "direction": null}}	69133217b6900a691354ec9e	reference	\N	\N	Saber ms	outline
6	159	1125	t	Consultora educativa	t	68	t	{"root": {"type": "root", "format": "", "indent": 0, "version": 1, "children": [{"type": "paragraph", "format": "", "indent": 0, "version": 1, "children": [{"mode": "normal", "text": "consultora educativa dirigido a instituciones, equipos directivos y profesionales de la educacin que buscan acompaamiento integral y estratgico para mejorar sus prcticas y gestin.", "type": "text", "style": "", "detail": 0, "format": 0, "version": 1}], "direction": null, "textStyle": "", "textFormat": 0}, {"type": "paragraph", "format": "", "indent": 0, "version": 1, "children": [{"mode": "normal", "text": "A diferencia del asesoramiento, la consultora se enfoca en procesos ms largos y profundos, que incluyen anlisis detallados, diseo de planes de mejora y seguimiento continuo.", "type": "text", "style": "", "detail": 0, "format": 0, "version": 1}], "direction": null, "textStyle": "", "textFormat": 0}], "direction": null}}	69133278b6900a691354eca0	reference	\N	\N	Saber ms	outline
7	159	1126	t	Formaciones,Talleres y charlas	t	68	t	{"root": {"type": "root", "format": "", "indent": 0, "version": 1, "children": [{"type": "paragraph", "format": "", "indent": 0, "version": 1, "children": [{"mode": "normal", "text": "Ofrezco espacios formativos pensados para acompaar procesos educativos con sentido, generar dilogo, y construir entornos ms humanos, respetuosos y sostenibles.", "type": "text", "style": "", "detail": 0, "format": 0, "version": 1}], "direction": null, "textStyle": "", "textFormat": 0}, {"type": "paragraph", "format": "", "indent": 0, "version": 1, "children": [{"mode": "normal", "text": "Las formaciones pueden ser personalizadas y adaptadas a las realidades y necesidades de cada entorno educativo, familiar o comunitario.", "type": "text", "style": "", "detail": 0, "format": 0, "version": 1}], "direction": null, "textStyle": "", "textFormat": 0}], "direction": null}}	691332f1b6900a691354eca2	reference	\N	\N	Saber ms	outline
8	159	1127	t	Tarifa social disponible	t	68	t	{"root": {"type": "root", "format": "", "indent": 0, "version": 1, "children": [{"type": "paragraph", "format": "", "indent": 0, "version": 1, "children": [{"mode": "normal", "text": "Comprendo que no todas las personas atraviesan las mismas situaciones econmicas.", "type": "text", "style": "", "detail": 0, "format": 0, "version": 1}], "direction": null, "textStyle": "", "textFormat": 0}, {"type": "paragraph", "format": "", "indent": 0, "version": 1, "children": [{"mode": "normal", "text": "Por eso, ofrezco algunas plazas mensuales con tarifa reducida, destinadas a quienes realmente lo necesiten.", "type": "text", "style": "", "detail": 0, "format": 0, "version": 1}], "direction": null, "textStyle": "", "textFormat": 0}, {"type": "paragraph", "format": "", "indent": 0, "version": 1, "children": [{"mode": "normal", "text": "No se requiere documentacin ni justificantes.", "type": "text", "style": "", "detail": 0, "format": 1, "version": 1}, {"type": "linebreak", "version": 1}, {"mode": "normal", "text": "Confo en tu palabra y en el buen uso de este recurso solidario.", "type": "text", "style": "", "detail": 0, "format": 0, "version": 1}], "direction": null, "textStyle": "", "textFormat": 1}, {"type": "paragraph", "format": "", "indent": 0, "version": 1, "children": [{"mode": "normal", "text": "Si sientes que esta opcin es para ti, puedes escribirme con total confianza.", "type": "text", "style": "", "detail": 0, "format": 0, "version": 1}], "direction": null, "textStyle": "", "textFormat": 0}], "direction": null}}	69133348b6900a691354eca4	reference	\N	\N	Contacto	outline
3	154	1082	t	Clases de refuerzo	t	68	t	{"root": {"type": "root", "format": "", "indent": 0, "version": 1, "children": [{"type": "paragraph", "format": "", "indent": 0, "version": 1, "children": [{"mode": "normal", "text": " Clases de refuerzo acadmico para nios y nias de 6 a 12 aos, combinando el aprendizaje escolar con el desarrollo de habilidades para la vida y la convivencia.", "type": "text", "style": "", "detail": 0, "format": 0, "version": 1}], "direction": null, "textStyle": "", "textFormat": 0}], "direction": null}}	69130701b6900a691354ec9a	reference	\N	\N	Saber ms	outline
1	160	1128	t	Asesoramiento familiar	t	68	t	{"root": {"type": "root", "format": "", "indent": 0, "version": 1, "children": [{"type": "paragraph", "format": "", "indent": 0, "version": 1, "children": [{"mode": "normal", "text": "Un espacio de acompaamiento profesional que brinda orientacin y estrategias prcticas para mejorar la comunicacin, resolver conflictos y fortalecer los vnculos entre los miembros de la familia.", "type": "text", "style": "", "detail": 0, "format": 0, "version": 1}], "direction": null, "textStyle": "", "textFormat": 0}], "direction": null}}	691306b7b6900a691354ec96	reference	\N	\N	Saber ms	outline
2	160	1129	t	Asesoramiento educativo	t	68	t	{"root": {"type": "root", "format": "", "indent": 0, "version": 1, "children": [{"type": "paragraph", "format": "", "indent": 0, "version": 1, "children": [{"mode": "normal", "text": "Dirigido a docentes, directivos, estudiantes y profesionales de la educacin que buscan mejorar su experiencia en el mbito escolar, fortalecer su rol y adquirir herramientas para una convivencia educativa ms efectiva y respetuosa.", "type": "text", "style": "", "detail": 0, "format": 0, "version": 1}], "direction": null, "textStyle": "", "textFormat": 0}], "direction": null}}	691306feb6900a691354ec98	reference	\N	\N	Saber ms	outline
3	160	1130	t	Clases de refuerzo	t	68	t	{"root": {"type": "root", "format": "", "indent": 0, "version": 1, "children": [{"type": "paragraph", "format": "", "indent": 0, "version": 1, "children": [{"mode": "normal", "text": " Clases de refuerzo acadmico para nios y nias de 6 a 12 aos, combinando el aprendizaje escolar con el desarrollo de habilidades para la vida y la convivencia.", "type": "text", "style": "", "detail": 0, "format": 0, "version": 1}], "direction": null, "textStyle": "", "textFormat": 0}], "direction": null}}	69130701b6900a691354ec9a	reference	\N	\N	Saber ms	outline
4	160	1131	t	Asesoramiento express por email	t	68	t	{"root": {"type": "root", "format": "", "indent": 0, "version": 1, "children": [{"type": "paragraph", "format": "", "indent": 0, "version": 1, "children": [{"mode": "normal", "text": "Asesoramiento express, pensado para resolver dudas puntuales y concretas de forma gil y directa. Est disponible tanto para familias como para educadores que necesiten orientacin especfica sobre una situacin particular, sin iniciar un proceso ms largo.", "type": "text", "style": "", "detail": 0, "format": 0, "version": 1}], "direction": null, "textStyle": "", "textFormat": 0}], "direction": null}}	69130704b6900a691354ec9c	reference	\N	\N	Saber ms	outline
5	160	1132	t	Supervisiones pedaggicas	t	68	t	{"root": {"type": "root", "format": "", "indent": 0, "version": 1, "children": [{"type": "paragraph", "format": "", "indent": 0, "version": 1, "children": [{"mode": "normal", "text": " Supervisiones pedaggicas dirigidas a docentes, directivos y equipos educativos, realizadas en el aula o en el centro escolar. Estas supervisiones consisten en la observacin sin juicio de las dinmicas y prcticas pedaggicas, con el fin de reflexionar y mejorar la gestin del aula, la comunicacin y el liderazgo.", "type": "text", "style": "", "detail": 0, "format": 0, "version": 1}], "direction": null, "textStyle": "", "textFormat": 0}], "direction": null}}	69133217b6900a691354ec9e	reference	\N	\N	Saber ms	outline
6	160	1133	t	Consultora educativa	t	68	t	{"root": {"type": "root", "format": "", "indent": 0, "version": 1, "children": [{"type": "paragraph", "format": "", "indent": 0, "version": 1, "children": [{"mode": "normal", "text": "consultora educativa dirigido a instituciones, equipos directivos y profesionales de la educacin que buscan acompaamiento integral y estratgico para mejorar sus prcticas y gestin.", "type": "text", "style": "", "detail": 0, "format": 0, "version": 1}], "direction": null, "textStyle": "", "textFormat": 0}, {"type": "paragraph", "format": "", "indent": 0, "version": 1, "children": [{"mode": "normal", "text": "A diferencia del asesoramiento, la consultora se enfoca en procesos ms largos y profundos, que incluyen anlisis detallados, diseo de planes de mejora y seguimiento continuo.", "type": "text", "style": "", "detail": 0, "format": 0, "version": 1}], "direction": null, "textStyle": "", "textFormat": 0}], "direction": null}}	69133278b6900a691354eca0	reference	\N	\N	Saber ms	outline
7	160	1134	t	Formaciones,Talleres y charlas	t	68	t	{"root": {"type": "root", "format": "", "indent": 0, "version": 1, "children": [{"type": "paragraph", "format": "", "indent": 0, "version": 1, "children": [{"mode": "normal", "text": "Ofrezco espacios formativos pensados para acompaar procesos educativos con sentido, generar dilogo, y construir entornos ms humanos, respetuosos y sostenibles.", "type": "text", "style": "", "detail": 0, "format": 0, "version": 1}], "direction": null, "textStyle": "", "textFormat": 0}, {"type": "paragraph", "format": "", "indent": 0, "version": 1, "children": [{"mode": "normal", "text": "Las formaciones pueden ser personalizadas y adaptadas a las realidades y necesidades de cada entorno educativo, familiar o comunitario.", "type": "text", "style": "", "detail": 0, "format": 0, "version": 1}], "direction": null, "textStyle": "", "textFormat": 0}], "direction": null}}	691332f1b6900a691354eca2	reference	\N	\N	Saber ms	outline
8	160	1135	t	Tarifa social disponible	t	68	t	{"root": {"type": "root", "format": "", "indent": 0, "version": 1, "children": [{"type": "paragraph", "format": "", "indent": 0, "version": 1, "children": [{"mode": "normal", "text": "Comprendo que no todas las personas atraviesan las mismas situaciones econmicas.", "type": "text", "style": "", "detail": 0, "format": 0, "version": 1}], "direction": null, "textStyle": "", "textFormat": 0}, {"type": "paragraph", "format": "", "indent": 0, "version": 1, "children": [{"mode": "normal", "text": "Por eso, ofrezco algunas plazas mensuales con tarifa reducida, destinadas a quienes realmente lo necesiten.", "type": "text", "style": "", "detail": 0, "format": 0, "version": 1}], "direction": null, "textStyle": "", "textFormat": 0}, {"type": "paragraph", "format": "", "indent": 0, "version": 1, "children": [{"mode": "normal", "text": "No se requiere documentacin ni justificantes.", "type": "text", "style": "", "detail": 0, "format": 1, "version": 1}, {"type": "linebreak", "version": 1}, {"mode": "normal", "text": "Confo en tu palabra y en el buen uso de este recurso solidario.", "type": "text", "style": "", "detail": 0, "format": 0, "version": 1}], "direction": null, "textStyle": "", "textFormat": 1}, {"type": "paragraph", "format": "", "indent": 0, "version": 1, "children": [{"mode": "normal", "text": "Si sientes que esta opcin es para ti, puedes escribirme con total confianza.", "type": "text", "style": "", "detail": 0, "format": 0, "version": 1}], "direction": null, "textStyle": "", "textFormat": 0}], "direction": null}}	69133348b6900a691354eca4	reference	\N	\N	Contacto	outline
4	154	1083	t	Asesoramiento express por email	t	68	t	{"root": {"type": "root", "format": "", "indent": 0, "version": 1, "children": [{"type": "paragraph", "format": "", "indent": 0, "version": 1, "children": [{"mode": "normal", "text": "Asesoramiento express, pensado para resolver dudas puntuales y concretas de forma gil y directa. Est disponible tanto para familias como para educadores que necesiten orientacin especfica sobre una situacin particular, sin iniciar un proceso ms largo.", "type": "text", "style": "", "detail": 0, "format": 0, "version": 1}], "direction": null, "textStyle": "", "textFormat": 0}], "direction": null}}	69130704b6900a691354ec9c	reference	\N	\N	Saber ms	outline
5	154	1084	t	Supervisiones pedaggicas	t	68	t	{"root": {"type": "root", "format": "", "indent": 0, "version": 1, "children": [{"type": "paragraph", "format": "", "indent": 0, "version": 1, "children": [{"mode": "normal", "text": " Supervisiones pedaggicas dirigidas a docentes, directivos y equipos educativos, realizadas en el aula o en el centro escolar. Estas supervisiones consisten en la observacin sin juicio de las dinmicas y prcticas pedaggicas, con el fin de reflexionar y mejorar la gestin del aula, la comunicacin y el liderazgo.", "type": "text", "style": "", "detail": 0, "format": 0, "version": 1}], "direction": null, "textStyle": "", "textFormat": 0}], "direction": null}}	69133217b6900a691354ec9e	reference	\N	\N	Saber ms	outline
6	154	1085	t	Consultora educativa	t	68	t	{"root": {"type": "root", "format": "", "indent": 0, "version": 1, "children": [{"type": "paragraph", "format": "", "indent": 0, "version": 1, "children": [{"mode": "normal", "text": "consultora educativa dirigido a instituciones, equipos directivos y profesionales de la educacin que buscan acompaamiento integral y estratgico para mejorar sus prcticas y gestin.", "type": "text", "style": "", "detail": 0, "format": 0, "version": 1}], "direction": null, "textStyle": "", "textFormat": 0}, {"type": "paragraph", "format": "", "indent": 0, "version": 1, "children": [{"mode": "normal", "text": "A diferencia del asesoramiento, la consultora se enfoca en procesos ms largos y profundos, que incluyen anlisis detallados, diseo de planes de mejora y seguimiento continuo.", "type": "text", "style": "", "detail": 0, "format": 0, "version": 1}], "direction": null, "textStyle": "", "textFormat": 0}], "direction": null}}	69133278b6900a691354eca0	reference	\N	\N	Saber ms	outline
7	154	1086	t	Formaciones,Talleres y charlas	t	68	t	{"root": {"type": "root", "format": "", "indent": 0, "version": 1, "children": [{"type": "paragraph", "format": "", "indent": 0, "version": 1, "children": [{"mode": "normal", "text": "Ofrezco espacios formativos pensados para acompaar procesos educativos con sentido, generar dilogo, y construir entornos ms humanos, respetuosos y sostenibles.", "type": "text", "style": "", "detail": 0, "format": 0, "version": 1}], "direction": null, "textStyle": "", "textFormat": 0}, {"type": "paragraph", "format": "", "indent": 0, "version": 1, "children": [{"mode": "normal", "text": "Las formaciones pueden ser personalizadas y adaptadas a las realidades y necesidades de cada entorno educativo, familiar o comunitario.", "type": "text", "style": "", "detail": 0, "format": 0, "version": 1}], "direction": null, "textStyle": "", "textFormat": 0}], "direction": null}}	691332f1b6900a691354eca2	reference	\N	\N	Saber ms	outline
8	154	1087	t	Tarifa social disponible	t	68	t	{"root": {"type": "root", "format": "", "indent": 0, "version": 1, "children": [{"type": "paragraph", "format": "", "indent": 0, "version": 1, "children": [{"mode": "normal", "text": "Comprendo que no todas las personas atraviesan las mismas situaciones econmicas.", "type": "text", "style": "", "detail": 0, "format": 0, "version": 1}], "direction": null, "textStyle": "", "textFormat": 0}, {"type": "paragraph", "format": "", "indent": 0, "version": 1, "children": [{"mode": "normal", "text": "Por eso, ofrezco algunas plazas mensuales con tarifa reducida, destinadas a quienes realmente lo necesiten.", "type": "text", "style": "", "detail": 0, "format": 0, "version": 1}], "direction": null, "textStyle": "", "textFormat": 0}, {"type": "paragraph", "format": "", "indent": 0, "version": 1, "children": [{"mode": "normal", "text": "No se requiere documentacin ni justificantes.", "type": "text", "style": "", "detail": 0, "format": 1, "version": 1}, {"type": "linebreak", "version": 1}, {"mode": "normal", "text": "Confo en tu palabra y en el buen uso de este recurso solidario.", "type": "text", "style": "", "detail": 0, "format": 0, "version": 1}], "direction": null, "textStyle": "", "textFormat": 1}, {"type": "paragraph", "format": "", "indent": 0, "version": 1, "children": [{"mode": "normal", "text": "Si sientes que esta opcin es para ti, puedes escribirme con total confianza.", "type": "text", "style": "", "detail": 0, "format": 0, "version": 1}], "direction": null, "textStyle": "", "textFormat": 0}], "direction": null}}	69133348b6900a691354eca4	reference	\N	\N	Contacto	outline
8	156	1103	t	Tarifa social disponible	t	68	t	{"root": {"type": "root", "format": "", "indent": 0, "version": 1, "children": [{"type": "paragraph", "format": "", "indent": 0, "version": 1, "children": [{"mode": "normal", "text": "Comprendo que no todas las personas atraviesan las mismas situaciones econmicas.", "type": "text", "style": "", "detail": 0, "format": 0, "version": 1}], "direction": null, "textStyle": "", "textFormat": 0}, {"type": "paragraph", "format": "", "indent": 0, "version": 1, "children": [{"mode": "normal", "text": "Por eso, ofrezco algunas plazas mensuales con tarifa reducida, destinadas a quienes realmente lo necesiten.", "type": "text", "style": "", "detail": 0, "format": 0, "version": 1}], "direction": null, "textStyle": "", "textFormat": 0}, {"type": "paragraph", "format": "", "indent": 0, "version": 1, "children": [{"mode": "normal", "text": "No se requiere documentacin ni justificantes.", "type": "text", "style": "", "detail": 0, "format": 1, "version": 1}, {"type": "linebreak", "version": 1}, {"mode": "normal", "text": "Confo en tu palabra y en el buen uso de este recurso solidario.", "type": "text", "style": "", "detail": 0, "format": 0, "version": 1}], "direction": null, "textStyle": "", "textFormat": 1}, {"type": "paragraph", "format": "", "indent": 0, "version": 1, "children": [{"mode": "normal", "text": "Si sientes que esta opcin es para ti, puedes escribirme con total confianza.", "type": "text", "style": "", "detail": 0, "format": 0, "version": 1}], "direction": null, "textStyle": "", "textFormat": 0}], "direction": null}}	69133348b6900a691354eca4	reference	\N	\N	Contacto	outline
1	151	1056	t	Asesoramiento familiar	t	68	t	{"root": {"type": "root", "format": "", "indent": 0, "version": 1, "children": [{"type": "paragraph", "format": "", "indent": 0, "version": 1, "children": [{"mode": "normal", "text": "Un espacio de acompaamiento profesional que brinda orientacin y estrategias prcticas para mejorar la comunicacin, resolver conflictos y fortalecer los vnculos entre los miembros de la familia.", "type": "text", "style": "", "detail": 0, "format": 0, "version": 1}], "direction": null, "textStyle": "", "textFormat": 0}], "direction": null}}	691306b7b6900a691354ec96	reference	\N	\N	Saber ms	outline
2	151	1057	t	Asesoramiento educativo	t	68	t	{"root": {"type": "root", "format": "", "indent": 0, "version": 1, "children": [{"type": "paragraph", "format": "", "indent": 0, "version": 1, "children": [{"mode": "normal", "text": "Dirigido a docentes, directivos, estudiantes y profesionales de la educacin que buscan mejorar su experiencia en el mbito escolar, fortalecer su rol y adquirir herramientas para una convivencia educativa ms efectiva y respetuosa.", "type": "text", "style": "", "detail": 0, "format": 0, "version": 1}], "direction": null, "textStyle": "", "textFormat": 0}], "direction": null}}	691306feb6900a691354ec98	reference	\N	\N	Saber ms	outline
3	151	1058	t	Clases de refuerzo	t	68	t	{"root": {"type": "root", "format": "", "indent": 0, "version": 1, "children": [{"type": "paragraph", "format": "", "indent": 0, "version": 1, "children": [{"mode": "normal", "text": " Clases de refuerzo acadmico para nios y nias de 6 a 12 aos, combinando el aprendizaje escolar con el desarrollo de habilidades para la vida y la convivencia.", "type": "text", "style": "", "detail": 0, "format": 0, "version": 1}], "direction": null, "textStyle": "", "textFormat": 0}], "direction": null}}	69130701b6900a691354ec9a	reference	\N	\N	Saber ms	outline
4	151	1059	t	Asesoramiento express por email	t	68	t	{"root": {"type": "root", "format": "", "indent": 0, "version": 1, "children": [{"type": "paragraph", "format": "", "indent": 0, "version": 1, "children": [{"mode": "normal", "text": "Asesoramiento express, pensado para resolver dudas puntuales y concretas de forma gil y directa. Est disponible tanto para familias como para educadores que necesiten orientacin especfica sobre una situacin particular, sin iniciar un proceso ms largo.", "type": "text", "style": "", "detail": 0, "format": 0, "version": 1}], "direction": null, "textStyle": "", "textFormat": 0}], "direction": null}}	69130704b6900a691354ec9c	reference	\N	\N	Saber ms	outline
5	151	1060	t	Supervisiones pedaggicas	t	68	t	{"root": {"type": "root", "format": "", "indent": 0, "version": 1, "children": [{"type": "paragraph", "format": "", "indent": 0, "version": 1, "children": [{"mode": "normal", "text": " Supervisiones pedaggicas dirigidas a docentes, directivos y equipos educativos, realizadas en el aula o en el centro escolar. Estas supervisiones consisten en la observacin sin juicio de las dinmicas y prcticas pedaggicas, con el fin de reflexionar y mejorar la gestin del aula, la comunicacin y el liderazgo.", "type": "text", "style": "", "detail": 0, "format": 0, "version": 1}], "direction": null, "textStyle": "", "textFormat": 0}], "direction": null}}	69133217b6900a691354ec9e	reference	\N	\N	Saber ms	outline
1	155	1088	t	Asesoramiento familiar	t	68	t	{"root": {"type": "root", "format": "", "indent": 0, "version": 1, "children": [{"type": "paragraph", "format": "", "indent": 0, "version": 1, "children": [{"mode": "normal", "text": "Un espacio de acompaamiento profesional que brinda orientacin y estrategias prcticas para mejorar la comunicacin, resolver conflictos y fortalecer los vnculos entre los miembros de la familia.", "type": "text", "style": "", "detail": 0, "format": 0, "version": 1}], "direction": null, "textStyle": "", "textFormat": 0}], "direction": null}}	691306b7b6900a691354ec96	reference	\N	\N	Saber ms	outline
6	151	1061	t	Consultora educativa	t	68	t	{"root": {"type": "root", "format": "", "indent": 0, "version": 1, "children": [{"type": "paragraph", "format": "", "indent": 0, "version": 1, "children": [{"mode": "normal", "text": "consultora educativa dirigido a instituciones, equipos directivos y profesionales de la educacin que buscan acompaamiento integral y estratgico para mejorar sus prcticas y gestin.", "type": "text", "style": "", "detail": 0, "format": 0, "version": 1}], "direction": null, "textStyle": "", "textFormat": 0}, {"type": "paragraph", "format": "", "indent": 0, "version": 1, "children": [{"mode": "normal", "text": "A diferencia del asesoramiento, la consultora se enfoca en procesos ms largos y profundos, que incluyen anlisis detallados, diseo de planes de mejora y seguimiento continuo.", "type": "text", "style": "", "detail": 0, "format": 0, "version": 1}], "direction": null, "textStyle": "", "textFormat": 0}], "direction": null}}	69133278b6900a691354eca0	reference	\N	\N	Saber ms	outline
7	151	1062	t	Formaciones,Talleres y charlas	t	68	t	{"root": {"type": "root", "format": "", "indent": 0, "version": 1, "children": [{"type": "paragraph", "format": "", "indent": 0, "version": 1, "children": [{"mode": "normal", "text": "Ofrezco espacios formativos pensados para acompaar procesos educativos con sentido, generar dilogo, y construir entornos ms humanos, respetuosos y sostenibles.", "type": "text", "style": "", "detail": 0, "format": 0, "version": 1}], "direction": null, "textStyle": "", "textFormat": 0}, {"type": "paragraph", "format": "", "indent": 0, "version": 1, "children": [{"mode": "normal", "text": "Las formaciones pueden ser personalizadas y adaptadas a las realidades y necesidades de cada entorno educativo, familiar o comunitario.", "type": "text", "style": "", "detail": 0, "format": 0, "version": 1}], "direction": null, "textStyle": "", "textFormat": 0}], "direction": null}}	691332f1b6900a691354eca2	reference	\N	\N	Saber ms	outline
8	151	1063	t	Tarifa social disponible	t	68	t	{"root": {"type": "root", "format": "", "indent": 0, "version": 1, "children": [{"type": "paragraph", "format": "", "indent": 0, "version": 1, "children": [{"mode": "normal", "text": "Comprendo que no todas las personas atraviesan las mismas situaciones econmicas.", "type": "text", "style": "", "detail": 0, "format": 0, "version": 1}], "direction": null, "textStyle": "", "textFormat": 0}, {"type": "paragraph", "format": "", "indent": 0, "version": 1, "children": [{"mode": "normal", "text": "Por eso, ofrezco algunas plazas mensuales con tarifa reducida, destinadas a quienes realmente lo necesiten.", "type": "text", "style": "", "detail": 0, "format": 0, "version": 1}], "direction": null, "textStyle": "", "textFormat": 0}, {"type": "paragraph", "format": "", "indent": 0, "version": 1, "children": [{"mode": "normal", "text": "No se requiere documentacin ni justificantes.", "type": "text", "style": "", "detail": 0, "format": 1, "version": 1}, {"type": "linebreak", "version": 1}, {"mode": "normal", "text": "Confo en tu palabra y en el buen uso de este recurso solidario.", "type": "text", "style": "", "detail": 0, "format": 0, "version": 1}], "direction": null, "textStyle": "", "textFormat": 1}, {"type": "paragraph", "format": "", "indent": 0, "version": 1, "children": [{"mode": "normal", "text": "Si sientes que esta opcin es para ti, puedes escribirme con total confianza.", "type": "text", "style": "", "detail": 0, "format": 0, "version": 1}], "direction": null, "textStyle": "", "textFormat": 0}], "direction": null}}	69133348b6900a691354eca4	reference	\N	\N	Contacto	outline
2	155	1089	t	Asesoramiento educativo	t	68	t	{"root": {"type": "root", "format": "", "indent": 0, "version": 1, "children": [{"type": "paragraph", "format": "", "indent": 0, "version": 1, "children": [{"mode": "normal", "text": "Dirigido a docentes, directivos, estudiantes y profesionales de la educacin que buscan mejorar su experiencia en el mbito escolar, fortalecer su rol y adquirir herramientas para una convivencia educativa ms efectiva y respetuosa.", "type": "text", "style": "", "detail": 0, "format": 0, "version": 1}], "direction": null, "textStyle": "", "textFormat": 0}], "direction": null}}	691306feb6900a691354ec98	reference	\N	\N	Saber ms	outline
1	152	1064	t	Asesoramiento familiar	t	68	t	{"root": {"type": "root", "format": "", "indent": 0, "version": 1, "children": [{"type": "paragraph", "format": "", "indent": 0, "version": 1, "children": [{"mode": "normal", "text": "Un espacio de acompaamiento profesional que brinda orientacin y estrategias prcticas para mejorar la comunicacin, resolver conflictos y fortalecer los vnculos entre los miembros de la familia.", "type": "text", "style": "", "detail": 0, "format": 0, "version": 1}], "direction": null, "textStyle": "", "textFormat": 0}], "direction": null}}	691306b7b6900a691354ec96	reference	\N	\N	Saber ms	outline
2	152	1065	t	Asesoramiento educativo	t	68	t	{"root": {"type": "root", "format": "", "indent": 0, "version": 1, "children": [{"type": "paragraph", "format": "", "indent": 0, "version": 1, "children": [{"mode": "normal", "text": "Dirigido a docentes, directivos, estudiantes y profesionales de la educacin que buscan mejorar su experiencia en el mbito escolar, fortalecer su rol y adquirir herramientas para una convivencia educativa ms efectiva y respetuosa.", "type": "text", "style": "", "detail": 0, "format": 0, "version": 1}], "direction": null, "textStyle": "", "textFormat": 0}], "direction": null}}	691306feb6900a691354ec98	reference	\N	\N	Saber ms	outline
3	152	1066	t	Clases de refuerzo	t	68	t	{"root": {"type": "root", "format": "", "indent": 0, "version": 1, "children": [{"type": "paragraph", "format": "", "indent": 0, "version": 1, "children": [{"mode": "normal", "text": " Clases de refuerzo acadmico para nios y nias de 6 a 12 aos, combinando el aprendizaje escolar con el desarrollo de habilidades para la vida y la convivencia.", "type": "text", "style": "", "detail": 0, "format": 0, "version": 1}], "direction": null, "textStyle": "", "textFormat": 0}], "direction": null}}	69130701b6900a691354ec9a	reference	\N	\N	Saber ms	outline
4	152	1067	t	Asesoramiento express por email	t	68	t	{"root": {"type": "root", "format": "", "indent": 0, "version": 1, "children": [{"type": "paragraph", "format": "", "indent": 0, "version": 1, "children": [{"mode": "normal", "text": "Asesoramiento express, pensado para resolver dudas puntuales y concretas de forma gil y directa. Est disponible tanto para familias como para educadores que necesiten orientacin especfica sobre una situacin particular, sin iniciar un proceso ms largo.", "type": "text", "style": "", "detail": 0, "format": 0, "version": 1}], "direction": null, "textStyle": "", "textFormat": 0}], "direction": null}}	69130704b6900a691354ec9c	reference	\N	\N	Saber ms	outline
5	152	1068	t	Supervisiones pedaggicas	t	68	t	{"root": {"type": "root", "format": "", "indent": 0, "version": 1, "children": [{"type": "paragraph", "format": "", "indent": 0, "version": 1, "children": [{"mode": "normal", "text": " Supervisiones pedaggicas dirigidas a docentes, directivos y equipos educativos, realizadas en el aula o en el centro escolar. Estas supervisiones consisten en la observacin sin juicio de las dinmicas y prcticas pedaggicas, con el fin de reflexionar y mejorar la gestin del aula, la comunicacin y el liderazgo.", "type": "text", "style": "", "detail": 0, "format": 0, "version": 1}], "direction": null, "textStyle": "", "textFormat": 0}], "direction": null}}	69133217b6900a691354ec9e	reference	\N	\N	Saber ms	outline
6	152	1069	t	Consultora educativa	t	68	t	{"root": {"type": "root", "format": "", "indent": 0, "version": 1, "children": [{"type": "paragraph", "format": "", "indent": 0, "version": 1, "children": [{"mode": "normal", "text": "consultora educativa dirigido a instituciones, equipos directivos y profesionales de la educacin que buscan acompaamiento integral y estratgico para mejorar sus prcticas y gestin.", "type": "text", "style": "", "detail": 0, "format": 0, "version": 1}], "direction": null, "textStyle": "", "textFormat": 0}, {"type": "paragraph", "format": "", "indent": 0, "version": 1, "children": [{"mode": "normal", "text": "A diferencia del asesoramiento, la consultora se enfoca en procesos ms largos y profundos, que incluyen anlisis detallados, diseo de planes de mejora y seguimiento continuo.", "type": "text", "style": "", "detail": 0, "format": 0, "version": 1}], "direction": null, "textStyle": "", "textFormat": 0}], "direction": null}}	69133278b6900a691354eca0	reference	\N	\N	Saber ms	outline
7	152	1070	t	Formaciones,Talleres y charlas	t	68	t	{"root": {"type": "root", "format": "", "indent": 0, "version": 1, "children": [{"type": "paragraph", "format": "", "indent": 0, "version": 1, "children": [{"mode": "normal", "text": "Ofrezco espacios formativos pensados para acompaar procesos educativos con sentido, generar dilogo, y construir entornos ms humanos, respetuosos y sostenibles.", "type": "text", "style": "", "detail": 0, "format": 0, "version": 1}], "direction": null, "textStyle": "", "textFormat": 0}, {"type": "paragraph", "format": "", "indent": 0, "version": 1, "children": [{"mode": "normal", "text": "Las formaciones pueden ser personalizadas y adaptadas a las realidades y necesidades de cada entorno educativo, familiar o comunitario.", "type": "text", "style": "", "detail": 0, "format": 0, "version": 1}], "direction": null, "textStyle": "", "textFormat": 0}], "direction": null}}	691332f1b6900a691354eca2	reference	\N	\N	Saber ms	outline
8	152	1071	t	Tarifa social disponible	t	68	t	{"root": {"type": "root", "format": "", "indent": 0, "version": 1, "children": [{"type": "paragraph", "format": "", "indent": 0, "version": 1, "children": [{"mode": "normal", "text": "Comprendo que no todas las personas atraviesan las mismas situaciones econmicas.", "type": "text", "style": "", "detail": 0, "format": 0, "version": 1}], "direction": null, "textStyle": "", "textFormat": 0}, {"type": "paragraph", "format": "", "indent": 0, "version": 1, "children": [{"mode": "normal", "text": "Por eso, ofrezco algunas plazas mensuales con tarifa reducida, destinadas a quienes realmente lo necesiten.", "type": "text", "style": "", "detail": 0, "format": 0, "version": 1}], "direction": null, "textStyle": "", "textFormat": 0}, {"type": "paragraph", "format": "", "indent": 0, "version": 1, "children": [{"mode": "normal", "text": "No se requiere documentacin ni justificantes.", "type": "text", "style": "", "detail": 0, "format": 1, "version": 1}, {"type": "linebreak", "version": 1}, {"mode": "normal", "text": "Confo en tu palabra y en el buen uso de este recurso solidario.", "type": "text", "style": "", "detail": 0, "format": 0, "version": 1}], "direction": null, "textStyle": "", "textFormat": 1}, {"type": "paragraph", "format": "", "indent": 0, "version": 1, "children": [{"mode": "normal", "text": "Si sientes que esta opcin es para ti, puedes escribirme con total confianza.", "type": "text", "style": "", "detail": 0, "format": 0, "version": 1}], "direction": null, "textStyle": "", "textFormat": 0}], "direction": null}}	69133348b6900a691354eca4	reference	\N	\N	Contacto	outline
1	153	1072	t	Asesoramiento familiar	t	68	t	{"root": {"type": "root", "format": "", "indent": 0, "version": 1, "children": [{"type": "paragraph", "format": "", "indent": 0, "version": 1, "children": [{"mode": "normal", "text": "Un espacio de acompaamiento profesional que brinda orientacin y estrategias prcticas para mejorar la comunicacin, resolver conflictos y fortalecer los vnculos entre los miembros de la familia.", "type": "text", "style": "", "detail": 0, "format": 0, "version": 1}], "direction": null, "textStyle": "", "textFormat": 0}], "direction": null}}	691306b7b6900a691354ec96	reference	\N	\N	Saber ms	outline
2	153	1073	t	Asesoramiento educativo	t	68	t	{"root": {"type": "root", "format": "", "indent": 0, "version": 1, "children": [{"type": "paragraph", "format": "", "indent": 0, "version": 1, "children": [{"mode": "normal", "text": "Dirigido a docentes, directivos, estudiantes y profesionales de la educacin que buscan mejorar su experiencia en el mbito escolar, fortalecer su rol y adquirir herramientas para una convivencia educativa ms efectiva y respetuosa.", "type": "text", "style": "", "detail": 0, "format": 0, "version": 1}], "direction": null, "textStyle": "", "textFormat": 0}], "direction": null}}	691306feb6900a691354ec98	reference	\N	\N	Saber ms	outline
3	153	1074	t	Clases de refuerzo	t	68	t	{"root": {"type": "root", "format": "", "indent": 0, "version": 1, "children": [{"type": "paragraph", "format": "", "indent": 0, "version": 1, "children": [{"mode": "normal", "text": " Clases de refuerzo acadmico para nios y nias de 6 a 12 aos, combinando el aprendizaje escolar con el desarrollo de habilidades para la vida y la convivencia.", "type": "text", "style": "", "detail": 0, "format": 0, "version": 1}], "direction": null, "textStyle": "", "textFormat": 0}], "direction": null}}	69130701b6900a691354ec9a	reference	\N	\N	Saber ms	outline
4	153	1075	t	Asesoramiento express por email	t	68	t	{"root": {"type": "root", "format": "", "indent": 0, "version": 1, "children": [{"type": "paragraph", "format": "", "indent": 0, "version": 1, "children": [{"mode": "normal", "text": "Asesoramiento express, pensado para resolver dudas puntuales y concretas de forma gil y directa. Est disponible tanto para familias como para educadores que necesiten orientacin especfica sobre una situacin particular, sin iniciar un proceso ms largo.", "type": "text", "style": "", "detail": 0, "format": 0, "version": 1}], "direction": null, "textStyle": "", "textFormat": 0}], "direction": null}}	69130704b6900a691354ec9c	reference	\N	\N	Saber ms	outline
5	153	1076	t	Supervisiones pedaggicas	t	68	t	{"root": {"type": "root", "format": "", "indent": 0, "version": 1, "children": [{"type": "paragraph", "format": "", "indent": 0, "version": 1, "children": [{"mode": "normal", "text": " Supervisiones pedaggicas dirigidas a docentes, directivos y equipos educativos, realizadas en el aula o en el centro escolar. Estas supervisiones consisten en la observacin sin juicio de las dinmicas y prcticas pedaggicas, con el fin de reflexionar y mejorar la gestin del aula, la comunicacin y el liderazgo.", "type": "text", "style": "", "detail": 0, "format": 0, "version": 1}], "direction": null, "textStyle": "", "textFormat": 0}], "direction": null}}	69133217b6900a691354ec9e	reference	\N	\N	Saber ms	outline
6	153	1077	t	Consultora educativa	t	68	t	{"root": {"type": "root", "format": "", "indent": 0, "version": 1, "children": [{"type": "paragraph", "format": "", "indent": 0, "version": 1, "children": [{"mode": "normal", "text": "consultora educativa dirigido a instituciones, equipos directivos y profesionales de la educacin que buscan acompaamiento integral y estratgico para mejorar sus prcticas y gestin.", "type": "text", "style": "", "detail": 0, "format": 0, "version": 1}], "direction": null, "textStyle": "", "textFormat": 0}, {"type": "paragraph", "format": "", "indent": 0, "version": 1, "children": [{"mode": "normal", "text": "A diferencia del asesoramiento, la consultora se enfoca en procesos ms largos y profundos, que incluyen anlisis detallados, diseo de planes de mejora y seguimiento continuo.", "type": "text", "style": "", "detail": 0, "format": 0, "version": 1}], "direction": null, "textStyle": "", "textFormat": 0}], "direction": null}}	69133278b6900a691354eca0	reference	\N	\N	Saber ms	outline
7	153	1078	t	Formaciones,Talleres y charlas	t	68	t	{"root": {"type": "root", "format": "", "indent": 0, "version": 1, "children": [{"type": "paragraph", "format": "", "indent": 0, "version": 1, "children": [{"mode": "normal", "text": "Ofrezco espacios formativos pensados para acompaar procesos educativos con sentido, generar dilogo, y construir entornos ms humanos, respetuosos y sostenibles.", "type": "text", "style": "", "detail": 0, "format": 0, "version": 1}], "direction": null, "textStyle": "", "textFormat": 0}, {"type": "paragraph", "format": "", "indent": 0, "version": 1, "children": [{"mode": "normal", "text": "Las formaciones pueden ser personalizadas y adaptadas a las realidades y necesidades de cada entorno educativo, familiar o comunitario.", "type": "text", "style": "", "detail": 0, "format": 0, "version": 1}], "direction": null, "textStyle": "", "textFormat": 0}], "direction": null}}	691332f1b6900a691354eca2	reference	\N	\N	Saber ms	outline
8	153	1079	t	Tarifa social disponible	t	68	t	{"root": {"type": "root", "format": "", "indent": 0, "version": 1, "children": [{"type": "paragraph", "format": "", "indent": 0, "version": 1, "children": [{"mode": "normal", "text": "Comprendo que no todas las personas atraviesan las mismas situaciones econmicas.", "type": "text", "style": "", "detail": 0, "format": 0, "version": 1}], "direction": null, "textStyle": "", "textFormat": 0}, {"type": "paragraph", "format": "", "indent": 0, "version": 1, "children": [{"mode": "normal", "text": "Por eso, ofrezco algunas plazas mensuales con tarifa reducida, destinadas a quienes realmente lo necesiten.", "type": "text", "style": "", "detail": 0, "format": 0, "version": 1}], "direction": null, "textStyle": "", "textFormat": 0}, {"type": "paragraph", "format": "", "indent": 0, "version": 1, "children": [{"mode": "normal", "text": "No se requiere documentacin ni justificantes.", "type": "text", "style": "", "detail": 0, "format": 1, "version": 1}, {"type": "linebreak", "version": 1}, {"mode": "normal", "text": "Confo en tu palabra y en el buen uso de este recurso solidario.", "type": "text", "style": "", "detail": 0, "format": 0, "version": 1}], "direction": null, "textStyle": "", "textFormat": 1}, {"type": "paragraph", "format": "", "indent": 0, "version": 1, "children": [{"mode": "normal", "text": "Si sientes que esta opcin es para ti, puedes escribirme con total confianza.", "type": "text", "style": "", "detail": 0, "format": 0, "version": 1}], "direction": null, "textStyle": "", "textFormat": 0}], "direction": null}}	69133348b6900a691354eca4	reference	\N	\N	Contacto	outline
3	155	1090	t	Clases de refuerzo	t	68	t	{"root": {"type": "root", "format": "", "indent": 0, "version": 1, "children": [{"type": "paragraph", "format": "", "indent": 0, "version": 1, "children": [{"mode": "normal", "text": " Clases de refuerzo acadmico para nios y nias de 6 a 12 aos, combinando el aprendizaje escolar con el desarrollo de habilidades para la vida y la convivencia.", "type": "text", "style": "", "detail": 0, "format": 0, "version": 1}], "direction": null, "textStyle": "", "textFormat": 0}], "direction": null}}	69130701b6900a691354ec9a	reference	\N	\N	Saber ms	outline
4	155	1091	t	Asesoramiento express por email	t	68	t	{"root": {"type": "root", "format": "", "indent": 0, "version": 1, "children": [{"type": "paragraph", "format": "", "indent": 0, "version": 1, "children": [{"mode": "normal", "text": "Asesoramiento express, pensado para resolver dudas puntuales y concretas de forma gil y directa. Est disponible tanto para familias como para educadores que necesiten orientacin especfica sobre una situacin particular, sin iniciar un proceso ms largo.", "type": "text", "style": "", "detail": 0, "format": 0, "version": 1}], "direction": null, "textStyle": "", "textFormat": 0}], "direction": null}}	69130704b6900a691354ec9c	reference	\N	\N	Saber ms	outline
5	155	1092	t	Supervisiones pedaggicas	t	68	t	{"root": {"type": "root", "format": "", "indent": 0, "version": 1, "children": [{"type": "paragraph", "format": "", "indent": 0, "version": 1, "children": [{"mode": "normal", "text": " Supervisiones pedaggicas dirigidas a docentes, directivos y equipos educativos, realizadas en el aula o en el centro escolar. Estas supervisiones consisten en la observacin sin juicio de las dinmicas y prcticas pedaggicas, con el fin de reflexionar y mejorar la gestin del aula, la comunicacin y el liderazgo.", "type": "text", "style": "", "detail": 0, "format": 0, "version": 1}], "direction": null, "textStyle": "", "textFormat": 0}], "direction": null}}	69133217b6900a691354ec9e	reference	\N	\N	Saber ms	outline
1	154	1080	t	Asesoramiento familiar	t	68	t	{"root": {"type": "root", "format": "", "indent": 0, "version": 1, "children": [{"type": "paragraph", "format": "", "indent": 0, "version": 1, "children": [{"mode": "normal", "text": "Un espacio de acompaamiento profesional que brinda orientacin y estrategias prcticas para mejorar la comunicacin, resolver conflictos y fortalecer los vnculos entre los miembros de la familia.", "type": "text", "style": "", "detail": 0, "format": 0, "version": 1}], "direction": null, "textStyle": "", "textFormat": 0}], "direction": null}}	691306b7b6900a691354ec96	reference	\N	\N	Saber ms	outline
1	156	1096	t	Asesoramiento familiar	t	68	t	{"root": {"type": "root", "format": "", "indent": 0, "version": 1, "children": [{"type": "paragraph", "format": "", "indent": 0, "version": 1, "children": [{"mode": "normal", "text": "Un espacio de acompaamiento profesional que brinda orientacin y estrategias prcticas para mejorar la comunicacin, resolver conflictos y fortalecer los vnculos entre los miembros de la familia.", "type": "text", "style": "", "detail": 0, "format": 0, "version": 1}], "direction": null, "textStyle": "", "textFormat": 0}], "direction": null}}	691306b7b6900a691354ec96	reference	\N	\N	Saber ms	outline
2	156	1097	t	Asesoramiento educativo	t	68	t	{"root": {"type": "root", "format": "", "indent": 0, "version": 1, "children": [{"type": "paragraph", "format": "", "indent": 0, "version": 1, "children": [{"mode": "normal", "text": "Dirigido a docentes, directivos, estudiantes y profesionales de la educacin que buscan mejorar su experiencia en el mbito escolar, fortalecer su rol y adquirir herramientas para una convivencia educativa ms efectiva y respetuosa.", "type": "text", "style": "", "detail": 0, "format": 0, "version": 1}], "direction": null, "textStyle": "", "textFormat": 0}], "direction": null}}	691306feb6900a691354ec98	reference	\N	\N	Saber ms	outline
3	156	1098	t	Clases de refuerzo	t	68	t	{"root": {"type": "root", "format": "", "indent": 0, "version": 1, "children": [{"type": "paragraph", "format": "", "indent": 0, "version": 1, "children": [{"mode": "normal", "text": " Clases de refuerzo acadmico para nios y nias de 6 a 12 aos, combinando el aprendizaje escolar con el desarrollo de habilidades para la vida y la convivencia.", "type": "text", "style": "", "detail": 0, "format": 0, "version": 1}], "direction": null, "textStyle": "", "textFormat": 0}], "direction": null}}	69130701b6900a691354ec9a	reference	\N	\N	Saber ms	outline
4	156	1099	t	Asesoramiento express por email	t	68	t	{"root": {"type": "root", "format": "", "indent": 0, "version": 1, "children": [{"type": "paragraph", "format": "", "indent": 0, "version": 1, "children": [{"mode": "normal", "text": "Asesoramiento express, pensado para resolver dudas puntuales y concretas de forma gil y directa. Est disponible tanto para familias como para educadores que necesiten orientacin especfica sobre una situacin particular, sin iniciar un proceso ms largo.", "type": "text", "style": "", "detail": 0, "format": 0, "version": 1}], "direction": null, "textStyle": "", "textFormat": 0}], "direction": null}}	69130704b6900a691354ec9c	reference	\N	\N	Saber ms	outline
5	156	1100	t	Supervisiones pedaggicas	t	68	t	{"root": {"type": "root", "format": "", "indent": 0, "version": 1, "children": [{"type": "paragraph", "format": "", "indent": 0, "version": 1, "children": [{"mode": "normal", "text": " Supervisiones pedaggicas dirigidas a docentes, directivos y equipos educativos, realizadas en el aula o en el centro escolar. Estas supervisiones consisten en la observacin sin juicio de las dinmicas y prcticas pedaggicas, con el fin de reflexionar y mejorar la gestin del aula, la comunicacin y el liderazgo.", "type": "text", "style": "", "detail": 0, "format": 0, "version": 1}], "direction": null, "textStyle": "", "textFormat": 0}], "direction": null}}	69133217b6900a691354ec9e	reference	\N	\N	Saber ms	outline
6	156	1101	t	Consultora educativa	t	68	t	{"root": {"type": "root", "format": "", "indent": 0, "version": 1, "children": [{"type": "paragraph", "format": "", "indent": 0, "version": 1, "children": [{"mode": "normal", "text": "consultora educativa dirigido a instituciones, equipos directivos y profesionales de la educacin que buscan acompaamiento integral y estratgico para mejorar sus prcticas y gestin.", "type": "text", "style": "", "detail": 0, "format": 0, "version": 1}], "direction": null, "textStyle": "", "textFormat": 0}, {"type": "paragraph", "format": "", "indent": 0, "version": 1, "children": [{"mode": "normal", "text": "A diferencia del asesoramiento, la consultora se enfoca en procesos ms largos y profundos, que incluyen anlisis detallados, diseo de planes de mejora y seguimiento continuo.", "type": "text", "style": "", "detail": 0, "format": 0, "version": 1}], "direction": null, "textStyle": "", "textFormat": 0}], "direction": null}}	69133278b6900a691354eca0	reference	\N	\N	Saber ms	outline
7	156	1102	t	Formaciones,Talleres y charlas	t	68	t	{"root": {"type": "root", "format": "", "indent": 0, "version": 1, "children": [{"type": "paragraph", "format": "", "indent": 0, "version": 1, "children": [{"mode": "normal", "text": "Ofrezco espacios formativos pensados para acompaar procesos educativos con sentido, generar dilogo, y construir entornos ms humanos, respetuosos y sostenibles.", "type": "text", "style": "", "detail": 0, "format": 0, "version": 1}], "direction": null, "textStyle": "", "textFormat": 0}, {"type": "paragraph", "format": "", "indent": 0, "version": 1, "children": [{"mode": "normal", "text": "Las formaciones pueden ser personalizadas y adaptadas a las realidades y necesidades de cada entorno educativo, familiar o comunitario.", "type": "text", "style": "", "detail": 0, "format": 0, "version": 1}], "direction": null, "textStyle": "", "textFormat": 0}], "direction": null}}	691332f1b6900a691354eca2	reference	\N	\N	Saber ms	outline
6	155	1093	t	Consultora educativa	t	68	t	{"root": {"type": "root", "format": "", "indent": 0, "version": 1, "children": [{"type": "paragraph", "format": "", "indent": 0, "version": 1, "children": [{"mode": "normal", "text": "consultora educativa dirigido a instituciones, equipos directivos y profesionales de la educacin que buscan acompaamiento integral y estratgico para mejorar sus prcticas y gestin.", "type": "text", "style": "", "detail": 0, "format": 0, "version": 1}], "direction": null, "textStyle": "", "textFormat": 0}, {"type": "paragraph", "format": "", "indent": 0, "version": 1, "children": [{"mode": "normal", "text": "A diferencia del asesoramiento, la consultora se enfoca en procesos ms largos y profundos, que incluyen anlisis detallados, diseo de planes de mejora y seguimiento continuo.", "type": "text", "style": "", "detail": 0, "format": 0, "version": 1}], "direction": null, "textStyle": "", "textFormat": 0}], "direction": null}}	69133278b6900a691354eca0	reference	\N	\N	Saber ms	outline
7	155	1094	t	Formaciones,Talleres y charlas	t	68	t	{"root": {"type": "root", "format": "", "indent": 0, "version": 1, "children": [{"type": "paragraph", "format": "", "indent": 0, "version": 1, "children": [{"mode": "normal", "text": "Ofrezco espacios formativos pensados para acompaar procesos educativos con sentido, generar dilogo, y construir entornos ms humanos, respetuosos y sostenibles.", "type": "text", "style": "", "detail": 0, "format": 0, "version": 1}], "direction": null, "textStyle": "", "textFormat": 0}, {"type": "paragraph", "format": "", "indent": 0, "version": 1, "children": [{"mode": "normal", "text": "Las formaciones pueden ser personalizadas y adaptadas a las realidades y necesidades de cada entorno educativo, familiar o comunitario.", "type": "text", "style": "", "detail": 0, "format": 0, "version": 1}], "direction": null, "textStyle": "", "textFormat": 0}], "direction": null}}	691332f1b6900a691354eca2	reference	\N	\N	Saber ms	outline
8	155	1095	t	Tarifa social disponible	t	68	t	{"root": {"type": "root", "format": "", "indent": 0, "version": 1, "children": [{"type": "paragraph", "format": "", "indent": 0, "version": 1, "children": [{"mode": "normal", "text": "Comprendo que no todas las personas atraviesan las mismas situaciones econmicas.", "type": "text", "style": "", "detail": 0, "format": 0, "version": 1}], "direction": null, "textStyle": "", "textFormat": 0}, {"type": "paragraph", "format": "", "indent": 0, "version": 1, "children": [{"mode": "normal", "text": "Por eso, ofrezco algunas plazas mensuales con tarifa reducida, destinadas a quienes realmente lo necesiten.", "type": "text", "style": "", "detail": 0, "format": 0, "version": 1}], "direction": null, "textStyle": "", "textFormat": 0}, {"type": "paragraph", "format": "", "indent": 0, "version": 1, "children": [{"mode": "normal", "text": "No se requiere documentacin ni justificantes.", "type": "text", "style": "", "detail": 0, "format": 1, "version": 1}, {"type": "linebreak", "version": 1}, {"mode": "normal", "text": "Confo en tu palabra y en el buen uso de este recurso solidario.", "type": "text", "style": "", "detail": 0, "format": 0, "version": 1}], "direction": null, "textStyle": "", "textFormat": 1}, {"type": "paragraph", "format": "", "indent": 0, "version": 1, "children": [{"mode": "normal", "text": "Si sientes que esta opcin es para ti, puedes escribirme con total confianza.", "type": "text", "style": "", "detail": 0, "format": 0, "version": 1}], "direction": null, "textStyle": "", "textFormat": 0}], "direction": null}}	69133348b6900a691354eca4	reference	\N	\N	Contacto	outline
\.


--
-- TOC entry 5120 (class 0 OID 446476)
-- Dependencies: 264
-- Data for Name: _pages_v_blocks_simple_list_content; Type: TABLE DATA; Schema: public; Owner: postgres
--

COPY public._pages_v_blocks_simple_list_content (_order, _parent_id, _path, id, enable_title, title, enable_background_image, is_reverse, bottom, separator_type, section_name, _uuid, block_name, dark_mode, image_id) FROM stdin;
5	838	version.layout	1231	t	Este espacio es para ti...	f	t	-88	\N	homeIsForYou	68f79af089f5b3661274fffe	Este espacio es para ti...	dark	91
8	838	version.layout	1232	t	Mi visin educativa	t	t	-104	separatorBackground	homeMyVision	68f7a081ad89aa564b316f7d	Mi visin educativa	dark	92
5	839	version.layout	1233	t	Este espacio es para ti...	f	t	-88	\N	homeIsForYou	68f79af089f5b3661274fffe	Este espacio es para ti...	dark	91
8	839	version.layout	1234	t	Mi visin educativa	t	t	-104	separatorBackground	homeMyVision	68f7a081ad89aa564b316f7d	Mi visin educativa	dark	92
5	840	version.layout	1235	t	Este espacio es para ti...	f	t	-88	\N	homeIsForYou	68f79af089f5b3661274fffe	Este espacio es para ti...	dark	91
8	840	version.layout	1236	t	Mi visin educativa	t	t	-104	separatorBackground	homeMyVision	68f7a081ad89aa564b316f7d	Mi visin educativa	dark	92
5	841	version.layout	1237	t	Este espacio es para ti...	f	t	-88	\N	homeIsForYou	68f79af089f5b3661274fffe	Este espacio es para ti...	dark	91
8	841	version.layout	1238	t	Mi visin educativa	t	t	-104	separatorBackground	homeMyVision	68f7a081ad89aa564b316f7d	Mi visin educativa	dark	92
5	847	version.layout	1239	t	Este espacio es para ti...	f	t	-88	\N	homeIsForYou	68f79af089f5b3661274fffe	Este espacio es para ti...	dark	91
8	847	version.layout	1240	t	Mi visin educativa	t	t	-104	separatorBackground	homeMyVision	68f7a081ad89aa564b316f7d	Mi visin educativa	dark	92
5	848	version.layout	1241	t	Este espacio es para ti...	f	t	-88	\N	homeIsForYou	68f79af089f5b3661274fffe	Este espacio es para ti...	dark	91
8	848	version.layout	1242	t	Mi visin educativa	t	t	-104	separatorBackground	homeMyVision	68f7a081ad89aa564b316f7d	Mi visin educativa	dark	92
5	868	version.layout	1243	t	Este espacio es para ti...	f	t	-88	\N	homeIsForYou	68f79af089f5b3661274fffe	Este espacio es para ti...	dark	91
8	868	version.layout	1244	t	Mi visin educativa	t	t	-104	separatorBackground	homeMyVision	68f7a081ad89aa564b316f7d	Mi visin educativa	dark	92
5	835	version.layout	1225	t	Este espacio es para ti...	f	t	-88	\N	homeIsForYou	68f79af089f5b3661274fffe	Este espacio es para ti...	dark	91
8	835	version.layout	1226	t	Mi visin educativa	t	t	-104	separatorBackground	homeMyVision	68f7a081ad89aa564b316f7d	Mi visin educativa	dark	92
5	836	version.layout	1227	t	Este espacio es para ti...	f	t	-88	\N	homeIsForYou	68f79af089f5b3661274fffe	Este espacio es para ti...	dark	91
8	836	version.layout	1228	t	Mi visin educativa	t	t	-104	separatorBackground	homeMyVision	68f7a081ad89aa564b316f7d	Mi visin educativa	dark	92
5	837	version.layout	1229	t	Este espacio es para ti...	f	t	-88	\N	homeIsForYou	68f79af089f5b3661274fffe	Este espacio es para ti...	dark	91
8	837	version.layout	1230	t	Mi visin educativa	t	t	-104	separatorBackground	homeMyVision	68f7a081ad89aa564b316f7d	Mi visin educativa	dark	92
\.


--
-- TOC entry 5118 (class 0 OID 446466)
-- Dependencies: 262
-- Data for Name: _pages_v_blocks_simple_list_content_blocks; Type: TABLE DATA; Schema: public; Owner: postgres
--

COPY public._pages_v_blocks_simple_list_content_blocks (_order, _parent_id, id, enable_icon, media_id, enable_rich_text, rich_text, color, _uuid) FROM stdin;
1	1243	8049	t	61	t	{"root": {"type": "root", "format": "", "indent": 0, "version": 1, "children": [{"type": "paragraph", "format": "", "indent": 0, "version": 1, "children": [{"mode": "normal", "text": "Si quieres revisar hbitos y dinmicas familiares o escolares.", "type": "text", "style": "", "detail": 0, "format": 0, "version": 1}], "direction": null, "textStyle": "", "textFormat": 0}], "direction": null}}	yellow	68f79b4789f5b36612750000
2	1243	8050	t	61	t	{"root": {"type": "root", "format": "", "indent": 0, "version": 1, "children": [{"type": "paragraph", "format": "", "indent": 0, "version": 1, "children": [{"mode": "normal", "text": "Si buscas nuevas estrategias para acompaar a tus hij@s o estudiantes.", "type": "text", "style": "", "detail": 0, "format": 0, "version": 1}], "direction": null, "textStyle": "", "textFormat": 0}], "direction": null}}	yellow	68f79b7789f5b36612750002
3	1243	8051	t	61	t	{"root": {"type": "root", "format": "", "indent": 0, "version": 1, "children": [{"type": "paragraph", "format": "", "indent": 0, "version": 1, "children": [{"mode": "normal", "text": "Si valoras una educacin ms respetuosa y consciente y emptica.", "type": "text", "style": "", "detail": 0, "format": 0, "version": 1}], "direction": null, "textStyle": "", "textFormat": 0}], "direction": null}}	yellow	68f79b8d89f5b36612750004
4	1243	8052	t	61	t	{"root": {"type": "root", "format": "", "indent": 0, "version": 1, "children": [{"type": "paragraph", "format": "", "indent": 0, "version": 1, "children": [{"mode": "normal", "text": "Si necesitas orientacin profesional para tomar decisiones con claridad.", "type": "text", "style": "", "detail": 0, "format": 0, "version": 1}], "direction": null, "textStyle": "", "textFormat": 0}], "direction": null}}	yellow	68f79b9e89f5b36612750006
5	1243	8053	t	61	t	{"root": {"type": "root", "format": "", "indent": 0, "version": 1, "children": [{"type": "paragraph", "format": "", "indent": 0, "version": 1, "children": [{"mode": "normal", "text": "Si crees que educar es tambin transformar la sociedad.", "type": "text", "style": "", "detail": 0, "format": 0, "version": 1}], "direction": null, "textStyle": "", "textFormat": 0}], "direction": null}}	yellow	68f79bd089f5b36612750008
1	1244	8054	t	61	t	{"root": {"type": "root", "format": "", "indent": 0, "version": 1, "children": [{"type": "paragraph", "format": "", "indent": 0, "version": 1, "children": [{"mode": "normal", "text": "La educacin debe ser un espacio de bienestar compartido, donde la empata, el cuidado y la conciencia social estn en el centro", "type": "text", "style": "", "detail": 0, "format": 0, "version": 1}], "direction": null, "textStyle": "", "textFormat": 0}], "direction": null}}	red	68f7a0fcad89aa564b316f7f
2	1244	8055	t	61	t	{"root": {"type": "root", "format": "", "indent": 0, "version": 1, "children": [{"type": "paragraph", "format": "", "indent": 0, "version": 1, "children": [{"mode": "normal", "text": "La escuela y la familia son agentes de transformacin social, capaces de formar personas autnomas, reflexivas y comprometidas.", "type": "text", "style": "", "detail": 0, "format": 0, "version": 1}], "direction": null, "textStyle": "", "textFormat": 0}], "direction": null}}	red	68f7a12bad89aa564b316f81
3	1244	8056	t	61	t	{"root": {"type": "root", "format": "", "indent": 0, "version": 1, "children": [{"type": "paragraph", "format": "", "indent": 0, "version": 1, "children": [{"mode": "normal", "text": "Igualdad de gnero: Educacin libre de estereotipos y respetuosa con todas las identidades.", "type": "text", "style": "", "detail": 0, "format": 0, "version": 1}], "direction": null, "textStyle": "", "textFormat": 0}], "direction": null}}	red	68f7a157ad89aa564b316f85
4	1244	8057	t	61	t	{"root": {"type": "root", "format": "", "indent": 0, "version": 1, "children": [{"type": "paragraph", "format": "", "indent": 0, "version": 1, "children": [{"mode": "normal", "text": "Educacin inclusiva y reparadora: Reconozco la diversidad y acompao necesidades individuales.", "type": "text", "style": "", "detail": 0, "format": 0, "version": 1}], "direction": null, "textStyle": "", "textFormat": 0}], "direction": null}}	red	68f7a16cad89aa564b316f87
5	1244	8058	t	61	t	{"root": {"type": "root", "format": "", "indent": 0, "version": 1, "children": [{"type": "paragraph", "format": "", "indent": 0, "version": 1, "children": [{"mode": "normal", "text": "Educacin para la transformacin social: Fomento la empata, la solidaridad y la conciencia social.", "type": "text", "style": "", "detail": 0, "format": 0, "version": 1}], "direction": null, "textStyle": "", "textFormat": 0}], "direction": null}}	red	68f7a18dad89aa564b316f89
6	1244	8059	t	61	t	{"root": {"type": "root", "format": "", "indent": 0, "version": 1, "children": [{"type": "paragraph", "format": "", "indent": 0, "version": 1, "children": [{"mode": "normal", "text": "Pedagogas innovadoras y de cuidado: Metodologas activas centradas en el bienestar del alumnado.", "type": "text", "style": "", "detail": 0, "format": 0, "version": 1}], "direction": null, "textStyle": "", "textFormat": 0}], "direction": null}}	red	68f7a19fad89aa564b316f8b
7	1244	8060	t	61	t	{"root": {"type": "root", "format": "", "indent": 0, "version": 1, "children": [{"type": "paragraph", "format": "", "indent": 0, "version": 1, "children": [{"mode": "normal", "text": "Fomento del pensamiento crtico: Enseo a pensar de forma autnoma, reflexiva y responsable.", "type": "text", "style": "", "detail": 0, "format": 0, "version": 1}], "direction": null, "textStyle": "", "textFormat": 0}], "direction": null}}	red	68f7a1b1ad89aa564b316f8d
8	1244	8061	t	61	t	{"root": {"type": "root", "format": "", "indent": 0, "version": 1, "children": [{"type": "paragraph", "format": "", "indent": 0, "version": 1, "children": [{"mode": "normal", "text": "Coherencia educativa: Trabajo desde la integridad entre pensamiento, emocin y accin.", "type": "text", "style": "", "detail": 0, "format": 0, "version": 1}], "direction": null, "textStyle": "", "textFormat": 0}], "direction": null}}	red	68f7a1c4ad89aa564b316f8f
9	1244	8062	t	61	t	{"root": {"type": "root", "format": "", "indent": 0, "version": 1, "children": [{"type": "paragraph", "format": "", "indent": 0, "version": 1, "children": [{"mode": "normal", "text": "Educacin ecolgica y consciente: Promuevo el respeto por el medio ambiente y hbitos sostenibles.", "type": "text", "style": "", "detail": 0, "format": 0, "version": 1}], "direction": null, "textStyle": "", "textFormat": 0}], "direction": null}}	red	68f7a1d7ad89aa564b316f91
1	1231	7965	t	61	t	{"root": {"type": "root", "format": "", "indent": 0, "version": 1, "children": [{"type": "paragraph", "format": "", "indent": 0, "version": 1, "children": [{"mode": "normal", "text": "Si quieres revisar hbitos y dinmicas familiares o escolares.", "type": "text", "style": "", "detail": 0, "format": 0, "version": 1}], "direction": null, "textStyle": "", "textFormat": 0}], "direction": null}}	yellow	68f79b4789f5b36612750000
2	1231	7966	t	61	t	{"root": {"type": "root", "format": "", "indent": 0, "version": 1, "children": [{"type": "paragraph", "format": "", "indent": 0, "version": 1, "children": [{"mode": "normal", "text": "Si buscas nuevas estrategias para acompaar a tus hij@s o estudiantes.", "type": "text", "style": "", "detail": 0, "format": 0, "version": 1}], "direction": null, "textStyle": "", "textFormat": 0}], "direction": null}}	yellow	68f79b7789f5b36612750002
3	1231	7967	t	61	t	{"root": {"type": "root", "format": "", "indent": 0, "version": 1, "children": [{"type": "paragraph", "format": "", "indent": 0, "version": 1, "children": [{"mode": "normal", "text": "Si valoras una educacin ms respetuosa y consciente y emptica.", "type": "text", "style": "", "detail": 0, "format": 0, "version": 1}], "direction": null, "textStyle": "", "textFormat": 0}], "direction": null}}	yellow	68f79b8d89f5b36612750004
4	1231	7968	t	61	t	{"root": {"type": "root", "format": "", "indent": 0, "version": 1, "children": [{"type": "paragraph", "format": "", "indent": 0, "version": 1, "children": [{"mode": "normal", "text": "Si necesitas orientacin profesional para tomar decisiones con claridad.", "type": "text", "style": "", "detail": 0, "format": 0, "version": 1}], "direction": null, "textStyle": "", "textFormat": 0}], "direction": null}}	yellow	68f79b9e89f5b36612750006
5	1231	7969	t	61	t	{"root": {"type": "root", "format": "", "indent": 0, "version": 1, "children": [{"type": "paragraph", "format": "", "indent": 0, "version": 1, "children": [{"mode": "normal", "text": "Si crees que educar es tambin transformar la sociedad.", "type": "text", "style": "", "detail": 0, "format": 0, "version": 1}], "direction": null, "textStyle": "", "textFormat": 0}], "direction": null}}	yellow	68f79bd089f5b36612750008
1	1232	7970	t	61	t	{"root": {"type": "root", "format": "", "indent": 0, "version": 1, "children": [{"type": "paragraph", "format": "", "indent": 0, "version": 1, "children": [{"mode": "normal", "text": "La educacin debe ser un espacio de bienestar compartido, donde la empata, el cuidado y la conciencia social estn en el centro", "type": "text", "style": "", "detail": 0, "format": 0, "version": 1}], "direction": null, "textStyle": "", "textFormat": 0}], "direction": null}}	red	68f7a0fcad89aa564b316f7f
4	1230	7959	t	61	t	{"root": {"type": "root", "format": "", "indent": 0, "version": 1, "children": [{"type": "paragraph", "format": "", "indent": 0, "version": 1, "children": [{"mode": "normal", "text": "Educacin inclusiva y reparadora: Reconozco la diversidad y acompao necesidades individuales.", "type": "text", "style": "", "detail": 0, "format": 0, "version": 1}], "direction": null, "textStyle": "", "textFormat": 0}], "direction": null}}	red	68f7a16cad89aa564b316f87
5	1230	7960	t	61	t	{"root": {"type": "root", "format": "", "indent": 0, "version": 1, "children": [{"type": "paragraph", "format": "", "indent": 0, "version": 1, "children": [{"mode": "normal", "text": "Educacin para la transformacin social: Fomento la empata, la solidaridad y la conciencia social.", "type": "text", "style": "", "detail": 0, "format": 0, "version": 1}], "direction": null, "textStyle": "", "textFormat": 0}], "direction": null}}	red	68f7a18dad89aa564b316f89
6	1230	7961	t	61	t	{"root": {"type": "root", "format": "", "indent": 0, "version": 1, "children": [{"type": "paragraph", "format": "", "indent": 0, "version": 1, "children": [{"mode": "normal", "text": "Pedagogas innovadoras y de cuidado: Metodologas activas centradas en el bienestar del alumnado.", "type": "text", "style": "", "detail": 0, "format": 0, "version": 1}], "direction": null, "textStyle": "", "textFormat": 0}], "direction": null}}	red	68f7a19fad89aa564b316f8b
7	1230	7962	t	61	t	{"root": {"type": "root", "format": "", "indent": 0, "version": 1, "children": [{"type": "paragraph", "format": "", "indent": 0, "version": 1, "children": [{"mode": "normal", "text": "Fomento del pensamiento crtico: Enseo a pensar de forma autnoma, reflexiva y responsable.", "type": "text", "style": "", "detail": 0, "format": 0, "version": 1}], "direction": null, "textStyle": "", "textFormat": 0}], "direction": null}}	red	68f7a1b1ad89aa564b316f8d
8	1230	7963	t	61	t	{"root": {"type": "root", "format": "", "indent": 0, "version": 1, "children": [{"type": "paragraph", "format": "", "indent": 0, "version": 1, "children": [{"mode": "normal", "text": "Coherencia educativa: Trabajo desde la integridad entre pensamiento, emocin y accin.", "type": "text", "style": "", "detail": 0, "format": 0, "version": 1}], "direction": null, "textStyle": "", "textFormat": 0}], "direction": null}}	red	68f7a1c4ad89aa564b316f8f
9	1230	7964	t	61	t	{"root": {"type": "root", "format": "", "indent": 0, "version": 1, "children": [{"type": "paragraph", "format": "", "indent": 0, "version": 1, "children": [{"mode": "normal", "text": "Educacin ecolgica y consciente: Promuevo el respeto por el medio ambiente y hbitos sostenibles.", "type": "text", "style": "", "detail": 0, "format": 0, "version": 1}], "direction": null, "textStyle": "", "textFormat": 0}], "direction": null}}	red	68f7a1d7ad89aa564b316f91
2	1232	7971	t	61	t	{"root": {"type": "root", "format": "", "indent": 0, "version": 1, "children": [{"type": "paragraph", "format": "", "indent": 0, "version": 1, "children": [{"mode": "normal", "text": "La escuela y la familia son agentes de transformacin social, capaces de formar personas autnomas, reflexivas y comprometidas.", "type": "text", "style": "", "detail": 0, "format": 0, "version": 1}], "direction": null, "textStyle": "", "textFormat": 0}], "direction": null}}	red	68f7a12bad89aa564b316f81
3	1232	7972	t	61	t	{"root": {"type": "root", "format": "", "indent": 0, "version": 1, "children": [{"type": "paragraph", "format": "", "indent": 0, "version": 1, "children": [{"mode": "normal", "text": "Igualdad de gnero: Educacin libre de estereotipos y respetuosa con todas las identidades.", "type": "text", "style": "", "detail": 0, "format": 0, "version": 1}], "direction": null, "textStyle": "", "textFormat": 0}], "direction": null}}	red	68f7a157ad89aa564b316f85
4	1232	7973	t	61	t	{"root": {"type": "root", "format": "", "indent": 0, "version": 1, "children": [{"type": "paragraph", "format": "", "indent": 0, "version": 1, "children": [{"mode": "normal", "text": "Educacin inclusiva y reparadora: Reconozco la diversidad y acompao necesidades individuales.", "type": "text", "style": "", "detail": 0, "format": 0, "version": 1}], "direction": null, "textStyle": "", "textFormat": 0}], "direction": null}}	red	68f7a16cad89aa564b316f87
5	1232	7974	t	61	t	{"root": {"type": "root", "format": "", "indent": 0, "version": 1, "children": [{"type": "paragraph", "format": "", "indent": 0, "version": 1, "children": [{"mode": "normal", "text": "Educacin para la transformacin social: Fomento la empata, la solidaridad y la conciencia social.", "type": "text", "style": "", "detail": 0, "format": 0, "version": 1}], "direction": null, "textStyle": "", "textFormat": 0}], "direction": null}}	red	68f7a18dad89aa564b316f89
6	1232	7975	t	61	t	{"root": {"type": "root", "format": "", "indent": 0, "version": 1, "children": [{"type": "paragraph", "format": "", "indent": 0, "version": 1, "children": [{"mode": "normal", "text": "Pedagogas innovadoras y de cuidado: Metodologas activas centradas en el bienestar del alumnado.", "type": "text", "style": "", "detail": 0, "format": 0, "version": 1}], "direction": null, "textStyle": "", "textFormat": 0}], "direction": null}}	red	68f7a19fad89aa564b316f8b
7	1232	7976	t	61	t	{"root": {"type": "root", "format": "", "indent": 0, "version": 1, "children": [{"type": "paragraph", "format": "", "indent": 0, "version": 1, "children": [{"mode": "normal", "text": "Fomento del pensamiento crtico: Enseo a pensar de forma autnoma, reflexiva y responsable.", "type": "text", "style": "", "detail": 0, "format": 0, "version": 1}], "direction": null, "textStyle": "", "textFormat": 0}], "direction": null}}	red	68f7a1b1ad89aa564b316f8d
8	1232	7977	t	61	t	{"root": {"type": "root", "format": "", "indent": 0, "version": 1, "children": [{"type": "paragraph", "format": "", "indent": 0, "version": 1, "children": [{"mode": "normal", "text": "Coherencia educativa: Trabajo desde la integridad entre pensamiento, emocin y accin.", "type": "text", "style": "", "detail": 0, "format": 0, "version": 1}], "direction": null, "textStyle": "", "textFormat": 0}], "direction": null}}	red	68f7a1c4ad89aa564b316f8f
9	1232	7978	t	61	t	{"root": {"type": "root", "format": "", "indent": 0, "version": 1, "children": [{"type": "paragraph", "format": "", "indent": 0, "version": 1, "children": [{"mode": "normal", "text": "Educacin ecolgica y consciente: Promuevo el respeto por el medio ambiente y hbitos sostenibles.", "type": "text", "style": "", "detail": 0, "format": 0, "version": 1}], "direction": null, "textStyle": "", "textFormat": 0}], "direction": null}}	red	68f7a1d7ad89aa564b316f91
1	1233	7979	t	61	t	{"root": {"type": "root", "format": "", "indent": 0, "version": 1, "children": [{"type": "paragraph", "format": "", "indent": 0, "version": 1, "children": [{"mode": "normal", "text": "Si quieres revisar hbitos y dinmicas familiares o escolares.", "type": "text", "style": "", "detail": 0, "format": 0, "version": 1}], "direction": null, "textStyle": "", "textFormat": 0}], "direction": null}}	yellow	68f79b4789f5b36612750000
2	1233	7980	t	61	t	{"root": {"type": "root", "format": "", "indent": 0, "version": 1, "children": [{"type": "paragraph", "format": "", "indent": 0, "version": 1, "children": [{"mode": "normal", "text": "Si buscas nuevas estrategias para acompaar a tus hij@s o estudiantes.", "type": "text", "style": "", "detail": 0, "format": 0, "version": 1}], "direction": null, "textStyle": "", "textFormat": 0}], "direction": null}}	yellow	68f79b7789f5b36612750002
3	1233	7981	t	61	t	{"root": {"type": "root", "format": "", "indent": 0, "version": 1, "children": [{"type": "paragraph", "format": "", "indent": 0, "version": 1, "children": [{"mode": "normal", "text": "Si valoras una educacin ms respetuosa y consciente y emptica.", "type": "text", "style": "", "detail": 0, "format": 0, "version": 1}], "direction": null, "textStyle": "", "textFormat": 0}], "direction": null}}	yellow	68f79b8d89f5b36612750004
4	1233	7982	t	61	t	{"root": {"type": "root", "format": "", "indent": 0, "version": 1, "children": [{"type": "paragraph", "format": "", "indent": 0, "version": 1, "children": [{"mode": "normal", "text": "Si necesitas orientacin profesional para tomar decisiones con claridad.", "type": "text", "style": "", "detail": 0, "format": 0, "version": 1}], "direction": null, "textStyle": "", "textFormat": 0}], "direction": null}}	yellow	68f79b9e89f5b36612750006
5	1233	7983	t	61	t	{"root": {"type": "root", "format": "", "indent": 0, "version": 1, "children": [{"type": "paragraph", "format": "", "indent": 0, "version": 1, "children": [{"mode": "normal", "text": "Si crees que educar es tambin transformar la sociedad.", "type": "text", "style": "", "detail": 0, "format": 0, "version": 1}], "direction": null, "textStyle": "", "textFormat": 0}], "direction": null}}	yellow	68f79bd089f5b36612750008
1	1234	7984	t	61	t	{"root": {"type": "root", "format": "", "indent": 0, "version": 1, "children": [{"type": "paragraph", "format": "", "indent": 0, "version": 1, "children": [{"mode": "normal", "text": "La educacin debe ser un espacio de bienestar compartido, donde la empata, el cuidado y la conciencia social estn en el centro", "type": "text", "style": "", "detail": 0, "format": 0, "version": 1}], "direction": null, "textStyle": "", "textFormat": 0}], "direction": null}}	red	68f7a0fcad89aa564b316f7f
2	1234	7985	t	61	t	{"root": {"type": "root", "format": "", "indent": 0, "version": 1, "children": [{"type": "paragraph", "format": "", "indent": 0, "version": 1, "children": [{"mode": "normal", "text": "La escuela y la familia son agentes de transformacin social, capaces de formar personas autnomas, reflexivas y comprometidas.", "type": "text", "style": "", "detail": 0, "format": 0, "version": 1}], "direction": null, "textStyle": "", "textFormat": 0}], "direction": null}}	red	68f7a12bad89aa564b316f81
3	1234	7986	t	61	t	{"root": {"type": "root", "format": "", "indent": 0, "version": 1, "children": [{"type": "paragraph", "format": "", "indent": 0, "version": 1, "children": [{"mode": "normal", "text": "Igualdad de gnero: Educacin libre de estereotipos y respetuosa con todas las identidades.", "type": "text", "style": "", "detail": 0, "format": 0, "version": 1}], "direction": null, "textStyle": "", "textFormat": 0}], "direction": null}}	red	68f7a157ad89aa564b316f85
4	1234	7987	t	61	t	{"root": {"type": "root", "format": "", "indent": 0, "version": 1, "children": [{"type": "paragraph", "format": "", "indent": 0, "version": 1, "children": [{"mode": "normal", "text": "Educacin inclusiva y reparadora: Reconozco la diversidad y acompao necesidades individuales.", "type": "text", "style": "", "detail": 0, "format": 0, "version": 1}], "direction": null, "textStyle": "", "textFormat": 0}], "direction": null}}	red	68f7a16cad89aa564b316f87
5	1234	7988	t	61	t	{"root": {"type": "root", "format": "", "indent": 0, "version": 1, "children": [{"type": "paragraph", "format": "", "indent": 0, "version": 1, "children": [{"mode": "normal", "text": "Educacin para la transformacin social: Fomento la empata, la solidaridad y la conciencia social.", "type": "text", "style": "", "detail": 0, "format": 0, "version": 1}], "direction": null, "textStyle": "", "textFormat": 0}], "direction": null}}	red	68f7a18dad89aa564b316f89
6	1234	7989	t	61	t	{"root": {"type": "root", "format": "", "indent": 0, "version": 1, "children": [{"type": "paragraph", "format": "", "indent": 0, "version": 1, "children": [{"mode": "normal", "text": "Pedagogas innovadoras y de cuidado: Metodologas activas centradas en el bienestar del alumnado.", "type": "text", "style": "", "detail": 0, "format": 0, "version": 1}], "direction": null, "textStyle": "", "textFormat": 0}], "direction": null}}	red	68f7a19fad89aa564b316f8b
7	1234	7990	t	61	t	{"root": {"type": "root", "format": "", "indent": 0, "version": 1, "children": [{"type": "paragraph", "format": "", "indent": 0, "version": 1, "children": [{"mode": "normal", "text": "Fomento del pensamiento crtico: Enseo a pensar de forma autnoma, reflexiva y responsable.", "type": "text", "style": "", "detail": 0, "format": 0, "version": 1}], "direction": null, "textStyle": "", "textFormat": 0}], "direction": null}}	red	68f7a1b1ad89aa564b316f8d
8	1234	7991	t	61	t	{"root": {"type": "root", "format": "", "indent": 0, "version": 1, "children": [{"type": "paragraph", "format": "", "indent": 0, "version": 1, "children": [{"mode": "normal", "text": "Coherencia educativa: Trabajo desde la integridad entre pensamiento, emocin y accin.", "type": "text", "style": "", "detail": 0, "format": 0, "version": 1}], "direction": null, "textStyle": "", "textFormat": 0}], "direction": null}}	red	68f7a1c4ad89aa564b316f8f
9	1234	7992	t	61	t	{"root": {"type": "root", "format": "", "indent": 0, "version": 1, "children": [{"type": "paragraph", "format": "", "indent": 0, "version": 1, "children": [{"mode": "normal", "text": "Educacin ecolgica y consciente: Promuevo el respeto por el medio ambiente y hbitos sostenibles.", "type": "text", "style": "", "detail": 0, "format": 0, "version": 1}], "direction": null, "textStyle": "", "textFormat": 0}], "direction": null}}	red	68f7a1d7ad89aa564b316f91
1	1235	7993	t	61	t	{"root": {"type": "root", "format": "", "indent": 0, "version": 1, "children": [{"type": "paragraph", "format": "", "indent": 0, "version": 1, "children": [{"mode": "normal", "text": "Si quieres revisar hbitos y dinmicas familiares o escolares.", "type": "text", "style": "", "detail": 0, "format": 0, "version": 1}], "direction": null, "textStyle": "", "textFormat": 0}], "direction": null}}	yellow	68f79b4789f5b36612750000
2	1235	7994	t	61	t	{"root": {"type": "root", "format": "", "indent": 0, "version": 1, "children": [{"type": "paragraph", "format": "", "indent": 0, "version": 1, "children": [{"mode": "normal", "text": "Si buscas nuevas estrategias para acompaar a tus hij@s o estudiantes.", "type": "text", "style": "", "detail": 0, "format": 0, "version": 1}], "direction": null, "textStyle": "", "textFormat": 0}], "direction": null}}	yellow	68f79b7789f5b36612750002
3	1235	7995	t	61	t	{"root": {"type": "root", "format": "", "indent": 0, "version": 1, "children": [{"type": "paragraph", "format": "", "indent": 0, "version": 1, "children": [{"mode": "normal", "text": "Si valoras una educacin ms respetuosa y consciente y emptica.", "type": "text", "style": "", "detail": 0, "format": 0, "version": 1}], "direction": null, "textStyle": "", "textFormat": 0}], "direction": null}}	yellow	68f79b8d89f5b36612750004
4	1235	7996	t	61	t	{"root": {"type": "root", "format": "", "indent": 0, "version": 1, "children": [{"type": "paragraph", "format": "", "indent": 0, "version": 1, "children": [{"mode": "normal", "text": "Si necesitas orientacin profesional para tomar decisiones con claridad.", "type": "text", "style": "", "detail": 0, "format": 0, "version": 1}], "direction": null, "textStyle": "", "textFormat": 0}], "direction": null}}	yellow	68f79b9e89f5b36612750006
5	1235	7997	t	61	t	{"root": {"type": "root", "format": "", "indent": 0, "version": 1, "children": [{"type": "paragraph", "format": "", "indent": 0, "version": 1, "children": [{"mode": "normal", "text": "Si crees que educar es tambin transformar la sociedad.", "type": "text", "style": "", "detail": 0, "format": 0, "version": 1}], "direction": null, "textStyle": "", "textFormat": 0}], "direction": null}}	yellow	68f79bd089f5b36612750008
1	1236	7998	t	61	t	{"root": {"type": "root", "format": "", "indent": 0, "version": 1, "children": [{"type": "paragraph", "format": "", "indent": 0, "version": 1, "children": [{"mode": "normal", "text": "La educacin debe ser un espacio de bienestar compartido, donde la empata, el cuidado y la conciencia social estn en el centro", "type": "text", "style": "", "detail": 0, "format": 0, "version": 1}], "direction": null, "textStyle": "", "textFormat": 0}], "direction": null}}	red	68f7a0fcad89aa564b316f7f
2	1236	7999	t	61	t	{"root": {"type": "root", "format": "", "indent": 0, "version": 1, "children": [{"type": "paragraph", "format": "", "indent": 0, "version": 1, "children": [{"mode": "normal", "text": "La escuela y la familia son agentes de transformacin social, capaces de formar personas autnomas, reflexivas y comprometidas.", "type": "text", "style": "", "detail": 0, "format": 0, "version": 1}], "direction": null, "textStyle": "", "textFormat": 0}], "direction": null}}	red	68f7a12bad89aa564b316f81
3	1236	8000	t	61	t	{"root": {"type": "root", "format": "", "indent": 0, "version": 1, "children": [{"type": "paragraph", "format": "", "indent": 0, "version": 1, "children": [{"mode": "normal", "text": "Igualdad de gnero: Educacin libre de estereotipos y respetuosa con todas las identidades.", "type": "text", "style": "", "detail": 0, "format": 0, "version": 1}], "direction": null, "textStyle": "", "textFormat": 0}], "direction": null}}	red	68f7a157ad89aa564b316f85
4	1236	8001	t	61	t	{"root": {"type": "root", "format": "", "indent": 0, "version": 1, "children": [{"type": "paragraph", "format": "", "indent": 0, "version": 1, "children": [{"mode": "normal", "text": "Educacin inclusiva y reparadora: Reconozco la diversidad y acompao necesidades individuales.", "type": "text", "style": "", "detail": 0, "format": 0, "version": 1}], "direction": null, "textStyle": "", "textFormat": 0}], "direction": null}}	red	68f7a16cad89aa564b316f87
5	1236	8002	t	61	t	{"root": {"type": "root", "format": "", "indent": 0, "version": 1, "children": [{"type": "paragraph", "format": "", "indent": 0, "version": 1, "children": [{"mode": "normal", "text": "Educacin para la transformacin social: Fomento la empata, la solidaridad y la conciencia social.", "type": "text", "style": "", "detail": 0, "format": 0, "version": 1}], "direction": null, "textStyle": "", "textFormat": 0}], "direction": null}}	red	68f7a18dad89aa564b316f89
6	1236	8003	t	61	t	{"root": {"type": "root", "format": "", "indent": 0, "version": 1, "children": [{"type": "paragraph", "format": "", "indent": 0, "version": 1, "children": [{"mode": "normal", "text": "Pedagogas innovadoras y de cuidado: Metodologas activas centradas en el bienestar del alumnado.", "type": "text", "style": "", "detail": 0, "format": 0, "version": 1}], "direction": null, "textStyle": "", "textFormat": 0}], "direction": null}}	red	68f7a19fad89aa564b316f8b
7	1236	8004	t	61	t	{"root": {"type": "root", "format": "", "indent": 0, "version": 1, "children": [{"type": "paragraph", "format": "", "indent": 0, "version": 1, "children": [{"mode": "normal", "text": "Fomento del pensamiento crtico: Enseo a pensar de forma autnoma, reflexiva y responsable.", "type": "text", "style": "", "detail": 0, "format": 0, "version": 1}], "direction": null, "textStyle": "", "textFormat": 0}], "direction": null}}	red	68f7a1b1ad89aa564b316f8d
8	1236	8005	t	61	t	{"root": {"type": "root", "format": "", "indent": 0, "version": 1, "children": [{"type": "paragraph", "format": "", "indent": 0, "version": 1, "children": [{"mode": "normal", "text": "Coherencia educativa: Trabajo desde la integridad entre pensamiento, emocin y accin.", "type": "text", "style": "", "detail": 0, "format": 0, "version": 1}], "direction": null, "textStyle": "", "textFormat": 0}], "direction": null}}	red	68f7a1c4ad89aa564b316f8f
9	1236	8006	t	61	t	{"root": {"type": "root", "format": "", "indent": 0, "version": 1, "children": [{"type": "paragraph", "format": "", "indent": 0, "version": 1, "children": [{"mode": "normal", "text": "Educacin ecolgica y consciente: Promuevo el respeto por el medio ambiente y hbitos sostenibles.", "type": "text", "style": "", "detail": 0, "format": 0, "version": 1}], "direction": null, "textStyle": "", "textFormat": 0}], "direction": null}}	red	68f7a1d7ad89aa564b316f91
1	1237	8007	t	61	t	{"root": {"type": "root", "format": "", "indent": 0, "version": 1, "children": [{"type": "paragraph", "format": "", "indent": 0, "version": 1, "children": [{"mode": "normal", "text": "Si quieres revisar hbitos y dinmicas familiares o escolares.", "type": "text", "style": "", "detail": 0, "format": 0, "version": 1}], "direction": null, "textStyle": "", "textFormat": 0}], "direction": null}}	yellow	68f79b4789f5b36612750000
2	1237	8008	t	61	t	{"root": {"type": "root", "format": "", "indent": 0, "version": 1, "children": [{"type": "paragraph", "format": "", "indent": 0, "version": 1, "children": [{"mode": "normal", "text": "Si buscas nuevas estrategias para acompaar a tus hij@s o estudiantes.", "type": "text", "style": "", "detail": 0, "format": 0, "version": 1}], "direction": null, "textStyle": "", "textFormat": 0}], "direction": null}}	yellow	68f79b7789f5b36612750002
3	1237	8009	t	61	t	{"root": {"type": "root", "format": "", "indent": 0, "version": 1, "children": [{"type": "paragraph", "format": "", "indent": 0, "version": 1, "children": [{"mode": "normal", "text": "Si valoras una educacin ms respetuosa y consciente y emptica.", "type": "text", "style": "", "detail": 0, "format": 0, "version": 1}], "direction": null, "textStyle": "", "textFormat": 0}], "direction": null}}	yellow	68f79b8d89f5b36612750004
4	1237	8010	t	61	t	{"root": {"type": "root", "format": "", "indent": 0, "version": 1, "children": [{"type": "paragraph", "format": "", "indent": 0, "version": 1, "children": [{"mode": "normal", "text": "Si necesitas orientacin profesional para tomar decisiones con claridad.", "type": "text", "style": "", "detail": 0, "format": 0, "version": 1}], "direction": null, "textStyle": "", "textFormat": 0}], "direction": null}}	yellow	68f79b9e89f5b36612750006
5	1237	8011	t	61	t	{"root": {"type": "root", "format": "", "indent": 0, "version": 1, "children": [{"type": "paragraph", "format": "", "indent": 0, "version": 1, "children": [{"mode": "normal", "text": "Si crees que educar es tambin transformar la sociedad.", "type": "text", "style": "", "detail": 0, "format": 0, "version": 1}], "direction": null, "textStyle": "", "textFormat": 0}], "direction": null}}	yellow	68f79bd089f5b36612750008
1	1238	8012	t	61	t	{"root": {"type": "root", "format": "", "indent": 0, "version": 1, "children": [{"type": "paragraph", "format": "", "indent": 0, "version": 1, "children": [{"mode": "normal", "text": "La educacin debe ser un espacio de bienestar compartido, donde la empata, el cuidado y la conciencia social estn en el centro", "type": "text", "style": "", "detail": 0, "format": 0, "version": 1}], "direction": null, "textStyle": "", "textFormat": 0}], "direction": null}}	red	68f7a0fcad89aa564b316f7f
2	1238	8013	t	61	t	{"root": {"type": "root", "format": "", "indent": 0, "version": 1, "children": [{"type": "paragraph", "format": "", "indent": 0, "version": 1, "children": [{"mode": "normal", "text": "La escuela y la familia son agentes de transformacin social, capaces de formar personas autnomas, reflexivas y comprometidas.", "type": "text", "style": "", "detail": 0, "format": 0, "version": 1}], "direction": null, "textStyle": "", "textFormat": 0}], "direction": null}}	red	68f7a12bad89aa564b316f81
3	1238	8014	t	61	t	{"root": {"type": "root", "format": "", "indent": 0, "version": 1, "children": [{"type": "paragraph", "format": "", "indent": 0, "version": 1, "children": [{"mode": "normal", "text": "Igualdad de gnero: Educacin libre de estereotipos y respetuosa con todas las identidades.", "type": "text", "style": "", "detail": 0, "format": 0, "version": 1}], "direction": null, "textStyle": "", "textFormat": 0}], "direction": null}}	red	68f7a157ad89aa564b316f85
4	1238	8015	t	61	t	{"root": {"type": "root", "format": "", "indent": 0, "version": 1, "children": [{"type": "paragraph", "format": "", "indent": 0, "version": 1, "children": [{"mode": "normal", "text": "Educacin inclusiva y reparadora: Reconozco la diversidad y acompao necesidades individuales.", "type": "text", "style": "", "detail": 0, "format": 0, "version": 1}], "direction": null, "textStyle": "", "textFormat": 0}], "direction": null}}	red	68f7a16cad89aa564b316f87
5	1238	8016	t	61	t	{"root": {"type": "root", "format": "", "indent": 0, "version": 1, "children": [{"type": "paragraph", "format": "", "indent": 0, "version": 1, "children": [{"mode": "normal", "text": "Educacin para la transformacin social: Fomento la empata, la solidaridad y la conciencia social.", "type": "text", "style": "", "detail": 0, "format": 0, "version": 1}], "direction": null, "textStyle": "", "textFormat": 0}], "direction": null}}	red	68f7a18dad89aa564b316f89
6	1238	8017	t	61	t	{"root": {"type": "root", "format": "", "indent": 0, "version": 1, "children": [{"type": "paragraph", "format": "", "indent": 0, "version": 1, "children": [{"mode": "normal", "text": "Pedagogas innovadoras y de cuidado: Metodologas activas centradas en el bienestar del alumnado.", "type": "text", "style": "", "detail": 0, "format": 0, "version": 1}], "direction": null, "textStyle": "", "textFormat": 0}], "direction": null}}	red	68f7a19fad89aa564b316f8b
7	1238	8018	t	61	t	{"root": {"type": "root", "format": "", "indent": 0, "version": 1, "children": [{"type": "paragraph", "format": "", "indent": 0, "version": 1, "children": [{"mode": "normal", "text": "Fomento del pensamiento crtico: Enseo a pensar de forma autnoma, reflexiva y responsable.", "type": "text", "style": "", "detail": 0, "format": 0, "version": 1}], "direction": null, "textStyle": "", "textFormat": 0}], "direction": null}}	red	68f7a1b1ad89aa564b316f8d
1	1225	7923	t	61	t	{"root": {"type": "root", "format": "", "indent": 0, "version": 1, "children": [{"type": "paragraph", "format": "", "indent": 0, "version": 1, "children": [{"mode": "normal", "text": "Si quieres revisar hbitos y dinmicas familiares o escolares.", "type": "text", "style": "", "detail": 0, "format": 0, "version": 1}], "direction": null, "textStyle": "", "textFormat": 0}], "direction": null}}	yellow	68f79b4789f5b36612750000
2	1225	7924	t	61	t	{"root": {"type": "root", "format": "", "indent": 0, "version": 1, "children": [{"type": "paragraph", "format": "", "indent": 0, "version": 1, "children": [{"mode": "normal", "text": "Si buscas nuevas estrategias para acompaar a tus hij@s o estudiantes.", "type": "text", "style": "", "detail": 0, "format": 0, "version": 1}], "direction": null, "textStyle": "", "textFormat": 0}], "direction": null}}	yellow	68f79b7789f5b36612750002
3	1225	7925	t	61	t	{"root": {"type": "root", "format": "", "indent": 0, "version": 1, "children": [{"type": "paragraph", "format": "", "indent": 0, "version": 1, "children": [{"mode": "normal", "text": "Si valoras una educacin ms respetuosa y consciente y emptica.", "type": "text", "style": "", "detail": 0, "format": 0, "version": 1}], "direction": null, "textStyle": "", "textFormat": 0}], "direction": null}}	yellow	68f79b8d89f5b36612750004
4	1225	7926	t	61	t	{"root": {"type": "root", "format": "", "indent": 0, "version": 1, "children": [{"type": "paragraph", "format": "", "indent": 0, "version": 1, "children": [{"mode": "normal", "text": "Si necesitas orientacin profesional para tomar decisiones con claridad.", "type": "text", "style": "", "detail": 0, "format": 0, "version": 1}], "direction": null, "textStyle": "", "textFormat": 0}], "direction": null}}	yellow	68f79b9e89f5b36612750006
5	1225	7927	t	61	t	{"root": {"type": "root", "format": "", "indent": 0, "version": 1, "children": [{"type": "paragraph", "format": "", "indent": 0, "version": 1, "children": [{"mode": "normal", "text": "Si crees que educar es tambin transformar la sociedad.", "type": "text", "style": "", "detail": 0, "format": 0, "version": 1}], "direction": null, "textStyle": "", "textFormat": 0}], "direction": null}}	yellow	68f79bd089f5b36612750008
1	1226	7928	t	61	t	{"root": {"type": "root", "format": "", "indent": 0, "version": 1, "children": [{"type": "paragraph", "format": "", "indent": 0, "version": 1, "children": [{"mode": "normal", "text": "La educacin debe ser un espacio de bienestar compartido, donde la empata, el cuidado y la conciencia social estn en el centro", "type": "text", "style": "", "detail": 0, "format": 0, "version": 1}], "direction": null, "textStyle": "", "textFormat": 0}], "direction": null}}	red	68f7a0fcad89aa564b316f7f
2	1226	7929	t	61	t	{"root": {"type": "root", "format": "", "indent": 0, "version": 1, "children": [{"type": "paragraph", "format": "", "indent": 0, "version": 1, "children": [{"mode": "normal", "text": "La escuela y la familia son agentes de transformacin social, capaces de formar personas autnomas, reflexivas y comprometidas.", "type": "text", "style": "", "detail": 0, "format": 0, "version": 1}], "direction": null, "textStyle": "", "textFormat": 0}], "direction": null}}	red	68f7a12bad89aa564b316f81
3	1226	7930	t	61	t	{"root": {"type": "root", "format": "", "indent": 0, "version": 1, "children": [{"type": "paragraph", "format": "", "indent": 0, "version": 1, "children": [{"mode": "normal", "text": "Igualdad de gnero: Educacin libre de estereotipos y respetuosa con todas las identidades.", "type": "text", "style": "", "detail": 0, "format": 0, "version": 1}], "direction": null, "textStyle": "", "textFormat": 0}], "direction": null}}	red	68f7a157ad89aa564b316f85
4	1226	7931	t	61	t	{"root": {"type": "root", "format": "", "indent": 0, "version": 1, "children": [{"type": "paragraph", "format": "", "indent": 0, "version": 1, "children": [{"mode": "normal", "text": "Educacin inclusiva y reparadora: Reconozco la diversidad y acompao necesidades individuales.", "type": "text", "style": "", "detail": 0, "format": 0, "version": 1}], "direction": null, "textStyle": "", "textFormat": 0}], "direction": null}}	red	68f7a16cad89aa564b316f87
5	1226	7932	t	61	t	{"root": {"type": "root", "format": "", "indent": 0, "version": 1, "children": [{"type": "paragraph", "format": "", "indent": 0, "version": 1, "children": [{"mode": "normal", "text": "Educacin para la transformacin social: Fomento la empata, la solidaridad y la conciencia social.", "type": "text", "style": "", "detail": 0, "format": 0, "version": 1}], "direction": null, "textStyle": "", "textFormat": 0}], "direction": null}}	red	68f7a18dad89aa564b316f89
6	1226	7933	t	61	t	{"root": {"type": "root", "format": "", "indent": 0, "version": 1, "children": [{"type": "paragraph", "format": "", "indent": 0, "version": 1, "children": [{"mode": "normal", "text": "Pedagogas innovadoras y de cuidado: Metodologas activas centradas en el bienestar del alumnado.", "type": "text", "style": "", "detail": 0, "format": 0, "version": 1}], "direction": null, "textStyle": "", "textFormat": 0}], "direction": null}}	red	68f7a19fad89aa564b316f8b
7	1226	7934	t	61	t	{"root": {"type": "root", "format": "", "indent": 0, "version": 1, "children": [{"type": "paragraph", "format": "", "indent": 0, "version": 1, "children": [{"mode": "normal", "text": "Fomento del pensamiento crtico: Enseo a pensar de forma autnoma, reflexiva y responsable.", "type": "text", "style": "", "detail": 0, "format": 0, "version": 1}], "direction": null, "textStyle": "", "textFormat": 0}], "direction": null}}	red	68f7a1b1ad89aa564b316f8d
8	1226	7935	t	61	t	{"root": {"type": "root", "format": "", "indent": 0, "version": 1, "children": [{"type": "paragraph", "format": "", "indent": 0, "version": 1, "children": [{"mode": "normal", "text": "Coherencia educativa: Trabajo desde la integridad entre pensamiento, emocin y accin.", "type": "text", "style": "", "detail": 0, "format": 0, "version": 1}], "direction": null, "textStyle": "", "textFormat": 0}], "direction": null}}	red	68f7a1c4ad89aa564b316f8f
9	1226	7936	t	61	t	{"root": {"type": "root", "format": "", "indent": 0, "version": 1, "children": [{"type": "paragraph", "format": "", "indent": 0, "version": 1, "children": [{"mode": "normal", "text": "Educacin ecolgica y consciente: Promuevo el respeto por el medio ambiente y hbitos sostenibles.", "type": "text", "style": "", "detail": 0, "format": 0, "version": 1}], "direction": null, "textStyle": "", "textFormat": 0}], "direction": null}}	red	68f7a1d7ad89aa564b316f91
8	1238	8019	t	61	t	{"root": {"type": "root", "format": "", "indent": 0, "version": 1, "children": [{"type": "paragraph", "format": "", "indent": 0, "version": 1, "children": [{"mode": "normal", "text": "Coherencia educativa: Trabajo desde la integridad entre pensamiento, emocin y accin.", "type": "text", "style": "", "detail": 0, "format": 0, "version": 1}], "direction": null, "textStyle": "", "textFormat": 0}], "direction": null}}	red	68f7a1c4ad89aa564b316f8f
9	1238	8020	t	61	t	{"root": {"type": "root", "format": "", "indent": 0, "version": 1, "children": [{"type": "paragraph", "format": "", "indent": 0, "version": 1, "children": [{"mode": "normal", "text": "Educacin ecolgica y consciente: Promuevo el respeto por el medio ambiente y hbitos sostenibles.", "type": "text", "style": "", "detail": 0, "format": 0, "version": 1}], "direction": null, "textStyle": "", "textFormat": 0}], "direction": null}}	red	68f7a1d7ad89aa564b316f91
1	1227	7937	t	61	t	{"root": {"type": "root", "format": "", "indent": 0, "version": 1, "children": [{"type": "paragraph", "format": "", "indent": 0, "version": 1, "children": [{"mode": "normal", "text": "Si quieres revisar hbitos y dinmicas familiares o escolares.", "type": "text", "style": "", "detail": 0, "format": 0, "version": 1}], "direction": null, "textStyle": "", "textFormat": 0}], "direction": null}}	yellow	68f79b4789f5b36612750000
2	1227	7938	t	61	t	{"root": {"type": "root", "format": "", "indent": 0, "version": 1, "children": [{"type": "paragraph", "format": "", "indent": 0, "version": 1, "children": [{"mode": "normal", "text": "Si buscas nuevas estrategias para acompaar a tus hij@s o estudiantes.", "type": "text", "style": "", "detail": 0, "format": 0, "version": 1}], "direction": null, "textStyle": "", "textFormat": 0}], "direction": null}}	yellow	68f79b7789f5b36612750002
3	1227	7939	t	61	t	{"root": {"type": "root", "format": "", "indent": 0, "version": 1, "children": [{"type": "paragraph", "format": "", "indent": 0, "version": 1, "children": [{"mode": "normal", "text": "Si valoras una educacin ms respetuosa y consciente y emptica.", "type": "text", "style": "", "detail": 0, "format": 0, "version": 1}], "direction": null, "textStyle": "", "textFormat": 0}], "direction": null}}	yellow	68f79b8d89f5b36612750004
4	1227	7940	t	61	t	{"root": {"type": "root", "format": "", "indent": 0, "version": 1, "children": [{"type": "paragraph", "format": "", "indent": 0, "version": 1, "children": [{"mode": "normal", "text": "Si necesitas orientacin profesional para tomar decisiones con claridad.", "type": "text", "style": "", "detail": 0, "format": 0, "version": 1}], "direction": null, "textStyle": "", "textFormat": 0}], "direction": null}}	yellow	68f79b9e89f5b36612750006
5	1227	7941	t	61	t	{"root": {"type": "root", "format": "", "indent": 0, "version": 1, "children": [{"type": "paragraph", "format": "", "indent": 0, "version": 1, "children": [{"mode": "normal", "text": "Si crees que educar es tambin transformar la sociedad.", "type": "text", "style": "", "detail": 0, "format": 0, "version": 1}], "direction": null, "textStyle": "", "textFormat": 0}], "direction": null}}	yellow	68f79bd089f5b36612750008
1	1228	7942	t	61	t	{"root": {"type": "root", "format": "", "indent": 0, "version": 1, "children": [{"type": "paragraph", "format": "", "indent": 0, "version": 1, "children": [{"mode": "normal", "text": "La educacin debe ser un espacio de bienestar compartido, donde la empata, el cuidado y la conciencia social estn en el centro", "type": "text", "style": "", "detail": 0, "format": 0, "version": 1}], "direction": null, "textStyle": "", "textFormat": 0}], "direction": null}}	red	68f7a0fcad89aa564b316f7f
2	1228	7943	t	61	t	{"root": {"type": "root", "format": "", "indent": 0, "version": 1, "children": [{"type": "paragraph", "format": "", "indent": 0, "version": 1, "children": [{"mode": "normal", "text": "La escuela y la familia son agentes de transformacin social, capaces de formar personas autnomas, reflexivas y comprometidas.", "type": "text", "style": "", "detail": 0, "format": 0, "version": 1}], "direction": null, "textStyle": "", "textFormat": 0}], "direction": null}}	red	68f7a12bad89aa564b316f81
3	1228	7944	t	61	t	{"root": {"type": "root", "format": "", "indent": 0, "version": 1, "children": [{"type": "paragraph", "format": "", "indent": 0, "version": 1, "children": [{"mode": "normal", "text": "Igualdad de gnero: Educacin libre de estereotipos y respetuosa con todas las identidades.", "type": "text", "style": "", "detail": 0, "format": 0, "version": 1}], "direction": null, "textStyle": "", "textFormat": 0}], "direction": null}}	red	68f7a157ad89aa564b316f85
4	1228	7945	t	61	t	{"root": {"type": "root", "format": "", "indent": 0, "version": 1, "children": [{"type": "paragraph", "format": "", "indent": 0, "version": 1, "children": [{"mode": "normal", "text": "Educacin inclusiva y reparadora: Reconozco la diversidad y acompao necesidades individuales.", "type": "text", "style": "", "detail": 0, "format": 0, "version": 1}], "direction": null, "textStyle": "", "textFormat": 0}], "direction": null}}	red	68f7a16cad89aa564b316f87
5	1228	7946	t	61	t	{"root": {"type": "root", "format": "", "indent": 0, "version": 1, "children": [{"type": "paragraph", "format": "", "indent": 0, "version": 1, "children": [{"mode": "normal", "text": "Educacin para la transformacin social: Fomento la empata, la solidaridad y la conciencia social.", "type": "text", "style": "", "detail": 0, "format": 0, "version": 1}], "direction": null, "textStyle": "", "textFormat": 0}], "direction": null}}	red	68f7a18dad89aa564b316f89
6	1228	7947	t	61	t	{"root": {"type": "root", "format": "", "indent": 0, "version": 1, "children": [{"type": "paragraph", "format": "", "indent": 0, "version": 1, "children": [{"mode": "normal", "text": "Pedagogas innovadoras y de cuidado: Metodologas activas centradas en el bienestar del alumnado.", "type": "text", "style": "", "detail": 0, "format": 0, "version": 1}], "direction": null, "textStyle": "", "textFormat": 0}], "direction": null}}	red	68f7a19fad89aa564b316f8b
7	1228	7948	t	61	t	{"root": {"type": "root", "format": "", "indent": 0, "version": 1, "children": [{"type": "paragraph", "format": "", "indent": 0, "version": 1, "children": [{"mode": "normal", "text": "Fomento del pensamiento crtico: Enseo a pensar de forma autnoma, reflexiva y responsable.", "type": "text", "style": "", "detail": 0, "format": 0, "version": 1}], "direction": null, "textStyle": "", "textFormat": 0}], "direction": null}}	red	68f7a1b1ad89aa564b316f8d
1	1239	8021	t	61	t	{"root": {"type": "root", "format": "", "indent": 0, "version": 1, "children": [{"type": "paragraph", "format": "", "indent": 0, "version": 1, "children": [{"mode": "normal", "text": "Si quieres revisar hbitos y dinmicas familiares o escolares.", "type": "text", "style": "", "detail": 0, "format": 0, "version": 1}], "direction": null, "textStyle": "", "textFormat": 0}], "direction": null}}	yellow	68f79b4789f5b36612750000
2	1239	8022	t	61	t	{"root": {"type": "root", "format": "", "indent": 0, "version": 1, "children": [{"type": "paragraph", "format": "", "indent": 0, "version": 1, "children": [{"mode": "normal", "text": "Si buscas nuevas estrategias para acompaar a tus hij@s o estudiantes.", "type": "text", "style": "", "detail": 0, "format": 0, "version": 1}], "direction": null, "textStyle": "", "textFormat": 0}], "direction": null}}	yellow	68f79b7789f5b36612750002
8	1228	7949	t	61	t	{"root": {"type": "root", "format": "", "indent": 0, "version": 1, "children": [{"type": "paragraph", "format": "", "indent": 0, "version": 1, "children": [{"mode": "normal", "text": "Coherencia educativa: Trabajo desde la integridad entre pensamiento, emocin y accin.", "type": "text", "style": "", "detail": 0, "format": 0, "version": 1}], "direction": null, "textStyle": "", "textFormat": 0}], "direction": null}}	red	68f7a1c4ad89aa564b316f8f
9	1228	7950	t	61	t	{"root": {"type": "root", "format": "", "indent": 0, "version": 1, "children": [{"type": "paragraph", "format": "", "indent": 0, "version": 1, "children": [{"mode": "normal", "text": "Educacin ecolgica y consciente: Promuevo el respeto por el medio ambiente y hbitos sostenibles.", "type": "text", "style": "", "detail": 0, "format": 0, "version": 1}], "direction": null, "textStyle": "", "textFormat": 0}], "direction": null}}	red	68f7a1d7ad89aa564b316f91
3	1239	8023	t	61	t	{"root": {"type": "root", "format": "", "indent": 0, "version": 1, "children": [{"type": "paragraph", "format": "", "indent": 0, "version": 1, "children": [{"mode": "normal", "text": "Si valoras una educacin ms respetuosa y consciente y emptica.", "type": "text", "style": "", "detail": 0, "format": 0, "version": 1}], "direction": null, "textStyle": "", "textFormat": 0}], "direction": null}}	yellow	68f79b8d89f5b36612750004
4	1239	8024	t	61	t	{"root": {"type": "root", "format": "", "indent": 0, "version": 1, "children": [{"type": "paragraph", "format": "", "indent": 0, "version": 1, "children": [{"mode": "normal", "text": "Si necesitas orientacin profesional para tomar decisiones con claridad.", "type": "text", "style": "", "detail": 0, "format": 0, "version": 1}], "direction": null, "textStyle": "", "textFormat": 0}], "direction": null}}	yellow	68f79b9e89f5b36612750006
5	1239	8025	t	61	t	{"root": {"type": "root", "format": "", "indent": 0, "version": 1, "children": [{"type": "paragraph", "format": "", "indent": 0, "version": 1, "children": [{"mode": "normal", "text": "Si crees que educar es tambin transformar la sociedad.", "type": "text", "style": "", "detail": 0, "format": 0, "version": 1}], "direction": null, "textStyle": "", "textFormat": 0}], "direction": null}}	yellow	68f79bd089f5b36612750008
1	1240	8026	t	61	t	{"root": {"type": "root", "format": "", "indent": 0, "version": 1, "children": [{"type": "paragraph", "format": "", "indent": 0, "version": 1, "children": [{"mode": "normal", "text": "La educacin debe ser un espacio de bienestar compartido, donde la empata, el cuidado y la conciencia social estn en el centro", "type": "text", "style": "", "detail": 0, "format": 0, "version": 1}], "direction": null, "textStyle": "", "textFormat": 0}], "direction": null}}	red	68f7a0fcad89aa564b316f7f
1	1229	7951	t	61	t	{"root": {"type": "root", "format": "", "indent": 0, "version": 1, "children": [{"type": "paragraph", "format": "", "indent": 0, "version": 1, "children": [{"mode": "normal", "text": "Si quieres revisar hbitos y dinmicas familiares o escolares.", "type": "text", "style": "", "detail": 0, "format": 0, "version": 1}], "direction": null, "textStyle": "", "textFormat": 0}], "direction": null}}	yellow	68f79b4789f5b36612750000
2	1229	7952	t	61	t	{"root": {"type": "root", "format": "", "indent": 0, "version": 1, "children": [{"type": "paragraph", "format": "", "indent": 0, "version": 1, "children": [{"mode": "normal", "text": "Si buscas nuevas estrategias para acompaar a tus hij@s o estudiantes.", "type": "text", "style": "", "detail": 0, "format": 0, "version": 1}], "direction": null, "textStyle": "", "textFormat": 0}], "direction": null}}	yellow	68f79b7789f5b36612750002
3	1229	7953	t	61	t	{"root": {"type": "root", "format": "", "indent": 0, "version": 1, "children": [{"type": "paragraph", "format": "", "indent": 0, "version": 1, "children": [{"mode": "normal", "text": "Si valoras una educacin ms respetuosa y consciente y emptica.", "type": "text", "style": "", "detail": 0, "format": 0, "version": 1}], "direction": null, "textStyle": "", "textFormat": 0}], "direction": null}}	yellow	68f79b8d89f5b36612750004
4	1229	7954	t	61	t	{"root": {"type": "root", "format": "", "indent": 0, "version": 1, "children": [{"type": "paragraph", "format": "", "indent": 0, "version": 1, "children": [{"mode": "normal", "text": "Si necesitas orientacin profesional para tomar decisiones con claridad.", "type": "text", "style": "", "detail": 0, "format": 0, "version": 1}], "direction": null, "textStyle": "", "textFormat": 0}], "direction": null}}	yellow	68f79b9e89f5b36612750006
5	1229	7955	t	61	t	{"root": {"type": "root", "format": "", "indent": 0, "version": 1, "children": [{"type": "paragraph", "format": "", "indent": 0, "version": 1, "children": [{"mode": "normal", "text": "Si crees que educar es tambin transformar la sociedad.", "type": "text", "style": "", "detail": 0, "format": 0, "version": 1}], "direction": null, "textStyle": "", "textFormat": 0}], "direction": null}}	yellow	68f79bd089f5b36612750008
1	1230	7956	t	61	t	{"root": {"type": "root", "format": "", "indent": 0, "version": 1, "children": [{"type": "paragraph", "format": "", "indent": 0, "version": 1, "children": [{"mode": "normal", "text": "La educacin debe ser un espacio de bienestar compartido, donde la empata, el cuidado y la conciencia social estn en el centro", "type": "text", "style": "", "detail": 0, "format": 0, "version": 1}], "direction": null, "textStyle": "", "textFormat": 0}], "direction": null}}	red	68f7a0fcad89aa564b316f7f
2	1230	7957	t	61	t	{"root": {"type": "root", "format": "", "indent": 0, "version": 1, "children": [{"type": "paragraph", "format": "", "indent": 0, "version": 1, "children": [{"mode": "normal", "text": "La escuela y la familia son agentes de transformacin social, capaces de formar personas autnomas, reflexivas y comprometidas.", "type": "text", "style": "", "detail": 0, "format": 0, "version": 1}], "direction": null, "textStyle": "", "textFormat": 0}], "direction": null}}	red	68f7a12bad89aa564b316f81
2	1240	8027	t	61	t	{"root": {"type": "root", "format": "", "indent": 0, "version": 1, "children": [{"type": "paragraph", "format": "", "indent": 0, "version": 1, "children": [{"mode": "normal", "text": "La escuela y la familia son agentes de transformacin social, capaces de formar personas autnomas, reflexivas y comprometidas.", "type": "text", "style": "", "detail": 0, "format": 0, "version": 1}], "direction": null, "textStyle": "", "textFormat": 0}], "direction": null}}	red	68f7a12bad89aa564b316f81
3	1240	8028	t	61	t	{"root": {"type": "root", "format": "", "indent": 0, "version": 1, "children": [{"type": "paragraph", "format": "", "indent": 0, "version": 1, "children": [{"mode": "normal", "text": "Igualdad de gnero: Educacin libre de estereotipos y respetuosa con todas las identidades.", "type": "text", "style": "", "detail": 0, "format": 0, "version": 1}], "direction": null, "textStyle": "", "textFormat": 0}], "direction": null}}	red	68f7a157ad89aa564b316f85
4	1240	8029	t	61	t	{"root": {"type": "root", "format": "", "indent": 0, "version": 1, "children": [{"type": "paragraph", "format": "", "indent": 0, "version": 1, "children": [{"mode": "normal", "text": "Educacin inclusiva y reparadora: Reconozco la diversidad y acompao necesidades individuales.", "type": "text", "style": "", "detail": 0, "format": 0, "version": 1}], "direction": null, "textStyle": "", "textFormat": 0}], "direction": null}}	red	68f7a16cad89aa564b316f87
5	1240	8030	t	61	t	{"root": {"type": "root", "format": "", "indent": 0, "version": 1, "children": [{"type": "paragraph", "format": "", "indent": 0, "version": 1, "children": [{"mode": "normal", "text": "Educacin para la transformacin social: Fomento la empata, la solidaridad y la conciencia social.", "type": "text", "style": "", "detail": 0, "format": 0, "version": 1}], "direction": null, "textStyle": "", "textFormat": 0}], "direction": null}}	red	68f7a18dad89aa564b316f89
6	1240	8031	t	61	t	{"root": {"type": "root", "format": "", "indent": 0, "version": 1, "children": [{"type": "paragraph", "format": "", "indent": 0, "version": 1, "children": [{"mode": "normal", "text": "Pedagogas innovadoras y de cuidado: Metodologas activas centradas en el bienestar del alumnado.", "type": "text", "style": "", "detail": 0, "format": 0, "version": 1}], "direction": null, "textStyle": "", "textFormat": 0}], "direction": null}}	red	68f7a19fad89aa564b316f8b
7	1240	8032	t	61	t	{"root": {"type": "root", "format": "", "indent": 0, "version": 1, "children": [{"type": "paragraph", "format": "", "indent": 0, "version": 1, "children": [{"mode": "normal", "text": "Fomento del pensamiento crtico: Enseo a pensar de forma autnoma, reflexiva y responsable.", "type": "text", "style": "", "detail": 0, "format": 0, "version": 1}], "direction": null, "textStyle": "", "textFormat": 0}], "direction": null}}	red	68f7a1b1ad89aa564b316f8d
8	1240	8033	t	61	t	{"root": {"type": "root", "format": "", "indent": 0, "version": 1, "children": [{"type": "paragraph", "format": "", "indent": 0, "version": 1, "children": [{"mode": "normal", "text": "Coherencia educativa: Trabajo desde la integridad entre pensamiento, emocin y accin.", "type": "text", "style": "", "detail": 0, "format": 0, "version": 1}], "direction": null, "textStyle": "", "textFormat": 0}], "direction": null}}	red	68f7a1c4ad89aa564b316f8f
9	1240	8034	t	61	t	{"root": {"type": "root", "format": "", "indent": 0, "version": 1, "children": [{"type": "paragraph", "format": "", "indent": 0, "version": 1, "children": [{"mode": "normal", "text": "Educacin ecolgica y consciente: Promuevo el respeto por el medio ambiente y hbitos sostenibles.", "type": "text", "style": "", "detail": 0, "format": 0, "version": 1}], "direction": null, "textStyle": "", "textFormat": 0}], "direction": null}}	red	68f7a1d7ad89aa564b316f91
1	1241	8035	t	61	t	{"root": {"type": "root", "format": "", "indent": 0, "version": 1, "children": [{"type": "paragraph", "format": "", "indent": 0, "version": 1, "children": [{"mode": "normal", "text": "Si quieres revisar hbitos y dinmicas familiares o escolares.", "type": "text", "style": "", "detail": 0, "format": 0, "version": 1}], "direction": null, "textStyle": "", "textFormat": 0}], "direction": null}}	yellow	68f79b4789f5b36612750000
2	1241	8036	t	61	t	{"root": {"type": "root", "format": "", "indent": 0, "version": 1, "children": [{"type": "paragraph", "format": "", "indent": 0, "version": 1, "children": [{"mode": "normal", "text": "Si buscas nuevas estrategias para acompaar a tus hij@s o estudiantes.", "type": "text", "style": "", "detail": 0, "format": 0, "version": 1}], "direction": null, "textStyle": "", "textFormat": 0}], "direction": null}}	yellow	68f79b7789f5b36612750002
3	1241	8037	t	61	t	{"root": {"type": "root", "format": "", "indent": 0, "version": 1, "children": [{"type": "paragraph", "format": "", "indent": 0, "version": 1, "children": [{"mode": "normal", "text": "Si valoras una educacin ms respetuosa y consciente y emptica.", "type": "text", "style": "", "detail": 0, "format": 0, "version": 1}], "direction": null, "textStyle": "", "textFormat": 0}], "direction": null}}	yellow	68f79b8d89f5b36612750004
4	1241	8038	t	61	t	{"root": {"type": "root", "format": "", "indent": 0, "version": 1, "children": [{"type": "paragraph", "format": "", "indent": 0, "version": 1, "children": [{"mode": "normal", "text": "Si necesitas orientacin profesional para tomar decisiones con claridad.", "type": "text", "style": "", "detail": 0, "format": 0, "version": 1}], "direction": null, "textStyle": "", "textFormat": 0}], "direction": null}}	yellow	68f79b9e89f5b36612750006
5	1241	8039	t	61	t	{"root": {"type": "root", "format": "", "indent": 0, "version": 1, "children": [{"type": "paragraph", "format": "", "indent": 0, "version": 1, "children": [{"mode": "normal", "text": "Si crees que educar es tambin transformar la sociedad.", "type": "text", "style": "", "detail": 0, "format": 0, "version": 1}], "direction": null, "textStyle": "", "textFormat": 0}], "direction": null}}	yellow	68f79bd089f5b36612750008
1	1242	8040	t	61	t	{"root": {"type": "root", "format": "", "indent": 0, "version": 1, "children": [{"type": "paragraph", "format": "", "indent": 0, "version": 1, "children": [{"mode": "normal", "text": "La educacin debe ser un espacio de bienestar compartido, donde la empata, el cuidado y la conciencia social estn en el centro", "type": "text", "style": "", "detail": 0, "format": 0, "version": 1}], "direction": null, "textStyle": "", "textFormat": 0}], "direction": null}}	red	68f7a0fcad89aa564b316f7f
2	1242	8041	t	61	t	{"root": {"type": "root", "format": "", "indent": 0, "version": 1, "children": [{"type": "paragraph", "format": "", "indent": 0, "version": 1, "children": [{"mode": "normal", "text": "La escuela y la familia son agentes de transformacin social, capaces de formar personas autnomas, reflexivas y comprometidas.", "type": "text", "style": "", "detail": 0, "format": 0, "version": 1}], "direction": null, "textStyle": "", "textFormat": 0}], "direction": null}}	red	68f7a12bad89aa564b316f81
3	1242	8042	t	61	t	{"root": {"type": "root", "format": "", "indent": 0, "version": 1, "children": [{"type": "paragraph", "format": "", "indent": 0, "version": 1, "children": [{"mode": "normal", "text": "Igualdad de gnero: Educacin libre de estereotipos y respetuosa con todas las identidades.", "type": "text", "style": "", "detail": 0, "format": 0, "version": 1}], "direction": null, "textStyle": "", "textFormat": 0}], "direction": null}}	red	68f7a157ad89aa564b316f85
4	1242	8043	t	61	t	{"root": {"type": "root", "format": "", "indent": 0, "version": 1, "children": [{"type": "paragraph", "format": "", "indent": 0, "version": 1, "children": [{"mode": "normal", "text": "Educacin inclusiva y reparadora: Reconozco la diversidad y acompao necesidades individuales.", "type": "text", "style": "", "detail": 0, "format": 0, "version": 1}], "direction": null, "textStyle": "", "textFormat": 0}], "direction": null}}	red	68f7a16cad89aa564b316f87
5	1242	8044	t	61	t	{"root": {"type": "root", "format": "", "indent": 0, "version": 1, "children": [{"type": "paragraph", "format": "", "indent": 0, "version": 1, "children": [{"mode": "normal", "text": "Educacin para la transformacin social: Fomento la empata, la solidaridad y la conciencia social.", "type": "text", "style": "", "detail": 0, "format": 0, "version": 1}], "direction": null, "textStyle": "", "textFormat": 0}], "direction": null}}	red	68f7a18dad89aa564b316f89
6	1242	8045	t	61	t	{"root": {"type": "root", "format": "", "indent": 0, "version": 1, "children": [{"type": "paragraph", "format": "", "indent": 0, "version": 1, "children": [{"mode": "normal", "text": "Pedagogas innovadoras y de cuidado: Metodologas activas centradas en el bienestar del alumnado.", "type": "text", "style": "", "detail": 0, "format": 0, "version": 1}], "direction": null, "textStyle": "", "textFormat": 0}], "direction": null}}	red	68f7a19fad89aa564b316f8b
7	1242	8046	t	61	t	{"root": {"type": "root", "format": "", "indent": 0, "version": 1, "children": [{"type": "paragraph", "format": "", "indent": 0, "version": 1, "children": [{"mode": "normal", "text": "Fomento del pensamiento crtico: Enseo a pensar de forma autnoma, reflexiva y responsable.", "type": "text", "style": "", "detail": 0, "format": 0, "version": 1}], "direction": null, "textStyle": "", "textFormat": 0}], "direction": null}}	red	68f7a1b1ad89aa564b316f8d
8	1242	8047	t	61	t	{"root": {"type": "root", "format": "", "indent": 0, "version": 1, "children": [{"type": "paragraph", "format": "", "indent": 0, "version": 1, "children": [{"mode": "normal", "text": "Coherencia educativa: Trabajo desde la integridad entre pensamiento, emocin y accin.", "type": "text", "style": "", "detail": 0, "format": 0, "version": 1}], "direction": null, "textStyle": "", "textFormat": 0}], "direction": null}}	red	68f7a1c4ad89aa564b316f8f
9	1242	8048	t	61	t	{"root": {"type": "root", "format": "", "indent": 0, "version": 1, "children": [{"type": "paragraph", "format": "", "indent": 0, "version": 1, "children": [{"mode": "normal", "text": "Educacin ecolgica y consciente: Promuevo el respeto por el medio ambiente y hbitos sostenibles.", "type": "text", "style": "", "detail": 0, "format": 0, "version": 1}], "direction": null, "textStyle": "", "textFormat": 0}], "direction": null}}	red	68f7a1d7ad89aa564b316f91
3	1230	7958	t	61	t	{"root": {"type": "root", "format": "", "indent": 0, "version": 1, "children": [{"type": "paragraph", "format": "", "indent": 0, "version": 1, "children": [{"mode": "normal", "text": "Igualdad de gnero: Educacin libre de estereotipos y respetuosa con todas las identidades.", "type": "text", "style": "", "detail": 0, "format": 0, "version": 1}], "direction": null, "textStyle": "", "textFormat": 0}], "direction": null}}	red	68f7a157ad89aa564b316f85
\.


--
-- TOC entry 5116 (class 0 OID 446457)
-- Dependencies: 260
-- Data for Name: _pages_v_blocks_social; Type: TABLE DATA; Schema: public; Owner: postgres
--

COPY public._pages_v_blocks_social (_order, _parent_id, _path, id, _uuid, block_name) FROM stdin;
\.


--
-- TOC entry 5114 (class 0 OID 446447)
-- Dependencies: 258
-- Data for Name: _pages_v_blocks_social_rrss; Type: TABLE DATA; Schema: public; Owner: postgres
--

COPY public._pages_v_blocks_social_rrss (_order, _parent_id, id, title, link_type, link_new_tab, link_url, link_label, icon_id, _uuid) FROM stdin;
\.


--
-- TOC entry 5132 (class 0 OID 446540)
-- Dependencies: 276
-- Data for Name: _pages_v_rels; Type: TABLE DATA; Schema: public; Owner: postgres
--

COPY public._pages_v_rels (id, "order", parent_id, path, pages_id, posts_id, services_id) FROM stdin;
5093	\N	873	version.hero.links.1.link.reference	1	\N	\N
5094	\N	873	version.layout.4.links.1.link.reference	1	\N	\N
4915	\N	827	version.hero.links.1.link.reference	1	\N	\N
4918	\N	827	version.layout.0.blocks.2.link.reference	1	\N	\N
4919	\N	827	version.layout.0.blocks.3.link.reference	1	\N	\N
4920	\N	827	version.layout.0.blocks.4.link.reference	1	\N	\N
4921	\N	827	version.layout.0.blocks.5.link.reference	1	\N	\N
4922	\N	827	version.layout.0.blocks.6.link.reference	1	\N	\N
4923	\N	827	version.layout.0.blocks.7.link.reference	1	\N	\N
4924	\N	827	version.layout.1.links.0.link.reference	1	\N	\N
4925	\N	827	version.layout.1.links.1.link.reference	1	\N	\N
4926	\N	828	version.hero.links.1.link.reference	1	\N	\N
4929	\N	828	version.layout.0.blocks.2.link.reference	1	\N	\N
4930	\N	828	version.layout.0.blocks.3.link.reference	1	\N	\N
4931	\N	828	version.layout.0.blocks.4.link.reference	1	\N	\N
4932	\N	828	version.layout.0.blocks.5.link.reference	1	\N	\N
4933	\N	828	version.layout.0.blocks.6.link.reference	1	\N	\N
4934	\N	828	version.layout.0.blocks.7.link.reference	1	\N	\N
4935	\N	828	version.layout.1.links.0.link.reference	1	\N	\N
4936	\N	828	version.layout.1.links.1.link.reference	1	\N	\N
4948	\N	830	version.hero.links.1.link.reference	1	\N	\N
4951	\N	830	version.layout.0.blocks.2.link.reference	1	\N	\N
4952	\N	830	version.layout.0.blocks.3.link.reference	1	\N	\N
4953	\N	830	version.layout.0.blocks.4.link.reference	1	\N	\N
4954	\N	830	version.layout.0.blocks.5.link.reference	1	\N	\N
4955	\N	830	version.layout.0.blocks.6.link.reference	1	\N	\N
4956	\N	830	version.layout.0.blocks.7.link.reference	1	\N	\N
4957	\N	830	version.layout.1.links.0.link.reference	1	\N	\N
4958	\N	830	version.layout.1.links.1.link.reference	1	\N	\N
4218	\N	766	version.hero.links.1.link.reference	1	\N	\N
4219	\N	766	version.layout.4.links.1.link.reference	1	\N	\N
4224	\N	769	version.hero.links.1.link.reference	1	\N	\N
4225	\N	769	version.layout.4.links.1.link.reference	1	\N	\N
5095	\N	874	version.hero.links.1.link.reference	1	\N	\N
5098	\N	874	version.layout.0.blocks.2.link.reference	1	\N	\N
5099	\N	874	version.layout.0.blocks.3.link.reference	1	\N	\N
5100	\N	874	version.layout.0.blocks.4.link.reference	1	\N	\N
5101	\N	874	version.layout.0.blocks.5.link.reference	1	\N	\N
5102	\N	874	version.layout.0.blocks.6.link.reference	1	\N	\N
5103	\N	874	version.layout.0.blocks.7.link.reference	1	\N	\N
5104	\N	874	version.layout.1.links.0.link.reference	1	\N	\N
5105	\N	874	version.layout.1.links.1.link.reference	1	\N	\N
4994	\N	836	version.hero.links.1.link.reference	1	\N	\N
4995	\N	836	version.layout.1.link.reference	1	\N	\N
4904	\N	826	version.hero.links.1.link.reference	1	\N	\N
4907	\N	826	version.layout.0.blocks.2.link.reference	1	\N	\N
4908	\N	826	version.layout.0.blocks.3.link.reference	1	\N	\N
4909	\N	826	version.layout.0.blocks.4.link.reference	1	\N	\N
4910	\N	826	version.layout.0.blocks.5.link.reference	1	\N	\N
4911	\N	826	version.layout.0.blocks.6.link.reference	1	\N	\N
4912	\N	826	version.layout.0.blocks.7.link.reference	1	\N	\N
4913	\N	826	version.layout.1.links.0.link.reference	1	\N	\N
4996	\N	836	version.layout.2.link.reference	1	\N	\N
4999	\N	836	version.layout.5.links.1.link.reference	1	\N	\N
5006	\N	838	version.hero.links.1.link.reference	1	\N	\N
5007	\N	838	version.layout.1.link.reference	1	\N	\N
5008	\N	838	version.layout.2.link.reference	1	\N	\N
5011	\N	838	version.layout.5.links.1.link.reference	1	\N	\N
5018	\N	840	version.hero.links.1.link.reference	1	\N	\N
5019	\N	840	version.layout.1.link.reference	1	\N	\N
5020	\N	840	version.layout.2.link.reference	1	\N	\N
5023	\N	840	version.layout.5.links.1.link.reference	1	\N	\N
5058	\N	869	version.hero.links.1.link.reference	1	\N	\N
5059	\N	869	version.layout.4.links.1.link.reference	1	\N	\N
5063	\N	870	version.layout.0.blocks.2.link.reference	1	\N	\N
5064	\N	870	version.layout.0.blocks.3.link.reference	1	\N	\N
5065	\N	870	version.layout.0.blocks.4.link.reference	1	\N	\N
5066	\N	870	version.layout.0.blocks.5.link.reference	1	\N	\N
5067	\N	870	version.layout.0.blocks.6.link.reference	1	\N	\N
5068	\N	870	version.layout.0.blocks.7.link.reference	1	\N	\N
5069	\N	870	version.layout.1.links.0.link.reference	1	\N	\N
5070	\N	870	version.layout.1.links.1.link.reference	1	\N	\N
5071	\N	871	version.hero.links.1.link.reference	1	\N	\N
5074	\N	871	version.layout.0.blocks.2.link.reference	1	\N	\N
5075	\N	871	version.layout.0.blocks.3.link.reference	1	\N	\N
5076	\N	871	version.layout.0.blocks.4.link.reference	1	\N	\N
5077	\N	871	version.layout.0.blocks.5.link.reference	1	\N	\N
5078	\N	871	version.layout.0.blocks.6.link.reference	1	\N	\N
5079	\N	871	version.layout.0.blocks.7.link.reference	1	\N	\N
5080	\N	871	version.layout.1.links.0.link.reference	1	\N	\N
5081	\N	871	version.layout.1.links.1.link.reference	1	\N	\N
5082	\N	872	version.hero.links.1.link.reference	1	\N	\N
4214	\N	764	version.hero.links.1.link.reference	1	\N	\N
4215	\N	764	version.layout.4.links.1.link.reference	1	\N	\N
4220	\N	767	version.hero.links.1.link.reference	1	\N	\N
4221	\N	767	version.layout.4.links.1.link.reference	1	\N	\N
4226	\N	770	version.hero.links.1.link.reference	1	\N	\N
4227	\N	770	version.layout.4.links.1.link.reference	1	\N	\N
5085	\N	872	version.layout.0.blocks.2.link.reference	1	\N	\N
5086	\N	872	version.layout.0.blocks.3.link.reference	1	\N	\N
5087	\N	872	version.layout.0.blocks.4.link.reference	1	\N	\N
5088	\N	872	version.layout.0.blocks.5.link.reference	1	\N	\N
5089	\N	872	version.layout.0.blocks.6.link.reference	1	\N	\N
5090	\N	872	version.layout.0.blocks.7.link.reference	1	\N	\N
5091	\N	872	version.layout.1.links.0.link.reference	1	\N	\N
5092	\N	872	version.layout.1.links.1.link.reference	1	\N	\N
4988	\N	835	version.hero.links.1.link.reference	1	\N	\N
4989	\N	835	version.layout.1.link.reference	1	\N	\N
4990	\N	835	version.layout.2.link.reference	1	\N	\N
4993	\N	835	version.layout.5.links.1.link.reference	1	\N	\N
5000	\N	837	version.hero.links.1.link.reference	1	\N	\N
5001	\N	837	version.layout.1.link.reference	1	\N	\N
5002	\N	837	version.layout.2.link.reference	1	\N	\N
5005	\N	837	version.layout.5.links.1.link.reference	1	\N	\N
5012	\N	839	version.hero.links.1.link.reference	1	\N	\N
5013	\N	839	version.layout.1.link.reference	1	\N	\N
4216	\N	765	version.hero.links.1.link.reference	1	\N	\N
4217	\N	765	version.layout.4.links.1.link.reference	1	\N	\N
4222	\N	768	version.hero.links.1.link.reference	1	\N	\N
4223	\N	768	version.layout.4.links.1.link.reference	1	\N	\N
4228	\N	771	version.hero.links.1.link.reference	1	\N	\N
4229	\N	771	version.layout.4.links.1.link.reference	1	\N	\N
5014	\N	839	version.layout.2.link.reference	1	\N	\N
5017	\N	839	version.layout.5.links.1.link.reference	1	\N	\N
5024	\N	841	version.hero.links.1.link.reference	1	\N	\N
5025	\N	841	version.layout.1.link.reference	1	\N	\N
5026	\N	841	version.layout.2.link.reference	1	\N	\N
5029	\N	841	version.layout.5.links.1.link.reference	1	\N	\N
5040	\N	847	version.hero.links.1.link.reference	9	\N	\N
5041	\N	847	version.layout.1.link.reference	1	\N	\N
5042	\N	847	version.layout.2.link.reference	1	\N	\N
5045	\N	847	version.layout.5.links.1.link.reference	1	\N	\N
4914	\N	826	version.layout.1.links.1.link.reference	1	\N	\N
4937	\N	829	version.hero.links.1.link.reference	1	\N	\N
4940	\N	829	version.layout.0.blocks.2.link.reference	1	\N	\N
4941	\N	829	version.layout.0.blocks.3.link.reference	1	\N	\N
4942	\N	829	version.layout.0.blocks.4.link.reference	1	\N	\N
4943	\N	829	version.layout.0.blocks.5.link.reference	1	\N	\N
4944	\N	829	version.layout.0.blocks.6.link.reference	1	\N	\N
4945	\N	829	version.layout.0.blocks.7.link.reference	1	\N	\N
4946	\N	829	version.layout.1.links.0.link.reference	1	\N	\N
4947	\N	829	version.layout.1.links.1.link.reference	1	\N	\N
4959	\N	831	version.hero.links.1.link.reference	1	\N	\N
4962	\N	831	version.layout.0.blocks.2.link.reference	1	\N	\N
4963	\N	831	version.layout.0.blocks.3.link.reference	1	\N	\N
4964	\N	831	version.layout.0.blocks.4.link.reference	1	\N	\N
4965	\N	831	version.layout.0.blocks.5.link.reference	1	\N	\N
4966	\N	831	version.layout.0.blocks.6.link.reference	1	\N	\N
4967	\N	831	version.layout.0.blocks.7.link.reference	1	\N	\N
4968	\N	831	version.layout.1.links.0.link.reference	1	\N	\N
4969	\N	831	version.layout.1.links.1.link.reference	1	\N	\N
5046	\N	848	version.hero.links.1.link.reference	9	\N	\N
5047	\N	848	version.layout.1.link.reference	1	\N	\N
5048	\N	848	version.layout.2.link.reference	1	\N	\N
5051	\N	848	version.layout.5.links.1.link.reference	1	\N	\N
5052	\N	868	version.hero.links.1.link.reference	9	\N	\N
5053	\N	868	version.layout.1.link.reference	1	\N	\N
5054	\N	868	version.layout.2.link.reference	1	\N	\N
5057	\N	868	version.layout.5.links.1.link.reference	1	\N	\N
5060	\N	870	version.hero.links.1.link.reference	1	\N	\N
\.


--
-- TOC entry 5100 (class 0 OID 446360)
-- Dependencies: 244
-- Data for Name: _pages_v_version_hero_links; Type: TABLE DATA; Schema: public; Owner: postgres
--

COPY public._pages_v_version_hero_links (_order, _parent_id, id, link_type, link_new_tab, link_url, link_label, link_appearance, _uuid) FROM stdin;
1	840	2921	calendly	\N	https://www.calendly.com/educarsano	agendar cita	default	68f79700dd973d810fb0a527
2	840	2922	reference	\N	\N	contacto	default	68f7971bdd973d810fb0a529
1	827	2895	calendly	\N	https://www.calendly.com/educarsano	agendar cita	default	690270428a378f13385b4306
2	827	2896	reference	\N	\N	contacto	default	690270658a378f13385b4308
1	828	2897	calendly	\N	https://www.calendly.com/educarsano	agendar cita	default	690270428a378f13385b4306
2	828	2898	reference	\N	\N	contacto	default	690270658a378f13385b4308
1	830	2901	calendly	\N	https://www.calendly.com/educarsano	agendar cita	default	690270428a378f13385b4306
2	830	2902	reference	\N	\N	contacto	default	690270658a378f13385b4308
1	858	2962	calendly	\N	https://www.calendly.com/educarsano	agendar cita	default	693a72f161708c6b781d4689
1	862	2967	calendly	\N	https://www.calendly.com/educarsano	agendar cita	default	693a72f161708c6b781d4689
1	864	2969	calendly	\N	https://www.calendly.com/educarsano	agendar cita	default	693a72f161708c6b781d4689
1	866	2971	calendly	\N	https://www.calendly.com/educarsano	agendar cita	default	693a72f161708c6b781d4689
1	868	2973	calendly	\N	https://www.calendly.com/educarsano	agendar cita	default	68f79700dd973d810fb0a527
1	836	2913	calendly	\N	https://www.calendly.com/educarsano	agendar cita	default	68f79700dd973d810fb0a527
2	836	2914	reference	\N	\N	contacto	default	68f7971bdd973d810fb0a529
1	838	2917	calendly	\N	https://www.calendly.com/educarsano	agendar cita	default	68f79700dd973d810fb0a527
2	838	2918	reference	\N	\N	contacto	default	68f7971bdd973d810fb0a529
2	868	2974	reference	\N	\N	contacto	default	68f7971bdd973d810fb0a529
1	870	2977	calendly	\N	https://www.calendly.com/educarsano	agendar cita	default	690270428a378f13385b4306
2	870	2978	reference	\N	\N	contacto	default	690270658a378f13385b4308
1	872	2981	calendly	\N	https://www.calendly.com/educarsano	agendar cita	default	690270428a378f13385b4306
2	872	2982	reference	\N	\N	contacto	default	690270658a378f13385b4308
1	874	2985	calendly	\N	https://www.calendly.com/educarsano	agendar cita	default	690270428a378f13385b4306
2	874	2986	reference	\N	\N	contacto	default	690270658a378f13385b4308
1	765	2751	calendly	\N	https://www.calendly.com/educarsano	agendar cita	default	690b977ffdcb6410a4be8c5c
2	765	2752	reference	\N	\N	contacto	default	690b9798fdcb6410a4be8c5e
1	767	2755	calendly	\N	https://www.calendly.com/educarsano	agendar cita	default	690b977ffdcb6410a4be8c5c
2	767	2756	reference	\N	\N	contacto	default	690b9798fdcb6410a4be8c5e
1	769	2759	calendly	\N	https://www.calendly.com/educarsano	agendar cita	default	690b977ffdcb6410a4be8c5c
2	769	2760	reference	\N	\N	contacto	default	690b9798fdcb6410a4be8c5e
1	771	2763	calendly	\N	https://www.calendly.com/educarsano	agendar cita	default	690b977ffdcb6410a4be8c5c
2	771	2764	reference	\N	\N	contacto	default	690b9798fdcb6410a4be8c5e
1	841	2923	calendly	\N	https://www.calendly.com/educarsano	agendar cita	default	68f79700dd973d810fb0a527
2	841	2924	reference	\N	\N	contacto	default	68f7971bdd973d810fb0a529
1	847	2939	calendly	\N	https://www.calendly.com/educarsano	agendar cita	default	68f79700dd973d810fb0a527
2	847	2940	reference	\N	\N	contacto	default	68f7971bdd973d810fb0a529
1	848	2941	calendly	\N	https://www.calendly.com/educarsano	agendar cita	default	68f79700dd973d810fb0a527
2	848	2942	reference	\N	\N	contacto	default	68f7971bdd973d810fb0a529
1	859	2963	calendly	\N	https://www.calendly.com/educarsano	agendar cita	default	693a72f161708c6b781d4689
1	860	2965	calendly	\N	https://www.calendly.com/educarsano	agendar cita	default	693a72f161708c6b781d4689
1	861	2966	calendly	\N	https://www.calendly.com/educarsano	agendar cita	default	693a72f161708c6b781d4689
1	863	2968	calendly	\N	https://www.calendly.com/educarsano	agendar cita	default	693a72f161708c6b781d4689
1	865	2970	calendly	\N	https://www.calendly.com/educarsano	agendar cita	default	693a72f161708c6b781d4689
1	867	2972	calendly	\N	https://www.calendly.com/educarsano	agendar cita	default	693a72f161708c6b781d4689
1	869	2975	calendly	\N	https://www.calendly.com/educarsano	agendar cita	default	690b977ffdcb6410a4be8c5c
2	869	2976	reference	\N	\N	contacto	default	690b9798fdcb6410a4be8c5e
1	871	2979	calendly	\N	https://www.calendly.com/educarsano	agendar cita	default	690270428a378f13385b4306
2	871	2980	reference	\N	\N	contacto	default	690270658a378f13385b4308
1	873	2983	calendly	\N	https://www.calendly.com/educarsano	agendar cita	default	690b977ffdcb6410a4be8c5c
2	873	2984	reference	\N	\N	contacto	default	690b9798fdcb6410a4be8c5e
1	826	2893	calendly	\N	https://www.calendly.com/educarsano	agendar cita	default	690270428a378f13385b4306
2	826	2894	reference	\N	\N	contacto	default	690270658a378f13385b4308
1	829	2899	calendly	\N	https://www.calendly.com/educarsano	agendar cita	default	690270428a378f13385b4306
2	829	2900	reference	\N	\N	contacto	default	690270658a378f13385b4308
1	831	2903	calendly	\N	https://www.calendly.com/educarsano	agendar cita	default	690270428a378f13385b4306
2	831	2904	reference	\N	\N	contacto	default	690270658a378f13385b4308
1	835	2911	calendly	\N	https://www.calendly.com/educarsano	agendar cita	default	68f79700dd973d810fb0a527
2	835	2912	reference	\N	\N	contacto	default	68f7971bdd973d810fb0a529
1	837	2915	calendly	\N	https://www.calendly.com/educarsano	agendar cita	default	68f79700dd973d810fb0a527
2	837	2916	reference	\N	\N	contacto	default	68f7971bdd973d810fb0a529
1	839	2919	calendly	\N	https://www.calendly.com/educarsano	agendar cita	default	68f79700dd973d810fb0a527
2	839	2920	reference	\N	\N	contacto	default	68f7971bdd973d810fb0a529
1	764	2749	calendly	\N	https://www.calendly.com/educarsano	agendar cita	default	690b977ffdcb6410a4be8c5c
2	764	2750	reference	\N	\N	contacto	default	690b9798fdcb6410a4be8c5e
1	766	2753	calendly	\N	https://www.calendly.com/educarsano	agendar cita	default	690b977ffdcb6410a4be8c5c
2	766	2754	reference	\N	\N	contacto	default	690b9798fdcb6410a4be8c5e
1	768	2757	calendly	\N	https://www.calendly.com/educarsano	agendar cita	default	690b977ffdcb6410a4be8c5c
2	768	2758	reference	\N	\N	contacto	default	690b9798fdcb6410a4be8c5e
1	770	2761	calendly	\N	https://www.calendly.com/educarsano	agendar cita	default	690b977ffdcb6410a4be8c5c
2	770	2762	reference	\N	\N	contacto	default	690b9798fdcb6410a4be8c5e
\.


--
-- TOC entry 5179 (class 0 OID 447935)
-- Dependencies: 323
-- Data for Name: _posts_v; Type: TABLE DATA; Schema: public; Owner: postgres
--

COPY public._posts_v (id, parent_id, version_title, version_hero_image_id, version_content, version_meta_title, version_meta_image_id, version_meta_description, version_published_at, version_slug, version_slug_lock, version_updated_at, version_created_at, version__status, created_at, updated_at, latest, autosave) FROM stdin;
82	7	post 7	68	{"root": {"type": "root", "format": "", "indent": 0, "version": 1, "children": [{"type": "paragraph", "format": "", "indent": 0, "version": 1, "children": [{"mode": "normal", "text": "Lorem ipsum dolor sit amet, consectetur adipiscing elit. Proin in vestibulum eros. Nunc ullamcorper eu odio et sollicitudin. Proin vitae nisi id lectus egestas posuere eu aliquam mi. Sed tempor sodales arcu, id euismod orci maximus quis. Morbi eu est felis. Cras nec sem volutpat, sodales metus et, feugiat est. Aliquam iaculis consequat nisl ac aliquam. Pellentesque sit amet ipsum dui. Mauris elit nunc, fringilla et leo eget, varius consectetur odio. Donec tortor nisi, auctor non tincidunt sagittis, iaculis pretium augue. Nunc ut pellentesque risus. Aliquam sit amet sodales justo.", "type": "text", "style": "", "detail": 0, "format": 0, "version": 1}], "direction": null, "textStyle": "", "textFormat": 0}, {"type": "paragraph", "format": "", "indent": 0, "version": 1, "children": [{"mode": "normal", "text": "Sed consectetur vel felis ut laoreet. Pellentesque habitant morbi tristique senectus et netus et malesuada fames ac turpis egestas. Sed ut tempus enim. Maecenas quis suscipit tortor. Etiam consequat magna ante, eu dapibus est tincidunt eu. Morbi molestie mauris vitae vestibulum pellentesque. Curabitur vel luctus purus. Vivamus ornare, augue vel laoreet ultrices, nibh lacus faucibus nunc, lacinia commodo nisl turpis sed ex. Vestibulum gravida tortor sed nisl finibus porttitor. Sed lorem ipsum, pharetra et tincidunt a, venenatis at ex. Nunc ac risus et lacus ornare sagittis vitae et velit. Donec luctus auctor quam vel sollicitudin. Maecenas cursus risus tellus, et porta augue vehicula a. Aliquam porta pellentesque ultrices.", "type": "text", "style": "", "detail": 0, "format": 0, "version": 1}], "direction": null, "textStyle": "", "textFormat": 0}, {"type": "paragraph", "format": "", "indent": 0, "version": 1, "children": [{"mode": "normal", "text": "Vivamus felis turpis, blandit ut tellus id, commodo tristique nisi. Donec at eros porttitor, consequat mi at, tempor felis. Donec dignissim tincidunt nibh id rutrum. Phasellus et massa condimentum velit dapibus facilisis. Phasellus in mauris erat. Morbi at suscipit enim. Vestibulum fermentum ligula id erat ultricies iaculis. Pellentesque nec nisi sapien. Etiam volutpat a magna sit amet volutpat. Duis metus lorem, venenatis ac sodales eu, placerat in sapien. Vestibulum vel mollis nisl. Quisque eu aliquet orci, posuere fringilla erat. Vivamus tempus enim ut risus sollicitudin, quis volutpat dui mollis. Duis hendrerit felis diam, ac rhoncus felis sollicitudin ac. Donec vel aliquam ipsum. Integer at nisi ullamcorper, rhoncus neque ac, mattis massa.", "type": "text", "style": "", "detail": 0, "format": 0, "version": 1}], "direction": null, "textStyle": "", "textFormat": 0}, {"type": "paragraph", "format": "", "indent": 0, "version": 1, "children": [{"mode": "normal", "text": "Fusce a suscipit orci, vitae dictum lorem. Nulla sit amet ante arcu. Aliquam ornare in urna eget varius. Donec facilisis, dui pharetra rutrum eleifend, diam mi consequat leo, sit amet iaculis erat metus ac neque. Pellentesque id nisl sed arcu tincidunt egestas. Ut sit amet lobortis erat. Proin erat dui, luctus sit amet dictum et, hendrerit quis risus. Proin quis elementum magna, in consequat nisi. Aliquam tincidunt gravida cursus. Sed ac lorem a purus pulvinar cursus. Vivamus sem sapien, vehicula quis erat nec, ultricies eleifend felis. Duis a quam pharetra, rutrum lorem vitae, semper ligula. Vestibulum a risus molestie, pharetra ligula id, aliquam arcu.", "type": "text", "style": "", "detail": 0, "format": 0, "version": 1}], "direction": null, "textStyle": "", "textFormat": 0}, {"type": "paragraph", "format": "", "indent": 0, "version": 1, "children": [{"mode": "normal", "text": "Fusce pellentesque in justo non vestibulum. Donec eu lectus gravida, elementum est quis, malesuada nisl. Aenean ut imperdiet neque. Nunc varius euismod condimentum. Praesent ex purus, volutpat sed facilisis sed, laoreet quis lacus. Vestibulum sed erat auctor neque cursus maximus non in lorem. Integer volutpat quam vel gravida consectetur.", "type": "text", "style": "", "detail": 0, "format": 0, "version": 1}], "direction": null, "textStyle": "", "textFormat": 0}], "direction": null}}	post 4 | Payload Website Template	68	Lorem ipsum dolor sit amet, consectetur adipiscing elit. Proin in vestibulum eros. Nunc ullamcorper eu odio et sollicitudin. Proin vitae nisi id le\n	2025-10-27 00:00:00+01	post-7	f	2025-11-25 09:41:16.482+01	2025-10-27 20:19:14.986+01	published	2025-11-25 09:41:16.485+01	2025-11-25 09:41:16.485+01	t	f
18	2	post 2	\N	{"root": {"type": "root", "format": "", "indent": 0, "version": 1, "children": [{"tag": "h1", "type": "heading", "format": "", "indent": 0, "version": 1, "children": [{"mode": "normal", "text": "Lorem ipsum dolor sit amet", "type": "text", "style": "", "detail": 0, "format": 0, "version": 1}], "direction": null}, {"type": "paragraph", "format": "", "indent": 0, "version": 1, "children": [{"mode": "normal", "text": ", consectetur adipiscing elit. Maecenas tempor mollis ipsum et volutpat. Integer faucibus metus at tortor posuere vestibulum. Nulla iaculis id massa ut euismod. Nullam dignissim vehicula orci nec condimentum. Fusce gravida, diam ac ultricies consectetur, neque turpis ullamcorper eros, eget placerat dolor augue sed augue. Integer ut nisi nec nisl maximus lacinia sed vehicula mauris. Pellentesque aliquet nibh at metus cursus congue vel nec leo. Mauris maximus ac leo vitae dapibus. Nam pretium lectus accumsan augue pellentesque euismod. Ut laoreet facilisis vehicula. Morbi velit purus, mattis eget libero vel, dictum venenatis erat. Suspendisse sapien metus, consectetur in tempor eu, scelerisque vitae elit. Nulla facilisi.", "type": "text", "style": "", "detail": 0, "format": 0, "version": 1}], "direction": null, "textStyle": "", "textFormat": 0}, {"type": "paragraph", "format": "", "indent": 0, "version": 1, "children": [{"mode": "normal", "text": "Duis quis turpis non purus porttitor luctus et sit amet nulla", "type": "text", "style": "", "detail": 0, "format": 2, "version": 1}, {"mode": "normal", "text": ". Phasellus imperdiet eleifend ligula. Proin eu egestas turpis, molestie congue nisl. Aenean laoreet lorem lorem, ac lacinia lorem molestie interdum. Nunc sit amet commodo quam. Proin commodo rhoncus egestas. Donec fringilla leo augue, nec tempus leo gravida a. Aliquam at tristique enim. Aenean non semper lacus. Vivamus efficitur mollis laoreet. Praesent tempus dictum elit, eget volutpat sapien euismod hendrerit. Sed tempor odio vitae lectus congue, sed blandit massa fermentum.", "type": "text", "style": "", "detail": 0, "format": 0, "version": 1}], "direction": null, "textStyle": "", "textFormat": 2}, {"type": "quote", "format": "", "indent": 0, "version": 1, "children": [{"mode": "normal", "text": "In non justo vel quam facilisis aliquam vitae pretium lorem. Sed vitae egestas turpis. Duis non tortor in eros eleifend laoreet. Pellentesque habitant morbi tristique senectus et netus et malesuada fames ac turpis egestas. Donec mauris lectus, vulputate ut egestas ut, iaculis a erat. Sed neque libero, semper nec semper a, vulputate vitae ipsum. Nam pulvinar nisi at orci condimentum, sed posuere nisi rutrum. Duis laoreet porttitor orci ut volutpat. Phasellus congue erat sit amet egestas aliquam. Morbi venenatis neque sit amet nunc porta finibus. Curabitur id velit lectus.", "type": "text", "style": "", "detail": 0, "format": 0, "version": 1}], "direction": null}, {"type": "paragraph", "format": "", "indent": 0, "version": 1, "children": [{"mode": "normal", "text": "Vivamus porta risus et erat interdum, a condimentum augue mollis. Proin pharetra, nunc ac volutpat dapibus, elit lacus egestas ante, a accumsan eros ante eleifend nibh. Nulla commodo eget sem quis facilisis. Pellentesque diam ante, ornare in blandit at, placerat vitae orci. Sed venenatis sapien ex, sit amet semper nunc pulvinar sed. Praesent eu quam vel mi scelerisque imperdiet. Phasellus in interdum elit. Proin pellentesque libero massa, condimentum pretium mi scelerisque at. Integer in sem sed sem pellentesque cursus id in tortor. Nullam id tristique dui. Sed et rhoncus ipsum, vitae ornare erat. Mauris sit amet odio dapibus dui porta congue. In egestas fringilla fermentum. Fusce vulputate faucibus diam, ac posuere urna feugiat nec.", "type": "text", "style": "", "detail": 0, "format": 0, "version": 1}], "direction": null, "textStyle": "", "textFormat": 0}, {"type": "paragraph", "format": "", "indent": 0, "version": 1, "children": [{"mode": "normal", "text": "Proin id porta tellus. Fusce suscipit turpis ac mattis scelerisque. Integer lacinia mi et posuere imperdiet. Donec ut ligula nec tellus maximus imperdiet. Nam egestas erat tincidunt, blandit sem quis, gravida lacus. Quisque dictum dapibus dictum. Aliquam ac urna sit amet sapien ultricies efficitur. Mauris ac tincidunt velit, sed aliquet diam. Praesent non risus sodales, sollicitudin lectus sagittis, convallis ante. Quisque imperdiet ante eget ligula vehicula placerat cursus vitae purus. Etiam eu venenatis orci.", "type": "text", "style": "", "detail": 0, "format": 0, "version": 1}], "direction": null, "textStyle": "", "textFormat": 0}, {"type": "block", "fields": {"id": "68fbb90a8a804de2de0fb8bb", "media": 24, "blockName": "", "blockType": "mediaBlock", "sectionName": "borrar"}, "format": "", "version": 2}, {"type": "paragraph", "format": "", "indent": 0, "version": 1, "children": [], "direction": null, "textStyle": "", "textFormat": 0}, {"type": "paragraph", "format": "", "indent": 0, "version": 1, "children": [{"mode": "normal", "text": "Donec ut vehicula lectus, at pellentesque orci. Phasellus lacinia viverra ex at fermentum. Nunc tincidunt nunc et lectus malesuada, id fermentum nisl facilisis. Donec elementum mollis massa varius scelerisque. Aliquam tincidunt nibh eu pellentesque consectetur. Morbi venenatis sapien lacus, sit amet vulputate elit tempus posuere. Proin ut facilisis felis, vel rhoncus felis. Integer imperdiet sem ut neque aliquam, eget vestibulum eros ultricies. Duis efficitur sem enim, sit amet tristique urna gravida non. Aliquam aliquet consectetur neque id tristique. Praesent sit amet erat quam. Nullam egestas orci id tellus scelerisque, vel ullamcorper dui dictum. Nulla tempus ac sapien nec porttitor.", "type": "text", "style": "", "detail": 0, "format": 0, "version": 1}], "direction": null, "textStyle": "", "textFormat": 0}, {"type": "paragraph", "format": "", "indent": 0, "version": 1, "children": [{"mode": "normal", "text": "Sed fermentum a lectus hendrerit ullamcorper. Nunc sagittis nec lacus vel volutpat. In ac enim eros. Nunc dapibus, turpis et faucibus vulputate, quam sapien dictum lorem, id varius tortor elit faucibus odio. Sed at justo ac nisl placerat vestibulum at in diam. Vivamus quis condimentum enim. Mauris vestibulum nec erat nec congue. Vestibulum luctus tincidunt tellus et iaculis. Integer at ligula mi. Fusce laoreet leo vel quam efficitur, vitae vulputate leo efficitur. Sed pharetra ligula vitae ex pharetra viverra. Donec metus justo, commodo in dictum sit amet, cursus quis enim. Phasellus laoreet quam sapien, vitae congue mauris posuere non. Interdum et malesuada fames ac ante ipsum primis in faucibus. Nullam euismod rhoncus arcu, a blandit est pharetra ac. Pellentesque sapien mauris, dapibus sit amet risus sit amet, tempor eleifend purus.", "type": "text", "style": "", "detail": 0, "format": 0, "version": 1}], "direction": null, "textStyle": "", "textFormat": 0}, {"type": "paragraph", "format": "", "indent": 0, "version": 1, "children": [{"mode": "normal", "text": "Pellentesque varius vel eros quis convallis. Cras nec purus diam. Suspendisse id lobortis velit. Fusce convallis nisl libero, nec pretium nunc dictum non. Nam ut egestas ipsum. Sed sem sapien, hendrerit in sollicitudin et, pulvinar in metus. Praesent iaculis tempor massa ac sollicitudin. Nunc vestibulum aliquet lectus sit amet volutpat. Suspendisse nec varius augue. Aliquam tellus lacus, euismod ut tortor non, rhoncus semper libero. Nunc ac fringilla magna, et ultrices diam. Fusce ac ipsum nisl.", "type": "text", "style": "", "detail": 0, "format": 0, "version": 1}], "direction": null, "textStyle": "", "textFormat": 0}, {"type": "paragraph", "format": "", "indent": 0, "version": 1, "children": [{"mode": "normal", "text": "Vestibulum erat ante, maximus eget ante vitae, ornare congue tortor. Nam nunc elit, ultricies quis tincidunt sit amet, dignissim eu mauris. Quisque congue lectus ut viverra interdum. Donec porta est ac tincidunt rutrum. Integer tempus ipsum rutrum, fringilla orci ut, feugiat erat. Aliquam a placerat justo. Sed vel dolor ultricies, sollicitudin sem id, fringilla diam. Nam eget lacus eu mauris sagittis fermentum eu vitae turpis. Nulla nisi massa, sagittis viverra ullamcorper nec, consequat vitae nisl. Maecenas molestie ligula id arcu malesuada viverra. Nunc nulla nibh, luctus ac augue vitae, imperdiet tempor est.", "type": "text", "style": "", "detail": 0, "format": 0, "version": 1}], "direction": null, "textStyle": "", "textFormat": 0}, {"type": "paragraph", "format": "", "indent": 0, "version": 1, "children": [{"mode": "normal", "text": "Nullam interdum sapien eget bibendum maximus. Duis ac massa ac dolor consectetur eleifend. Proin nec tempor nibh, vel molestie nisi. Nunc eros mi, laoreet ut porttitor rhoncus, vestibulum sit amet arcu. Nullam at pellentesque ligula. Sed id dignissim magna. In aliquam mi sapien, vitae ornare quam aliquet tempor.", "type": "text", "style": "", "detail": 0, "format": 0, "version": 1}], "direction": null, "textStyle": "", "textFormat": 0}], "direction": null}}	\N	\N	\N	2025-10-24 19:36:34.051+02	post-2	f	2025-10-24 20:00:54.239+02	2025-10-24 19:34:43.606+02	published	2025-10-24 20:00:54.242+02	2025-10-24 20:00:54.242+02	f	f
17	2	post 2	\N	{"root": {"type": "root", "format": "", "indent": 0, "version": 1, "children": [{"tag": "h1", "type": "heading", "format": "", "indent": 0, "version": 1, "children": [{"mode": "normal", "text": "Lorem ipsum dolor sit amet", "type": "text", "style": "", "detail": 0, "format": 0, "version": 1}], "direction": null}, {"type": "paragraph", "format": "", "indent": 0, "version": 1, "children": [{"mode": "normal", "text": ", consectetur adipiscing elit. Maecenas tempor mollis ipsum et volutpat. Integer faucibus metus at tortor posuere vestibulum. Nulla iaculis id massa ut euismod. Nullam dignissim vehicula orci nec condimentum. Fusce gravida, diam ac ultricies consectetur, neque turpis ullamcorper eros, eget placerat dolor augue sed augue. Integer ut nisi nec nisl maximus lacinia sed vehicula mauris. Pellentesque aliquet nibh at metus cursus congue vel nec leo. Mauris maximus ac leo vitae dapibus. Nam pretium lectus accumsan augue pellentesque euismod. Ut laoreet facilisis vehicula. Morbi velit purus, mattis eget libero vel, dictum venenatis erat. Suspendisse sapien metus, consectetur in tempor eu, scelerisque vitae elit. Nulla facilisi.", "type": "text", "style": "", "detail": 0, "format": 0, "version": 1}], "direction": null, "textStyle": "", "textFormat": 0}, {"type": "paragraph", "format": "", "indent": 0, "version": 1, "children": [{"mode": "normal", "text": "Duis quis turpis non purus porttitor luctus et sit amet nulla", "type": "text", "style": "", "detail": 0, "format": 2, "version": 1}, {"mode": "normal", "text": ". Phasellus imperdiet eleifend ligula. Proin eu egestas turpis, molestie congue nisl. Aenean laoreet lorem lorem, ac lacinia lorem molestie interdum. Nunc sit amet commodo quam. Proin commodo rhoncus egestas. Donec fringilla leo augue, nec tempus leo gravida a. Aliquam at tristique enim. Aenean non semper lacus. Vivamus efficitur mollis laoreet. Praesent tempus dictum elit, eget volutpat sapien euismod hendrerit. Sed tempor odio vitae lectus congue, sed blandit massa fermentum.", "type": "text", "style": "", "detail": 0, "format": 0, "version": 1}], "direction": null, "textStyle": "", "textFormat": 2}, {"type": "quote", "format": "", "indent": 0, "version": 1, "children": [{"mode": "normal", "text": "In non justo vel quam facilisis aliquam vitae pretium lorem. Sed vitae egestas turpis. Duis non tortor in eros eleifend laoreet. Pellentesque habitant morbi tristique senectus et netus et malesuada fames ac turpis egestas. Donec mauris lectus, vulputate ut egestas ut, iaculis a erat. Sed neque libero, semper nec semper a, vulputate vitae ipsum. Nam pulvinar nisi at orci condimentum, sed posuere nisi rutrum. Duis laoreet porttitor orci ut volutpat. Phasellus congue erat sit amet egestas aliquam. Morbi venenatis neque sit amet nunc porta finibus. Curabitur id velit lectus.", "type": "text", "style": "", "detail": 0, "format": 0, "version": 1}], "direction": null}, {"type": "paragraph", "format": "", "indent": 0, "version": 1, "children": [{"mode": "normal", "text": "Vivamus porta risus et erat interdum, a condimentum augue mollis. Proin pharetra, nunc ac volutpat dapibus, elit lacus egestas ante, a accumsan eros ante eleifend nibh. Nulla commodo eget sem quis facilisis. Pellentesque diam ante, ornare in blandit at, placerat vitae orci. Sed venenatis sapien ex, sit amet semper nunc pulvinar sed. Praesent eu quam vel mi scelerisque imperdiet. Phasellus in interdum elit. Proin pellentesque libero massa, condimentum pretium mi scelerisque at. Integer in sem sed sem pellentesque cursus id in tortor. Nullam id tristique dui. Sed et rhoncus ipsum, vitae ornare erat. Mauris sit amet odio dapibus dui porta congue. In egestas fringilla fermentum. Fusce vulputate faucibus diam, ac posuere urna feugiat nec.", "type": "text", "style": "", "detail": 0, "format": 0, "version": 1}], "direction": null, "textStyle": "", "textFormat": 0}, {"type": "paragraph", "format": "", "indent": 0, "version": 1, "children": [{"mode": "normal", "text": "Proin id porta tellus. Fusce suscipit turpis ac mattis scelerisque. Integer lacinia mi et posuere imperdiet. Donec ut ligula nec tellus maximus imperdiet. Nam egestas erat tincidunt, blandit sem quis, gravida lacus. Quisque dictum dapibus dictum. Aliquam ac urna sit amet sapien ultricies efficitur. Mauris ac tincidunt velit, sed aliquet diam. Praesent non risus sodales, sollicitudin lectus sagittis, convallis ante. Quisque imperdiet ante eget ligula vehicula placerat cursus vitae purus. Etiam eu venenatis orci.", "type": "text", "style": "", "detail": 0, "format": 0, "version": 1}], "direction": null, "textStyle": "", "textFormat": 0}, {"type": "block", "fields": {"id": "68fbb90a8a804de2de0fb8bb", "media": 24, "blockName": "", "blockType": "mediaBlock", "sectionName": "borrar"}, "format": "", "version": 2}, {"type": "paragraph", "format": "", "indent": 0, "version": 1, "children": [], "direction": null, "textStyle": "", "textFormat": 0}, {"type": "paragraph", "format": "", "indent": 0, "version": 1, "children": [{"mode": "normal", "text": "Donec ut vehicula lectus, at pellentesque orci. Phasellus lacinia viverra ex at fermentum. Nunc tincidunt nunc et lectus malesuada, id fermentum nisl facilisis. Donec elementum mollis massa varius scelerisque. Aliquam tincidunt nibh eu pellentesque consectetur. Morbi venenatis sapien lacus, sit amet vulputate elit tempus posuere. Proin ut facilisis felis, vel rhoncus felis. Integer imperdiet sem ut neque aliquam, eget vestibulum eros ultricies. Duis efficitur sem enim, sit amet tristique urna gravida non. Aliquam aliquet consectetur neque id tristique. Praesent sit amet erat quam. Nullam egestas orci id tellus scelerisque, vel ullamcorper dui dictum. Nulla tempus ac sapien nec porttitor.", "type": "text", "style": "", "detail": 0, "format": 0, "version": 1}], "direction": null, "textStyle": "", "textFormat": 0}, {"type": "paragraph", "format": "", "indent": 0, "version": 1, "children": [{"mode": "normal", "text": "Sed fermentum a lectus hendrerit ullamcorper. Nunc sagittis nec lacus vel volutpat. In ac enim eros. Nunc dapibus, turpis et faucibus vulputate, quam sapien dictum lorem, id varius tortor elit faucibus odio. Sed at justo ac nisl placerat vestibulum at in diam. Vivamus quis condimentum enim. Mauris vestibulum nec erat nec congue. Vestibulum luctus tincidunt tellus et iaculis. Integer at ligula mi. Fusce laoreet leo vel quam efficitur, vitae vulputate leo efficitur. Sed pharetra ligula vitae ex pharetra viverra. Donec metus justo, commodo in dictum sit amet, cursus quis enim. Phasellus laoreet quam sapien, vitae congue mauris posuere non. Interdum et malesuada fames ac ante ipsum primis in faucibus. Nullam euismod rhoncus arcu, a blandit est pharetra ac. Pellentesque sapien mauris, dapibus sit amet risus sit amet, tempor eleifend purus.", "type": "text", "style": "", "detail": 0, "format": 0, "version": 1}], "direction": null, "textStyle": "", "textFormat": 0}, {"type": "paragraph", "format": "", "indent": 0, "version": 1, "children": [{"mode": "normal", "text": "Pellentesque varius vel eros quis convallis. Cras nec purus diam. Suspendisse id lobortis velit. Fusce convallis nisl libero, nec pretium nunc dictum non. Nam ut egestas ipsum. Sed sem sapien, hendrerit in sollicitudin et, pulvinar in metus. Praesent iaculis tempor massa ac sollicitudin. Nunc vestibulum aliquet lectus sit amet volutpat. Suspendisse nec varius augue. Aliquam tellus lacus, euismod ut tortor non, rhoncus semper libero. Nunc ac fringilla magna, et ultrices diam. Fusce ac ipsum nisl.", "type": "text", "style": "", "detail": 0, "format": 0, "version": 1}], "direction": null, "textStyle": "", "textFormat": 0}, {"type": "paragraph", "format": "", "indent": 0, "version": 1, "children": [{"mode": "normal", "text": "Vestibulum erat ante, maximus eget ante vitae, ornare congue tortor. Nam nunc elit, ultricies quis tincidunt sit amet, dignissim eu mauris. Quisque congue lectus ut viverra interdum. Donec porta est ac tincidunt rutrum. Integer tempus ipsum rutrum, fringilla orci ut, feugiat erat. Aliquam a placerat justo. Sed vel dolor ultricies, sollicitudin sem id, fringilla diam. Nam eget lacus eu mauris sagittis fermentum eu vitae turpis. Nulla nisi massa, sagittis viverra ullamcorper nec, consequat vitae nisl. Maecenas molestie ligula id arcu malesuada viverra. Nunc nulla nibh, luctus ac augue vitae, imperdiet tempor est.", "type": "text", "style": "", "detail": 0, "format": 0, "version": 1}], "direction": null, "textStyle": "", "textFormat": 0}, {"type": "paragraph", "format": "", "indent": 0, "version": 1, "children": [{"mode": "normal", "text": "Nullam interdum sapien eget bibendum maximus. Duis ac massa ac dolor consectetur eleifend. Proin nec tempor nibh, vel molestie nisi. Nunc eros mi, laoreet ut porttitor rhoncus, vestibulum sit amet arcu. Nullam at pellentesque ligula. Sed id dignissim magna. In aliquam mi sapien, vitae ornare quam aliquet tempor.", "type": "text", "style": "", "detail": 0, "format": 0, "version": 1}], "direction": null, "textStyle": "", "textFormat": 0}], "direction": null}}	\N	\N	\N	2025-10-24 19:36:34.051+02	post-2	f	2025-10-24 20:00:52.433+02	2025-10-24 19:34:43.606+02	draft	2025-10-24 20:00:47.722+02	2025-10-24 20:00:52.433+02	f	t
6	1	post01	\N	{"root": {"type": "root", "format": "", "indent": 0, "version": 1, "children": [{"type": "paragraph", "format": "", "indent": 0, "version": 1, "children": [{"mode": "normal", "text": "posts ", "type": "text", "style": "", "detail": 0, "format": 0, "version": 1}], "direction": null, "textStyle": "", "textFormat": 0}], "direction": null}}	\N	\N	\N	2025-10-24 18:06:54.442+02	post01	f	2025-10-24 18:07:08.339+02	2025-10-24 13:53:45.978+02	draft	2025-10-24 18:07:08.339+02	2025-10-24 18:07:08.339+02	f	t
34	4	\N	\N	\N	\N	\N	\N	\N	\N	t	2025-10-27 20:11:44.735+01	2025-10-27 20:11:44.735+01	draft	2025-10-27 20:11:44.737+01	2025-10-27 20:11:44.737+01	f	f
20	2	post 2	\N	{"root": {"type": "root", "format": "", "indent": 0, "version": 1, "children": [{"tag": "h1", "type": "heading", "format": "", "indent": 0, "version": 1, "children": [{"mode": "normal", "text": "Lorem ipsum dolor sit amet", "type": "text", "style": "", "detail": 0, "format": 0, "version": 1}], "direction": null}, {"type": "paragraph", "format": "", "indent": 0, "version": 1, "children": [{"mode": "normal", "text": ", consectetur adipiscing elit. Maecenas tempor mollis ipsum et volutpat. Integer faucibus metus at tortor posuere vestibulum. Nulla iaculis id massa ut euismod. Nullam dignissim vehicula orci nec condimentum. Fusce gravida, diam ac ultricies consectetur, neque turpis ullamcorper eros, eget placerat dolor augue sed augue. Integer ut nisi nec nisl maximus lacinia sed vehicula mauris. Pellentesque aliquet nibh at metus cursus congue vel nec leo. Mauris maximus ac leo vitae dapibus. Nam pretium lectus accumsan augue pellentesque euismod. Ut laoreet facilisis vehicula. Morbi velit purus, mattis eget libero vel, dictum venenatis erat. Suspendisse sapien metus, consectetur in tempor eu, scelerisque vitae elit. Nulla facilisi.", "type": "text", "style": "", "detail": 0, "format": 0, "version": 1}], "direction": null, "textStyle": "", "textFormat": 0}, {"type": "paragraph", "format": "", "indent": 0, "version": 1, "children": [{"mode": "normal", "text": "Duis quis turpis non purus porttitor luctus et sit amet nulla", "type": "text", "style": "", "detail": 0, "format": 2, "version": 1}, {"mode": "normal", "text": ". Phasellus imperdiet eleifend ligula. Proin eu egestas turpis, molestie congue nisl. Aenean laoreet lorem lorem, ac lacinia lorem molestie interdum. Nunc sit amet commodo quam. Proin commodo rhoncus egestas. Donec fringilla leo augue, nec tempus leo gravida a. Aliquam at tristique enim. Aenean non semper lacus. Vivamus efficitur mollis laoreet. Praesent tempus dictum elit, eget volutpat sapien euismod hendrerit. Sed tempor odio vitae lectus congue, sed blandit massa fermentum.", "type": "text", "style": "", "detail": 0, "format": 0, "version": 1}], "direction": null, "textStyle": "", "textFormat": 2}, {"type": "quote", "format": "", "indent": 0, "version": 1, "children": [{"mode": "normal", "text": "In non justo vel quam facilisis aliquam vitae pretium lorem. Sed vitae egestas turpis. Duis non tortor in eros eleifend laoreet. Pellentesque habitant morbi tristique senectus et netus et malesuada fames ac turpis egestas. Donec mauris lectus, vulputate ut egestas ut, iaculis a erat. Sed neque libero, semper nec semper a, vulputate vitae ipsum. Nam pulvinar nisi at orci condimentum, sed posuere nisi rutrum. Duis laoreet porttitor orci ut volutpat. Phasellus congue erat sit amet egestas aliquam. Morbi venenatis neque sit amet nunc porta finibus. Curabitur id velit lectus.", "type": "text", "style": "", "detail": 0, "format": 0, "version": 1}], "direction": null}, {"type": "paragraph", "format": "", "indent": 0, "version": 1, "children": [{"mode": "normal", "text": "Vivamus porta risus et erat interdum, a condimentum augue mollis. Proin pharetra, nunc ac volutpat dapibus, elit lacus egestas ante, a accumsan eros ante eleifend nibh. Nulla commodo eget sem quis facilisis. Pellentesque diam ante, ornare in blandit at, placerat vitae orci. Sed venenatis sapien ex, sit amet semper nunc pulvinar sed. Praesent eu quam vel mi scelerisque imperdiet. Phasellus in interdum elit. Proin pellentesque libero massa, condimentum pretium mi scelerisque at. Integer in sem sed sem pellentesque cursus id in tortor. Nullam id tristique dui. Sed et rhoncus ipsum, vitae ornare erat. Mauris sit amet odio dapibus dui porta congue. In egestas fringilla fermentum. Fusce vulputate faucibus diam, ac posuere urna feugiat nec.", "type": "text", "style": "", "detail": 0, "format": 0, "version": 1}], "direction": null, "textStyle": "", "textFormat": 0}, {"type": "paragraph", "format": "", "indent": 0, "version": 1, "children": [{"mode": "normal", "text": "Proin id porta tellus. Fusce suscipit turpis ac mattis scelerisque. Integer lacinia mi et posuere imperdiet. Donec ut ligula nec tellus maximus imperdiet. Nam egestas erat tincidunt, blandit sem quis, gravida lacus. Quisque dictum dapibus dictum. Aliquam ac urna sit amet sapien ultricies efficitur. Mauris ac tincidunt velit, sed aliquet diam. Praesent non risus sodales, sollicitudin lectus sagittis, convallis ante. Quisque imperdiet ante eget ligula vehicula placerat cursus vitae purus. Etiam eu venenatis orci.", "type": "text", "style": "", "detail": 0, "format": 0, "version": 1}], "direction": null, "textStyle": "", "textFormat": 0}, {"type": "block", "fields": {"id": "68fbb90a8a804de2de0fb8bb", "media": 24, "blockName": "", "blockType": "mediaBlock", "sectionName": "borrar"}, "format": "", "version": 2}, {"type": "paragraph", "format": "", "indent": 0, "version": 1, "children": [], "direction": null, "textStyle": "", "textFormat": 0}, {"type": "paragraph", "format": "", "indent": 0, "version": 1, "children": [{"mode": "normal", "text": "Donec ut vehicula lectus, at pellentesque orci. Phasellus lacinia viverra ex at fermentum. Nunc tincidunt nunc et lectus malesuada, id fermentum nisl facilisis. Donec elementum mollis massa varius scelerisque. Aliquam tincidunt nibh eu pellentesque consectetur. Morbi venenatis sapien lacus, sit amet vulputate elit tempus posuere. Proin ut facilisis felis, vel rhoncus felis. Integer imperdiet sem ut neque aliquam, eget vestibulum eros ultricies. Duis efficitur sem enim, sit amet tristique urna gravida non. Aliquam aliquet consectetur neque id tristique. Praesent sit amet erat quam. Nullam egestas orci id tellus scelerisque, vel ullamcorper dui dictum. Nulla tempus ac sapien nec porttitor.", "type": "text", "style": "", "detail": 0, "format": 0, "version": 1}], "direction": null, "textStyle": "", "textFormat": 0}, {"type": "paragraph", "format": "", "indent": 0, "version": 1, "children": [{"mode": "normal", "text": "Sed fermentum a lectus hendrerit ullamcorper. Nunc sagittis nec lacus vel volutpat. In ac enim eros. Nunc dapibus, turpis et faucibus vulputate, quam sapien dictum lorem, id varius tortor elit faucibus odio. Sed at justo ac nisl placerat vestibulum at in diam. Vivamus quis condimentum enim. Mauris vestibulum nec erat nec congue. Vestibulum luctus tincidunt tellus et iaculis. Integer at ligula mi. Fusce laoreet leo vel quam efficitur, vitae vulputate leo efficitur. Sed pharetra ligula vitae ex pharetra viverra. Donec metus justo, commodo in dictum sit amet, cursus quis enim. Phasellus laoreet quam sapien, vitae congue mauris posuere non. Interdum et malesuada fames ac ante ipsum primis in faucibus. Nullam euismod rhoncus arcu, a blandit est pharetra ac. Pellentesque sapien mauris, dapibus sit amet risus sit amet, tempor eleifend purus.", "type": "text", "style": "", "detail": 0, "format": 0, "version": 1}], "direction": null, "textStyle": "", "textFormat": 0}, {"type": "paragraph", "format": "", "indent": 0, "version": 1, "children": [{"mode": "normal", "text": "Pellentesque varius vel eros quis convallis. Cras nec purus diam. Suspendisse id lobortis velit. Fusce convallis nisl libero, nec pretium nunc dictum non. Nam ut egestas ipsum. Sed sem sapien, hendrerit in sollicitudin et, pulvinar in metus. Praesent iaculis tempor massa ac sollicitudin. Nunc vestibulum aliquet lectus sit amet volutpat. Suspendisse nec varius augue. Aliquam tellus lacus, euismod ut tortor non, rhoncus semper libero. Nunc ac fringilla magna, et ultrices diam. Fusce ac ipsum nisl.", "type": "text", "style": "", "detail": 0, "format": 0, "version": 1}], "direction": null, "textStyle": "", "textFormat": 0}, {"type": "paragraph", "format": "", "indent": 0, "version": 1, "children": [{"mode": "normal", "text": "Vestibulum erat ante, maximus eget ante vitae, ornare congue tortor. Nam nunc elit, ultricies quis tincidunt sit amet, dignissim eu mauris. Quisque congue lectus ut viverra interdum. Donec porta est ac tincidunt rutrum. Integer tempus ipsum rutrum, fringilla orci ut, feugiat erat. Aliquam a placerat justo. Sed vel dolor ultricies, sollicitudin sem id, fringilla diam. Nam eget lacus eu mauris sagittis fermentum eu vitae turpis. Nulla nisi massa, sagittis viverra ullamcorper nec, consequat vitae nisl. Maecenas molestie ligula id arcu malesuada viverra. Nunc nulla nibh, luctus ac augue vitae, imperdiet tempor est.", "type": "text", "style": "", "detail": 0, "format": 0, "version": 1}], "direction": null, "textStyle": "", "textFormat": 0}, {"type": "paragraph", "format": "", "indent": 0, "version": 1, "children": [{"mode": "normal", "text": "Nullam interdum sapien eget bibendum maximus. Duis ac massa ac dolor consectetur eleifend. Proin nec tempor nibh, vel molestie nisi. Nunc eros mi, laoreet ut porttitor rhoncus, vestibulum sit amet arcu. Nullam at pellentesque ligula. Sed id dignissim magna. In aliquam mi sapien, vitae ornare quam aliquet tempor.", "type": "text", "style": "", "detail": 0, "format": 0, "version": 1}], "direction": null, "textStyle": "", "textFormat": 0}], "direction": null}}	post 2 | Payload Website Template	\N	Lorem ipsum dolor sit amet, consectetur adipiscing elit. Maecenas tempor mollis ipsum et volutpat. Integer faucibus metus at tortor posuere vestibulu	2025-10-24 19:36:34.051+02	post-2	f	2025-10-24 20:04:51.349+02	2025-10-24 19:34:43.606+02	published	2025-10-24 20:04:51.355+02	2025-10-24 20:04:51.355+02	f	f
23	2	post 2	\N	{"root": {"type": "root", "format": "", "indent": 0, "version": 1, "children": [{"tag": "h1", "type": "heading", "format": "", "indent": 0, "version": 1, "children": [{"mode": "normal", "text": "Lorem ipsum dolor sit ameta", "type": "text", "style": "", "detail": 0, "format": 0, "version": 1}], "direction": null}, {"type": "paragraph", "format": "", "indent": 0, "version": 1, "children": [{"mode": "normal", "text": ", consectetur adipiscing elit. Maecenas tempor mollis ipsum et volutpat. Integer faucibus metus at tortor posuere vestibulum. Nulla iaculis id massa ut euismod. Nullam dignissim vehicula orci nec condimentum. Fusce gravida, diam ac ultricies consectetur, neque turpis ullamcorper eros, eget placerat dolor augue sed augue. Integer ut nisi nec nisl maximus lacinia sed vehicula mauris. Pellentesque aliquet nibh at metus cursus congue vel nec leo. Mauris maximus ac leo vitae dapibus. Nam pretium lectus accumsan augue pellentesque euismod. Ut laoreet facilisis vehicula. Morbi velit purus, mattis eget libero vel, dictum venenatis erat. Suspendisse sapien metus, consectetur in tempor eu, scelerisque vitae elit. Nulla facilisi.", "type": "text", "style": "", "detail": 0, "format": 0, "version": 1}], "direction": null, "textStyle": "", "textFormat": 0}, {"type": "paragraph", "format": "", "indent": 0, "version": 1, "children": [{"mode": "normal", "text": "Duis quis turpis non purus porttitor luctus et sit amet nulla", "type": "text", "style": "", "detail": 0, "format": 2, "version": 1}, {"mode": "normal", "text": ". Phasellus imperdiet eleifend ligula. Proin eu egestas turpis, molestie congue nisl. Aenean laoreet lorem lorem, ac lacinia lorem molestie interdum. Nunc sit amet commodo quam. Proin commodo rhoncus egestas. Donec fringilla leo augue, nec tempus leo gravida a. Aliquam at tristique enim. Aenean non semper lacus. Vivamus efficitur mollis laoreet. Praesent tempus dictum elit, eget volutpat sapien euismod hendrerit. Sed tempor odio vitae lectus congue, sed blandit massa fermentum.", "type": "text", "style": "", "detail": 0, "format": 0, "version": 1}], "direction": null, "textStyle": "", "textFormat": 2}, {"type": "quote", "format": "", "indent": 0, "version": 1, "children": [{"mode": "normal", "text": "In non justo vel quam facilisis aliquam vitae pretium lorem. Sed vitae egestas turpis. Duis non tortor in eros eleifend laoreet. Pellentesque habitant morbi tristique senectus et netus et malesuada fames ac turpis egestas. Donec mauris lectus, vulputate ut egestas ut, iaculis a erat. Sed neque libero, semper nec semper a, vulputate vitae ipsum. Nam pulvinar nisi at orci condimentum, sed posuere nisi rutrum. Duis laoreet porttitor orci ut volutpat. Phasellus congue erat sit amet egestas aliquam. Morbi venenatis neque sit amet nunc porta finibus. Curabitur id velit lectus.", "type": "text", "style": "", "detail": 0, "format": 0, "version": 1}], "direction": null}, {"type": "paragraph", "format": "", "indent": 0, "version": 1, "children": [{"mode": "normal", "text": "Vivamus porta risus et erat interdum, a condimentum augue mollis. Proin pharetra, nunc ac volutpat dapibus, elit lacus egestas ante, a accumsan eros ante eleifend nibh. Nulla commodo eget sem quis facilisis. Pellentesque diam ante, ornare in blandit at, placerat vitae orci. Sed venenatis sapien ex, sit amet semper nunc pulvinar sed. Praesent eu quam vel mi scelerisque imperdiet. Phasellus in interdum elit. Proin pellentesque libero massa, condimentum pretium mi scelerisque at. Integer in sem sed sem pellentesque cursus id in tortor. Nullam id tristique dui. Sed et rhoncus ipsum, vitae ornare erat. Mauris sit amet odio dapibus dui porta congue. In egestas fringilla fermentum. Fusce vulputate faucibus diam, ac posuere urna feugiat nec.", "type": "text", "style": "", "detail": 0, "format": 0, "version": 1}], "direction": null, "textStyle": "", "textFormat": 0}, {"type": "paragraph", "format": "", "indent": 0, "version": 1, "children": [{"mode": "normal", "text": "Proin id porta tellus. Fusce suscipit turpis ac mattis scelerisque. Integer lacinia mi et posuere imperdiet. Donec ut ligula nec tellus maximus imperdiet. Nam egestas erat tincidunt, blandit sem quis, gravida lacus. Quisque dictum dapibus dictum. Aliquam ac urna sit amet sapien ultricies efficitur. Mauris ac tincidunt velit, sed aliquet diam. Praesent non risus sodales, sollicitudin lectus sagittis, convallis ante. Quisque imperdiet ante eget ligula vehicula placerat cursus vitae purus. Etiam eu venenatis orci.", "type": "text", "style": "", "detail": 0, "format": 0, "version": 1}], "direction": null, "textStyle": "", "textFormat": 0}, {"type": "block", "fields": {"id": "68fbb90a8a804de2de0fb8bb", "media": 24, "blockName": "", "blockType": "mediaBlock", "sectionName": "borrar"}, "format": "", "version": 2}, {"type": "paragraph", "format": "", "indent": 0, "version": 1, "children": [], "direction": null, "textStyle": "", "textFormat": 0}, {"type": "paragraph", "format": "", "indent": 0, "version": 1, "children": [{"mode": "normal", "text": "Donec ut vehicula lectus, at pellentesque orci. Phasellus lacinia viverra ex at fermentum. Nunc tincidunt nunc et lectus malesuada, id fermentum nisl facilisis. Donec elementum mollis massa varius scelerisque. Aliquam tincidunt nibh eu pellentesque consectetur. Morbi venenatis sapien lacus, sit amet vulputate elit tempus posuere. Proin ut facilisis felis, vel rhoncus felis. Integer imperdiet sem ut neque aliquam, eget vestibulum eros ultricies. Duis efficitur sem enim, sit amet tristique urna gravida non. Aliquam aliquet consectetur neque id tristique. Praesent sit amet erat quam. Nullam egestas orci id tellus scelerisque, vel ullamcorper dui dictum. Nulla tempus ac sapien nec porttitor.", "type": "text", "style": "", "detail": 0, "format": 0, "version": 1}], "direction": null, "textStyle": "", "textFormat": 0}, {"type": "paragraph", "format": "", "indent": 0, "version": 1, "children": [{"mode": "normal", "text": "Sed fermentum a lectus hendrerit ullamcorper. Nunc sagittis nec lacus vel volutpat. In ac enim eros. Nunc dapibus, turpis et faucibus vulputate, quam sapien dictum lorem, id varius tortor elit faucibus odio. Sed at justo ac nisl placerat vestibulum at in diam. Vivamus quis condimentum enim. Mauris vestibulum nec erat nec congue. Vestibulum luctus tincidunt tellus et iaculis. Integer at ligula mi. Fusce laoreet leo vel quam efficitur, vitae vulputate leo efficitur. Sed pharetra ligula vitae ex pharetra viverra. Donec metus justo, commodo in dictum sit amet, cursus quis enim. Phasellus laoreet quam sapien, vitae congue mauris posuere non. Interdum et malesuada fames ac ante ipsum primis in faucibus. Nullam euismod rhoncus arcu, a blandit est pharetra ac. Pellentesque sapien mauris, dapibus sit amet risus sit amet, tempor eleifend purus.", "type": "text", "style": "", "detail": 0, "format": 0, "version": 1}], "direction": null, "textStyle": "", "textFormat": 0}, {"type": "paragraph", "format": "", "indent": 0, "version": 1, "children": [{"mode": "normal", "text": "Pellentesque varius vel eros quis convallis. Cras nec purus diam. Suspendisse id lobortis velit. Fusce convallis nisl libero, nec pretium nunc dictum non. Nam ut egestas ipsum. Sed sem sapien, hendrerit in sollicitudin et, pulvinar in metus. Praesent iaculis tempor massa ac sollicitudin. Nunc vestibulum aliquet lectus sit amet volutpat. Suspendisse nec varius augue. Aliquam tellus lacus, euismod ut tortor non, rhoncus semper libero. Nunc ac fringilla magna, et ultrices diam. Fusce ac ipsum nisl.", "type": "text", "style": "", "detail": 0, "format": 0, "version": 1}], "direction": null, "textStyle": "", "textFormat": 0}, {"type": "paragraph", "format": "", "indent": 0, "version": 1, "children": [{"mode": "normal", "text": "Vestibulum erat ante, maximus eget ante vitae, ornare congue tortor. Nam nunc elit, ultricies quis tincidunt sit amet, dignissim eu mauris. Quisque congue lectus ut viverra interdum. Donec porta est ac tincidunt rutrum. Integer tempus ipsum rutrum, fringilla orci ut, feugiat erat. Aliquam a placerat justo. Sed vel dolor ultricies, sollicitudin sem id, fringilla diam. Nam eget lacus eu mauris sagittis fermentum eu vitae turpis. Nulla nisi massa, sagittis viverra ullamcorper nec, consequat vitae nisl. Maecenas molestie ligula id arcu malesuada viverra. Nunc nulla nibh, luctus ac augue vitae, imperdiet tempor est.", "type": "text", "style": "", "detail": 0, "format": 0, "version": 1}], "direction": null, "textStyle": "", "textFormat": 0}, {"type": "paragraph", "format": "", "indent": 0, "version": 1, "children": [{"mode": "normal", "text": "Nullam interdum sapien eget bibendum maximus. Duis ac massa ac dolor consectetur eleifend. Proin nec tempor nibh, vel molestie nisi. Nunc eros mi, laoreet ut porttitor rhoncus, vestibulum sit amet arcu. Nullam at pellentesque ligula. Sed id dignissim magna. In aliquam mi sapien, vitae ornare quam aliquet tempor.", "type": "text", "style": "", "detail": 0, "format": 0, "version": 1}], "direction": null, "textStyle": "", "textFormat": 0}], "direction": null}}	post 2 | Payload Website Template	\N	Lorem ipsum dolor sit amet, consectetur adipiscing elit. Maecenas tempor mollis ipsum et volutpat. Integer faucibus metus at tortor posuere vestibulu	2025-10-24 19:36:34.051+02	post-2	f	2025-10-27 10:02:35.168+01	2025-10-24 19:34:43.606+02	draft	2025-10-25 12:07:36.858+02	2025-10-27 10:02:35.168+01	f	t
68	1	post01	\N	{"root": {"type": "root", "format": "", "indent": 0, "version": 1, "children": [{"type": "paragraph", "format": "", "indent": 0, "version": 1, "children": [{"mode": "normal", "text": "Lorem aaaaaaaaaaaaaaaaaaaaa ipsum dolor sit amet, consectetur adipiscing elit. Maecenas egestas erat risus, ac semper justo molestie vel. Aliquam erat volutpat. Phasellus imperdiet metus erat, id maximus diam placerat eu. Nam luctus lorem eget mauris tempus egestas. Aliquam tempus varius urna, quis finibus odio luctus a. Integer dictum finibus ex nec placerat. Phasellus risus est, consequat vitae tortor vel, accumsan commodo sapien. Ut convallis nunc et metus interdum, in luctus enim molestie. Fusce aliquet elit sed est imperdiet, vel elementum enim varius. Sed quis blandit arcu, lacinia molestie ante. Proin ac turpis urna. Pellentesque in tristique erat. Sed vitae congue sapien. Curabitur consectetur felis lectus. Etiam eu ligula id arcu feugiat eleifend.", "type": "text", "style": "", "detail": 0, "format": 0, "version": 1}], "direction": null, "textStyle": "", "textFormat": 0}, {"type": "paragraph", "format": "", "indent": 0, "version": 1, "children": [{"mode": "normal", "text": "Aliquam in lorem sed sapien bibendum feugiat eu ut turpis. Class aptent taciti sociosqu ad litora torquent per conubia nostra, per inceptos himenaeos. Morbi ante nisi, ultricies et condimentum vel, eleifend ac quam. Proin dui risus, efficitur eu massa eget, sollicitudin efficitur purus. Nulla egestas viverra dolor at tristique. Maecenas augue mi, imperdiet eget mattis in, aliquam eu sem. Ut libero diam, viverra quis lectus sed, congue iaculis ex. Ut semper ultricies posuere. Donec malesuada, leo ut semper rhoncus, tortor est pharetra turpis, in ultrices ante urna vehicula turpis. Donec eget varius velit, in volutpat neque. Morbi augue arcu, posuere non ullamcorper at, laoreet eu mauris. Suspendisse potenti. Pellentesque interdum leo ac sem convallis facilisis. Donec nec eros sit amet arcu ultrices mollis id et nisl.", "type": "text", "style": "", "detail": 0, "format": 0, "version": 1}], "direction": null, "textStyle": "", "textFormat": 0}, {"type": "paragraph", "format": "", "indent": 0, "version": 1, "children": [{"mode": "normal", "text": "Sed faucibus tellus sed orci porta tincidunt. Integer laoreet, turpis nec lobortis ultricies, ante risus volutpat odio, ut malesuada eros metus nec lorem. Ut eu mauris sed turpis accumsan scelerisque quis non lectus. Fusce et quam orci. Nam tempus felis eu turpis bibendum, non maximus nibh scelerisque. Donec id congue nisi. Fusce nulla dui, cursus consequat aliquet non, blandit et turpis. Proin ac laoreet urna. Donec id mi in felis elementum euismod in quis augue. Integer eget eleifend est.", "type": "text", "style": "", "detail": 0, "format": 0, "version": 1}], "direction": null, "textStyle": "", "textFormat": 0}, {"type": "paragraph", "format": "", "indent": 0, "version": 1, "children": [{"mode": "normal", "text": "Phasellus mollis cursus tortor, in dignissim felis vulputate quis. Nulla interdum nulla imperdiet, pulvinar mauris eget, sagittis mauris. Donec aliquam semper tellus quis condimentum. Vivamus sit amet nisl sit amet lectus ullamcorper faucibus. Vestibulum ante ipsum primis in faucibus orci luctus et ultrices posuere cubilia curae; Nullam mollis, libero finibus blandit luctus, nisl ante convallis risus, a aliquam sapien neque et risus. Praesent mollis porta laoreet. Duis lacus tortor, malesuada vitae metus non, efficitur viverra dolor. Phasellus rhoncus felis turpis, sed malesuada tellus malesuada in. Praesent fermentum sodales lacus eget lacinia. Sed convallis non purus id iaculis. Donec in malesuada enim. Cras vitae odio odio. Donec non nisi risus.", "type": "text", "style": "", "detail": 0, "format": 0, "version": 1}], "direction": null, "textStyle": "", "textFormat": 0}, {"type": "paragraph", "format": "", "indent": 0, "version": 1, "children": [{"mode": "normal", "text": "Etiam ac est lorem. Nullam fringilla vitae orci sed suscipit. Sed fermentum, nunc quis ultricies molestie, odio lectus suscipit enim, et venenatis dui tortor eget dolor. Suspendisse tempus tempor lacus sed tristique. Pellentesque habitant morbi tristique senectus et netus et malesuada fames ac turpis egestas. Integer sodales metus in neque pellentesque, eget rutrum lectus accumsan. Quisque at blandit mauris. Aliquam commodo volutpat tempus.", "type": "text", "style": "", "detail": 0, "format": 0, "version": 1}], "direction": null, "textStyle": "", "textFormat": 0}, {"type": "paragraph", "format": "", "indent": 0, "version": 1, "children": [], "direction": null, "textStyle": "", "textFormat": 0}], "direction": null}}	post01 | Payload Website Template	\N	Lorem ipsum dolor sit amet, consectetur adipiscing el sskkj iosjijijsi ijsijijs isjijisjij sijisjsijis isjiijis isji isji	2025-10-24 18:06:54.442+02	post01	f	2025-11-20 20:08:29.39+01	2025-10-24 13:53:45.978+02	published	2025-11-20 20:08:29.401+01	2025-11-20 20:08:29.401+01	f	f
25	1	post01	\N	{"root": {"type": "root", "format": "", "indent": 0, "version": 1, "children": [{"type": "paragraph", "format": "", "indent": 0, "version": 1, "children": [{"mode": "normal", "text": "Lorem ipsum dolor sit amet, consectetur adipiscing elit. Maecenas egestas erat risus, ac semper justo molestie vel. Aliquam erat volutpat. Phasellus imperdiet metus erat, id maximus diam placerat eu. Nam luctus lorem eget mauris tempus egestas. Aliquam tempus varius urna, quis finibus odio luctus a. Integer dictum finibus ex nec placerat. Phasellus risus est, consequat vitae tortor vel, accumsan commodo sapien. Ut convallis nunc et metus interdum, in luctus enim molestie. Fusce aliquet elit sed est imperdiet, vel elementum enim varius. Sed quis blandit arcu, lacinia molestie ante. Proin ac turpis urna. Pellentesque in tristique erat. Sed vitae congue sapien. Curabitur consectetur felis lectus. Etiam eu ligula id arcu feugiat eleifend.", "type": "text", "style": "", "detail": 0, "format": 0, "version": 1}], "direction": null, "textStyle": "", "textFormat": 0}, {"type": "paragraph", "format": "", "indent": 0, "version": 1, "children": [{"mode": "normal", "text": "Aliquam in lorem sed sapien bibendum feugiat eu ut turpis. Class aptent taciti sociosqu ad litora torquent per conubia nostra, per inceptos himenaeos. Morbi ante nisi, ultricies et condimentum vel, eleifend ac quam. Proin dui risus, efficitur eu massa eget, sollicitudin efficitur purus. Nulla egestas viverra dolor at tristique. Maecenas augue mi, imperdiet eget mattis in, aliquam eu sem. Ut libero diam, viverra quis lectus sed, congue iaculis ex. Ut semper ultricies posuere. Donec malesuada, leo ut semper rhoncus, tortor est pharetra turpis, in ultrices ante urna vehicula turpis. Donec eget varius velit, in volutpat neque. Morbi augue arcu, posuere non ullamcorper at, laoreet eu mauris. Suspendisse potenti. Pellentesque interdum leo ac sem convallis facilisis. Donec nec eros sit amet arcu ultrices mollis id et nisl.", "type": "text", "style": "", "detail": 0, "format": 0, "version": 1}], "direction": null, "textStyle": "", "textFormat": 0}, {"type": "paragraph", "format": "", "indent": 0, "version": 1, "children": [{"mode": "normal", "text": "Sed faucibus tellus sed orci porta tincidunt. Integer laoreet, turpis nec lobortis ultricies, ante risus volutpat odio, ut malesuada eros metus nec lorem. Ut eu mauris sed turpis accumsan scelerisque quis non lectus. Fusce et quam orci. Nam tempus felis eu turpis bibendum, non maximus nibh scelerisque. Donec id congue nisi. Fusce nulla dui, cursus consequat aliquet non, blandit et turpis. Proin ac laoreet urna. Donec id mi in felis elementum euismod in quis augue. Integer eget eleifend est.", "type": "text", "style": "", "detail": 0, "format": 0, "version": 1}], "direction": null, "textStyle": "", "textFormat": 0}, {"type": "paragraph", "format": "", "indent": 0, "version": 1, "children": [{"mode": "normal", "text": "Phasellus mollis cursus tortor, in dignissim felis vulputate quis. Nulla interdum nulla imperdiet, pulvinar mauris eget, sagittis mauris. Donec aliquam semper tellus quis condimentum. Vivamus sit amet nisl sit amet lectus ullamcorper faucibus. Vestibulum ante ipsum primis in faucibus orci luctus et ultrices posuere cubilia curae; Nullam mollis, libero finibus blandit luctus, nisl ante convallis risus, a aliquam sapien neque et risus. Praesent mollis porta laoreet. Duis lacus tortor, malesuada vitae metus non, efficitur viverra dolor. Phasellus rhoncus felis turpis, sed malesuada tellus malesuada in. Praesent fermentum sodales lacus eget lacinia. Sed convallis non purus id iaculis. Donec in malesuada enim. Cras vitae odio odio. Donec non nisi risus.", "type": "text", "style": "", "detail": 0, "format": 0, "version": 1}], "direction": null, "textStyle": "", "textFormat": 0}, {"type": "paragraph", "format": "", "indent": 0, "version": 1, "children": [{"mode": "normal", "text": "Etiam ac est lorem. Nullam fringilla vitae orci sed suscipit. Sed fermentum, nunc quis ultricies molestie, odio lectus suscipit enim, et venenatis dui tortor eget dolor. Suspendisse tempus tempor lacus sed tristique. Pellentesque habitant morbi tristique senectus et netus et malesuada fames ac turpis egestas. Integer sodales metus in neque pellentesque, eget rutrum lectus accumsan. Quisque at blandit mauris. Aliquam commodo volutpat tempus.", "type": "text", "style": "", "detail": 0, "format": 0, "version": 1}], "direction": null, "textStyle": "", "textFormat": 0}, {"type": "paragraph", "format": "", "indent": 0, "version": 1, "children": [], "direction": null, "textStyle": "", "textFormat": 0}], "direction": null}}	post01 | Payload Website Template	\N	Lorem ipsum dolor sit amet, consectetur adipiscing el sskkj iosjijijsi ijsijijs isjijisjij sijisjsijis isjiijis isji isji	2025-10-24 18:06:54.442+02	post01	f	2025-10-27 09:36:51.878+01	2025-10-24 13:53:45.978+02	published	2025-10-27 09:36:51.887+01	2025-10-27 09:36:51.887+01	f	f
24	1	post01	\N	{"root": {"type": "root", "format": "", "indent": 0, "version": 1, "children": [{"type": "paragraph", "format": "", "indent": 0, "version": 1, "children": [{"mode": "normal", "text": "Lorem ipsum dolor sit amet, consectetur adipiscing elit. Maecenas egestas erat risus, ac semper justo molestie vel. Aliquam erat volutpat. Phasellus imperdiet metus erat, id maximus diam placerat eu. Nam luctus lorem eget mauris tempus egestas. Aliquam tempus varius urna, quis finibus odio luctus a. Integer dictum finibus ex nec placerat. Phasellus risus est, consequat vitae tortor vel, accumsan commodo sapien. Ut convallis nunc et metus interdum, in luctus enim molestie. Fusce aliquet elit sed est imperdiet, vel elementum enim varius. Sed quis blandit arcu, lacinia molestie ante. Proin ac turpis urna. Pellentesque in tristique erat. Sed vitae congue sapien. Curabitur consectetur felis lectus. Etiam eu ligula id arcu feugiat eleifend.", "type": "text", "style": "", "detail": 0, "format": 0, "version": 1}], "direction": null, "textStyle": "", "textFormat": 0}, {"type": "paragraph", "format": "", "indent": 0, "version": 1, "children": [{"mode": "normal", "text": "Aliquam in lorem sed sapien bibendum feugiat eu ut turpis. Class aptent taciti sociosqu ad litora torquent per conubia nostra, per inceptos himenaeos. Morbi ante nisi, ultricies et condimentum vel, eleifend ac quam. Proin dui risus, efficitur eu massa eget, sollicitudin efficitur purus. Nulla egestas viverra dolor at tristique. Maecenas augue mi, imperdiet eget mattis in, aliquam eu sem. Ut libero diam, viverra quis lectus sed, congue iaculis ex. Ut semper ultricies posuere. Donec malesuada, leo ut semper rhoncus, tortor est pharetra turpis, in ultrices ante urna vehicula turpis. Donec eget varius velit, in volutpat neque. Morbi augue arcu, posuere non ullamcorper at, laoreet eu mauris. Suspendisse potenti. Pellentesque interdum leo ac sem convallis facilisis. Donec nec eros sit amet arcu ultrices mollis id et nisl.", "type": "text", "style": "", "detail": 0, "format": 0, "version": 1}], "direction": null, "textStyle": "", "textFormat": 0}, {"type": "paragraph", "format": "", "indent": 0, "version": 1, "children": [{"mode": "normal", "text": "Sed faucibus tellus sed orci porta tincidunt. Integer laoreet, turpis nec lobortis ultricies, ante risus volutpat odio, ut malesuada eros metus nec lorem. Ut eu mauris sed turpis accumsan scelerisque quis non lectus. Fusce et quam orci. Nam tempus felis eu turpis bibendum, non maximus nibh scelerisque. Donec id congue nisi. Fusce nulla dui, cursus consequat aliquet non, blandit et turpis. Proin ac laoreet urna. Donec id mi in felis elementum euismod in quis augue. Integer eget eleifend est.", "type": "text", "style": "", "detail": 0, "format": 0, "version": 1}], "direction": null, "textStyle": "", "textFormat": 0}, {"type": "paragraph", "format": "", "indent": 0, "version": 1, "children": [{"mode": "normal", "text": "Phasellus mollis cursus tortor, in dignissim felis vulputate quis. Nulla interdum nulla imperdiet, pulvinar mauris eget, sagittis mauris. Donec aliquam semper tellus quis condimentum. Vivamus sit amet nisl sit amet lectus ullamcorper faucibus. Vestibulum ante ipsum primis in faucibus orci luctus et ultrices posuere cubilia curae; Nullam mollis, libero finibus blandit luctus, nisl ante convallis risus, a aliquam sapien neque et risus. Praesent mollis porta laoreet. Duis lacus tortor, malesuada vitae metus non, efficitur viverra dolor. Phasellus rhoncus felis turpis, sed malesuada tellus malesuada in. Praesent fermentum sodales lacus eget lacinia. Sed convallis non purus id iaculis. Donec in malesuada enim. Cras vitae odio odio. Donec non nisi risus.", "type": "text", "style": "", "detail": 0, "format": 0, "version": 1}], "direction": null, "textStyle": "", "textFormat": 0}, {"type": "paragraph", "format": "", "indent": 0, "version": 1, "children": [{"mode": "normal", "text": "Etiam ac est lorem. Nullam fringilla vitae orci sed suscipit. Sed fermentum, nunc quis ultricies molestie, odio lectus suscipit enim, et venenatis dui tortor eget dolor. Suspendisse tempus tempor lacus sed tristique. Pellentesque habitant morbi tristique senectus et netus et malesuada fames ac turpis egestas. Integer sodales metus in neque pellentesque, eget rutrum lectus accumsan. Quisque at blandit mauris. Aliquam commodo volutpat tempus.", "type": "text", "style": "", "detail": 0, "format": 0, "version": 1}], "direction": null, "textStyle": "", "textFormat": 0}, {"type": "paragraph", "format": "", "indent": 0, "version": 1, "children": [], "direction": null, "textStyle": "", "textFormat": 0}], "direction": null}}	post01 | Payload Website Template	\N	Lorem ipsum dolor sit amet, consectetur adipiscing el sskkj iosjijijsi ijsijijs isjijisjij sijisjsijis isjiijis isji isji	2025-10-24 18:06:54.442+02	post01	f	2025-10-27 09:36:50.861+01	2025-10-24 13:53:45.978+02	draft	2025-10-27 09:36:50.861+01	2025-10-27 09:36:50.861+01	f	t
1	1	\N	\N	\N	\N	\N	\N	\N	\N	t	2025-10-24 13:53:45.978+02	2025-10-24 13:53:45.978+02	draft	2025-10-24 13:53:45.982+02	2025-10-24 13:53:45.982+02	f	f
35	4	post 4	\N	{"root": {"type": "root", "format": "", "indent": 0, "version": 1, "children": [{"type": "paragraph", "format": "", "indent": 0, "version": 1, "children": [{"mode": "normal", "text": "Lorem ipsum dolor sit amet, consectetur adipiscing elit. Proin in vestibulum eros. Nunc ullamcorper eu odio et sollicitudin. Proin vitae nisi id lectus egestas posuere eu aliquam mi. Sed tempor sodales arcu, id euismod orci maximus quis. Morbi eu est felis. Cras nec sem volutpat, sodales metus et, feugiat est. Aliquam iaculis consequat nisl ac aliquam. Pellentesque sit amet ipsum dui. Mauris elit nunc, fringilla et leo eget, varius consectetur odio. Donec tortor nisi, auctor non tincidunt sagittis, iaculis pretium augue. Nunc ut pellentesque risus. Aliquam sit amet sodales justo.", "type": "text", "style": "", "detail": 0, "format": 0, "version": 1}], "direction": null, "textStyle": "", "textFormat": 0}, {"type": "paragraph", "format": "", "indent": 0, "version": 1, "children": [{"mode": "normal", "text": "Sed consectetur vel felis ut laoreet. Pellentesque habitant morbi tristique senectus et netus et malesuada fames ac turpis egestas. Sed ut tempus enim. Maecenas quis suscipit tortor. Etiam consequat magna ante, eu dapibus est tincidunt eu. Morbi molestie mauris vitae vestibulum pellentesque. Curabitur vel luctus purus. Vivamus ornare, augue vel laoreet ultrices, nibh lacus faucibus nunc, lacinia commodo nisl turpis sed ex. Vestibulum gravida tortor sed nisl finibus porttitor. Sed lorem ipsum, pharetra et tincidunt a, venenatis at ex. Nunc ac risus et lacus ornare sagittis vitae et velit. Donec luctus auctor quam vel sollicitudin. Maecenas cursus risus tellus, et porta augue vehicula a. Aliquam porta pellentesque ultrices.", "type": "text", "style": "", "detail": 0, "format": 0, "version": 1}], "direction": null, "textStyle": "", "textFormat": 0}, {"type": "paragraph", "format": "", "indent": 0, "version": 1, "children": [{"mode": "normal", "text": "Vivamus felis turpis, blandit ut tellus id, commodo tristique nisi. Donec at eros porttitor, consequat mi at, tempor felis. Donec dignissim tincidunt nibh id rutrum. Phasellus et massa condimentum velit dapibus facilisis. Phasellus in mauris erat. Morbi at suscipit enim. Vestibulum fermentum ligula id erat ultricies iaculis. Pellentesque nec nisi sapien. Etiam volutpat a magna sit amet volutpat. Duis metus lorem, venenatis ac sodales eu, placerat in sapien. Vestibulum vel mollis nisl. Quisque eu aliquet orci, posuere fringilla erat. Vivamus tempus enim ut risus sollicitudin, quis volutpat dui mollis. Duis hendrerit felis diam, ac rhoncus felis sollicitudin ac. Donec vel aliquam ipsum. Integer at nisi ullamcorper, rhoncus neque ac, mattis massa.", "type": "text", "style": "", "detail": 0, "format": 0, "version": 1}], "direction": null, "textStyle": "", "textFormat": 0}, {"type": "paragraph", "format": "", "indent": 0, "version": 1, "children": [{"mode": "normal", "text": "Fusce a suscipit orci, vitae dictum lorem. Nulla sit amet ante arcu. Aliquam ornare in urna eget varius. Donec facilisis, dui pharetra rutrum eleifend, diam mi consequat leo, sit amet iaculis erat metus ac neque. Pellentesque id nisl sed arcu tincidunt egestas. Ut sit amet lobortis erat. Proin erat dui, luctus sit amet dictum et, hendrerit quis risus. Proin quis elementum magna, in consequat nisi. Aliquam tincidunt gravida cursus. Sed ac lorem a purus pulvinar cursus. Vivamus sem sapien, vehicula quis erat nec, ultricies eleifend felis. Duis a quam pharetra, rutrum lorem vitae, semper ligula. Vestibulum a risus molestie, pharetra ligula id, aliquam arcu.", "type": "text", "style": "", "detail": 0, "format": 0, "version": 1}], "direction": null, "textStyle": "", "textFormat": 0}, {"type": "paragraph", "format": "", "indent": 0, "version": 1, "children": [{"mode": "normal", "text": "Fusce pellentesque in justo non vestibulum. Donec eu lectus gravida, elementum est quis, malesuada nisl. Aenean ut imperdiet neque. Nunc varius euismod condimentum. Praesent ex purus, volutpat sed facilisis sed, laoreet quis lacus. Vestibulum sed erat auctor neque cursus maximus non in lorem. Integer volutpat quam vel gravida consectetur.", "type": "text", "style": "", "detail": 0, "format": 0, "version": 1}], "direction": null, "textStyle": "", "textFormat": 0}], "direction": null}}	\N	\N	\N	2025-10-27 00:00:00+01	post-4	f	2025-10-27 20:12:19.748+01	2025-10-27 20:11:44.735+01	draft	2025-10-27 20:11:47.288+01	2025-10-27 20:12:19.748+01	f	t
16	2	post 2	\N	{"root": {"type": "root", "format": "", "indent": 0, "version": 1, "children": [{"tag": "h1", "type": "heading", "format": "", "indent": 0, "version": 1, "children": [{"mode": "normal", "text": "Lorem ipsum dolor sit amet", "type": "text", "style": "", "detail": 0, "format": 0, "version": 1}], "direction": null}, {"type": "paragraph", "format": "", "indent": 0, "version": 1, "children": [{"mode": "normal", "text": ", consectetur adipiscing elit. Maecenas tempor mollis ipsum et volutpat. Integer faucibus metus at tortor posuere vestibulum. Nulla iaculis id massa ut euismod. Nullam dignissim vehicula orci nec condimentum. Fusce gravida, diam ac ultricies consectetur, neque turpis ullamcorper eros, eget placerat dolor augue sed augue. Integer ut nisi nec nisl maximus lacinia sed vehicula mauris. Pellentesque aliquet nibh at metus cursus congue vel nec leo. Mauris maximus ac leo vitae dapibus. Nam pretium lectus accumsan augue pellentesque euismod. Ut laoreet facilisis vehicula. Morbi velit purus, mattis eget libero vel, dictum venenatis erat. Suspendisse sapien metus, consectetur in tempor eu, scelerisque vitae elit. Nulla facilisi.", "type": "text", "style": "", "detail": 0, "format": 0, "version": 1}], "direction": null, "textStyle": "", "textFormat": 0}, {"type": "paragraph", "format": "", "indent": 0, "version": 1, "children": [{"mode": "normal", "text": "Duis quis turpis non purus porttitor luctus et sit amet nulla", "type": "text", "style": "", "detail": 0, "format": 2, "version": 1}, {"mode": "normal", "text": ". Phasellus imperdiet eleifend ligula. Proin eu egestas turpis, molestie congue nisl. Aenean laoreet lorem lorem, ac lacinia lorem molestie interdum. Nunc sit amet commodo quam. Proin commodo rhoncus egestas. Donec fringilla leo augue, nec tempus leo gravida a. Aliquam at tristique enim. Aenean non semper lacus. Vivamus efficitur mollis laoreet. Praesent tempus dictum elit, eget volutpat sapien euismod hendrerit. Sed tempor odio vitae lectus congue, sed blandit massa fermentum.", "type": "text", "style": "", "detail": 0, "format": 0, "version": 1}], "direction": null, "textStyle": "", "textFormat": 2}, {"type": "quote", "format": "", "indent": 0, "version": 1, "children": [{"mode": "normal", "text": "In non justo vel quam facilisis aliquam vitae pretium lorem. Sed vitae egestas turpis. Duis non tortor in eros eleifend laoreet. Pellentesque habitant morbi tristique senectus et netus et malesuada fames ac turpis egestas. Donec mauris lectus, vulputate ut egestas ut, iaculis a erat. Sed neque libero, semper nec semper a, vulputate vitae ipsum. Nam pulvinar nisi at orci condimentum, sed posuere nisi rutrum. Duis laoreet porttitor orci ut volutpat. Phasellus congue erat sit amet egestas aliquam. Morbi venenatis neque sit amet nunc porta finibus. Curabitur id velit lectus.", "type": "text", "style": "", "detail": 0, "format": 0, "version": 1}], "direction": null}, {"type": "paragraph", "format": "", "indent": 0, "version": 1, "children": [{"mode": "normal", "text": "Vivamus porta risus et erat interdum, a condimentum augue mollis. Proin pharetra, nunc ac volutpat dapibus, elit lacus egestas ante, a accumsan eros ante eleifend nibh. Nulla commodo eget sem quis facilisis. Pellentesque diam ante, ornare in blandit at, placerat vitae orci. Sed venenatis sapien ex, sit amet semper nunc pulvinar sed. Praesent eu quam vel mi scelerisque imperdiet. Phasellus in interdum elit. Proin pellentesque libero massa, condimentum pretium mi scelerisque at. Integer in sem sed sem pellentesque cursus id in tortor. Nullam id tristique dui. Sed et rhoncus ipsum, vitae ornare erat. Mauris sit amet odio dapibus dui porta congue. In egestas fringilla fermentum. Fusce vulputate faucibus diam, ac posuere urna feugiat nec.", "type": "text", "style": "", "detail": 0, "format": 0, "version": 1}], "direction": null, "textStyle": "", "textFormat": 0}, {"type": "paragraph", "format": "", "indent": 0, "version": 1, "children": [{"mode": "normal", "text": "Proin id porta tellus. Fusce suscipit turpis ac mattis scelerisque. Integer lacinia mi et posuere imperdiet. Donec ut ligula nec tellus maximus imperdiet. Nam egestas erat tincidunt, blandit sem quis, gravida lacus. Quisque dictum dapibus dictum. Aliquam ac urna sit amet sapien ultricies efficitur. Mauris ac tincidunt velit, sed aliquet diam. Praesent non risus sodales, sollicitudin lectus sagittis, convallis ante. Quisque imperdiet ante eget ligula vehicula placerat cursus vitae purus. Etiam eu venenatis orci.", "type": "text", "style": "", "detail": 0, "format": 0, "version": 1}], "direction": null, "textStyle": "", "textFormat": 0}, {"type": "block", "fields": {"id": "68fbb90a8a804de2de0fb8bb", "media": 24, "blockName": "", "blockType": "mediaBlock", "sectionName": "borrar"}, "format": "", "version": 2}, {"type": "paragraph", "format": "", "indent": 0, "version": 1, "children": [], "direction": null, "textStyle": "", "textFormat": 0}, {"type": "paragraph", "format": "", "indent": 0, "version": 1, "children": [{"mode": "normal", "text": "Donec ut vehicula lectus, at pellentesque orci. Phasellus lacinia viverra ex at fermentum. Nunc tincidunt nunc et lectus malesuada, id fermentum nisl facilisis. Donec elementum mollis massa varius scelerisque. Aliquam tincidunt nibh eu pellentesque consectetur. Morbi venenatis sapien lacus, sit amet vulputate elit tempus posuere. Proin ut facilisis felis, vel rhoncus felis. Integer imperdiet sem ut neque aliquam, eget vestibulum eros ultricies. Duis efficitur sem enim, sit amet tristique urna gravida non. Aliquam aliquet consectetur neque id tristique. Praesent sit amet erat quam. Nullam egestas orci id tellus scelerisque, vel ullamcorper dui dictum. Nulla tempus ac sapien nec porttitor.", "type": "text", "style": "", "detail": 0, "format": 0, "version": 1}], "direction": null, "textStyle": "", "textFormat": 0}, {"type": "paragraph", "format": "", "indent": 0, "version": 1, "children": [{"mode": "normal", "text": "Sed fermentum a lectus hendrerit ullamcorper. Nunc sagittis nec lacus vel volutpat. In ac enim eros. Nunc dapibus, turpis et faucibus vulputate, quam sapien dictum lorem, id varius tortor elit faucibus odio. Sed at justo ac nisl placerat vestibulum at in diam. Vivamus quis condimentum enim. Mauris vestibulum nec erat nec congue. Vestibulum luctus tincidunt tellus et iaculis. Integer at ligula mi. Fusce laoreet leo vel quam efficitur, vitae vulputate leo efficitur. Sed pharetra ligula vitae ex pharetra viverra. Donec metus justo, commodo in dictum sit amet, cursus quis enim. Phasellus laoreet quam sapien, vitae congue mauris posuere non. Interdum et malesuada fames ac ante ipsum primis in faucibus. Nullam euismod rhoncus arcu, a blandit est pharetra ac. Pellentesque sapien mauris, dapibus sit amet risus sit amet, tempor eleifend purus.", "type": "text", "style": "", "detail": 0, "format": 0, "version": 1}], "direction": null, "textStyle": "", "textFormat": 0}, {"type": "paragraph", "format": "", "indent": 0, "version": 1, "children": [{"mode": "normal", "text": "Pellentesque varius vel eros quis convallis. Cras nec purus diam. Suspendisse id lobortis velit. Fusce convallis nisl libero, nec pretium nunc dictum non. Nam ut egestas ipsum. Sed sem sapien, hendrerit in sollicitudin et, pulvinar in metus. Praesent iaculis tempor massa ac sollicitudin. Nunc vestibulum aliquet lectus sit amet volutpat. Suspendisse nec varius augue. Aliquam tellus lacus, euismod ut tortor non, rhoncus semper libero. Nunc ac fringilla magna, et ultrices diam. Fusce ac ipsum nisl.", "type": "text", "style": "", "detail": 0, "format": 0, "version": 1}], "direction": null, "textStyle": "", "textFormat": 0}, {"type": "paragraph", "format": "", "indent": 0, "version": 1, "children": [{"mode": "normal", "text": "Vestibulum erat ante, maximus eget ante vitae, ornare congue tortor. Nam nunc elit, ultricies quis tincidunt sit amet, dignissim eu mauris. Quisque congue lectus ut viverra interdum. Donec porta est ac tincidunt rutrum. Integer tempus ipsum rutrum, fringilla orci ut, feugiat erat. Aliquam a placerat justo. Sed vel dolor ultricies, sollicitudin sem id, fringilla diam. Nam eget lacus eu mauris sagittis fermentum eu vitae turpis. Nulla nisi massa, sagittis viverra ullamcorper nec, consequat vitae nisl. Maecenas molestie ligula id arcu malesuada viverra. Nunc nulla nibh, luctus ac augue vitae, imperdiet tempor est.", "type": "text", "style": "", "detail": 0, "format": 0, "version": 1}], "direction": null, "textStyle": "", "textFormat": 0}, {"type": "paragraph", "format": "", "indent": 0, "version": 1, "children": [{"mode": "normal", "text": "Nullam interdum sapien eget bibendum maximus. Duis ac massa ac dolor consectetur eleifend. Proin nec tempor nibh, vel molestie nisi. Nunc eros mi, laoreet ut porttitor rhoncus, vestibulum sit amet arcu. Nullam at pellentesque ligula. Sed id dignissim magna. In aliquam mi sapien, vitae ornare quam aliquet tempor.", "type": "text", "style": "", "detail": 0, "format": 0, "version": 1}], "direction": null, "textStyle": "", "textFormat": 0}], "direction": null}}	\N	\N	\N	2025-10-24 19:36:34.051+02	post-2	f	2025-10-24 19:36:43.307+02	2025-10-24 19:34:43.606+02	published	2025-10-24 19:36:43.31+02	2025-10-24 19:36:43.31+02	f	f
14	2	post 2	\N	{"root": {"type": "root", "format": "", "indent": 0, "version": 1, "children": [{"tag": "h1", "type": "heading", "format": "", "indent": 0, "version": 1, "children": [{"mode": "normal", "text": "Lorem ipsum dolor sit amet", "type": "text", "style": "", "detail": 0, "format": 0, "version": 1}], "direction": null}, {"type": "paragraph", "format": "", "indent": 0, "version": 1, "children": [{"mode": "normal", "text": ", consectetur adipiscing elit. Maecenas tempor mollis ipsum et volutpat. Integer faucibus metus at tortor posuere vestibulum. Nulla iaculis id massa ut euismod. Nullam dignissim vehicula orci nec condimentum. Fusce gravida, diam ac ultricies consectetur, neque turpis ullamcorper eros, eget placerat dolor augue sed augue. Integer ut nisi nec nisl maximus lacinia sed vehicula mauris. Pellentesque aliquet nibh at metus cursus congue vel nec leo. Mauris maximus ac leo vitae dapibus. Nam pretium lectus accumsan augue pellentesque euismod. Ut laoreet facilisis vehicula. Morbi velit purus, mattis eget libero vel, dictum venenatis erat. Suspendisse sapien metus, consectetur in tempor eu, scelerisque vitae elit. Nulla facilisi.", "type": "text", "style": "", "detail": 0, "format": 0, "version": 1}], "direction": null, "textStyle": "", "textFormat": 0}, {"type": "paragraph", "format": "", "indent": 0, "version": 1, "children": [{"mode": "normal", "text": "Duis quis turpis non purus porttitor luctus et sit amet nulla", "type": "text", "style": "", "detail": 0, "format": 2, "version": 1}, {"mode": "normal", "text": ". Phasellus imperdiet eleifend ligula. Proin eu egestas turpis, molestie congue nisl. Aenean laoreet lorem lorem, ac lacinia lorem molestie interdum. Nunc sit amet commodo quam. Proin commodo rhoncus egestas. Donec fringilla leo augue, nec tempus leo gravida a. Aliquam at tristique enim. Aenean non semper lacus. Vivamus efficitur mollis laoreet. Praesent tempus dictum elit, eget volutpat sapien euismod hendrerit. Sed tempor odio vitae lectus congue, sed blandit massa fermentum.", "type": "text", "style": "", "detail": 0, "format": 0, "version": 1}], "direction": null, "textStyle": "", "textFormat": 2}, {"type": "quote", "format": "", "indent": 0, "version": 1, "children": [{"mode": "normal", "text": "In non justo vel quam facilisis aliquam vitae pretium lorem. Sed vitae egestas turpis. Duis non tortor in eros eleifend laoreet. Pellentesque habitant morbi tristique senectus et netus et malesuada fames ac turpis egestas. Donec mauris lectus, vulputate ut egestas ut, iaculis a erat. Sed neque libero, semper nec semper a, vulputate vitae ipsum. Nam pulvinar nisi at orci condimentum, sed posuere nisi rutrum. Duis laoreet porttitor orci ut volutpat. Phasellus congue erat sit amet egestas aliquam. Morbi venenatis neque sit amet nunc porta finibus. Curabitur id velit lectus.", "type": "text", "style": "", "detail": 0, "format": 0, "version": 1}], "direction": null}, {"type": "paragraph", "format": "", "indent": 0, "version": 1, "children": [{"mode": "normal", "text": "Vivamus porta risus et erat interdum, a condimentum augue mollis. Proin pharetra, nunc ac volutpat dapibus, elit lacus egestas ante, a accumsan eros ante eleifend nibh. Nulla commodo eget sem quis facilisis. Pellentesque diam ante, ornare in blandit at, placerat vitae orci. Sed venenatis sapien ex, sit amet semper nunc pulvinar sed. Praesent eu quam vel mi scelerisque imperdiet. Phasellus in interdum elit. Proin pellentesque libero massa, condimentum pretium mi scelerisque at. Integer in sem sed sem pellentesque cursus id in tortor. Nullam id tristique dui. Sed et rhoncus ipsum, vitae ornare erat. Mauris sit amet odio dapibus dui porta congue. In egestas fringilla fermentum. Fusce vulputate faucibus diam, ac posuere urna feugiat nec.", "type": "text", "style": "", "detail": 0, "format": 0, "version": 1}], "direction": null, "textStyle": "", "textFormat": 0}, {"type": "paragraph", "format": "", "indent": 0, "version": 1, "children": [{"mode": "normal", "text": "Proin id porta tellus. Fusce suscipit turpis ac mattis scelerisque. Integer lacinia mi et posuere imperdiet. Donec ut ligula nec tellus maximus imperdiet. Nam egestas erat tincidunt, blandit sem quis, gravida lacus. Quisque dictum dapibus dictum. Aliquam ac urna sit amet sapien ultricies efficitur. Mauris ac tincidunt velit, sed aliquet diam. Praesent non risus sodales, sollicitudin lectus sagittis, convallis ante. Quisque imperdiet ante eget ligula vehicula placerat cursus vitae purus. Etiam eu venenatis orci.", "type": "text", "style": "", "detail": 0, "format": 0, "version": 1}], "direction": null, "textStyle": "", "textFormat": 0}, {"type": "block", "fields": {"id": "68fbb90a8a804de2de0fb8bb", "media": 24, "blockName": "", "blockType": "mediaBlock", "sectionName": "borrar"}, "format": "", "version": 2}, {"type": "paragraph", "format": "", "indent": 0, "version": 1, "children": [], "direction": null, "textStyle": "", "textFormat": 0}, {"type": "paragraph", "format": "", "indent": 0, "version": 1, "children": [{"mode": "normal", "text": "Donec ut vehicula lectus, at pellentesque orci. Phasellus lacinia viverra ex at fermentum. Nunc tincidunt nunc et lectus malesuada, id fermentum nisl facilisis. Donec elementum mollis massa varius scelerisque. Aliquam tincidunt nibh eu pellentesque consectetur. Morbi venenatis sapien lacus, sit amet vulputate elit tempus posuere. Proin ut facilisis felis, vel rhoncus felis. Integer imperdiet sem ut neque aliquam, eget vestibulum eros ultricies. Duis efficitur sem enim, sit amet tristique urna gravida non. Aliquam aliquet consectetur neque id tristique. Praesent sit amet erat quam. Nullam egestas orci id tellus scelerisque, vel ullamcorper dui dictum. Nulla tempus ac sapien nec porttitor.", "type": "text", "style": "", "detail": 0, "format": 0, "version": 1}], "direction": null, "textStyle": "", "textFormat": 0}, {"type": "paragraph", "format": "", "indent": 0, "version": 1, "children": [{"mode": "normal", "text": "Sed fermentum a lectus hendrerit ullamcorper. Nunc sagittis nec lacus vel volutpat. In ac enim eros. Nunc dapibus, turpis et faucibus vulputate, quam sapien dictum lorem, id varius tortor elit faucibus odio. Sed at justo ac nisl placerat vestibulum at in diam. Vivamus quis condimentum enim. Mauris vestibulum nec erat nec congue. Vestibulum luctus tincidunt tellus et iaculis. Integer at ligula mi. Fusce laoreet leo vel quam efficitur, vitae vulputate leo efficitur. Sed pharetra ligula vitae ex pharetra viverra. Donec metus justo, commodo in dictum sit amet, cursus quis enim. Phasellus laoreet quam sapien, vitae congue mauris posuere non. Interdum et malesuada fames ac ante ipsum primis in faucibus. Nullam euismod rhoncus arcu, a blandit est pharetra ac. Pellentesque sapien mauris, dapibus sit amet risus sit amet, tempor eleifend purus.", "type": "text", "style": "", "detail": 0, "format": 0, "version": 1}], "direction": null, "textStyle": "", "textFormat": 0}, {"type": "paragraph", "format": "", "indent": 0, "version": 1, "children": [{"mode": "normal", "text": "Pellentesque varius vel eros quis convallis. Cras nec purus diam. Suspendisse id lobortis velit. Fusce convallis nisl libero, nec pretium nunc dictum non. Nam ut egestas ipsum. Sed sem sapien, hendrerit in sollicitudin et, pulvinar in metus. Praesent iaculis tempor massa ac sollicitudin. Nunc vestibulum aliquet lectus sit amet volutpat. Suspendisse nec varius augue. Aliquam tellus lacus, euismod ut tortor non, rhoncus semper libero. Nunc ac fringilla magna, et ultrices diam. Fusce ac ipsum nisl.", "type": "text", "style": "", "detail": 0, "format": 0, "version": 1}], "direction": null, "textStyle": "", "textFormat": 0}, {"type": "paragraph", "format": "", "indent": 0, "version": 1, "children": [{"mode": "normal", "text": "Vestibulum erat ante, maximus eget ante vitae, ornare congue tortor. Nam nunc elit, ultricies quis tincidunt sit amet, dignissim eu mauris. Quisque congue lectus ut viverra interdum. Donec porta est ac tincidunt rutrum. Integer tempus ipsum rutrum, fringilla orci ut, feugiat erat. Aliquam a placerat justo. Sed vel dolor ultricies, sollicitudin sem id, fringilla diam. Nam eget lacus eu mauris sagittis fermentum eu vitae turpis. Nulla nisi massa, sagittis viverra ullamcorper nec, consequat vitae nisl. Maecenas molestie ligula id arcu malesuada viverra. Nunc nulla nibh, luctus ac augue vitae, imperdiet tempor est.", "type": "text", "style": "", "detail": 0, "format": 0, "version": 1}], "direction": null, "textStyle": "", "textFormat": 0}, {"type": "paragraph", "format": "", "indent": 0, "version": 1, "children": [{"mode": "normal", "text": "Nullam interdum sapien eget bibendum maximus. Duis ac massa ac dolor consectetur eleifend. Proin nec tempor nibh, vel molestie nisi. Nunc eros mi, laoreet ut porttitor rhoncus, vestibulum sit amet arcu. Nullam at pellentesque ligula. Sed id dignissim magna. In aliquam mi sapien, vitae ornare quam aliquet tempor.", "type": "text", "style": "", "detail": 0, "format": 0, "version": 1}], "direction": null, "textStyle": "", "textFormat": 0}], "direction": null}}	\N	\N	\N	2025-10-24 19:36:34.051+02	\N	t	2025-10-24 19:36:34.052+02	2025-10-24 19:34:43.606+02	published	2025-10-24 19:36:34.057+02	2025-10-24 19:36:34.057+02	f	f
2	1	post01	\N	{"root": {"type": "root", "format": "", "indent": 0, "version": 1, "children": [{"type": "paragraph", "format": "", "indent": 0, "version": 1, "children": [{"mode": "normal", "text": "posts ", "type": "text", "style": "", "detail": 0, "format": 0, "version": 1}], "direction": null, "textStyle": "", "textFormat": 0}], "direction": null}}	\N	\N	\N	\N	\N	t	2025-10-24 18:06:42.223+02	2025-10-24 13:53:45.978+02	draft	2025-10-24 18:02:41.471+02	2025-10-24 18:06:42.223+02	f	t
9	1	post01	\N	{"root": {"type": "root", "format": "", "indent": 0, "version": 1, "children": [{"type": "paragraph", "format": "", "indent": 0, "version": 1, "children": [{"mode": "normal", "text": "Lorem ipsum dolor sit amet, consectetur adipiscing elit. Maecenas egestas erat risus, ac semper justo molestie vel. Aliquam erat volutpat. Phasellus imperdiet metus erat, id maximus diam placerat eu. Nam luctus lorem eget mauris tempus egestas. Aliquam tempus varius urna, quis finibus odio luctus a. Integer dictum finibus ex nec placerat. Phasellus risus est, consequat vitae tortor vel, accumsan commodo sapien. Ut convallis nunc et metus interdum, in luctus enim molestie. Fusce aliquet elit sed est imperdiet, vel elementum enim varius. Sed quis blandit arcu, lacinia molestie ante. Proin ac turpis urna. Pellentesque in tristique erat. Sed vitae congue sapien. Curabitur consectetur felis lectus. Etiam eu ligula id arcu feugiat eleifend.", "type": "text", "style": "", "detail": 0, "format": 0, "version": 1}], "direction": null, "textStyle": "", "textFormat": 0}, {"type": "paragraph", "format": "", "indent": 0, "version": 1, "children": [{"mode": "normal", "text": "Aliquam in lorem sed sapien bibendum feugiat eu ut turpis. Class aptent taciti sociosqu ad litora torquent per conubia nostra, per inceptos himenaeos. Morbi ante nisi, ultricies et condimentum vel, eleifend ac quam. Proin dui risus, efficitur eu massa eget, sollicitudin efficitur purus. Nulla egestas viverra dolor at tristique. Maecenas augue mi, imperdiet eget mattis in, aliquam eu sem. Ut libero diam, viverra quis lectus sed, congue iaculis ex. Ut semper ultricies posuere. Donec malesuada, leo ut semper rhoncus, tortor est pharetra turpis, in ultrices ante urna vehicula turpis. Donec eget varius velit, in volutpat neque. Morbi augue arcu, posuere non ullamcorper at, laoreet eu mauris. Suspendisse potenti. Pellentesque interdum leo ac sem convallis facilisis. Donec nec eros sit amet arcu ultrices mollis id et nisl.", "type": "text", "style": "", "detail": 0, "format": 0, "version": 1}], "direction": null, "textStyle": "", "textFormat": 0}, {"type": "paragraph", "format": "", "indent": 0, "version": 1, "children": [{"mode": "normal", "text": "Sed faucibus tellus sed orci porta tincidunt. Integer laoreet, turpis nec lobortis ultricies, ante risus volutpat odio, ut malesuada eros metus nec lorem. Ut eu mauris sed turpis accumsan scelerisque quis non lectus. Fusce et quam orci. Nam tempus felis eu turpis bibendum, non maximus nibh scelerisque. Donec id congue nisi. Fusce nulla dui, cursus consequat aliquet non, blandit et turpis. Proin ac laoreet urna. Donec id mi in felis elementum euismod in quis augue. Integer eget eleifend est.", "type": "text", "style": "", "detail": 0, "format": 0, "version": 1}], "direction": null, "textStyle": "", "textFormat": 0}, {"type": "paragraph", "format": "", "indent": 0, "version": 1, "children": [{"mode": "normal", "text": "Phasellus mollis cursus tortor, in dignissim felis vulputate quis. Nulla interdum nulla imperdiet, pulvinar mauris eget, sagittis mauris. Donec aliquam semper tellus quis condimentum. Vivamus sit amet nisl sit amet lectus ullamcorper faucibus. Vestibulum ante ipsum primis in faucibus orci luctus et ultrices posuere cubilia curae; Nullam mollis, libero finibus blandit luctus, nisl ante convallis risus, a aliquam sapien neque et risus. Praesent mollis porta laoreet. Duis lacus tortor, malesuada vitae metus non, efficitur viverra dolor. Phasellus rhoncus felis turpis, sed malesuada tellus malesuada in. Praesent fermentum sodales lacus eget lacinia. Sed convallis non purus id iaculis. Donec in malesuada enim. Cras vitae odio odio. Donec non nisi risus.", "type": "text", "style": "", "detail": 0, "format": 0, "version": 1}], "direction": null, "textStyle": "", "textFormat": 0}, {"type": "paragraph", "format": "", "indent": 0, "version": 1, "children": [{"mode": "normal", "text": "Etiam ac est lorem. Nullam fringilla vitae orci sed suscipit. Sed fermentum, nunc quis ultricies molestie, odio lectus suscipit enim, et venenatis dui tortor eget dolor. Suspendisse tempus tempor lacus sed tristique. Pellentesque habitant morbi tristique senectus et netus et malesuada fames ac turpis egestas. Integer sodales metus in neque pellentesque, eget rutrum lectus accumsan. Quisque at blandit mauris. Aliquam commodo volutpat tempus.", "type": "text", "style": "", "detail": 0, "format": 0, "version": 1}], "direction": null, "textStyle": "", "textFormat": 0}, {"type": "paragraph", "format": "", "indent": 0, "version": 1, "children": [], "direction": null, "textStyle": "", "textFormat": 0}], "direction": null}}	\N	\N	\N	2025-10-24 18:06:54.442+02	post01	f	2025-10-24 19:01:06.704+02	2025-10-24 13:53:45.978+02	published	2025-10-24 19:01:06.709+02	2025-10-24 19:01:06.709+02	f	f
13	2	post 2	\N	{"root": {"type": "root", "format": "", "indent": 0, "version": 1, "children": [{"tag": "h1", "type": "heading", "format": "", "indent": 0, "version": 1, "children": [{"mode": "normal", "text": "Lorem ipsum dolor sit amet", "type": "text", "style": "", "detail": 0, "format": 0, "version": 1}], "direction": null}, {"type": "paragraph", "format": "", "indent": 0, "version": 1, "children": [{"mode": "normal", "text": ", consectetur adipiscing elit. Maecenas tempor mollis ipsum et volutpat. Integer faucibus metus at tortor posuere vestibulum. Nulla iaculis id massa ut euismod. Nullam dignissim vehicula orci nec condimentum. Fusce gravida, diam ac ultricies consectetur, neque turpis ullamcorper eros, eget placerat dolor augue sed augue. Integer ut nisi nec nisl maximus lacinia sed vehicula mauris. Pellentesque aliquet nibh at metus cursus congue vel nec leo. Mauris maximus ac leo vitae dapibus. Nam pretium lectus accumsan augue pellentesque euismod. Ut laoreet facilisis vehicula. Morbi velit purus, mattis eget libero vel, dictum venenatis erat. Suspendisse sapien metus, consectetur in tempor eu, scelerisque vitae elit. Nulla facilisi.", "type": "text", "style": "", "detail": 0, "format": 0, "version": 1}], "direction": null, "textStyle": "", "textFormat": 0}, {"type": "paragraph", "format": "", "indent": 0, "version": 1, "children": [{"mode": "normal", "text": "Duis quis turpis non purus porttitor luctus et sit amet nulla", "type": "text", "style": "", "detail": 0, "format": 2, "version": 1}, {"mode": "normal", "text": ". Phasellus imperdiet eleifend ligula. Proin eu egestas turpis, molestie congue nisl. Aenean laoreet lorem lorem, ac lacinia lorem molestie interdum. Nunc sit amet commodo quam. Proin commodo rhoncus egestas. Donec fringilla leo augue, nec tempus leo gravida a. Aliquam at tristique enim. Aenean non semper lacus. Vivamus efficitur mollis laoreet. Praesent tempus dictum elit, eget volutpat sapien euismod hendrerit. Sed tempor odio vitae lectus congue, sed blandit massa fermentum.", "type": "text", "style": "", "detail": 0, "format": 0, "version": 1}], "direction": null, "textStyle": "", "textFormat": 2}, {"type": "quote", "format": "", "indent": 0, "version": 1, "children": [{"mode": "normal", "text": "In non justo vel quam facilisis aliquam vitae pretium lorem. Sed vitae egestas turpis. Duis non tortor in eros eleifend laoreet. Pellentesque habitant morbi tristique senectus et netus et malesuada fames ac turpis egestas. Donec mauris lectus, vulputate ut egestas ut, iaculis a erat. Sed neque libero, semper nec semper a, vulputate vitae ipsum. Nam pulvinar nisi at orci condimentum, sed posuere nisi rutrum. Duis laoreet porttitor orci ut volutpat. Phasellus congue erat sit amet egestas aliquam. Morbi venenatis neque sit amet nunc porta finibus. Curabitur id velit lectus.", "type": "text", "style": "", "detail": 0, "format": 0, "version": 1}], "direction": null}, {"type": "paragraph", "format": "", "indent": 0, "version": 1, "children": [{"mode": "normal", "text": "Vivamus porta risus et erat interdum, a condimentum augue mollis. Proin pharetra, nunc ac volutpat dapibus, elit lacus egestas ante, a accumsan eros ante eleifend nibh. Nulla commodo eget sem quis facilisis. Pellentesque diam ante, ornare in blandit at, placerat vitae orci. Sed venenatis sapien ex, sit amet semper nunc pulvinar sed. Praesent eu quam vel mi scelerisque imperdiet. Phasellus in interdum elit. Proin pellentesque libero massa, condimentum pretium mi scelerisque at. Integer in sem sed sem pellentesque cursus id in tortor. Nullam id tristique dui. Sed et rhoncus ipsum, vitae ornare erat. Mauris sit amet odio dapibus dui porta congue. In egestas fringilla fermentum. Fusce vulputate faucibus diam, ac posuere urna feugiat nec.", "type": "text", "style": "", "detail": 0, "format": 0, "version": 1}], "direction": null, "textStyle": "", "textFormat": 0}, {"type": "paragraph", "format": "", "indent": 0, "version": 1, "children": [{"mode": "normal", "text": "Proin id porta tellus. Fusce suscipit turpis ac mattis scelerisque. Integer lacinia mi et posuere imperdiet. Donec ut ligula nec tellus maximus imperdiet. Nam egestas erat tincidunt, blandit sem quis, gravida lacus. Quisque dictum dapibus dictum. Aliquam ac urna sit amet sapien ultricies efficitur. Mauris ac tincidunt velit, sed aliquet diam. Praesent non risus sodales, sollicitudin lectus sagittis, convallis ante. Quisque imperdiet ante eget ligula vehicula placerat cursus vitae purus. Etiam eu venenatis orci.", "type": "text", "style": "", "detail": 0, "format": 0, "version": 1}], "direction": null, "textStyle": "", "textFormat": 0}, {"type": "block", "fields": {"id": "68fbb90a8a804de2de0fb8bb", "media": 24, "blockName": "", "blockType": "mediaBlock", "sectionName": "borrar"}, "format": "", "version": 2}, {"type": "paragraph", "format": "", "indent": 0, "version": 1, "children": [], "direction": null, "textStyle": "", "textFormat": 0}, {"type": "paragraph", "format": "", "indent": 0, "version": 1, "children": [{"mode": "normal", "text": "Donec ut vehicula lectus, at pellentesque orci. Phasellus lacinia viverra ex at fermentum. Nunc tincidunt nunc et lectus malesuada, id fermentum nisl facilisis. Donec elementum mollis massa varius scelerisque. Aliquam tincidunt nibh eu pellentesque consectetur. Morbi venenatis sapien lacus, sit amet vulputate elit tempus posuere. Proin ut facilisis felis, vel rhoncus felis. Integer imperdiet sem ut neque aliquam, eget vestibulum eros ultricies. Duis efficitur sem enim, sit amet tristique urna gravida non. Aliquam aliquet consectetur neque id tristique. Praesent sit amet erat quam. Nullam egestas orci id tellus scelerisque, vel ullamcorper dui dictum. Nulla tempus ac sapien nec porttitor.", "type": "text", "style": "", "detail": 0, "format": 0, "version": 1}], "direction": null, "textStyle": "", "textFormat": 0}, {"type": "paragraph", "format": "", "indent": 0, "version": 1, "children": [{"mode": "normal", "text": "Sed fermentum a lectus hendrerit ullamcorper. Nunc sagittis nec lacus vel volutpat. In ac enim eros. Nunc dapibus, turpis et faucibus vulputate, quam sapien dictum lorem, id varius tortor elit faucibus odio. Sed at justo ac nisl placerat vestibulum at in diam. Vivamus quis condimentum enim. Mauris vestibulum nec erat nec congue. Vestibulum luctus tincidunt tellus et iaculis. Integer at ligula mi. Fusce laoreet leo vel quam efficitur, vitae vulputate leo efficitur. Sed pharetra ligula vitae ex pharetra viverra. Donec metus justo, commodo in dictum sit amet, cursus quis enim. Phasellus laoreet quam sapien, vitae congue mauris posuere non. Interdum et malesuada fames ac ante ipsum primis in faucibus. Nullam euismod rhoncus arcu, a blandit est pharetra ac. Pellentesque sapien mauris, dapibus sit amet risus sit amet, tempor eleifend purus.", "type": "text", "style": "", "detail": 0, "format": 0, "version": 1}], "direction": null, "textStyle": "", "textFormat": 0}, {"type": "paragraph", "format": "", "indent": 0, "version": 1, "children": [{"mode": "normal", "text": "Pellentesque varius vel eros quis convallis. Cras nec purus diam. Suspendisse id lobortis velit. Fusce convallis nisl libero, nec pretium nunc dictum non. Nam ut egestas ipsum. Sed sem sapien, hendrerit in sollicitudin et, pulvinar in metus. Praesent iaculis tempor massa ac sollicitudin. Nunc vestibulum aliquet lectus sit amet volutpat. Suspendisse nec varius augue. Aliquam tellus lacus, euismod ut tortor non, rhoncus semper libero. Nunc ac fringilla magna, et ultrices diam. Fusce ac ipsum nisl.", "type": "text", "style": "", "detail": 0, "format": 0, "version": 1}], "direction": null, "textStyle": "", "textFormat": 0}, {"type": "paragraph", "format": "", "indent": 0, "version": 1, "children": [{"mode": "normal", "text": "Vestibulum erat ante, maximus eget ante vitae, ornare congue tortor. Nam nunc elit, ultricies quis tincidunt sit amet, dignissim eu mauris. Quisque congue lectus ut viverra interdum. Donec porta est ac tincidunt rutrum. Integer tempus ipsum rutrum, fringilla orci ut, feugiat erat. Aliquam a placerat justo. Sed vel dolor ultricies, sollicitudin sem id, fringilla diam. Nam eget lacus eu mauris sagittis fermentum eu vitae turpis. Nulla nisi massa, sagittis viverra ullamcorper nec, consequat vitae nisl. Maecenas molestie ligula id arcu malesuada viverra. Nunc nulla nibh, luctus ac augue vitae, imperdiet tempor est.", "type": "text", "style": "", "detail": 0, "format": 0, "version": 1}], "direction": null, "textStyle": "", "textFormat": 0}, {"type": "paragraph", "format": "", "indent": 0, "version": 1, "children": [{"mode": "normal", "text": "Nullam interdum sapien eget bibendum maximus. Duis ac massa ac dolor consectetur eleifend. Proin nec tempor nibh, vel molestie nisi. Nunc eros mi, laoreet ut porttitor rhoncus, vestibulum sit amet arcu. Nullam at pellentesque ligula. Sed id dignissim magna. In aliquam mi sapien, vitae ornare quam aliquet tempor.", "type": "text", "style": "", "detail": 0, "format": 0, "version": 1}], "direction": null, "textStyle": "", "textFormat": 0}], "direction": null}}	\N	\N	\N	\N	\N	t	2025-10-24 19:36:32.354+02	2025-10-24 19:34:43.606+02	draft	2025-10-24 19:34:45.512+02	2025-10-24 19:36:32.354+02	f	t
15	2	post 2	\N	{"root": {"type": "root", "format": "", "indent": 0, "version": 1, "children": [{"tag": "h1", "type": "heading", "format": "", "indent": 0, "version": 1, "children": [{"mode": "normal", "text": "Lorem ipsum dolor sit amet", "type": "text", "style": "", "detail": 0, "format": 0, "version": 1}], "direction": null}, {"type": "paragraph", "format": "", "indent": 0, "version": 1, "children": [{"mode": "normal", "text": ", consectetur adipiscing elit. Maecenas tempor mollis ipsum et volutpat. Integer faucibus metus at tortor posuere vestibulum. Nulla iaculis id massa ut euismod. Nullam dignissim vehicula orci nec condimentum. Fusce gravida, diam ac ultricies consectetur, neque turpis ullamcorper eros, eget placerat dolor augue sed augue. Integer ut nisi nec nisl maximus lacinia sed vehicula mauris. Pellentesque aliquet nibh at metus cursus congue vel nec leo. Mauris maximus ac leo vitae dapibus. Nam pretium lectus accumsan augue pellentesque euismod. Ut laoreet facilisis vehicula. Morbi velit purus, mattis eget libero vel, dictum venenatis erat. Suspendisse sapien metus, consectetur in tempor eu, scelerisque vitae elit. Nulla facilisi.", "type": "text", "style": "", "detail": 0, "format": 0, "version": 1}], "direction": null, "textStyle": "", "textFormat": 0}, {"type": "paragraph", "format": "", "indent": 0, "version": 1, "children": [{"mode": "normal", "text": "Duis quis turpis non purus porttitor luctus et sit amet nulla", "type": "text", "style": "", "detail": 0, "format": 2, "version": 1}, {"mode": "normal", "text": ". Phasellus imperdiet eleifend ligula. Proin eu egestas turpis, molestie congue nisl. Aenean laoreet lorem lorem, ac lacinia lorem molestie interdum. Nunc sit amet commodo quam. Proin commodo rhoncus egestas. Donec fringilla leo augue, nec tempus leo gravida a. Aliquam at tristique enim. Aenean non semper lacus. Vivamus efficitur mollis laoreet. Praesent tempus dictum elit, eget volutpat sapien euismod hendrerit. Sed tempor odio vitae lectus congue, sed blandit massa fermentum.", "type": "text", "style": "", "detail": 0, "format": 0, "version": 1}], "direction": null, "textStyle": "", "textFormat": 2}, {"type": "quote", "format": "", "indent": 0, "version": 1, "children": [{"mode": "normal", "text": "In non justo vel quam facilisis aliquam vitae pretium lorem. Sed vitae egestas turpis. Duis non tortor in eros eleifend laoreet. Pellentesque habitant morbi tristique senectus et netus et malesuada fames ac turpis egestas. Donec mauris lectus, vulputate ut egestas ut, iaculis a erat. Sed neque libero, semper nec semper a, vulputate vitae ipsum. Nam pulvinar nisi at orci condimentum, sed posuere nisi rutrum. Duis laoreet porttitor orci ut volutpat. Phasellus congue erat sit amet egestas aliquam. Morbi venenatis neque sit amet nunc porta finibus. Curabitur id velit lectus.", "type": "text", "style": "", "detail": 0, "format": 0, "version": 1}], "direction": null}, {"type": "paragraph", "format": "", "indent": 0, "version": 1, "children": [{"mode": "normal", "text": "Vivamus porta risus et erat interdum, a condimentum augue mollis. Proin pharetra, nunc ac volutpat dapibus, elit lacus egestas ante, a accumsan eros ante eleifend nibh. Nulla commodo eget sem quis facilisis. Pellentesque diam ante, ornare in blandit at, placerat vitae orci. Sed venenatis sapien ex, sit amet semper nunc pulvinar sed. Praesent eu quam vel mi scelerisque imperdiet. Phasellus in interdum elit. Proin pellentesque libero massa, condimentum pretium mi scelerisque at. Integer in sem sed sem pellentesque cursus id in tortor. Nullam id tristique dui. Sed et rhoncus ipsum, vitae ornare erat. Mauris sit amet odio dapibus dui porta congue. In egestas fringilla fermentum. Fusce vulputate faucibus diam, ac posuere urna feugiat nec.", "type": "text", "style": "", "detail": 0, "format": 0, "version": 1}], "direction": null, "textStyle": "", "textFormat": 0}, {"type": "paragraph", "format": "", "indent": 0, "version": 1, "children": [{"mode": "normal", "text": "Proin id porta tellus. Fusce suscipit turpis ac mattis scelerisque. Integer lacinia mi et posuere imperdiet. Donec ut ligula nec tellus maximus imperdiet. Nam egestas erat tincidunt, blandit sem quis, gravida lacus. Quisque dictum dapibus dictum. Aliquam ac urna sit amet sapien ultricies efficitur. Mauris ac tincidunt velit, sed aliquet diam. Praesent non risus sodales, sollicitudin lectus sagittis, convallis ante. Quisque imperdiet ante eget ligula vehicula placerat cursus vitae purus. Etiam eu venenatis orci.", "type": "text", "style": "", "detail": 0, "format": 0, "version": 1}], "direction": null, "textStyle": "", "textFormat": 0}, {"type": "block", "fields": {"id": "68fbb90a8a804de2de0fb8bb", "media": 24, "blockName": "", "blockType": "mediaBlock", "sectionName": "borrar"}, "format": "", "version": 2}, {"type": "paragraph", "format": "", "indent": 0, "version": 1, "children": [], "direction": null, "textStyle": "", "textFormat": 0}, {"type": "paragraph", "format": "", "indent": 0, "version": 1, "children": [{"mode": "normal", "text": "Donec ut vehicula lectus, at pellentesque orci. Phasellus lacinia viverra ex at fermentum. Nunc tincidunt nunc et lectus malesuada, id fermentum nisl facilisis. Donec elementum mollis massa varius scelerisque. Aliquam tincidunt nibh eu pellentesque consectetur. Morbi venenatis sapien lacus, sit amet vulputate elit tempus posuere. Proin ut facilisis felis, vel rhoncus felis. Integer imperdiet sem ut neque aliquam, eget vestibulum eros ultricies. Duis efficitur sem enim, sit amet tristique urna gravida non. Aliquam aliquet consectetur neque id tristique. Praesent sit amet erat quam. Nullam egestas orci id tellus scelerisque, vel ullamcorper dui dictum. Nulla tempus ac sapien nec porttitor.", "type": "text", "style": "", "detail": 0, "format": 0, "version": 1}], "direction": null, "textStyle": "", "textFormat": 0}, {"type": "paragraph", "format": "", "indent": 0, "version": 1, "children": [{"mode": "normal", "text": "Sed fermentum a lectus hendrerit ullamcorper. Nunc sagittis nec lacus vel volutpat. In ac enim eros. Nunc dapibus, turpis et faucibus vulputate, quam sapien dictum lorem, id varius tortor elit faucibus odio. Sed at justo ac nisl placerat vestibulum at in diam. Vivamus quis condimentum enim. Mauris vestibulum nec erat nec congue. Vestibulum luctus tincidunt tellus et iaculis. Integer at ligula mi. Fusce laoreet leo vel quam efficitur, vitae vulputate leo efficitur. Sed pharetra ligula vitae ex pharetra viverra. Donec metus justo, commodo in dictum sit amet, cursus quis enim. Phasellus laoreet quam sapien, vitae congue mauris posuere non. Interdum et malesuada fames ac ante ipsum primis in faucibus. Nullam euismod rhoncus arcu, a blandit est pharetra ac. Pellentesque sapien mauris, dapibus sit amet risus sit amet, tempor eleifend purus.", "type": "text", "style": "", "detail": 0, "format": 0, "version": 1}], "direction": null, "textStyle": "", "textFormat": 0}, {"type": "paragraph", "format": "", "indent": 0, "version": 1, "children": [{"mode": "normal", "text": "Pellentesque varius vel eros quis convallis. Cras nec purus diam. Suspendisse id lobortis velit. Fusce convallis nisl libero, nec pretium nunc dictum non. Nam ut egestas ipsum. Sed sem sapien, hendrerit in sollicitudin et, pulvinar in metus. Praesent iaculis tempor massa ac sollicitudin. Nunc vestibulum aliquet lectus sit amet volutpat. Suspendisse nec varius augue. Aliquam tellus lacus, euismod ut tortor non, rhoncus semper libero. Nunc ac fringilla magna, et ultrices diam. Fusce ac ipsum nisl.", "type": "text", "style": "", "detail": 0, "format": 0, "version": 1}], "direction": null, "textStyle": "", "textFormat": 0}, {"type": "paragraph", "format": "", "indent": 0, "version": 1, "children": [{"mode": "normal", "text": "Vestibulum erat ante, maximus eget ante vitae, ornare congue tortor. Nam nunc elit, ultricies quis tincidunt sit amet, dignissim eu mauris. Quisque congue lectus ut viverra interdum. Donec porta est ac tincidunt rutrum. Integer tempus ipsum rutrum, fringilla orci ut, feugiat erat. Aliquam a placerat justo. Sed vel dolor ultricies, sollicitudin sem id, fringilla diam. Nam eget lacus eu mauris sagittis fermentum eu vitae turpis. Nulla nisi massa, sagittis viverra ullamcorper nec, consequat vitae nisl. Maecenas molestie ligula id arcu malesuada viverra. Nunc nulla nibh, luctus ac augue vitae, imperdiet tempor est.", "type": "text", "style": "", "detail": 0, "format": 0, "version": 1}], "direction": null, "textStyle": "", "textFormat": 0}, {"type": "paragraph", "format": "", "indent": 0, "version": 1, "children": [{"mode": "normal", "text": "Nullam interdum sapien eget bibendum maximus. Duis ac massa ac dolor consectetur eleifend. Proin nec tempor nibh, vel molestie nisi. Nunc eros mi, laoreet ut porttitor rhoncus, vestibulum sit amet arcu. Nullam at pellentesque ligula. Sed id dignissim magna. In aliquam mi sapien, vitae ornare quam aliquet tempor.", "type": "text", "style": "", "detail": 0, "format": 0, "version": 1}], "direction": null, "textStyle": "", "textFormat": 0}], "direction": null}}	\N	\N	\N	2025-10-24 19:36:34.051+02	post-2	f	2025-10-24 19:36:41.665+02	2025-10-24 19:34:43.606+02	draft	2025-10-24 19:36:37.947+02	2025-10-24 19:36:41.665+02	f	t
19	2	post 2	\N	{"root": {"type": "root", "format": "", "indent": 0, "version": 1, "children": [{"tag": "h1", "type": "heading", "format": "", "indent": 0, "version": 1, "children": [{"mode": "normal", "text": "Lorem ipsum dolor sit amet", "type": "text", "style": "", "detail": 0, "format": 0, "version": 1}], "direction": null}, {"type": "paragraph", "format": "", "indent": 0, "version": 1, "children": [{"mode": "normal", "text": ", consectetur adipiscing elit. Maecenas tempor mollis ipsum et volutpat. Integer faucibus metus at tortor posuere vestibulum. Nulla iaculis id massa ut euismod. Nullam dignissim vehicula orci nec condimentum. Fusce gravida, diam ac ultricies consectetur, neque turpis ullamcorper eros, eget placerat dolor augue sed augue. Integer ut nisi nec nisl maximus lacinia sed vehicula mauris. Pellentesque aliquet nibh at metus cursus congue vel nec leo. Mauris maximus ac leo vitae dapibus. Nam pretium lectus accumsan augue pellentesque euismod. Ut laoreet facilisis vehicula. Morbi velit purus, mattis eget libero vel, dictum venenatis erat. Suspendisse sapien metus, consectetur in tempor eu, scelerisque vitae elit. Nulla facilisi.", "type": "text", "style": "", "detail": 0, "format": 0, "version": 1}], "direction": null, "textStyle": "", "textFormat": 0}, {"type": "paragraph", "format": "", "indent": 0, "version": 1, "children": [{"mode": "normal", "text": "Duis quis turpis non purus porttitor luctus et sit amet nulla", "type": "text", "style": "", "detail": 0, "format": 2, "version": 1}, {"mode": "normal", "text": ". Phasellus imperdiet eleifend ligula. Proin eu egestas turpis, molestie congue nisl. Aenean laoreet lorem lorem, ac lacinia lorem molestie interdum. Nunc sit amet commodo quam. Proin commodo rhoncus egestas. Donec fringilla leo augue, nec tempus leo gravida a. Aliquam at tristique enim. Aenean non semper lacus. Vivamus efficitur mollis laoreet. Praesent tempus dictum elit, eget volutpat sapien euismod hendrerit. Sed tempor odio vitae lectus congue, sed blandit massa fermentum.", "type": "text", "style": "", "detail": 0, "format": 0, "version": 1}], "direction": null, "textStyle": "", "textFormat": 2}, {"type": "quote", "format": "", "indent": 0, "version": 1, "children": [{"mode": "normal", "text": "In non justo vel quam facilisis aliquam vitae pretium lorem. Sed vitae egestas turpis. Duis non tortor in eros eleifend laoreet. Pellentesque habitant morbi tristique senectus et netus et malesuada fames ac turpis egestas. Donec mauris lectus, vulputate ut egestas ut, iaculis a erat. Sed neque libero, semper nec semper a, vulputate vitae ipsum. Nam pulvinar nisi at orci condimentum, sed posuere nisi rutrum. Duis laoreet porttitor orci ut volutpat. Phasellus congue erat sit amet egestas aliquam. Morbi venenatis neque sit amet nunc porta finibus. Curabitur id velit lectus.", "type": "text", "style": "", "detail": 0, "format": 0, "version": 1}], "direction": null}, {"type": "paragraph", "format": "", "indent": 0, "version": 1, "children": [{"mode": "normal", "text": "Vivamus porta risus et erat interdum, a condimentum augue mollis. Proin pharetra, nunc ac volutpat dapibus, elit lacus egestas ante, a accumsan eros ante eleifend nibh. Nulla commodo eget sem quis facilisis. Pellentesque diam ante, ornare in blandit at, placerat vitae orci. Sed venenatis sapien ex, sit amet semper nunc pulvinar sed. Praesent eu quam vel mi scelerisque imperdiet. Phasellus in interdum elit. Proin pellentesque libero massa, condimentum pretium mi scelerisque at. Integer in sem sed sem pellentesque cursus id in tortor. Nullam id tristique dui. Sed et rhoncus ipsum, vitae ornare erat. Mauris sit amet odio dapibus dui porta congue. In egestas fringilla fermentum. Fusce vulputate faucibus diam, ac posuere urna feugiat nec.", "type": "text", "style": "", "detail": 0, "format": 0, "version": 1}], "direction": null, "textStyle": "", "textFormat": 0}, {"type": "paragraph", "format": "", "indent": 0, "version": 1, "children": [{"mode": "normal", "text": "Proin id porta tellus. Fusce suscipit turpis ac mattis scelerisque. Integer lacinia mi et posuere imperdiet. Donec ut ligula nec tellus maximus imperdiet. Nam egestas erat tincidunt, blandit sem quis, gravida lacus. Quisque dictum dapibus dictum. Aliquam ac urna sit amet sapien ultricies efficitur. Mauris ac tincidunt velit, sed aliquet diam. Praesent non risus sodales, sollicitudin lectus sagittis, convallis ante. Quisque imperdiet ante eget ligula vehicula placerat cursus vitae purus. Etiam eu venenatis orci.", "type": "text", "style": "", "detail": 0, "format": 0, "version": 1}], "direction": null, "textStyle": "", "textFormat": 0}, {"type": "block", "fields": {"id": "68fbb90a8a804de2de0fb8bb", "media": 24, "blockName": "", "blockType": "mediaBlock", "sectionName": "borrar"}, "format": "", "version": 2}, {"type": "paragraph", "format": "", "indent": 0, "version": 1, "children": [], "direction": null, "textStyle": "", "textFormat": 0}, {"type": "paragraph", "format": "", "indent": 0, "version": 1, "children": [{"mode": "normal", "text": "Donec ut vehicula lectus, at pellentesque orci. Phasellus lacinia viverra ex at fermentum. Nunc tincidunt nunc et lectus malesuada, id fermentum nisl facilisis. Donec elementum mollis massa varius scelerisque. Aliquam tincidunt nibh eu pellentesque consectetur. Morbi venenatis sapien lacus, sit amet vulputate elit tempus posuere. Proin ut facilisis felis, vel rhoncus felis. Integer imperdiet sem ut neque aliquam, eget vestibulum eros ultricies. Duis efficitur sem enim, sit amet tristique urna gravida non. Aliquam aliquet consectetur neque id tristique. Praesent sit amet erat quam. Nullam egestas orci id tellus scelerisque, vel ullamcorper dui dictum. Nulla tempus ac sapien nec porttitor.", "type": "text", "style": "", "detail": 0, "format": 0, "version": 1}], "direction": null, "textStyle": "", "textFormat": 0}, {"type": "paragraph", "format": "", "indent": 0, "version": 1, "children": [{"mode": "normal", "text": "Sed fermentum a lectus hendrerit ullamcorper. Nunc sagittis nec lacus vel volutpat. In ac enim eros. Nunc dapibus, turpis et faucibus vulputate, quam sapien dictum lorem, id varius tortor elit faucibus odio. Sed at justo ac nisl placerat vestibulum at in diam. Vivamus quis condimentum enim. Mauris vestibulum nec erat nec congue. Vestibulum luctus tincidunt tellus et iaculis. Integer at ligula mi. Fusce laoreet leo vel quam efficitur, vitae vulputate leo efficitur. Sed pharetra ligula vitae ex pharetra viverra. Donec metus justo, commodo in dictum sit amet, cursus quis enim. Phasellus laoreet quam sapien, vitae congue mauris posuere non. Interdum et malesuada fames ac ante ipsum primis in faucibus. Nullam euismod rhoncus arcu, a blandit est pharetra ac. Pellentesque sapien mauris, dapibus sit amet risus sit amet, tempor eleifend purus.", "type": "text", "style": "", "detail": 0, "format": 0, "version": 1}], "direction": null, "textStyle": "", "textFormat": 0}, {"type": "paragraph", "format": "", "indent": 0, "version": 1, "children": [{"mode": "normal", "text": "Pellentesque varius vel eros quis convallis. Cras nec purus diam. Suspendisse id lobortis velit. Fusce convallis nisl libero, nec pretium nunc dictum non. Nam ut egestas ipsum. Sed sem sapien, hendrerit in sollicitudin et, pulvinar in metus. Praesent iaculis tempor massa ac sollicitudin. Nunc vestibulum aliquet lectus sit amet volutpat. Suspendisse nec varius augue. Aliquam tellus lacus, euismod ut tortor non, rhoncus semper libero. Nunc ac fringilla magna, et ultrices diam. Fusce ac ipsum nisl.", "type": "text", "style": "", "detail": 0, "format": 0, "version": 1}], "direction": null, "textStyle": "", "textFormat": 0}, {"type": "paragraph", "format": "", "indent": 0, "version": 1, "children": [{"mode": "normal", "text": "Vestibulum erat ante, maximus eget ante vitae, ornare congue tortor. Nam nunc elit, ultricies quis tincidunt sit amet, dignissim eu mauris. Quisque congue lectus ut viverra interdum. Donec porta est ac tincidunt rutrum. Integer tempus ipsum rutrum, fringilla orci ut, feugiat erat. Aliquam a placerat justo. Sed vel dolor ultricies, sollicitudin sem id, fringilla diam. Nam eget lacus eu mauris sagittis fermentum eu vitae turpis. Nulla nisi massa, sagittis viverra ullamcorper nec, consequat vitae nisl. Maecenas molestie ligula id arcu malesuada viverra. Nunc nulla nibh, luctus ac augue vitae, imperdiet tempor est.", "type": "text", "style": "", "detail": 0, "format": 0, "version": 1}], "direction": null, "textStyle": "", "textFormat": 0}, {"type": "paragraph", "format": "", "indent": 0, "version": 1, "children": [{"mode": "normal", "text": "Nullam interdum sapien eget bibendum maximus. Duis ac massa ac dolor consectetur eleifend. Proin nec tempor nibh, vel molestie nisi. Nunc eros mi, laoreet ut porttitor rhoncus, vestibulum sit amet arcu. Nullam at pellentesque ligula. Sed id dignissim magna. In aliquam mi sapien, vitae ornare quam aliquet tempor.", "type": "text", "style": "", "detail": 0, "format": 0, "version": 1}], "direction": null, "textStyle": "", "textFormat": 0}], "direction": null}}	post 2 | Payload Website Template	\N	Lorem ipsum dolor sit amet, consectetur adipiscing elit. Maecenas tempor mollis ipsum et volutpat. Integer faucibus metus at tortor posuere vestibulu	2025-10-24 19:36:34.051+02	post-2	f	2025-10-24 20:04:43.381+02	2025-10-24 19:34:43.606+02	draft	2025-10-24 20:04:02.928+02	2025-10-24 20:04:43.381+02	f	t
89	1	post01	68	{"root": {"type": "root", "format": "", "indent": 0, "version": 1, "children": [{"type": "paragraph", "format": "", "indent": 0, "version": 1, "children": [{"mode": "normal", "text": "Lorem aaaaaaaaaaaaaaaaaaaaa ipsum dolor sit amet, consectetur adipiscing elit. Maecenas egestas erat risus, ac semper justo molestie vel. Aliquam erat volutpat. Phasellus imperdiet metus erat, id maximus diam placerat eu. Nam luctus lorem eget mauris tempus egestas. Aliquam tempus varius urna, quis finibus odio luctus a. Integer dictum finibus ex nec placerat. Phasellus risus est, consequat vitae tortor vel, accumsan commodo sapien. Ut convallis nunc et metus interdum, in luctus enim molestie. Fusce aliquet elit sed est imperdiet, vel elementum enim varius. Sed quis blandit arcu, lacinia molestie ante. Proin ac turpis urna. Pellentesque in tristique erat. Sed vitae congue sapien. Curabitur consectetur felis lectus. Etiam eu ligula id arcu feugiat eleifend.", "type": "text", "style": "", "detail": 0, "format": 0, "version": 1}], "direction": null, "textStyle": "", "textFormat": 0}, {"type": "paragraph", "format": "", "indent": 0, "version": 1, "children": [{"mode": "normal", "text": "Aliquam in lorem sed sapien bibendum feugiat eu ut turpis. Class aptent taciti sociosqu ad litora torquent per conubia nostra, per inceptos himenaeos. Morbi ante nisi, ultricies et condimentum vel, eleifend ac quam. Proin dui risus, efficitur eu massa eget, sollicitudin efficitur purus. Nulla egestas viverra dolor at tristique. Maecenas augue mi, imperdiet eget mattis in, aliquam eu sem. Ut libero diam, viverra quis lectus sed, congue iaculis ex. Ut semper ultricies posuere. Donec malesuada, leo ut semper rhoncus, tortor est pharetra turpis, in ultrices ante urna vehicula turpis. Donec eget varius velit, in volutpat neque. Morbi augue arcu, posuere non ullamcorper at, laoreet eu mauris. Suspendisse potenti. Pellentesque interdum leo ac sem convallis facilisis. Donec nec eros sit amet arcu ultrices mollis id et nisl.", "type": "text", "style": "", "detail": 0, "format": 0, "version": 1}], "direction": null, "textStyle": "", "textFormat": 0}, {"type": "paragraph", "format": "", "indent": 0, "version": 1, "children": [{"mode": "normal", "text": "Sed faucibus tellus sed orci porta tincidunt. Integer laoreet, turpis nec lobortis ultricies, ante risus volutpat odio, ut malesuada eros metus nec lorem. Ut eu mauris sed turpis accumsan scelerisque quis non lectus. Fusce et quam orci. Nam tempus felis eu turpis bibendum, non maximus nibh scelerisque. Donec id congue nisi. Fusce nulla dui, cursus consequat aliquet non, blandit et turpis. Proin ac laoreet urna. Donec id mi in felis elementum euismod in quis augue. Integer eget eleifend est.", "type": "text", "style": "", "detail": 0, "format": 0, "version": 1}], "direction": null, "textStyle": "", "textFormat": 0}, {"type": "paragraph", "format": "", "indent": 0, "version": 1, "children": [{"mode": "normal", "text": "Phasellus mollis cursus tortor, in dignissim felis vulputate quis. Nulla interdum nulla imperdiet, pulvinar mauris eget, sagittis mauris. Donec aliquam semper tellus quis condimentum. Vivamus sit amet nisl sit amet lectus ullamcorper faucibus. Vestibulum ante ipsum primis in faucibus orci luctus et ultrices posuere cubilia curae; Nullam mollis, libero finibus blandit luctus, nisl ante convallis risus, a aliquam sapien neque et risus. Praesent mollis porta laoreet. Duis lacus tortor, malesuada vitae metus non, efficitur viverra dolor. Phasellus rhoncus felis turpis, sed malesuada tellus malesuada in. Praesent fermentum sodales lacus eget lacinia. Sed convallis non purus id iaculis. Donec in malesuada enim. Cras vitae odio odio. Donec non nisi risus.", "type": "text", "style": "", "detail": 0, "format": 0, "version": 1}], "direction": null, "textStyle": "", "textFormat": 0}, {"type": "paragraph", "format": "", "indent": 0, "version": 1, "children": [{"mode": "normal", "text": "Etiam ac est lorem. Nullam fringilla vitae orci sed suscipit. Sed fermentum, nunc quis ultricies molestie, odio lectus suscipit enim, et venenatis dui tortor eget dolor. Suspendisse tempus tempor lacus sed tristique. Pellentesque habitant morbi tristique senectus et netus et malesuada fames ac turpis egestas. Integer sodales metus in neque pellentesque, eget rutrum lectus accumsan. Quisque at blandit mauris. Aliquam commodo volutpat tempus.", "type": "text", "style": "", "detail": 0, "format": 0, "version": 1}], "direction": null, "textStyle": "", "textFormat": 0}, {"type": "paragraph", "format": "", "indent": 0, "version": 1, "children": [], "direction": null, "textStyle": "", "textFormat": 0}], "direction": null}}	post01 | Payload Website Template	68	Lorem ipsum dolor sit amet, consectetur adipiscing el sskkj iosjijijsi ijsijijs isjijisjij sijisjsijis isjiijis isji isji	2025-10-24 18:06:54.442+02	post01	f	2025-11-30 11:02:27.315+01	2025-10-24 13:53:45.978+02	published	2025-11-30 11:02:27.319+01	2025-11-30 11:02:27.319+01	t	f
12	2	\N	\N	\N	\N	\N	\N	\N	\N	t	2025-10-24 19:34:43.606+02	2025-10-24 19:34:43.606+02	draft	2025-10-24 19:34:43.608+02	2025-10-24 19:34:43.608+02	f	f
69	1	post01	68	{"root": {"type": "root", "format": "", "indent": 0, "version": 1, "children": [{"type": "paragraph", "format": "", "indent": 0, "version": 1, "children": [{"mode": "normal", "text": "Lorem aaaaaaaaaaaaaaaaaaaaa ipsum dolor sit amet, consectetur adipiscing elit. Maecenas egestas erat risus, ac semper justo molestie vel. Aliquam erat volutpat. Phasellus imperdiet metus erat, id maximus diam placerat eu. Nam luctus lorem eget mauris tempus egestas. Aliquam tempus varius urna, quis finibus odio luctus a. Integer dictum finibus ex nec placerat. Phasellus risus est, consequat vitae tortor vel, accumsan commodo sapien. Ut convallis nunc et metus interdum, in luctus enim molestie. Fusce aliquet elit sed est imperdiet, vel elementum enim varius. Sed quis blandit arcu, lacinia molestie ante. Proin ac turpis urna. Pellentesque in tristique erat. Sed vitae congue sapien. Curabitur consectetur felis lectus. Etiam eu ligula id arcu feugiat eleifend.", "type": "text", "style": "", "detail": 0, "format": 0, "version": 1}], "direction": null, "textStyle": "", "textFormat": 0}, {"type": "paragraph", "format": "", "indent": 0, "version": 1, "children": [{"mode": "normal", "text": "Aliquam in lorem sed sapien bibendum feugiat eu ut turpis. Class aptent taciti sociosqu ad litora torquent per conubia nostra, per inceptos himenaeos. Morbi ante nisi, ultricies et condimentum vel, eleifend ac quam. Proin dui risus, efficitur eu massa eget, sollicitudin efficitur purus. Nulla egestas viverra dolor at tristique. Maecenas augue mi, imperdiet eget mattis in, aliquam eu sem. Ut libero diam, viverra quis lectus sed, congue iaculis ex. Ut semper ultricies posuere. Donec malesuada, leo ut semper rhoncus, tortor est pharetra turpis, in ultrices ante urna vehicula turpis. Donec eget varius velit, in volutpat neque. Morbi augue arcu, posuere non ullamcorper at, laoreet eu mauris. Suspendisse potenti. Pellentesque interdum leo ac sem convallis facilisis. Donec nec eros sit amet arcu ultrices mollis id et nisl.", "type": "text", "style": "", "detail": 0, "format": 0, "version": 1}], "direction": null, "textStyle": "", "textFormat": 0}, {"type": "paragraph", "format": "", "indent": 0, "version": 1, "children": [{"mode": "normal", "text": "Sed faucibus tellus sed orci porta tincidunt. Integer laoreet, turpis nec lobortis ultricies, ante risus volutpat odio, ut malesuada eros metus nec lorem. Ut eu mauris sed turpis accumsan scelerisque quis non lectus. Fusce et quam orci. Nam tempus felis eu turpis bibendum, non maximus nibh scelerisque. Donec id congue nisi. Fusce nulla dui, cursus consequat aliquet non, blandit et turpis. Proin ac laoreet urna. Donec id mi in felis elementum euismod in quis augue. Integer eget eleifend est.", "type": "text", "style": "", "detail": 0, "format": 0, "version": 1}], "direction": null, "textStyle": "", "textFormat": 0}, {"type": "paragraph", "format": "", "indent": 0, "version": 1, "children": [{"mode": "normal", "text": "Phasellus mollis cursus tortor, in dignissim felis vulputate quis. Nulla interdum nulla imperdiet, pulvinar mauris eget, sagittis mauris. Donec aliquam semper tellus quis condimentum. Vivamus sit amet nisl sit amet lectus ullamcorper faucibus. Vestibulum ante ipsum primis in faucibus orci luctus et ultrices posuere cubilia curae; Nullam mollis, libero finibus blandit luctus, nisl ante convallis risus, a aliquam sapien neque et risus. Praesent mollis porta laoreet. Duis lacus tortor, malesuada vitae metus non, efficitur viverra dolor. Phasellus rhoncus felis turpis, sed malesuada tellus malesuada in. Praesent fermentum sodales lacus eget lacinia. Sed convallis non purus id iaculis. Donec in malesuada enim. Cras vitae odio odio. Donec non nisi risus.", "type": "text", "style": "", "detail": 0, "format": 0, "version": 1}], "direction": null, "textStyle": "", "textFormat": 0}, {"type": "paragraph", "format": "", "indent": 0, "version": 1, "children": [{"mode": "normal", "text": "Etiam ac est lorem. Nullam fringilla vitae orci sed suscipit. Sed fermentum, nunc quis ultricies molestie, odio lectus suscipit enim, et venenatis dui tortor eget dolor. Suspendisse tempus tempor lacus sed tristique. Pellentesque habitant morbi tristique senectus et netus et malesuada fames ac turpis egestas. Integer sodales metus in neque pellentesque, eget rutrum lectus accumsan. Quisque at blandit mauris. Aliquam commodo volutpat tempus.", "type": "text", "style": "", "detail": 0, "format": 0, "version": 1}], "direction": null, "textStyle": "", "textFormat": 0}, {"type": "paragraph", "format": "", "indent": 0, "version": 1, "children": [], "direction": null, "textStyle": "", "textFormat": 0}], "direction": null}}	post01 | Payload Website Template	68	Lorem ipsum dolor sit amet, consectetur adipiscing el sskkj iosjijijsi ijsijijs isjijisjij sijisjsijis isjiijis isji isji	2025-10-24 18:06:54.442+02	post01	f	2025-11-25 09:35:13.071+01	2025-10-24 13:53:45.978+02	draft	2025-11-25 09:34:38.749+01	2025-11-25 09:35:13.071+01	f	t
47	7	post 7	\N	{"root": {"type": "root", "format": "", "indent": 0, "version": 1, "children": [{"type": "paragraph", "format": "", "indent": 0, "version": 1, "children": [{"mode": "normal", "text": "Lorem ipsum dolor sit amet, consectetur adipiscing elit. Proin in vestibulum eros. Nunc ullamcorper eu odio et sollicitudin. Proin vitae nisi id lectus egestas posuere eu aliquam mi. Sed tempor sodales arcu, id euismod orci maximus quis. Morbi eu est felis. Cras nec sem volutpat, sodales metus et, feugiat est. Aliquam iaculis consequat nisl ac aliquam. Pellentesque sit amet ipsum dui. Mauris elit nunc, fringilla et leo eget, varius consectetur odio. Donec tortor nisi, auctor non tincidunt sagittis, iaculis pretium augue. Nunc ut pellentesque risus. Aliquam sit amet sodales justo.", "type": "text", "style": "", "detail": 0, "format": 0, "version": 1}], "direction": null, "textStyle": "", "textFormat": 0}, {"type": "paragraph", "format": "", "indent": 0, "version": 1, "children": [{"mode": "normal", "text": "Sed consectetur vel felis ut laoreet. Pellentesque habitant morbi tristique senectus et netus et malesuada fames ac turpis egestas. Sed ut tempus enim. Maecenas quis suscipit tortor. Etiam consequat magna ante, eu dapibus est tincidunt eu. Morbi molestie mauris vitae vestibulum pellentesque. Curabitur vel luctus purus. Vivamus ornare, augue vel laoreet ultrices, nibh lacus faucibus nunc, lacinia commodo nisl turpis sed ex. Vestibulum gravida tortor sed nisl finibus porttitor. Sed lorem ipsum, pharetra et tincidunt a, venenatis at ex. Nunc ac risus et lacus ornare sagittis vitae et velit. Donec luctus auctor quam vel sollicitudin. Maecenas cursus risus tellus, et porta augue vehicula a. Aliquam porta pellentesque ultrices.", "type": "text", "style": "", "detail": 0, "format": 0, "version": 1}], "direction": null, "textStyle": "", "textFormat": 0}, {"type": "paragraph", "format": "", "indent": 0, "version": 1, "children": [{"mode": "normal", "text": "Vivamus felis turpis, blandit ut tellus id, commodo tristique nisi. Donec at eros porttitor, consequat mi at, tempor felis. Donec dignissim tincidunt nibh id rutrum. Phasellus et massa condimentum velit dapibus facilisis. Phasellus in mauris erat. Morbi at suscipit enim. Vestibulum fermentum ligula id erat ultricies iaculis. Pellentesque nec nisi sapien. Etiam volutpat a magna sit amet volutpat. Duis metus lorem, venenatis ac sodales eu, placerat in sapien. Vestibulum vel mollis nisl. Quisque eu aliquet orci, posuere fringilla erat. Vivamus tempus enim ut risus sollicitudin, quis volutpat dui mollis. Duis hendrerit felis diam, ac rhoncus felis sollicitudin ac. Donec vel aliquam ipsum. Integer at nisi ullamcorper, rhoncus neque ac, mattis massa.", "type": "text", "style": "", "detail": 0, "format": 0, "version": 1}], "direction": null, "textStyle": "", "textFormat": 0}, {"type": "paragraph", "format": "", "indent": 0, "version": 1, "children": [{"mode": "normal", "text": "Fusce a suscipit orci, vitae dictum lorem. Nulla sit amet ante arcu. Aliquam ornare in urna eget varius. Donec facilisis, dui pharetra rutrum eleifend, diam mi consequat leo, sit amet iaculis erat metus ac neque. Pellentesque id nisl sed arcu tincidunt egestas. Ut sit amet lobortis erat. Proin erat dui, luctus sit amet dictum et, hendrerit quis risus. Proin quis elementum magna, in consequat nisi. Aliquam tincidunt gravida cursus. Sed ac lorem a purus pulvinar cursus. Vivamus sem sapien, vehicula quis erat nec, ultricies eleifend felis. Duis a quam pharetra, rutrum lorem vitae, semper ligula. Vestibulum a risus molestie, pharetra ligula id, aliquam arcu.", "type": "text", "style": "", "detail": 0, "format": 0, "version": 1}], "direction": null, "textStyle": "", "textFormat": 0}, {"type": "paragraph", "format": "", "indent": 0, "version": 1, "children": [{"mode": "normal", "text": "Fusce pellentesque in justo non vestibulum. Donec eu lectus gravida, elementum est quis, malesuada nisl. Aenean ut imperdiet neque. Nunc varius euismod condimentum. Praesent ex purus, volutpat sed facilisis sed, laoreet quis lacus. Vestibulum sed erat auctor neque cursus maximus non in lorem. Integer volutpat quam vel gravida consectetur.", "type": "text", "style": "", "detail": 0, "format": 0, "version": 1}], "direction": null, "textStyle": "", "textFormat": 0}], "direction": null}}	post 4 | Payload Website Template	\N	Lorem ipsum dolor sit amet, consectetur adipiscing elit. Proin in vestibulum eros. Nunc ullamcorper eu odio et sollicitudin. Proin vitae nisi id le\n	2025-10-27 00:00:00+01	post-7	f	2025-10-27 20:19:23.517+01	2025-10-27 20:19:14.986+01	published	2025-10-27 20:19:23.522+01	2025-10-27 20:19:23.522+01	f	f
84	10	Lorem ipsum dolor sit amet, consectetur adipiscing elit	68	{"root": {"type": "root", "format": "", "indent": 0, "version": 1, "children": [{"type": "paragraph", "format": "", "indent": 0, "version": 1, "children": [{"mode": "normal", "text": "Lorem ipsum dolor sit amet, consectetur adipiscing elit. Proin in vestibulum eros. Nunc ullamcorper eu odio et sollicitudin. Proin vitae nisi id lectus egestas posuere eu aliquam mi. Sed tempor sodales arcu, id euismod orci maximus quis. Morbi eu est felis. Cras nec sem volutpat, sodales metus et, feugiat est. Aliquam iaculis consequat nisl ac aliquam. Pellentesque sit amet ipsum dui. Mauris elit nunc, fringilla et leo eget, varius consectetur odio. Donec tortor nisi, auctor non tincidunt sagittis, iaculis pretium augue. Nunc ut pellentesque risus. Aliquam sit amet sodales justo.", "type": "text", "style": "", "detail": 0, "format": 0, "version": 1}], "direction": null, "textStyle": "", "textFormat": 0}, {"type": "paragraph", "format": "", "indent": 0, "version": 1, "children": [{"mode": "normal", "text": "Sed consectetur vel felis ut laoreet. Pellentesque habitant morbi tristique senectus et netus et malesuada fames ac turpis egestas. Sed ut tempus enim. Maecenas quis suscipit tortor. Etiam consequat magna ante, eu dapibus est tincidunt eu. Morbi molestie mauris vitae vestibulum pellentesque. Curabitur vel luctus purus. Vivamus ornare, augue vel laoreet ultrices, nibh lacus faucibus nunc, lacinia commodo nisl turpis sed ex. Vestibulum gravida tortor sed nisl finibus porttitor. Sed lorem ipsum, pharetra et tincidunt a, venenatis at ex. Nunc ac risus et lacus ornare sagittis vitae et velit. Donec luctus auctor quam vel sollicitudin. Maecenas cursus risus tellus, et porta augue vehicula a. Aliquam porta pellentesque ultrices.", "type": "text", "style": "", "detail": 0, "format": 0, "version": 1}], "direction": null, "textStyle": "", "textFormat": 0}, {"type": "paragraph", "format": "", "indent": 0, "version": 1, "children": [{"mode": "normal", "text": "Vivamus felis turpis, blandit ut tellus id, commodo tristique nisi. Donec at eros porttitor, consequat mi at, tempor felis. Donec dignissim tincidunt nibh id rutrum. Phasellus et massa condimentum velit dapibus facilisis. Phasellus in mauris erat. Morbi at suscipit enim. Vestibulum fermentum ligula id erat ultricies iaculis. Pellentesque nec nisi sapien. Etiam volutpat a magna sit amet volutpat. Duis metus lorem, venenatis ac sodales eu, placerat in sapien. Vestibulum vel mollis nisl. Quisque eu aliquet orci, posuere fringilla erat. Vivamus tempus enim ut risus sollicitudin, quis volutpat dui mollis. Duis hendrerit felis diam, ac rhoncus felis sollicitudin ac. Donec vel aliquam ipsum. Integer at nisi ullamcorper, rhoncus neque ac, mattis massa.", "type": "text", "style": "", "detail": 0, "format": 0, "version": 1}], "direction": null, "textStyle": "", "textFormat": 0}, {"type": "paragraph", "format": "", "indent": 0, "version": 1, "children": [{"mode": "normal", "text": "Fusce a suscipit orci, vitae dictum lorem. Nulla sit amet ante arcu. Aliquam ornare in urna eget varius. Donec facilisis, dui pharetra rutrum eleifend, diam mi consequat leo, sit amet iaculis erat metus ac neque. Pellentesque id nisl sed arcu tincidunt egestas. Ut sit amet lobortis erat. Proin erat dui, luctus sit amet dictum et, hendrerit quis risus. Proin quis elementum magna, in consequat nisi. Aliquam tincidunt gravida cursus. Sed ac lorem a purus pulvinar cursus. Vivamus sem sapien, vehicula quis erat nec, ultricies eleifend felis. Duis a quam pharetra, rutrum lorem vitae, semper ligula. Vestibulum a risus molestie, pharetra ligula id, aliquam arcu.", "type": "text", "style": "", "detail": 0, "format": 0, "version": 1}], "direction": null, "textStyle": "", "textFormat": 0}, {"type": "paragraph", "format": "", "indent": 0, "version": 1, "children": [{"mode": "normal", "text": "Fusce pellentesque in justo non vestibulum. Donec eu lectus gravida, elementum est quis, malesuada nisl. Aenean ut imperdiet neque. Nunc varius euismod condimentum. Praesent ex purus, volutpat sed facilisis sed, laoreet quis lacus. Vestibulum sed erat auctor neque cursus maximus non in lorem. Integer volutpat quam vel gravida consectetur.", "type": "text", "style": "", "detail": 0, "format": 0, "version": 1}], "direction": null, "textStyle": "", "textFormat": 0}], "direction": null}}	Lorem ipsum dolor sit amet, consectetur adipiscing elitare w	68	Lorem ipsum dolor sit amet, consectetur adipiscing elit. Proin in vestibulum eros. Nunc ullamcorper eu odio et sollicitudin. Proin vitae nisi id le a\n	2025-10-27 00:00:00+01	lorem-ipsum-dolor-sit-amet-consectetur-adipiscing-elit	f	2025-11-25 09:41:39.06+01	2025-10-28 17:46:32.007+01	published	2025-11-25 09:41:39.065+01	2025-11-25 09:41:39.065+01	t	f
83	10	Lorem ipsum dolor sit amet, consectetur adipiscing elit	68	{"root": {"type": "root", "format": "", "indent": 0, "version": 1, "children": [{"type": "paragraph", "format": "", "indent": 0, "version": 1, "children": [{"mode": "normal", "text": "Lorem ipsum dolor sit amet, consectetur adipiscing elit. Proin in vestibulum eros. Nunc ullamcorper eu odio et sollicitudin. Proin vitae nisi id lectus egestas posuere eu aliquam mi. Sed tempor sodales arcu, id euismod orci maximus quis. Morbi eu est felis. Cras nec sem volutpat, sodales metus et, feugiat est. Aliquam iaculis consequat nisl ac aliquam. Pellentesque sit amet ipsum dui. Mauris elit nunc, fringilla et leo eget, varius consectetur odio. Donec tortor nisi, auctor non tincidunt sagittis, iaculis pretium augue. Nunc ut pellentesque risus. Aliquam sit amet sodales justo.", "type": "text", "style": "", "detail": 0, "format": 0, "version": 1}], "direction": null, "textStyle": "", "textFormat": 0}, {"type": "paragraph", "format": "", "indent": 0, "version": 1, "children": [{"mode": "normal", "text": "Sed consectetur vel felis ut laoreet. Pellentesque habitant morbi tristique senectus et netus et malesuada fames ac turpis egestas. Sed ut tempus enim. Maecenas quis suscipit tortor. Etiam consequat magna ante, eu dapibus est tincidunt eu. Morbi molestie mauris vitae vestibulum pellentesque. Curabitur vel luctus purus. Vivamus ornare, augue vel laoreet ultrices, nibh lacus faucibus nunc, lacinia commodo nisl turpis sed ex. Vestibulum gravida tortor sed nisl finibus porttitor. Sed lorem ipsum, pharetra et tincidunt a, venenatis at ex. Nunc ac risus et lacus ornare sagittis vitae et velit. Donec luctus auctor quam vel sollicitudin. Maecenas cursus risus tellus, et porta augue vehicula a. Aliquam porta pellentesque ultrices.", "type": "text", "style": "", "detail": 0, "format": 0, "version": 1}], "direction": null, "textStyle": "", "textFormat": 0}, {"type": "paragraph", "format": "", "indent": 0, "version": 1, "children": [{"mode": "normal", "text": "Vivamus felis turpis, blandit ut tellus id, commodo tristique nisi. Donec at eros porttitor, consequat mi at, tempor felis. Donec dignissim tincidunt nibh id rutrum. Phasellus et massa condimentum velit dapibus facilisis. Phasellus in mauris erat. Morbi at suscipit enim. Vestibulum fermentum ligula id erat ultricies iaculis. Pellentesque nec nisi sapien. Etiam volutpat a magna sit amet volutpat. Duis metus lorem, venenatis ac sodales eu, placerat in sapien. Vestibulum vel mollis nisl. Quisque eu aliquet orci, posuere fringilla erat. Vivamus tempus enim ut risus sollicitudin, quis volutpat dui mollis. Duis hendrerit felis diam, ac rhoncus felis sollicitudin ac. Donec vel aliquam ipsum. Integer at nisi ullamcorper, rhoncus neque ac, mattis massa.", "type": "text", "style": "", "detail": 0, "format": 0, "version": 1}], "direction": null, "textStyle": "", "textFormat": 0}, {"type": "paragraph", "format": "", "indent": 0, "version": 1, "children": [{"mode": "normal", "text": "Fusce a suscipit orci, vitae dictum lorem. Nulla sit amet ante arcu. Aliquam ornare in urna eget varius. Donec facilisis, dui pharetra rutrum eleifend, diam mi consequat leo, sit amet iaculis erat metus ac neque. Pellentesque id nisl sed arcu tincidunt egestas. Ut sit amet lobortis erat. Proin erat dui, luctus sit amet dictum et, hendrerit quis risus. Proin quis elementum magna, in consequat nisi. Aliquam tincidunt gravida cursus. Sed ac lorem a purus pulvinar cursus. Vivamus sem sapien, vehicula quis erat nec, ultricies eleifend felis. Duis a quam pharetra, rutrum lorem vitae, semper ligula. Vestibulum a risus molestie, pharetra ligula id, aliquam arcu.", "type": "text", "style": "", "detail": 0, "format": 0, "version": 1}], "direction": null, "textStyle": "", "textFormat": 0}, {"type": "paragraph", "format": "", "indent": 0, "version": 1, "children": [{"mode": "normal", "text": "Fusce pellentesque in justo non vestibulum. Donec eu lectus gravida, elementum est quis, malesuada nisl. Aenean ut imperdiet neque. Nunc varius euismod condimentum. Praesent ex purus, volutpat sed facilisis sed, laoreet quis lacus. Vestibulum sed erat auctor neque cursus maximus non in lorem. Integer volutpat quam vel gravida consectetur.", "type": "text", "style": "", "detail": 0, "format": 0, "version": 1}], "direction": null, "textStyle": "", "textFormat": 0}], "direction": null}}	Lorem ipsum dolor sit amet, consectetur adipiscing elitare w	68	Lorem ipsum dolor sit amet, consectetur adipiscing elit. Proin in vestibulum eros. Nunc ullamcorper eu odio et sollicitudin. Proin vitae nisi id le a\n	2025-10-27 00:00:00+01	lorem-ipsum-dolor-sit-amet-consectetur-adipiscing-elit	f	2025-11-25 09:41:37.822+01	2025-10-28 17:46:32.007+01	draft	2025-11-25 09:41:30.679+01	2025-11-25 09:41:37.822+01	f	t
46	7	post 7	\N	{"root": {"type": "root", "format": "", "indent": 0, "version": 1, "children": [{"type": "paragraph", "format": "", "indent": 0, "version": 1, "children": [{"mode": "normal", "text": "Lorem ipsum dolor sit amet, consectetur adipiscing elit. Proin in vestibulum eros. Nunc ullamcorper eu odio et sollicitudin. Proin vitae nisi id lectus egestas posuere eu aliquam mi. Sed tempor sodales arcu, id euismod orci maximus quis. Morbi eu est felis. Cras nec sem volutpat, sodales metus et, feugiat est. Aliquam iaculis consequat nisl ac aliquam. Pellentesque sit amet ipsum dui. Mauris elit nunc, fringilla et leo eget, varius consectetur odio. Donec tortor nisi, auctor non tincidunt sagittis, iaculis pretium augue. Nunc ut pellentesque risus. Aliquam sit amet sodales justo.", "type": "text", "style": "", "detail": 0, "format": 0, "version": 1}], "direction": null, "textStyle": "", "textFormat": 0}, {"type": "paragraph", "format": "", "indent": 0, "version": 1, "children": [{"mode": "normal", "text": "Sed consectetur vel felis ut laoreet. Pellentesque habitant morbi tristique senectus et netus et malesuada fames ac turpis egestas. Sed ut tempus enim. Maecenas quis suscipit tortor. Etiam consequat magna ante, eu dapibus est tincidunt eu. Morbi molestie mauris vitae vestibulum pellentesque. Curabitur vel luctus purus. Vivamus ornare, augue vel laoreet ultrices, nibh lacus faucibus nunc, lacinia commodo nisl turpis sed ex. Vestibulum gravida tortor sed nisl finibus porttitor. Sed lorem ipsum, pharetra et tincidunt a, venenatis at ex. Nunc ac risus et lacus ornare sagittis vitae et velit. Donec luctus auctor quam vel sollicitudin. Maecenas cursus risus tellus, et porta augue vehicula a. Aliquam porta pellentesque ultrices.", "type": "text", "style": "", "detail": 0, "format": 0, "version": 1}], "direction": null, "textStyle": "", "textFormat": 0}, {"type": "paragraph", "format": "", "indent": 0, "version": 1, "children": [{"mode": "normal", "text": "Vivamus felis turpis, blandit ut tellus id, commodo tristique nisi. Donec at eros porttitor, consequat mi at, tempor felis. Donec dignissim tincidunt nibh id rutrum. Phasellus et massa condimentum velit dapibus facilisis. Phasellus in mauris erat. Morbi at suscipit enim. Vestibulum fermentum ligula id erat ultricies iaculis. Pellentesque nec nisi sapien. Etiam volutpat a magna sit amet volutpat. Duis metus lorem, venenatis ac sodales eu, placerat in sapien. Vestibulum vel mollis nisl. Quisque eu aliquet orci, posuere fringilla erat. Vivamus tempus enim ut risus sollicitudin, quis volutpat dui mollis. Duis hendrerit felis diam, ac rhoncus felis sollicitudin ac. Donec vel aliquam ipsum. Integer at nisi ullamcorper, rhoncus neque ac, mattis massa.", "type": "text", "style": "", "detail": 0, "format": 0, "version": 1}], "direction": null, "textStyle": "", "textFormat": 0}, {"type": "paragraph", "format": "", "indent": 0, "version": 1, "children": [{"mode": "normal", "text": "Fusce a suscipit orci, vitae dictum lorem. Nulla sit amet ante arcu. Aliquam ornare in urna eget varius. Donec facilisis, dui pharetra rutrum eleifend, diam mi consequat leo, sit amet iaculis erat metus ac neque. Pellentesque id nisl sed arcu tincidunt egestas. Ut sit amet lobortis erat. Proin erat dui, luctus sit amet dictum et, hendrerit quis risus. Proin quis elementum magna, in consequat nisi. Aliquam tincidunt gravida cursus. Sed ac lorem a purus pulvinar cursus. Vivamus sem sapien, vehicula quis erat nec, ultricies eleifend felis. Duis a quam pharetra, rutrum lorem vitae, semper ligula. Vestibulum a risus molestie, pharetra ligula id, aliquam arcu.", "type": "text", "style": "", "detail": 0, "format": 0, "version": 1}], "direction": null, "textStyle": "", "textFormat": 0}, {"type": "paragraph", "format": "", "indent": 0, "version": 1, "children": [{"mode": "normal", "text": "Fusce pellentesque in justo non vestibulum. Donec eu lectus gravida, elementum est quis, malesuada nisl. Aenean ut imperdiet neque. Nunc varius euismod condimentum. Praesent ex purus, volutpat sed facilisis sed, laoreet quis lacus. Vestibulum sed erat auctor neque cursus maximus non in lorem. Integer volutpat quam vel gravida consectetur.", "type": "text", "style": "", "detail": 0, "format": 0, "version": 1}], "direction": null, "textStyle": "", "textFormat": 0}], "direction": null}}	post 4 | Payload Website Template	\N	Lorem ipsum dolor sit amet, consectetur adipiscing elit. Proin in vestibulum eros. Nunc ullamcorper eu odio et sollicitudin. Proin vitae nisi id le\n	2025-10-27 00:00:00+01	post-7	f	2025-10-27 20:19:22.238+01	2025-10-27 20:19:14.986+01	draft	2025-10-27 20:19:18.613+01	2025-10-27 20:19:22.238+01	f	t
64	10	Lorem ipsum dolor sit amet, consectetur adipiscing elit	\N	{"root": {"type": "root", "format": "", "indent": 0, "version": 1, "children": [{"type": "paragraph", "format": "", "indent": 0, "version": 1, "children": [{"mode": "normal", "text": "Lorem ipsum dolor sit amet, consectetur adipiscing elit. Proin in vestibulum eros. Nunc ullamcorper eu odio et sollicitudin. Proin vitae nisi id lectus egestas posuere eu aliquam mi. Sed tempor sodales arcu, id euismod orci maximus quis. Morbi eu est felis. Cras nec sem volutpat, sodales metus et, feugiat est. Aliquam iaculis consequat nisl ac aliquam. Pellentesque sit amet ipsum dui. Mauris elit nunc, fringilla et leo eget, varius consectetur odio. Donec tortor nisi, auctor non tincidunt sagittis, iaculis pretium augue. Nunc ut pellentesque risus. Aliquam sit amet sodales justo.", "type": "text", "style": "", "detail": 0, "format": 0, "version": 1}], "direction": null, "textStyle": "", "textFormat": 0}, {"type": "paragraph", "format": "", "indent": 0, "version": 1, "children": [{"mode": "normal", "text": "Sed consectetur vel felis ut laoreet. Pellentesque habitant morbi tristique senectus et netus et malesuada fames ac turpis egestas. Sed ut tempus enim. Maecenas quis suscipit tortor. Etiam consequat magna ante, eu dapibus est tincidunt eu. Morbi molestie mauris vitae vestibulum pellentesque. Curabitur vel luctus purus. Vivamus ornare, augue vel laoreet ultrices, nibh lacus faucibus nunc, lacinia commodo nisl turpis sed ex. Vestibulum gravida tortor sed nisl finibus porttitor. Sed lorem ipsum, pharetra et tincidunt a, venenatis at ex. Nunc ac risus et lacus ornare sagittis vitae et velit. Donec luctus auctor quam vel sollicitudin. Maecenas cursus risus tellus, et porta augue vehicula a. Aliquam porta pellentesque ultrices.", "type": "text", "style": "", "detail": 0, "format": 0, "version": 1}], "direction": null, "textStyle": "", "textFormat": 0}, {"type": "paragraph", "format": "", "indent": 0, "version": 1, "children": [{"mode": "normal", "text": "Vivamus felis turpis, blandit ut tellus id, commodo tristique nisi. Donec at eros porttitor, consequat mi at, tempor felis. Donec dignissim tincidunt nibh id rutrum. Phasellus et massa condimentum velit dapibus facilisis. Phasellus in mauris erat. Morbi at suscipit enim. Vestibulum fermentum ligula id erat ultricies iaculis. Pellentesque nec nisi sapien. Etiam volutpat a magna sit amet volutpat. Duis metus lorem, venenatis ac sodales eu, placerat in sapien. Vestibulum vel mollis nisl. Quisque eu aliquet orci, posuere fringilla erat. Vivamus tempus enim ut risus sollicitudin, quis volutpat dui mollis. Duis hendrerit felis diam, ac rhoncus felis sollicitudin ac. Donec vel aliquam ipsum. Integer at nisi ullamcorper, rhoncus neque ac, mattis massa.", "type": "text", "style": "", "detail": 0, "format": 0, "version": 1}], "direction": null, "textStyle": "", "textFormat": 0}, {"type": "paragraph", "format": "", "indent": 0, "version": 1, "children": [{"mode": "normal", "text": "Fusce a suscipit orci, vitae dictum lorem. Nulla sit amet ante arcu. Aliquam ornare in urna eget varius. Donec facilisis, dui pharetra rutrum eleifend, diam mi consequat leo, sit amet iaculis erat metus ac neque. Pellentesque id nisl sed arcu tincidunt egestas. Ut sit amet lobortis erat. Proin erat dui, luctus sit amet dictum et, hendrerit quis risus. Proin quis elementum magna, in consequat nisi. Aliquam tincidunt gravida cursus. Sed ac lorem a purus pulvinar cursus. Vivamus sem sapien, vehicula quis erat nec, ultricies eleifend felis. Duis a quam pharetra, rutrum lorem vitae, semper ligula. Vestibulum a risus molestie, pharetra ligula id, aliquam arcu.", "type": "text", "style": "", "detail": 0, "format": 0, "version": 1}], "direction": null, "textStyle": "", "textFormat": 0}, {"type": "paragraph", "format": "", "indent": 0, "version": 1, "children": [{"mode": "normal", "text": "Fusce pellentesque in justo non vestibulum. Donec eu lectus gravida, elementum est quis, malesuada nisl. Aenean ut imperdiet neque. Nunc varius euismod condimentum. Praesent ex purus, volutpat sed facilisis sed, laoreet quis lacus. Vestibulum sed erat auctor neque cursus maximus non in lorem. Integer volutpat quam vel gravida consectetur.", "type": "text", "style": "", "detail": 0, "format": 0, "version": 1}], "direction": null, "textStyle": "", "textFormat": 0}], "direction": null}}	Lorem ipsum dolor sit amet, consectetur adipiscing elitare w	\N	Lorem ipsum dolor sit amet, consectetur adipiscing elit. Proin in vestibulum eros. Nunc ullamcorper eu odio et sollicitudin. Proin vitae nisi id le a\n	2025-10-27 00:00:00+01	lorem-ipsum-dolor-sit-amet-consectetur-adipiscing-elit	f	2025-10-29 19:10:15.803+01	2025-10-28 17:46:32.007+01	published	2025-10-29 19:10:15.808+01	2025-10-29 19:10:15.808+01	f	f
63	10	Lorem ipsum dolor sit amet, consectetur adipiscing elit	\N	{"root": {"type": "root", "format": "", "indent": 0, "version": 1, "children": [{"type": "paragraph", "format": "", "indent": 0, "version": 1, "children": [{"mode": "normal", "text": "Lorem ipsum dolor sit amet, consectetur adipiscing elit. Proin in vestibulum eros. Nunc ullamcorper eu odio et sollicitudin. Proin vitae nisi id lectus egestas posuere eu aliquam mi. Sed tempor sodales arcu, id euismod orci maximus quis. Morbi eu est felis. Cras nec sem volutpat, sodales metus et, feugiat est. Aliquam iaculis consequat nisl ac aliquam. Pellentesque sit amet ipsum dui. Mauris elit nunc, fringilla et leo eget, varius consectetur odio. Donec tortor nisi, auctor non tincidunt sagittis, iaculis pretium augue. Nunc ut pellentesque risus. Aliquam sit amet sodales justo.", "type": "text", "style": "", "detail": 0, "format": 0, "version": 1}], "direction": null, "textStyle": "", "textFormat": 0}, {"type": "paragraph", "format": "", "indent": 0, "version": 1, "children": [{"mode": "normal", "text": "Sed consectetur vel felis ut laoreet. Pellentesque habitant morbi tristique senectus et netus et malesuada fames ac turpis egestas. Sed ut tempus enim. Maecenas quis suscipit tortor. Etiam consequat magna ante, eu dapibus est tincidunt eu. Morbi molestie mauris vitae vestibulum pellentesque. Curabitur vel luctus purus. Vivamus ornare, augue vel laoreet ultrices, nibh lacus faucibus nunc, lacinia commodo nisl turpis sed ex. Vestibulum gravida tortor sed nisl finibus porttitor. Sed lorem ipsum, pharetra et tincidunt a, venenatis at ex. Nunc ac risus et lacus ornare sagittis vitae et velit. Donec luctus auctor quam vel sollicitudin. Maecenas cursus risus tellus, et porta augue vehicula a. Aliquam porta pellentesque ultrices.", "type": "text", "style": "", "detail": 0, "format": 0, "version": 1}], "direction": null, "textStyle": "", "textFormat": 0}, {"type": "paragraph", "format": "", "indent": 0, "version": 1, "children": [{"mode": "normal", "text": "Vivamus felis turpis, blandit ut tellus id, commodo tristique nisi. Donec at eros porttitor, consequat mi at, tempor felis. Donec dignissim tincidunt nibh id rutrum. Phasellus et massa condimentum velit dapibus facilisis. Phasellus in mauris erat. Morbi at suscipit enim. Vestibulum fermentum ligula id erat ultricies iaculis. Pellentesque nec nisi sapien. Etiam volutpat a magna sit amet volutpat. Duis metus lorem, venenatis ac sodales eu, placerat in sapien. Vestibulum vel mollis nisl. Quisque eu aliquet orci, posuere fringilla erat. Vivamus tempus enim ut risus sollicitudin, quis volutpat dui mollis. Duis hendrerit felis diam, ac rhoncus felis sollicitudin ac. Donec vel aliquam ipsum. Integer at nisi ullamcorper, rhoncus neque ac, mattis massa.", "type": "text", "style": "", "detail": 0, "format": 0, "version": 1}], "direction": null, "textStyle": "", "textFormat": 0}, {"type": "paragraph", "format": "", "indent": 0, "version": 1, "children": [{"mode": "normal", "text": "Fusce a suscipit orci, vitae dictum lorem. Nulla sit amet ante arcu. Aliquam ornare in urna eget varius. Donec facilisis, dui pharetra rutrum eleifend, diam mi consequat leo, sit amet iaculis erat metus ac neque. Pellentesque id nisl sed arcu tincidunt egestas. Ut sit amet lobortis erat. Proin erat dui, luctus sit amet dictum et, hendrerit quis risus. Proin quis elementum magna, in consequat nisi. Aliquam tincidunt gravida cursus. Sed ac lorem a purus pulvinar cursus. Vivamus sem sapien, vehicula quis erat nec, ultricies eleifend felis. Duis a quam pharetra, rutrum lorem vitae, semper ligula. Vestibulum a risus molestie, pharetra ligula id, aliquam arcu.", "type": "text", "style": "", "detail": 0, "format": 0, "version": 1}], "direction": null, "textStyle": "", "textFormat": 0}, {"type": "paragraph", "format": "", "indent": 0, "version": 1, "children": [{"mode": "normal", "text": "Fusce pellentesque in justo non vestibulum. Donec eu lectus gravida, elementum est quis, malesuada nisl. Aenean ut imperdiet neque. Nunc varius euismod condimentum. Praesent ex purus, volutpat sed facilisis sed, laoreet quis lacus. Vestibulum sed erat auctor neque cursus maximus non in lorem. Integer volutpat quam vel gravida consectetur.", "type": "text", "style": "", "detail": 0, "format": 0, "version": 1}], "direction": null, "textStyle": "", "textFormat": 0}], "direction": null}}	Lorem ipsum dolor sit amet, consectetur adipiscing elitare w	\N	Lorem ipsum dolor sit amet, consectetur adipiscing elit. Proin in vestibulum eros. Nunc ullamcorper eu odio et sollicitudin. Proin vitae nisi id le a\n	2025-10-27 00:00:00+01	lorem-ipsum-dolor-sit-amet-consectetur-adipiscing-elit	f	2025-10-29 19:10:13.157+01	2025-10-28 17:46:32.007+01	draft	2025-10-29 19:10:11.447+01	2025-10-29 19:10:13.157+01	f	t
8	1	post01	\N	{"root": {"type": "root", "format": "", "indent": 0, "version": 1, "children": [{"type": "paragraph", "format": "", "indent": 0, "version": 1, "children": [{"mode": "normal", "text": "Lorem ipsum dolor sit amet, consectetur adipiscing elit. Maecenas egestas erat risus, ac semper justo molestie vel. Aliquam erat volutpat. Phasellus imperdiet metus erat, id maximus diam placerat eu. Nam luctus lorem eget mauris tempus egestas. Aliquam tempus varius urna, quis finibus odio luctus a. Integer dictum finibus ex nec placerat. Phasellus risus est, consequat vitae tortor vel, accumsan commodo sapien. Ut convallis nunc et metus interdum, in luctus enim molestie. Fusce aliquet elit sed est imperdiet, vel elementum enim varius. Sed quis blandit arcu, lacinia molestie ante. Proin ac turpis urna. Pellentesque in tristique erat. Sed vitae congue sapien. Curabitur consectetur felis lectus. Etiam eu ligula id arcu feugiat eleifend.", "type": "text", "style": "", "detail": 0, "format": 0, "version": 1}], "direction": null, "textStyle": "", "textFormat": 0}, {"type": "paragraph", "format": "", "indent": 0, "version": 1, "children": [{"mode": "normal", "text": "Aliquam in lorem sed sapien bibendum feugiat eu ut turpis. Class aptent taciti sociosqu ad litora torquent per conubia nostra, per inceptos himenaeos. Morbi ante nisi, ultricies et condimentum vel, eleifend ac quam. Proin dui risus, efficitur eu massa eget, sollicitudin efficitur purus. Nulla egestas viverra dolor at tristique. Maecenas augue mi, imperdiet eget mattis in, aliquam eu sem. Ut libero diam, viverra quis lectus sed, congue iaculis ex. Ut semper ultricies posuere. Donec malesuada, leo ut semper rhoncus, tortor est pharetra turpis, in ultrices ante urna vehicula turpis. Donec eget varius velit, in volutpat neque. Morbi augue arcu, posuere non ullamcorper at, laoreet eu mauris. Suspendisse potenti. Pellentesque interdum leo ac sem convallis facilisis. Donec nec eros sit amet arcu ultrices mollis id et nisl.", "type": "text", "style": "", "detail": 0, "format": 0, "version": 1}], "direction": null, "textStyle": "", "textFormat": 0}, {"type": "paragraph", "format": "", "indent": 0, "version": 1, "children": [{"mode": "normal", "text": "Sed faucibus tellus sed orci porta tincidunt. Integer laoreet, turpis nec lobortis ultricies, ante risus volutpat odio, ut malesuada eros metus nec lorem. Ut eu mauris sed turpis accumsan scelerisque quis non lectus. Fusce et quam orci. Nam tempus felis eu turpis bibendum, non maximus nibh scelerisque. Donec id congue nisi. Fusce nulla dui, cursus consequat aliquet non, blandit et turpis. Proin ac laoreet urna. Donec id mi in felis elementum euismod in quis augue. Integer eget eleifend est.", "type": "text", "style": "", "detail": 0, "format": 0, "version": 1}], "direction": null, "textStyle": "", "textFormat": 0}, {"type": "paragraph", "format": "", "indent": 0, "version": 1, "children": [{"mode": "normal", "text": "Phasellus mollis cursus tortor, in dignissim felis vulputate quis. Nulla interdum nulla imperdiet, pulvinar mauris eget, sagittis mauris. Donec aliquam semper tellus quis condimentum. Vivamus sit amet nisl sit amet lectus ullamcorper faucibus. Vestibulum ante ipsum primis in faucibus orci luctus et ultrices posuere cubilia curae; Nullam mollis, libero finibus blandit luctus, nisl ante convallis risus, a aliquam sapien neque et risus. Praesent mollis porta laoreet. Duis lacus tortor, malesuada vitae metus non, efficitur viverra dolor. Phasellus rhoncus felis turpis, sed malesuada tellus malesuada in. Praesent fermentum sodales lacus eget lacinia. Sed convallis non purus id iaculis. Donec in malesuada enim. Cras vitae odio odio. Donec non nisi risus.", "type": "text", "style": "", "detail": 0, "format": 0, "version": 1}], "direction": null, "textStyle": "", "textFormat": 0}, {"type": "paragraph", "format": "", "indent": 0, "version": 1, "children": [{"mode": "normal", "text": "Etiam ac est lorem. Nullam fringilla vitae orci sed suscipit. Sed fermentum, nunc quis ultricies molestie, odio lectus suscipit enim, et venenatis dui tortor eget dolor. Suspendisse tempus tempor lacus sed tristique. Pellentesque habitant morbi tristique senectus et netus et malesuada fames ac turpis egestas. Integer sodales metus in neque pellentesque, eget rutrum lectus accumsan. Quisque at blandit mauris. Aliquam commodo volutpat tempus.", "type": "text", "style": "", "detail": 0, "format": 0, "version": 1}], "direction": null, "textStyle": "", "textFormat": 0}, {"type": "paragraph", "format": "", "indent": 0, "version": 1, "children": [], "direction": null, "textStyle": "", "textFormat": 0}], "direction": null}}	\N	\N	\N	2025-10-24 18:06:54.442+02	post01	f	2025-10-24 19:00:58.529+02	2025-10-24 13:53:45.978+02	draft	2025-10-24 19:00:56.687+02	2025-10-24 19:00:58.529+02	f	t
5	1	post01	\N	{"root": {"type": "root", "format": "", "indent": 0, "version": 1, "children": [{"type": "paragraph", "format": "", "indent": 0, "version": 1, "children": [{"mode": "normal", "text": "posts ", "type": "text", "style": "", "detail": 0, "format": 0, "version": 1}], "direction": null, "textStyle": "", "textFormat": 0}], "direction": null}}	\N	\N	\N	2025-10-24 18:06:54.442+02	post01	f	2025-10-24 18:07:02.503+02	2025-10-24 13:53:45.978+02	published	2025-10-24 18:07:02.505+02	2025-10-24 18:07:02.505+02	f	f
10	1	post01	\N	{"root": {"type": "root", "format": "", "indent": 0, "version": 1, "children": [{"type": "paragraph", "format": "", "indent": 0, "version": 1, "children": [{"mode": "normal", "text": "Lorem ipsum dolor sit amet, consectetur adipiscing elit. Maecenas egestas erat risus, ac semper justo molestie vel. Aliquam erat volutpat. Phasellus imperdiet metus erat, id maximus diam placerat eu. Nam luctus lorem eget mauris tempus egestas. Aliquam tempus varius urna, quis finibus odio luctus a. Integer dictum finibus ex nec placerat. Phasellus risus est, consequat vitae tortor vel, accumsan commodo sapien. Ut convallis nunc et metus interdum, in luctus enim molestie. Fusce aliquet elit sed est imperdiet, vel elementum enim varius. Sed quis blandit arcu, lacinia molestie ante. Proin ac turpis urna. Pellentesque in tristique erat. Sed vitae congue sapien. Curabitur consectetur felis lectus. Etiam eu ligula id arcu feugiat eleifend.", "type": "text", "style": "", "detail": 0, "format": 0, "version": 1}], "direction": null, "textStyle": "", "textFormat": 0}, {"type": "paragraph", "format": "", "indent": 0, "version": 1, "children": [{"mode": "normal", "text": "Aliquam in lorem sed sapien bibendum feugiat eu ut turpis. Class aptent taciti sociosqu ad litora torquent per conubia nostra, per inceptos himenaeos. Morbi ante nisi, ultricies et condimentum vel, eleifend ac quam. Proin dui risus, efficitur eu massa eget, sollicitudin efficitur purus. Nulla egestas viverra dolor at tristique. Maecenas augue mi, imperdiet eget mattis in, aliquam eu sem. Ut libero diam, viverra quis lectus sed, congue iaculis ex. Ut semper ultricies posuere. Donec malesuada, leo ut semper rhoncus, tortor est pharetra turpis, in ultrices ante urna vehicula turpis. Donec eget varius velit, in volutpat neque. Morbi augue arcu, posuere non ullamcorper at, laoreet eu mauris. Suspendisse potenti. Pellentesque interdum leo ac sem convallis facilisis. Donec nec eros sit amet arcu ultrices mollis id et nisl.", "type": "text", "style": "", "detail": 0, "format": 0, "version": 1}], "direction": null, "textStyle": "", "textFormat": 0}, {"type": "paragraph", "format": "", "indent": 0, "version": 1, "children": [{"mode": "normal", "text": "Sed faucibus tellus sed orci porta tincidunt. Integer laoreet, turpis nec lobortis ultricies, ante risus volutpat odio, ut malesuada eros metus nec lorem. Ut eu mauris sed turpis accumsan scelerisque quis non lectus. Fusce et quam orci. Nam tempus felis eu turpis bibendum, non maximus nibh scelerisque. Donec id congue nisi. Fusce nulla dui, cursus consequat aliquet non, blandit et turpis. Proin ac laoreet urna. Donec id mi in felis elementum euismod in quis augue. Integer eget eleifend est.", "type": "text", "style": "", "detail": 0, "format": 0, "version": 1}], "direction": null, "textStyle": "", "textFormat": 0}, {"type": "paragraph", "format": "", "indent": 0, "version": 1, "children": [{"mode": "normal", "text": "Phasellus mollis cursus tortor, in dignissim felis vulputate quis. Nulla interdum nulla imperdiet, pulvinar mauris eget, sagittis mauris. Donec aliquam semper tellus quis condimentum. Vivamus sit amet nisl sit amet lectus ullamcorper faucibus. Vestibulum ante ipsum primis in faucibus orci luctus et ultrices posuere cubilia curae; Nullam mollis, libero finibus blandit luctus, nisl ante convallis risus, a aliquam sapien neque et risus. Praesent mollis porta laoreet. Duis lacus tortor, malesuada vitae metus non, efficitur viverra dolor. Phasellus rhoncus felis turpis, sed malesuada tellus malesuada in. Praesent fermentum sodales lacus eget lacinia. Sed convallis non purus id iaculis. Donec in malesuada enim. Cras vitae odio odio. Donec non nisi risus.", "type": "text", "style": "", "detail": 0, "format": 0, "version": 1}], "direction": null, "textStyle": "", "textFormat": 0}, {"type": "paragraph", "format": "", "indent": 0, "version": 1, "children": [{"mode": "normal", "text": "Etiam ac est lorem. Nullam fringilla vitae orci sed suscipit. Sed fermentum, nunc quis ultricies molestie, odio lectus suscipit enim, et venenatis dui tortor eget dolor. Suspendisse tempus tempor lacus sed tristique. Pellentesque habitant morbi tristique senectus et netus et malesuada fames ac turpis egestas. Integer sodales metus in neque pellentesque, eget rutrum lectus accumsan. Quisque at blandit mauris. Aliquam commodo volutpat tempus.", "type": "text", "style": "", "detail": 0, "format": 0, "version": 1}], "direction": null, "textStyle": "", "textFormat": 0}, {"type": "paragraph", "format": "", "indent": 0, "version": 1, "children": [], "direction": null, "textStyle": "", "textFormat": 0}], "direction": null}}	\N	\N	\N	2025-10-24 18:06:54.442+02	post01	f	2025-10-24 19:01:22.916+02	2025-10-24 13:53:45.978+02	draft	2025-10-24 19:01:22.916+02	2025-10-24 19:01:22.916+02	f	t
3	1	post01	\N	{"root": {"type": "root", "format": "", "indent": 0, "version": 1, "children": [{"type": "paragraph", "format": "", "indent": 0, "version": 1, "children": [{"mode": "normal", "text": "posts ", "type": "text", "style": "", "detail": 0, "format": 0, "version": 1}], "direction": null, "textStyle": "", "textFormat": 0}], "direction": null}}	\N	\N	\N	2025-10-24 18:06:54.442+02	\N	t	2025-10-24 18:06:54.444+02	2025-10-24 13:53:45.978+02	published	2025-10-24 18:06:54.448+02	2025-10-24 18:06:54.448+02	f	f
22	1	post01	\N	{"root": {"type": "root", "format": "", "indent": 0, "version": 1, "children": [{"type": "paragraph", "format": "", "indent": 0, "version": 1, "children": [{"mode": "normal", "text": "Lorem ipsum dolor sit amet, consectetur adipiscing elit. Maecenas egestas erat risus, ac semper justo molestie vel. Aliquam erat volutpat. Phasellus imperdiet metus erat, id maximus diam placerat eu. Nam luctus lorem eget mauris tempus egestas. Aliquam tempus varius urna, quis finibus odio luctus a. Integer dictum finibus ex nec placerat. Phasellus risus est, consequat vitae tortor vel, accumsan commodo sapien. Ut convallis nunc et metus interdum, in luctus enim molestie. Fusce aliquet elit sed est imperdiet, vel elementum enim varius. Sed quis blandit arcu, lacinia molestie ante. Proin ac turpis urna. Pellentesque in tristique erat. Sed vitae congue sapien. Curabitur consectetur felis lectus. Etiam eu ligula id arcu feugiat eleifend.", "type": "text", "style": "", "detail": 0, "format": 0, "version": 1}], "direction": null, "textStyle": "", "textFormat": 0}, {"type": "paragraph", "format": "", "indent": 0, "version": 1, "children": [{"mode": "normal", "text": "Aliquam in lorem sed sapien bibendum feugiat eu ut turpis. Class aptent taciti sociosqu ad litora torquent per conubia nostra, per inceptos himenaeos. Morbi ante nisi, ultricies et condimentum vel, eleifend ac quam. Proin dui risus, efficitur eu massa eget, sollicitudin efficitur purus. Nulla egestas viverra dolor at tristique. Maecenas augue mi, imperdiet eget mattis in, aliquam eu sem. Ut libero diam, viverra quis lectus sed, congue iaculis ex. Ut semper ultricies posuere. Donec malesuada, leo ut semper rhoncus, tortor est pharetra turpis, in ultrices ante urna vehicula turpis. Donec eget varius velit, in volutpat neque. Morbi augue arcu, posuere non ullamcorper at, laoreet eu mauris. Suspendisse potenti. Pellentesque interdum leo ac sem convallis facilisis. Donec nec eros sit amet arcu ultrices mollis id et nisl.", "type": "text", "style": "", "detail": 0, "format": 0, "version": 1}], "direction": null, "textStyle": "", "textFormat": 0}, {"type": "paragraph", "format": "", "indent": 0, "version": 1, "children": [{"mode": "normal", "text": "Sed faucibus tellus sed orci porta tincidunt. Integer laoreet, turpis nec lobortis ultricies, ante risus volutpat odio, ut malesuada eros metus nec lorem. Ut eu mauris sed turpis accumsan scelerisque quis non lectus. Fusce et quam orci. Nam tempus felis eu turpis bibendum, non maximus nibh scelerisque. Donec id congue nisi. Fusce nulla dui, cursus consequat aliquet non, blandit et turpis. Proin ac laoreet urna. Donec id mi in felis elementum euismod in quis augue. Integer eget eleifend est.", "type": "text", "style": "", "detail": 0, "format": 0, "version": 1}], "direction": null, "textStyle": "", "textFormat": 0}, {"type": "paragraph", "format": "", "indent": 0, "version": 1, "children": [{"mode": "normal", "text": "Phasellus mollis cursus tortor, in dignissim felis vulputate quis. Nulla interdum nulla imperdiet, pulvinar mauris eget, sagittis mauris. Donec aliquam semper tellus quis condimentum. Vivamus sit amet nisl sit amet lectus ullamcorper faucibus. Vestibulum ante ipsum primis in faucibus orci luctus et ultrices posuere cubilia curae; Nullam mollis, libero finibus blandit luctus, nisl ante convallis risus, a aliquam sapien neque et risus. Praesent mollis porta laoreet. Duis lacus tortor, malesuada vitae metus non, efficitur viverra dolor. Phasellus rhoncus felis turpis, sed malesuada tellus malesuada in. Praesent fermentum sodales lacus eget lacinia. Sed convallis non purus id iaculis. Donec in malesuada enim. Cras vitae odio odio. Donec non nisi risus.", "type": "text", "style": "", "detail": 0, "format": 0, "version": 1}], "direction": null, "textStyle": "", "textFormat": 0}, {"type": "paragraph", "format": "", "indent": 0, "version": 1, "children": [{"mode": "normal", "text": "Etiam ac est lorem. Nullam fringilla vitae orci sed suscipit. Sed fermentum, nunc quis ultricies molestie, odio lectus suscipit enim, et venenatis dui tortor eget dolor. Suspendisse tempus tempor lacus sed tristique. Pellentesque habitant morbi tristique senectus et netus et malesuada fames ac turpis egestas. Integer sodales metus in neque pellentesque, eget rutrum lectus accumsan. Quisque at blandit mauris. Aliquam commodo volutpat tempus.", "type": "text", "style": "", "detail": 0, "format": 0, "version": 1}], "direction": null, "textStyle": "", "textFormat": 0}, {"type": "paragraph", "format": "", "indent": 0, "version": 1, "children": [], "direction": null, "textStyle": "", "textFormat": 0}], "direction": null}}	post01 | Payload Website Template	\N	Lorem ipsum dolor sit amet, consectetur adipiscing el sskkj iosjijijsi ijsijijs isjijisjij sijisjsijis isjiijis isji isji	2025-10-24 18:06:54.442+02	post01	f	2025-10-24 20:05:28.729+02	2025-10-24 13:53:45.978+02	published	2025-10-24 20:05:28.732+02	2025-10-24 20:05:28.732+02	f	f
21	1	post01	\N	{"root": {"type": "root", "format": "", "indent": 0, "version": 1, "children": [{"type": "paragraph", "format": "", "indent": 0, "version": 1, "children": [{"mode": "normal", "text": "Lorem ipsum dolor sit amet, consectetur adipiscing elit. Maecenas egestas erat risus, ac semper justo molestie vel. Aliquam erat volutpat. Phasellus imperdiet metus erat, id maximus diam placerat eu. Nam luctus lorem eget mauris tempus egestas. Aliquam tempus varius urna, quis finibus odio luctus a. Integer dictum finibus ex nec placerat. Phasellus risus est, consequat vitae tortor vel, accumsan commodo sapien. Ut convallis nunc et metus interdum, in luctus enim molestie. Fusce aliquet elit sed est imperdiet, vel elementum enim varius. Sed quis blandit arcu, lacinia molestie ante. Proin ac turpis urna. Pellentesque in tristique erat. Sed vitae congue sapien. Curabitur consectetur felis lectus. Etiam eu ligula id arcu feugiat eleifend.", "type": "text", "style": "", "detail": 0, "format": 0, "version": 1}], "direction": null, "textStyle": "", "textFormat": 0}, {"type": "paragraph", "format": "", "indent": 0, "version": 1, "children": [{"mode": "normal", "text": "Aliquam in lorem sed sapien bibendum feugiat eu ut turpis. Class aptent taciti sociosqu ad litora torquent per conubia nostra, per inceptos himenaeos. Morbi ante nisi, ultricies et condimentum vel, eleifend ac quam. Proin dui risus, efficitur eu massa eget, sollicitudin efficitur purus. Nulla egestas viverra dolor at tristique. Maecenas augue mi, imperdiet eget mattis in, aliquam eu sem. Ut libero diam, viverra quis lectus sed, congue iaculis ex. Ut semper ultricies posuere. Donec malesuada, leo ut semper rhoncus, tortor est pharetra turpis, in ultrices ante urna vehicula turpis. Donec eget varius velit, in volutpat neque. Morbi augue arcu, posuere non ullamcorper at, laoreet eu mauris. Suspendisse potenti. Pellentesque interdum leo ac sem convallis facilisis. Donec nec eros sit amet arcu ultrices mollis id et nisl.", "type": "text", "style": "", "detail": 0, "format": 0, "version": 1}], "direction": null, "textStyle": "", "textFormat": 0}, {"type": "paragraph", "format": "", "indent": 0, "version": 1, "children": [{"mode": "normal", "text": "Sed faucibus tellus sed orci porta tincidunt. Integer laoreet, turpis nec lobortis ultricies, ante risus volutpat odio, ut malesuada eros metus nec lorem. Ut eu mauris sed turpis accumsan scelerisque quis non lectus. Fusce et quam orci. Nam tempus felis eu turpis bibendum, non maximus nibh scelerisque. Donec id congue nisi. Fusce nulla dui, cursus consequat aliquet non, blandit et turpis. Proin ac laoreet urna. Donec id mi in felis elementum euismod in quis augue. Integer eget eleifend est.", "type": "text", "style": "", "detail": 0, "format": 0, "version": 1}], "direction": null, "textStyle": "", "textFormat": 0}, {"type": "paragraph", "format": "", "indent": 0, "version": 1, "children": [{"mode": "normal", "text": "Phasellus mollis cursus tortor, in dignissim felis vulputate quis. Nulla interdum nulla imperdiet, pulvinar mauris eget, sagittis mauris. Donec aliquam semper tellus quis condimentum. Vivamus sit amet nisl sit amet lectus ullamcorper faucibus. Vestibulum ante ipsum primis in faucibus orci luctus et ultrices posuere cubilia curae; Nullam mollis, libero finibus blandit luctus, nisl ante convallis risus, a aliquam sapien neque et risus. Praesent mollis porta laoreet. Duis lacus tortor, malesuada vitae metus non, efficitur viverra dolor. Phasellus rhoncus felis turpis, sed malesuada tellus malesuada in. Praesent fermentum sodales lacus eget lacinia. Sed convallis non purus id iaculis. Donec in malesuada enim. Cras vitae odio odio. Donec non nisi risus.", "type": "text", "style": "", "detail": 0, "format": 0, "version": 1}], "direction": null, "textStyle": "", "textFormat": 0}, {"type": "paragraph", "format": "", "indent": 0, "version": 1, "children": [{"mode": "normal", "text": "Etiam ac est lorem. Nullam fringilla vitae orci sed suscipit. Sed fermentum, nunc quis ultricies molestie, odio lectus suscipit enim, et venenatis dui tortor eget dolor. Suspendisse tempus tempor lacus sed tristique. Pellentesque habitant morbi tristique senectus et netus et malesuada fames ac turpis egestas. Integer sodales metus in neque pellentesque, eget rutrum lectus accumsan. Quisque at blandit mauris. Aliquam commodo volutpat tempus.", "type": "text", "style": "", "detail": 0, "format": 0, "version": 1}], "direction": null, "textStyle": "", "textFormat": 0}, {"type": "paragraph", "format": "", "indent": 0, "version": 1, "children": [], "direction": null, "textStyle": "", "textFormat": 0}], "direction": null}}	post01 | Payload Website Template	\N	Lorem ipsum dolor sit amet, consectetur adipiscing el sskkj iosjijijsi ijsijijs isjijisjij sijisjsijis isjiijis isji isji	2025-10-24 18:06:54.442+02	post01	f	2025-10-24 20:05:26.414+02	2025-10-24 13:53:45.978+02	draft	2025-10-24 20:05:01.471+02	2025-10-24 20:05:26.414+02	f	t
30	1	post01	\N	{"root": {"type": "root", "format": "", "indent": 0, "version": 1, "children": [{"type": "paragraph", "format": "", "indent": 0, "version": 1, "children": [{"mode": "normal", "text": "Lorem ipsum dolor sit amet, consectetur adipiscing elit. Maecenas egestas erat risus, ac semper justo molestie vel. Aliquam erat volutpat. Phasellus imperdiet metus erat, id maximus diam placerat eu. Nam luctus lorem eget mauris tempus egestas. Aliquam tempus varius urna, quis finibus odio luctus a. Integer dictum finibus ex nec placerat. Phasellus risus est, consequat vitae tortor vel, accumsan commodo sapien. Ut convallis nunc et metus interdum, in luctus enim molestie. Fusce aliquet elit sed est imperdiet, vel elementum enim varius. Sed quis blandit arcu, lacinia molestie ante. Proin ac turpis urna. Pellentesque in tristique erat. Sed vitae congue sapien. Curabitur consectetur felis lectus. Etiam eu ligula id arcu feugiat eleifend.", "type": "text", "style": "", "detail": 0, "format": 0, "version": 1}], "direction": null, "textStyle": "", "textFormat": 0}, {"type": "paragraph", "format": "", "indent": 0, "version": 1, "children": [{"mode": "normal", "text": "Aliquam in lorem sed sapien bibendum feugiat eu ut turpis. Class aptent taciti sociosqu ad litora torquent per conubia nostra, per inceptos himenaeos. Morbi ante nisi, ultricies et condimentum vel, eleifend ac quam. Proin dui risus, efficitur eu massa eget, sollicitudin efficitur purus. Nulla egestas viverra dolor at tristique. Maecenas augue mi, imperdiet eget mattis in, aliquam eu sem. Ut libero diam, viverra quis lectus sed, congue iaculis ex. Ut semper ultricies posuere. Donec malesuada, leo ut semper rhoncus, tortor est pharetra turpis, in ultrices ante urna vehicula turpis. Donec eget varius velit, in volutpat neque. Morbi augue arcu, posuere non ullamcorper at, laoreet eu mauris. Suspendisse potenti. Pellentesque interdum leo ac sem convallis facilisis. Donec nec eros sit amet arcu ultrices mollis id et nisl.", "type": "text", "style": "", "detail": 0, "format": 0, "version": 1}], "direction": null, "textStyle": "", "textFormat": 0}, {"type": "paragraph", "format": "", "indent": 0, "version": 1, "children": [{"mode": "normal", "text": "Sed faucibus tellus sed orci porta tincidunt. Integer laoreet, turpis nec lobortis ultricies, ante risus volutpat odio, ut malesuada eros metus nec lorem. Ut eu mauris sed turpis accumsan scelerisque quis non lectus. Fusce et quam orci. Nam tempus felis eu turpis bibendum, non maximus nibh scelerisque. Donec id congue nisi. Fusce nulla dui, cursus consequat aliquet non, blandit et turpis. Proin ac laoreet urna. Donec id mi in felis elementum euismod in quis augue. Integer eget eleifend est.", "type": "text", "style": "", "detail": 0, "format": 0, "version": 1}], "direction": null, "textStyle": "", "textFormat": 0}, {"type": "paragraph", "format": "", "indent": 0, "version": 1, "children": [{"mode": "normal", "text": "Phasellus mollis cursus tortor, in dignissim felis vulputate quis. Nulla interdum nulla imperdiet, pulvinar mauris eget, sagittis mauris. Donec aliquam semper tellus quis condimentum. Vivamus sit amet nisl sit amet lectus ullamcorper faucibus. Vestibulum ante ipsum primis in faucibus orci luctus et ultrices posuere cubilia curae; Nullam mollis, libero finibus blandit luctus, nisl ante convallis risus, a aliquam sapien neque et risus. Praesent mollis porta laoreet. Duis lacus tortor, malesuada vitae metus non, efficitur viverra dolor. Phasellus rhoncus felis turpis, sed malesuada tellus malesuada in. Praesent fermentum sodales lacus eget lacinia. Sed convallis non purus id iaculis. Donec in malesuada enim. Cras vitae odio odio. Donec non nisi risus.", "type": "text", "style": "", "detail": 0, "format": 0, "version": 1}], "direction": null, "textStyle": "", "textFormat": 0}, {"type": "paragraph", "format": "", "indent": 0, "version": 1, "children": [{"mode": "normal", "text": "Etiam ac est lorem. Nullam fringilla vitae orci sed suscipit. Sed fermentum, nunc quis ultricies molestie, odio lectus suscipit enim, et venenatis dui tortor eget dolor. Suspendisse tempus tempor lacus sed tristique. Pellentesque habitant morbi tristique senectus et netus et malesuada fames ac turpis egestas. Integer sodales metus in neque pellentesque, eget rutrum lectus accumsan. Quisque at blandit mauris. Aliquam commodo volutpat tempus.", "type": "text", "style": "", "detail": 0, "format": 0, "version": 1}], "direction": null, "textStyle": "", "textFormat": 0}, {"type": "paragraph", "format": "", "indent": 0, "version": 1, "children": [], "direction": null, "textStyle": "", "textFormat": 0}], "direction": null}}	post01 | Payload Website Template	\N	Lorem ipsum dolor sit amet, consectetur adipiscing el sskkj iosjijijsi ijsijijs isjijisjij sijisjsijis isjiijis isji isji	2025-10-24 18:06:54.442+02	post01	f	2025-10-27 20:06:09.322+01	2025-10-24 13:53:45.978+02	draft	2025-10-27 20:06:09.322+01	2025-10-27 20:06:09.322+01	f	t
54	10	post 9	\N	{"root": {"type": "root", "format": "", "indent": 0, "version": 1, "children": [{"type": "paragraph", "format": "", "indent": 0, "version": 1, "children": [{"mode": "normal", "text": "Lorem ipsum dolor sit amet, consectetur adipiscing elit. Proin in vestibulum eros. Nunc ullamcorper eu odio et sollicitudin. Proin vitae nisi id lectus egestas posuere eu aliquam mi. Sed tempor sodales arcu, id euismod orci maximus quis. Morbi eu est felis. Cras nec sem volutpat, sodales metus et, feugiat est. Aliquam iaculis consequat nisl ac aliquam. Pellentesque sit amet ipsum dui. Mauris elit nunc, fringilla et leo eget, varius consectetur odio. Donec tortor nisi, auctor non tincidunt sagittis, iaculis pretium augue. Nunc ut pellentesque risus. Aliquam sit amet sodales justo.", "type": "text", "style": "", "detail": 0, "format": 0, "version": 1}], "direction": null, "textStyle": "", "textFormat": 0}, {"type": "paragraph", "format": "", "indent": 0, "version": 1, "children": [{"mode": "normal", "text": "Sed consectetur vel felis ut laoreet. Pellentesque habitant morbi tristique senectus et netus et malesuada fames ac turpis egestas. Sed ut tempus enim. Maecenas quis suscipit tortor. Etiam consequat magna ante, eu dapibus est tincidunt eu. Morbi molestie mauris vitae vestibulum pellentesque. Curabitur vel luctus purus. Vivamus ornare, augue vel laoreet ultrices, nibh lacus faucibus nunc, lacinia commodo nisl turpis sed ex. Vestibulum gravida tortor sed nisl finibus porttitor. Sed lorem ipsum, pharetra et tincidunt a, venenatis at ex. Nunc ac risus et lacus ornare sagittis vitae et velit. Donec luctus auctor quam vel sollicitudin. Maecenas cursus risus tellus, et porta augue vehicula a. Aliquam porta pellentesque ultrices.", "type": "text", "style": "", "detail": 0, "format": 0, "version": 1}], "direction": null, "textStyle": "", "textFormat": 0}, {"type": "paragraph", "format": "", "indent": 0, "version": 1, "children": [{"mode": "normal", "text": "Vivamus felis turpis, blandit ut tellus id, commodo tristique nisi. Donec at eros porttitor, consequat mi at, tempor felis. Donec dignissim tincidunt nibh id rutrum. Phasellus et massa condimentum velit dapibus facilisis. Phasellus in mauris erat. Morbi at suscipit enim. Vestibulum fermentum ligula id erat ultricies iaculis. Pellentesque nec nisi sapien. Etiam volutpat a magna sit amet volutpat. Duis metus lorem, venenatis ac sodales eu, placerat in sapien. Vestibulum vel mollis nisl. Quisque eu aliquet orci, posuere fringilla erat. Vivamus tempus enim ut risus sollicitudin, quis volutpat dui mollis. Duis hendrerit felis diam, ac rhoncus felis sollicitudin ac. Donec vel aliquam ipsum. Integer at nisi ullamcorper, rhoncus neque ac, mattis massa.", "type": "text", "style": "", "detail": 0, "format": 0, "version": 1}], "direction": null, "textStyle": "", "textFormat": 0}, {"type": "paragraph", "format": "", "indent": 0, "version": 1, "children": [{"mode": "normal", "text": "Fusce a suscipit orci, vitae dictum lorem. Nulla sit amet ante arcu. Aliquam ornare in urna eget varius. Donec facilisis, dui pharetra rutrum eleifend, diam mi consequat leo, sit amet iaculis erat metus ac neque. Pellentesque id nisl sed arcu tincidunt egestas. Ut sit amet lobortis erat. Proin erat dui, luctus sit amet dictum et, hendrerit quis risus. Proin quis elementum magna, in consequat nisi. Aliquam tincidunt gravida cursus. Sed ac lorem a purus pulvinar cursus. Vivamus sem sapien, vehicula quis erat nec, ultricies eleifend felis. Duis a quam pharetra, rutrum lorem vitae, semper ligula. Vestibulum a risus molestie, pharetra ligula id, aliquam arcu.", "type": "text", "style": "", "detail": 0, "format": 0, "version": 1}], "direction": null, "textStyle": "", "textFormat": 0}, {"type": "paragraph", "format": "", "indent": 0, "version": 1, "children": [{"mode": "normal", "text": "Fusce pellentesque in justo non vestibulum. Donec eu lectus gravida, elementum est quis, malesuada nisl. Aenean ut imperdiet neque. Nunc varius euismod condimentum. Praesent ex purus, volutpat sed facilisis sed, laoreet quis lacus. Vestibulum sed erat auctor neque cursus maximus non in lorem. Integer volutpat quam vel gravida consectetur.", "type": "text", "style": "", "detail": 0, "format": 0, "version": 1}], "direction": null, "textStyle": "", "textFormat": 0}], "direction": null}}	post 4 | Payload Website Template	\N	Lorem ipsum dolor sit amet, consectetur adipiscing elit. Proin in vestibulum eros. Nunc ullamcorper eu odio et sollicitudin. Proin vitae nisi id le\n	2025-10-27 00:00:00+01	post-8	f	2025-10-28 17:46:26.573+01	2025-10-28 17:46:32.007+01	draft	2025-10-28 17:46:32.01+01	2025-10-28 17:46:32.01+01	f	f
36	4	post 4	\N	{"root": {"type": "root", "format": "", "indent": 0, "version": 1, "children": [{"type": "paragraph", "format": "", "indent": 0, "version": 1, "children": [{"mode": "normal", "text": "Lorem ipsum dolor sit amet, consectetur adipiscing elit. Proin in vestibulum eros. Nunc ullamcorper eu odio et sollicitudin. Proin vitae nisi id lectus egestas posuere eu aliquam mi. Sed tempor sodales arcu, id euismod orci maximus quis. Morbi eu est felis. Cras nec sem volutpat, sodales metus et, feugiat est. Aliquam iaculis consequat nisl ac aliquam. Pellentesque sit amet ipsum dui. Mauris elit nunc, fringilla et leo eget, varius consectetur odio. Donec tortor nisi, auctor non tincidunt sagittis, iaculis pretium augue. Nunc ut pellentesque risus. Aliquam sit amet sodales justo.", "type": "text", "style": "", "detail": 0, "format": 0, "version": 1}], "direction": null, "textStyle": "", "textFormat": 0}, {"type": "paragraph", "format": "", "indent": 0, "version": 1, "children": [{"mode": "normal", "text": "Sed consectetur vel felis ut laoreet. Pellentesque habitant morbi tristique senectus et netus et malesuada fames ac turpis egestas. Sed ut tempus enim. Maecenas quis suscipit tortor. Etiam consequat magna ante, eu dapibus est tincidunt eu. Morbi molestie mauris vitae vestibulum pellentesque. Curabitur vel luctus purus. Vivamus ornare, augue vel laoreet ultrices, nibh lacus faucibus nunc, lacinia commodo nisl turpis sed ex. Vestibulum gravida tortor sed nisl finibus porttitor. Sed lorem ipsum, pharetra et tincidunt a, venenatis at ex. Nunc ac risus et lacus ornare sagittis vitae et velit. Donec luctus auctor quam vel sollicitudin. Maecenas cursus risus tellus, et porta augue vehicula a. Aliquam porta pellentesque ultrices.", "type": "text", "style": "", "detail": 0, "format": 0, "version": 1}], "direction": null, "textStyle": "", "textFormat": 0}, {"type": "paragraph", "format": "", "indent": 0, "version": 1, "children": [{"mode": "normal", "text": "Vivamus felis turpis, blandit ut tellus id, commodo tristique nisi. Donec at eros porttitor, consequat mi at, tempor felis. Donec dignissim tincidunt nibh id rutrum. Phasellus et massa condimentum velit dapibus facilisis. Phasellus in mauris erat. Morbi at suscipit enim. Vestibulum fermentum ligula id erat ultricies iaculis. Pellentesque nec nisi sapien. Etiam volutpat a magna sit amet volutpat. Duis metus lorem, venenatis ac sodales eu, placerat in sapien. Vestibulum vel mollis nisl. Quisque eu aliquet orci, posuere fringilla erat. Vivamus tempus enim ut risus sollicitudin, quis volutpat dui mollis. Duis hendrerit felis diam, ac rhoncus felis sollicitudin ac. Donec vel aliquam ipsum. Integer at nisi ullamcorper, rhoncus neque ac, mattis massa.", "type": "text", "style": "", "detail": 0, "format": 0, "version": 1}], "direction": null, "textStyle": "", "textFormat": 0}, {"type": "paragraph", "format": "", "indent": 0, "version": 1, "children": [{"mode": "normal", "text": "Fusce a suscipit orci, vitae dictum lorem. Nulla sit amet ante arcu. Aliquam ornare in urna eget varius. Donec facilisis, dui pharetra rutrum eleifend, diam mi consequat leo, sit amet iaculis erat metus ac neque. Pellentesque id nisl sed arcu tincidunt egestas. Ut sit amet lobortis erat. Proin erat dui, luctus sit amet dictum et, hendrerit quis risus. Proin quis elementum magna, in consequat nisi. Aliquam tincidunt gravida cursus. Sed ac lorem a purus pulvinar cursus. Vivamus sem sapien, vehicula quis erat nec, ultricies eleifend felis. Duis a quam pharetra, rutrum lorem vitae, semper ligula. Vestibulum a risus molestie, pharetra ligula id, aliquam arcu.", "type": "text", "style": "", "detail": 0, "format": 0, "version": 1}], "direction": null, "textStyle": "", "textFormat": 0}, {"type": "paragraph", "format": "", "indent": 0, "version": 1, "children": [{"mode": "normal", "text": "Fusce pellentesque in justo non vestibulum. Donec eu lectus gravida, elementum est quis, malesuada nisl. Aenean ut imperdiet neque. Nunc varius euismod condimentum. Praesent ex purus, volutpat sed facilisis sed, laoreet quis lacus. Vestibulum sed erat auctor neque cursus maximus non in lorem. Integer volutpat quam vel gravida consectetur.", "type": "text", "style": "", "detail": 0, "format": 0, "version": 1}], "direction": null, "textStyle": "", "textFormat": 0}], "direction": null}}	\N	\N	\N	2025-10-27 00:00:00+01	post-4	f	2025-10-27 20:12:21.303+01	2025-10-27 20:11:44.735+01	published	2025-10-27 20:12:21.307+01	2025-10-27 20:12:21.307+01	f	f
27	3	\N	\N	\N	\N	\N	\N	\N	\N	t	2025-10-27 19:36:34.888+01	2025-10-27 19:36:34.888+01	draft	2025-10-27 19:36:34.892+01	2025-10-27 19:36:34.892+01	f	f
37	4	post 4	\N	{"root": {"type": "root", "format": "", "indent": 0, "version": 1, "children": [{"type": "paragraph", "format": "", "indent": 0, "version": 1, "children": [{"mode": "normal", "text": "Lorem ipsum dolor sit amet, consectetur adipiscing elit. Proin in vestibulum eros. Nunc ullamcorper eu odio et sollicitudin. Proin vitae nisi id lectus egestas posuere eu aliquam mi. Sed tempor sodales arcu, id euismod orci maximus quis. Morbi eu est felis. Cras nec sem volutpat, sodales metus et, feugiat est. Aliquam iaculis consequat nisl ac aliquam. Pellentesque sit amet ipsum dui. Mauris elit nunc, fringilla et leo eget, varius consectetur odio. Donec tortor nisi, auctor non tincidunt sagittis, iaculis pretium augue. Nunc ut pellentesque risus. Aliquam sit amet sodales justo.", "type": "text", "style": "", "detail": 0, "format": 0, "version": 1}], "direction": null, "textStyle": "", "textFormat": 0}, {"type": "paragraph", "format": "", "indent": 0, "version": 1, "children": [{"mode": "normal", "text": "Sed consectetur vel felis ut laoreet. Pellentesque habitant morbi tristique senectus et netus et malesuada fames ac turpis egestas. Sed ut tempus enim. Maecenas quis suscipit tortor. Etiam consequat magna ante, eu dapibus est tincidunt eu. Morbi molestie mauris vitae vestibulum pellentesque. Curabitur vel luctus purus. Vivamus ornare, augue vel laoreet ultrices, nibh lacus faucibus nunc, lacinia commodo nisl turpis sed ex. Vestibulum gravida tortor sed nisl finibus porttitor. Sed lorem ipsum, pharetra et tincidunt a, venenatis at ex. Nunc ac risus et lacus ornare sagittis vitae et velit. Donec luctus auctor quam vel sollicitudin. Maecenas cursus risus tellus, et porta augue vehicula a. Aliquam porta pellentesque ultrices.", "type": "text", "style": "", "detail": 0, "format": 0, "version": 1}], "direction": null, "textStyle": "", "textFormat": 0}, {"type": "paragraph", "format": "", "indent": 0, "version": 1, "children": [{"mode": "normal", "text": "Vivamus felis turpis, blandit ut tellus id, commodo tristique nisi. Donec at eros porttitor, consequat mi at, tempor felis. Donec dignissim tincidunt nibh id rutrum. Phasellus et massa condimentum velit dapibus facilisis. Phasellus in mauris erat. Morbi at suscipit enim. Vestibulum fermentum ligula id erat ultricies iaculis. Pellentesque nec nisi sapien. Etiam volutpat a magna sit amet volutpat. Duis metus lorem, venenatis ac sodales eu, placerat in sapien. Vestibulum vel mollis nisl. Quisque eu aliquet orci, posuere fringilla erat. Vivamus tempus enim ut risus sollicitudin, quis volutpat dui mollis. Duis hendrerit felis diam, ac rhoncus felis sollicitudin ac. Donec vel aliquam ipsum. Integer at nisi ullamcorper, rhoncus neque ac, mattis massa.", "type": "text", "style": "", "detail": 0, "format": 0, "version": 1}], "direction": null, "textStyle": "", "textFormat": 0}, {"type": "paragraph", "format": "", "indent": 0, "version": 1, "children": [{"mode": "normal", "text": "Fusce a suscipit orci, vitae dictum lorem. Nulla sit amet ante arcu. Aliquam ornare in urna eget varius. Donec facilisis, dui pharetra rutrum eleifend, diam mi consequat leo, sit amet iaculis erat metus ac neque. Pellentesque id nisl sed arcu tincidunt egestas. Ut sit amet lobortis erat. Proin erat dui, luctus sit amet dictum et, hendrerit quis risus. Proin quis elementum magna, in consequat nisi. Aliquam tincidunt gravida cursus. Sed ac lorem a purus pulvinar cursus. Vivamus sem sapien, vehicula quis erat nec, ultricies eleifend felis. Duis a quam pharetra, rutrum lorem vitae, semper ligula. Vestibulum a risus molestie, pharetra ligula id, aliquam arcu.", "type": "text", "style": "", "detail": 0, "format": 0, "version": 1}], "direction": null, "textStyle": "", "textFormat": 0}, {"type": "paragraph", "format": "", "indent": 0, "version": 1, "children": [{"mode": "normal", "text": "Fusce pellentesque in justo non vestibulum. Donec eu lectus gravida, elementum est quis, malesuada nisl. Aenean ut imperdiet neque. Nunc varius euismod condimentum. Praesent ex purus, volutpat sed facilisis sed, laoreet quis lacus. Vestibulum sed erat auctor neque cursus maximus non in lorem. Integer volutpat quam vel gravida consectetur.", "type": "text", "style": "", "detail": 0, "format": 0, "version": 1}], "direction": null, "textStyle": "", "textFormat": 0}], "direction": null}}	post 4 | Payload Website Template	\N	Lorem ipsum dolor sit amet, consectetur adipiscing elit. Proin in vestibulum eros. Nunc ullamcorper eu odio et sollicitudin. Proin vitae nisi id le\n	2025-10-27 00:00:00+01	post-4	f	2025-10-27 20:13:29.315+01	2025-10-27 20:11:44.735+01	draft	2025-10-27 20:12:43.548+01	2025-10-27 20:13:29.315+01	f	t
7	1	post01	\N	{"root": {"type": "root", "format": "", "indent": 0, "version": 1, "children": [{"type": "paragraph", "format": "", "indent": 0, "version": 1, "children": [{"mode": "normal", "text": "posts ", "type": "text", "style": "", "detail": 0, "format": 0, "version": 1}], "direction": null, "textStyle": "", "textFormat": 0}], "direction": null}}	\N	\N	\N	2025-10-24 18:06:54.442+02	post01	f	2025-10-24 18:07:10.022+02	2025-10-24 13:53:45.978+02	published	2025-10-24 18:07:10.028+02	2025-10-24 18:07:10.028+02	f	f
31	1	post01	\N	{"root": {"type": "root", "format": "", "indent": 0, "version": 1, "children": [{"type": "paragraph", "format": "", "indent": 0, "version": 1, "children": [{"mode": "normal", "text": "Lorem ipsum dolor sit amet, consectetur adipiscing elit. Maecenas egestas erat risus, ac semper justo molestie vel. Aliquam erat volutpat. Phasellus imperdiet metus erat, id maximus diam placerat eu. Nam luctus lorem eget mauris tempus egestas. Aliquam tempus varius urna, quis finibus odio luctus a. Integer dictum finibus ex nec placerat. Phasellus risus est, consequat vitae tortor vel, accumsan commodo sapien. Ut convallis nunc et metus interdum, in luctus enim molestie. Fusce aliquet elit sed est imperdiet, vel elementum enim varius. Sed quis blandit arcu, lacinia molestie ante. Proin ac turpis urna. Pellentesque in tristique erat. Sed vitae congue sapien. Curabitur consectetur felis lectus. Etiam eu ligula id arcu feugiat eleifend.", "type": "text", "style": "", "detail": 0, "format": 0, "version": 1}], "direction": null, "textStyle": "", "textFormat": 0}, {"type": "paragraph", "format": "", "indent": 0, "version": 1, "children": [{"mode": "normal", "text": "Aliquam in lorem sed sapien bibendum feugiat eu ut turpis. Class aptent taciti sociosqu ad litora torquent per conubia nostra, per inceptos himenaeos. Morbi ante nisi, ultricies et condimentum vel, eleifend ac quam. Proin dui risus, efficitur eu massa eget, sollicitudin efficitur purus. Nulla egestas viverra dolor at tristique. Maecenas augue mi, imperdiet eget mattis in, aliquam eu sem. Ut libero diam, viverra quis lectus sed, congue iaculis ex. Ut semper ultricies posuere. Donec malesuada, leo ut semper rhoncus, tortor est pharetra turpis, in ultrices ante urna vehicula turpis. Donec eget varius velit, in volutpat neque. Morbi augue arcu, posuere non ullamcorper at, laoreet eu mauris. Suspendisse potenti. Pellentesque interdum leo ac sem convallis facilisis. Donec nec eros sit amet arcu ultrices mollis id et nisl.", "type": "text", "style": "", "detail": 0, "format": 0, "version": 1}], "direction": null, "textStyle": "", "textFormat": 0}, {"type": "paragraph", "format": "", "indent": 0, "version": 1, "children": [{"mode": "normal", "text": "Sed faucibus tellus sed orci porta tincidunt. Integer laoreet, turpis nec lobortis ultricies, ante risus volutpat odio, ut malesuada eros metus nec lorem. Ut eu mauris sed turpis accumsan scelerisque quis non lectus. Fusce et quam orci. Nam tempus felis eu turpis bibendum, non maximus nibh scelerisque. Donec id congue nisi. Fusce nulla dui, cursus consequat aliquet non, blandit et turpis. Proin ac laoreet urna. Donec id mi in felis elementum euismod in quis augue. Integer eget eleifend est.", "type": "text", "style": "", "detail": 0, "format": 0, "version": 1}], "direction": null, "textStyle": "", "textFormat": 0}, {"type": "paragraph", "format": "", "indent": 0, "version": 1, "children": [{"mode": "normal", "text": "Phasellus mollis cursus tortor, in dignissim felis vulputate quis. Nulla interdum nulla imperdiet, pulvinar mauris eget, sagittis mauris. Donec aliquam semper tellus quis condimentum. Vivamus sit amet nisl sit amet lectus ullamcorper faucibus. Vestibulum ante ipsum primis in faucibus orci luctus et ultrices posuere cubilia curae; Nullam mollis, libero finibus blandit luctus, nisl ante convallis risus, a aliquam sapien neque et risus. Praesent mollis porta laoreet. Duis lacus tortor, malesuada vitae metus non, efficitur viverra dolor. Phasellus rhoncus felis turpis, sed malesuada tellus malesuada in. Praesent fermentum sodales lacus eget lacinia. Sed convallis non purus id iaculis. Donec in malesuada enim. Cras vitae odio odio. Donec non nisi risus.", "type": "text", "style": "", "detail": 0, "format": 0, "version": 1}], "direction": null, "textStyle": "", "textFormat": 0}, {"type": "paragraph", "format": "", "indent": 0, "version": 1, "children": [{"mode": "normal", "text": "Etiam ac est lorem. Nullam fringilla vitae orci sed suscipit. Sed fermentum, nunc quis ultricies molestie, odio lectus suscipit enim, et venenatis dui tortor eget dolor. Suspendisse tempus tempor lacus sed tristique. Pellentesque habitant morbi tristique senectus et netus et malesuada fames ac turpis egestas. Integer sodales metus in neque pellentesque, eget rutrum lectus accumsan. Quisque at blandit mauris. Aliquam commodo volutpat tempus.", "type": "text", "style": "", "detail": 0, "format": 0, "version": 1}], "direction": null, "textStyle": "", "textFormat": 0}, {"type": "paragraph", "format": "", "indent": 0, "version": 1, "children": [], "direction": null, "textStyle": "", "textFormat": 0}], "direction": null}}	post01 | Payload Website Template	\N	Lorem ipsum dolor sit amet, consectetur adipiscing el sskkj iosjijijsi ijsijijs isjijisjij sijisjsijis isjiijis isji isji	2025-10-24 18:06:54.442+02	post01	f	2025-10-27 20:06:10.314+01	2025-10-24 13:53:45.978+02	published	2025-10-27 20:06:10.32+01	2025-10-27 20:06:10.32+01	f	f
39	5	post 4	\N	{"root": {"type": "root", "format": "", "indent": 0, "version": 1, "children": [{"type": "paragraph", "format": "", "indent": 0, "version": 1, "children": [{"mode": "normal", "text": "Lorem ipsum dolor sit amet, consectetur adipiscing elit. Proin in vestibulum eros. Nunc ullamcorper eu odio et sollicitudin. Proin vitae nisi id lectus egestas posuere eu aliquam mi. Sed tempor sodales arcu, id euismod orci maximus quis. Morbi eu est felis. Cras nec sem volutpat, sodales metus et, feugiat est. Aliquam iaculis consequat nisl ac aliquam. Pellentesque sit amet ipsum dui. Mauris elit nunc, fringilla et leo eget, varius consectetur odio. Donec tortor nisi, auctor non tincidunt sagittis, iaculis pretium augue. Nunc ut pellentesque risus. Aliquam sit amet sodales justo.", "type": "text", "style": "", "detail": 0, "format": 0, "version": 1}], "direction": null, "textStyle": "", "textFormat": 0}, {"type": "paragraph", "format": "", "indent": 0, "version": 1, "children": [{"mode": "normal", "text": "Sed consectetur vel felis ut laoreet. Pellentesque habitant morbi tristique senectus et netus et malesuada fames ac turpis egestas. Sed ut tempus enim. Maecenas quis suscipit tortor. Etiam consequat magna ante, eu dapibus est tincidunt eu. Morbi molestie mauris vitae vestibulum pellentesque. Curabitur vel luctus purus. Vivamus ornare, augue vel laoreet ultrices, nibh lacus faucibus nunc, lacinia commodo nisl turpis sed ex. Vestibulum gravida tortor sed nisl finibus porttitor. Sed lorem ipsum, pharetra et tincidunt a, venenatis at ex. Nunc ac risus et lacus ornare sagittis vitae et velit. Donec luctus auctor quam vel sollicitudin. Maecenas cursus risus tellus, et porta augue vehicula a. Aliquam porta pellentesque ultrices.", "type": "text", "style": "", "detail": 0, "format": 0, "version": 1}], "direction": null, "textStyle": "", "textFormat": 0}, {"type": "paragraph", "format": "", "indent": 0, "version": 1, "children": [{"mode": "normal", "text": "Vivamus felis turpis, blandit ut tellus id, commodo tristique nisi. Donec at eros porttitor, consequat mi at, tempor felis. Donec dignissim tincidunt nibh id rutrum. Phasellus et massa condimentum velit dapibus facilisis. Phasellus in mauris erat. Morbi at suscipit enim. Vestibulum fermentum ligula id erat ultricies iaculis. Pellentesque nec nisi sapien. Etiam volutpat a magna sit amet volutpat. Duis metus lorem, venenatis ac sodales eu, placerat in sapien. Vestibulum vel mollis nisl. Quisque eu aliquet orci, posuere fringilla erat. Vivamus tempus enim ut risus sollicitudin, quis volutpat dui mollis. Duis hendrerit felis diam, ac rhoncus felis sollicitudin ac. Donec vel aliquam ipsum. Integer at nisi ullamcorper, rhoncus neque ac, mattis massa.", "type": "text", "style": "", "detail": 0, "format": 0, "version": 1}], "direction": null, "textStyle": "", "textFormat": 0}, {"type": "paragraph", "format": "", "indent": 0, "version": 1, "children": [{"mode": "normal", "text": "Fusce a suscipit orci, vitae dictum lorem. Nulla sit amet ante arcu. Aliquam ornare in urna eget varius. Donec facilisis, dui pharetra rutrum eleifend, diam mi consequat leo, sit amet iaculis erat metus ac neque. Pellentesque id nisl sed arcu tincidunt egestas. Ut sit amet lobortis erat. Proin erat dui, luctus sit amet dictum et, hendrerit quis risus. Proin quis elementum magna, in consequat nisi. Aliquam tincidunt gravida cursus. Sed ac lorem a purus pulvinar cursus. Vivamus sem sapien, vehicula quis erat nec, ultricies eleifend felis. Duis a quam pharetra, rutrum lorem vitae, semper ligula. Vestibulum a risus molestie, pharetra ligula id, aliquam arcu.", "type": "text", "style": "", "detail": 0, "format": 0, "version": 1}], "direction": null, "textStyle": "", "textFormat": 0}, {"type": "paragraph", "format": "", "indent": 0, "version": 1, "children": [{"mode": "normal", "text": "Fusce pellentesque in justo non vestibulum. Donec eu lectus gravida, elementum est quis, malesuada nisl. Aenean ut imperdiet neque. Nunc varius euismod condimentum. Praesent ex purus, volutpat sed facilisis sed, laoreet quis lacus. Vestibulum sed erat auctor neque cursus maximus non in lorem. Integer volutpat quam vel gravida consectetur.", "type": "text", "style": "", "detail": 0, "format": 0, "version": 1}], "direction": null, "textStyle": "", "textFormat": 0}], "direction": null}}	post 4 | Payload Website Template	\N	Lorem ipsum dolor sit amet, consectetur adipiscing elit. Proin in vestibulum eros. Nunc ullamcorper eu odio et sollicitudin. Proin vitae nisi id le\n	2025-10-27 00:00:00+01	post-4	f	2025-10-27 20:13:31.265+01	2025-10-27 20:18:01.538+01	draft	2025-10-27 20:18:01.542+01	2025-10-27 20:18:01.542+01	f	f
41	5	post 5	\N	{"root": {"type": "root", "format": "", "indent": 0, "version": 1, "children": [{"type": "paragraph", "format": "", "indent": 0, "version": 1, "children": [{"mode": "normal", "text": "Lorem ipsum dolor sit amet, consectetur adipiscing elit. Proin in vestibulum eros. Nunc ullamcorper eu odio et sollicitudin. Proin vitae nisi id lectus egestas posuere eu aliquam mi. Sed tempor sodales arcu, id euismod orci maximus quis. Morbi eu est felis. Cras nec sem volutpat, sodales metus et, feugiat est. Aliquam iaculis consequat nisl ac aliquam. Pellentesque sit amet ipsum dui. Mauris elit nunc, fringilla et leo eget, varius consectetur odio. Donec tortor nisi, auctor non tincidunt sagittis, iaculis pretium augue. Nunc ut pellentesque risus. Aliquam sit amet sodales justo.", "type": "text", "style": "", "detail": 0, "format": 0, "version": 1}], "direction": null, "textStyle": "", "textFormat": 0}, {"type": "paragraph", "format": "", "indent": 0, "version": 1, "children": [{"mode": "normal", "text": "Sed consectetur vel felis ut laoreet. Pellentesque habitant morbi tristique senectus et netus et malesuada fames ac turpis egestas. Sed ut tempus enim. Maecenas quis suscipit tortor. Etiam consequat magna ante, eu dapibus est tincidunt eu. Morbi molestie mauris vitae vestibulum pellentesque. Curabitur vel luctus purus. Vivamus ornare, augue vel laoreet ultrices, nibh lacus faucibus nunc, lacinia commodo nisl turpis sed ex. Vestibulum gravida tortor sed nisl finibus porttitor. Sed lorem ipsum, pharetra et tincidunt a, venenatis at ex. Nunc ac risus et lacus ornare sagittis vitae et velit. Donec luctus auctor quam vel sollicitudin. Maecenas cursus risus tellus, et porta augue vehicula a. Aliquam porta pellentesque ultrices.", "type": "text", "style": "", "detail": 0, "format": 0, "version": 1}], "direction": null, "textStyle": "", "textFormat": 0}, {"type": "paragraph", "format": "", "indent": 0, "version": 1, "children": [{"mode": "normal", "text": "Vivamus felis turpis, blandit ut tellus id, commodo tristique nisi. Donec at eros porttitor, consequat mi at, tempor felis. Donec dignissim tincidunt nibh id rutrum. Phasellus et massa condimentum velit dapibus facilisis. Phasellus in mauris erat. Morbi at suscipit enim. Vestibulum fermentum ligula id erat ultricies iaculis. Pellentesque nec nisi sapien. Etiam volutpat a magna sit amet volutpat. Duis metus lorem, venenatis ac sodales eu, placerat in sapien. Vestibulum vel mollis nisl. Quisque eu aliquet orci, posuere fringilla erat. Vivamus tempus enim ut risus sollicitudin, quis volutpat dui mollis. Duis hendrerit felis diam, ac rhoncus felis sollicitudin ac. Donec vel aliquam ipsum. Integer at nisi ullamcorper, rhoncus neque ac, mattis massa.", "type": "text", "style": "", "detail": 0, "format": 0, "version": 1}], "direction": null, "textStyle": "", "textFormat": 0}, {"type": "paragraph", "format": "", "indent": 0, "version": 1, "children": [{"mode": "normal", "text": "Fusce a suscipit orci, vitae dictum lorem. Nulla sit amet ante arcu. Aliquam ornare in urna eget varius. Donec facilisis, dui pharetra rutrum eleifend, diam mi consequat leo, sit amet iaculis erat metus ac neque. Pellentesque id nisl sed arcu tincidunt egestas. Ut sit amet lobortis erat. Proin erat dui, luctus sit amet dictum et, hendrerit quis risus. Proin quis elementum magna, in consequat nisi. Aliquam tincidunt gravida cursus. Sed ac lorem a purus pulvinar cursus. Vivamus sem sapien, vehicula quis erat nec, ultricies eleifend felis. Duis a quam pharetra, rutrum lorem vitae, semper ligula. Vestibulum a risus molestie, pharetra ligula id, aliquam arcu.", "type": "text", "style": "", "detail": 0, "format": 0, "version": 1}], "direction": null, "textStyle": "", "textFormat": 0}, {"type": "paragraph", "format": "", "indent": 0, "version": 1, "children": [{"mode": "normal", "text": "Fusce pellentesque in justo non vestibulum. Donec eu lectus gravida, elementum est quis, malesuada nisl. Aenean ut imperdiet neque. Nunc varius euismod condimentum. Praesent ex purus, volutpat sed facilisis sed, laoreet quis lacus. Vestibulum sed erat auctor neque cursus maximus non in lorem. Integer volutpat quam vel gravida consectetur.", "type": "text", "style": "", "detail": 0, "format": 0, "version": 1}], "direction": null, "textStyle": "", "textFormat": 0}], "direction": null}}	post 4 | Payload Website Template	\N	Lorem ipsum dolor sit amet, consectetur adipiscing elit. Proin in vestibulum eros. Nunc ullamcorper eu odio et sollicitudin. Proin vitae nisi id le\n	2025-10-27 00:00:00+01	post-5	f	2025-10-27 20:18:14.274+01	2025-10-27 20:18:01.538+01	published	2025-10-27 20:18:14.279+01	2025-10-27 20:18:14.279+01	f	f
40	5	post 5	\N	{"root": {"type": "root", "format": "", "indent": 0, "version": 1, "children": [{"type": "paragraph", "format": "", "indent": 0, "version": 1, "children": [{"mode": "normal", "text": "Lorem ipsum dolor sit amet, consectetur adipiscing elit. Proin in vestibulum eros. Nunc ullamcorper eu odio et sollicitudin. Proin vitae nisi id lectus egestas posuere eu aliquam mi. Sed tempor sodales arcu, id euismod orci maximus quis. Morbi eu est felis. Cras nec sem volutpat, sodales metus et, feugiat est. Aliquam iaculis consequat nisl ac aliquam. Pellentesque sit amet ipsum dui. Mauris elit nunc, fringilla et leo eget, varius consectetur odio. Donec tortor nisi, auctor non tincidunt sagittis, iaculis pretium augue. Nunc ut pellentesque risus. Aliquam sit amet sodales justo.", "type": "text", "style": "", "detail": 0, "format": 0, "version": 1}], "direction": null, "textStyle": "", "textFormat": 0}, {"type": "paragraph", "format": "", "indent": 0, "version": 1, "children": [{"mode": "normal", "text": "Sed consectetur vel felis ut laoreet. Pellentesque habitant morbi tristique senectus et netus et malesuada fames ac turpis egestas. Sed ut tempus enim. Maecenas quis suscipit tortor. Etiam consequat magna ante, eu dapibus est tincidunt eu. Morbi molestie mauris vitae vestibulum pellentesque. Curabitur vel luctus purus. Vivamus ornare, augue vel laoreet ultrices, nibh lacus faucibus nunc, lacinia commodo nisl turpis sed ex. Vestibulum gravida tortor sed nisl finibus porttitor. Sed lorem ipsum, pharetra et tincidunt a, venenatis at ex. Nunc ac risus et lacus ornare sagittis vitae et velit. Donec luctus auctor quam vel sollicitudin. Maecenas cursus risus tellus, et porta augue vehicula a. Aliquam porta pellentesque ultrices.", "type": "text", "style": "", "detail": 0, "format": 0, "version": 1}], "direction": null, "textStyle": "", "textFormat": 0}, {"type": "paragraph", "format": "", "indent": 0, "version": 1, "children": [{"mode": "normal", "text": "Vivamus felis turpis, blandit ut tellus id, commodo tristique nisi. Donec at eros porttitor, consequat mi at, tempor felis. Donec dignissim tincidunt nibh id rutrum. Phasellus et massa condimentum velit dapibus facilisis. Phasellus in mauris erat. Morbi at suscipit enim. Vestibulum fermentum ligula id erat ultricies iaculis. Pellentesque nec nisi sapien. Etiam volutpat a magna sit amet volutpat. Duis metus lorem, venenatis ac sodales eu, placerat in sapien. Vestibulum vel mollis nisl. Quisque eu aliquet orci, posuere fringilla erat. Vivamus tempus enim ut risus sollicitudin, quis volutpat dui mollis. Duis hendrerit felis diam, ac rhoncus felis sollicitudin ac. Donec vel aliquam ipsum. Integer at nisi ullamcorper, rhoncus neque ac, mattis massa.", "type": "text", "style": "", "detail": 0, "format": 0, "version": 1}], "direction": null, "textStyle": "", "textFormat": 0}, {"type": "paragraph", "format": "", "indent": 0, "version": 1, "children": [{"mode": "normal", "text": "Fusce a suscipit orci, vitae dictum lorem. Nulla sit amet ante arcu. Aliquam ornare in urna eget varius. Donec facilisis, dui pharetra rutrum eleifend, diam mi consequat leo, sit amet iaculis erat metus ac neque. Pellentesque id nisl sed arcu tincidunt egestas. Ut sit amet lobortis erat. Proin erat dui, luctus sit amet dictum et, hendrerit quis risus. Proin quis elementum magna, in consequat nisi. Aliquam tincidunt gravida cursus. Sed ac lorem a purus pulvinar cursus. Vivamus sem sapien, vehicula quis erat nec, ultricies eleifend felis. Duis a quam pharetra, rutrum lorem vitae, semper ligula. Vestibulum a risus molestie, pharetra ligula id, aliquam arcu.", "type": "text", "style": "", "detail": 0, "format": 0, "version": 1}], "direction": null, "textStyle": "", "textFormat": 0}, {"type": "paragraph", "format": "", "indent": 0, "version": 1, "children": [{"mode": "normal", "text": "Fusce pellentesque in justo non vestibulum. Donec eu lectus gravida, elementum est quis, malesuada nisl. Aenean ut imperdiet neque. Nunc varius euismod condimentum. Praesent ex purus, volutpat sed facilisis sed, laoreet quis lacus. Vestibulum sed erat auctor neque cursus maximus non in lorem. Integer volutpat quam vel gravida consectetur.", "type": "text", "style": "", "detail": 0, "format": 0, "version": 1}], "direction": null, "textStyle": "", "textFormat": 0}], "direction": null}}	post 4 | Payload Website Template	\N	Lorem ipsum dolor sit amet, consectetur adipiscing elit. Proin in vestibulum eros. Nunc ullamcorper eu odio et sollicitudin. Proin vitae nisi id le\n	2025-10-27 00:00:00+01	post-5	f	2025-10-27 20:18:07.926+01	2025-10-27 20:18:01.538+01	draft	2025-10-27 20:18:05.566+01	2025-10-27 20:18:07.926+01	f	t
42	6	post 5	\N	{"root": {"type": "root", "format": "", "indent": 0, "version": 1, "children": [{"type": "paragraph", "format": "", "indent": 0, "version": 1, "children": [{"mode": "normal", "text": "Lorem ipsum dolor sit amet, consectetur adipiscing elit. Proin in vestibulum eros. Nunc ullamcorper eu odio et sollicitudin. Proin vitae nisi id lectus egestas posuere eu aliquam mi. Sed tempor sodales arcu, id euismod orci maximus quis. Morbi eu est felis. Cras nec sem volutpat, sodales metus et, feugiat est. Aliquam iaculis consequat nisl ac aliquam. Pellentesque sit amet ipsum dui. Mauris elit nunc, fringilla et leo eget, varius consectetur odio. Donec tortor nisi, auctor non tincidunt sagittis, iaculis pretium augue. Nunc ut pellentesque risus. Aliquam sit amet sodales justo.", "type": "text", "style": "", "detail": 0, "format": 0, "version": 1}], "direction": null, "textStyle": "", "textFormat": 0}, {"type": "paragraph", "format": "", "indent": 0, "version": 1, "children": [{"mode": "normal", "text": "Sed consectetur vel felis ut laoreet. Pellentesque habitant morbi tristique senectus et netus et malesuada fames ac turpis egestas. Sed ut tempus enim. Maecenas quis suscipit tortor. Etiam consequat magna ante, eu dapibus est tincidunt eu. Morbi molestie mauris vitae vestibulum pellentesque. Curabitur vel luctus purus. Vivamus ornare, augue vel laoreet ultrices, nibh lacus faucibus nunc, lacinia commodo nisl turpis sed ex. Vestibulum gravida tortor sed nisl finibus porttitor. Sed lorem ipsum, pharetra et tincidunt a, venenatis at ex. Nunc ac risus et lacus ornare sagittis vitae et velit. Donec luctus auctor quam vel sollicitudin. Maecenas cursus risus tellus, et porta augue vehicula a. Aliquam porta pellentesque ultrices.", "type": "text", "style": "", "detail": 0, "format": 0, "version": 1}], "direction": null, "textStyle": "", "textFormat": 0}, {"type": "paragraph", "format": "", "indent": 0, "version": 1, "children": [{"mode": "normal", "text": "Vivamus felis turpis, blandit ut tellus id, commodo tristique nisi. Donec at eros porttitor, consequat mi at, tempor felis. Donec dignissim tincidunt nibh id rutrum. Phasellus et massa condimentum velit dapibus facilisis. Phasellus in mauris erat. Morbi at suscipit enim. Vestibulum fermentum ligula id erat ultricies iaculis. Pellentesque nec nisi sapien. Etiam volutpat a magna sit amet volutpat. Duis metus lorem, venenatis ac sodales eu, placerat in sapien. Vestibulum vel mollis nisl. Quisque eu aliquet orci, posuere fringilla erat. Vivamus tempus enim ut risus sollicitudin, quis volutpat dui mollis. Duis hendrerit felis diam, ac rhoncus felis sollicitudin ac. Donec vel aliquam ipsum. Integer at nisi ullamcorper, rhoncus neque ac, mattis massa.", "type": "text", "style": "", "detail": 0, "format": 0, "version": 1}], "direction": null, "textStyle": "", "textFormat": 0}, {"type": "paragraph", "format": "", "indent": 0, "version": 1, "children": [{"mode": "normal", "text": "Fusce a suscipit orci, vitae dictum lorem. Nulla sit amet ante arcu. Aliquam ornare in urna eget varius. Donec facilisis, dui pharetra rutrum eleifend, diam mi consequat leo, sit amet iaculis erat metus ac neque. Pellentesque id nisl sed arcu tincidunt egestas. Ut sit amet lobortis erat. Proin erat dui, luctus sit amet dictum et, hendrerit quis risus. Proin quis elementum magna, in consequat nisi. Aliquam tincidunt gravida cursus. Sed ac lorem a purus pulvinar cursus. Vivamus sem sapien, vehicula quis erat nec, ultricies eleifend felis. Duis a quam pharetra, rutrum lorem vitae, semper ligula. Vestibulum a risus molestie, pharetra ligula id, aliquam arcu.", "type": "text", "style": "", "detail": 0, "format": 0, "version": 1}], "direction": null, "textStyle": "", "textFormat": 0}, {"type": "paragraph", "format": "", "indent": 0, "version": 1, "children": [{"mode": "normal", "text": "Fusce pellentesque in justo non vestibulum. Donec eu lectus gravida, elementum est quis, malesuada nisl. Aenean ut imperdiet neque. Nunc varius euismod condimentum. Praesent ex purus, volutpat sed facilisis sed, laoreet quis lacus. Vestibulum sed erat auctor neque cursus maximus non in lorem. Integer volutpat quam vel gravida consectetur.", "type": "text", "style": "", "detail": 0, "format": 0, "version": 1}], "direction": null, "textStyle": "", "textFormat": 0}], "direction": null}}	post 4 | Payload Website Template	\N	Lorem ipsum dolor sit amet, consectetur adipiscing elit. Proin in vestibulum eros. Nunc ullamcorper eu odio et sollicitudin. Proin vitae nisi id le\n	2025-10-27 00:00:00+01	post-5	f	2025-10-27 20:18:14.274+01	2025-10-27 20:18:18.123+01	draft	2025-10-27 20:18:18.126+01	2025-10-27 20:18:18.126+01	f	f
65	10	Lorem ipsum dolor sit amet, consectetur adipiscing elit	\N	{"root": {"type": "root", "format": "", "indent": 0, "version": 1, "children": [{"type": "paragraph", "format": "", "indent": 0, "version": 1, "children": [{"mode": "normal", "text": "Lorem ipsum dolor sit amet, consectetur adipiscing elit. Proin in vestibulum eros. Nunc ullamcorper eu odio et sollicitudin. Proin vitae nisi id lectus egestas posuere eu aliquam mi. Sed tempor sodales arcu, id euismod orci maximus quis. Morbi eu est felis. Cras nec sem volutpat, sodales metus et, feugiat est. Aliquam iaculis consequat nisl ac aliquam. Pellentesque sit amet ipsum dui. Mauris elit nunc, fringilla et leo eget, varius consectetur odio. Donec tortor nisi, auctor non tincidunt sagittis, iaculis pretium augue. Nunc ut pellentesque risus. Aliquam sit amet sodales justo.", "type": "text", "style": "", "detail": 0, "format": 0, "version": 1}], "direction": null, "textStyle": "", "textFormat": 0}, {"type": "paragraph", "format": "", "indent": 0, "version": 1, "children": [{"mode": "normal", "text": "Sed consectetur vel felis ut laoreet. Pellentesque habitant morbi tristique senectus et netus et malesuada fames ac turpis egestas. Sed ut tempus enim. Maecenas quis suscipit tortor. Etiam consequat magna ante, eu dapibus est tincidunt eu. Morbi molestie mauris vitae vestibulum pellentesque. Curabitur vel luctus purus. Vivamus ornare, augue vel laoreet ultrices, nibh lacus faucibus nunc, lacinia commodo nisl turpis sed ex. Vestibulum gravida tortor sed nisl finibus porttitor. Sed lorem ipsum, pharetra et tincidunt a, venenatis at ex. Nunc ac risus et lacus ornare sagittis vitae et velit. Donec luctus auctor quam vel sollicitudin. Maecenas cursus risus tellus, et porta augue vehicula a. Aliquam porta pellentesque ultrices.", "type": "text", "style": "", "detail": 0, "format": 0, "version": 1}], "direction": null, "textStyle": "", "textFormat": 0}, {"type": "paragraph", "format": "", "indent": 0, "version": 1, "children": [{"mode": "normal", "text": "Vivamus felis turpis, blandit ut tellus id, commodo tristique nisi. Donec at eros porttitor, consequat mi at, tempor felis. Donec dignissim tincidunt nibh id rutrum. Phasellus et massa condimentum velit dapibus facilisis. Phasellus in mauris erat. Morbi at suscipit enim. Vestibulum fermentum ligula id erat ultricies iaculis. Pellentesque nec nisi sapien. Etiam volutpat a magna sit amet volutpat. Duis metus lorem, venenatis ac sodales eu, placerat in sapien. Vestibulum vel mollis nisl. Quisque eu aliquet orci, posuere fringilla erat. Vivamus tempus enim ut risus sollicitudin, quis volutpat dui mollis. Duis hendrerit felis diam, ac rhoncus felis sollicitudin ac. Donec vel aliquam ipsum. Integer at nisi ullamcorper, rhoncus neque ac, mattis massa.", "type": "text", "style": "", "detail": 0, "format": 0, "version": 1}], "direction": null, "textStyle": "", "textFormat": 0}, {"type": "paragraph", "format": "", "indent": 0, "version": 1, "children": [{"mode": "normal", "text": "Fusce a suscipit orci, vitae dictum lorem. Nulla sit amet ante arcu. Aliquam ornare in urna eget varius. Donec facilisis, dui pharetra rutrum eleifend, diam mi consequat leo, sit amet iaculis erat metus ac neque. Pellentesque id nisl sed arcu tincidunt egestas. Ut sit amet lobortis erat. Proin erat dui, luctus sit amet dictum et, hendrerit quis risus. Proin quis elementum magna, in consequat nisi. Aliquam tincidunt gravida cursus. Sed ac lorem a purus pulvinar cursus. Vivamus sem sapien, vehicula quis erat nec, ultricies eleifend felis. Duis a quam pharetra, rutrum lorem vitae, semper ligula. Vestibulum a risus molestie, pharetra ligula id, aliquam arcu.", "type": "text", "style": "", "detail": 0, "format": 0, "version": 1}], "direction": null, "textStyle": "", "textFormat": 0}, {"type": "paragraph", "format": "", "indent": 0, "version": 1, "children": [{"mode": "normal", "text": "Fusce pellentesque in justo non vestibulum. Donec eu lectus gravida, elementum est quis, malesuada nisl. Aenean ut imperdiet neque. Nunc varius euismod condimentum. Praesent ex purus, volutpat sed facilisis sed, laoreet quis lacus. Vestibulum sed erat auctor neque cursus maximus non in lorem. Integer volutpat quam vel gravida consectetur.", "type": "text", "style": "", "detail": 0, "format": 0, "version": 1}], "direction": null, "textStyle": "", "textFormat": 0}], "direction": null}}	Lorem ipsum dolor sit amet, consectetur adipiscing elitare w	\N	Lorem ipsum dolor sit amet, consectetur adipiscing elit. Proin in vestibulum eros. Nunc ullamcorper eu odio et sollicitudin. Proin vitae nisi id le a\n	2025-10-27 00:00:00+01	lorem-ipsum-dolor-sit-amet-consectetur-adipiscing-elit	f	2025-10-29 19:10:38.32+01	2025-10-28 17:46:32.007+01	draft	2025-10-29 19:10:33.465+01	2025-10-29 19:10:38.32+01	f	t
85	1	post01	68	{"root": {"type": "root", "format": "", "indent": 0, "version": 1, "children": [{"type": "paragraph", "format": "", "indent": 0, "version": 1, "children": [{"mode": "normal", "text": "aggggggggggggggggggg Lorem aaaaaaaaaaaaaaaaaaaaa ipsum dolor sit amet, consectetur adipiscing elit. Maecenas egestas erat risus, ac semper justo molestie vel. Aliquam erat volutpat. Phasellus imperdiet metus erat, id maximus diam placerat eu. Nam luctus lorem eget mauris tempus egestas. Aliquam tempus varius urna, quis finibus odio luctus a. Integer dictum finibus ex nec placerat. Phasellus risus est, consequat vitae tortor vel, accumsan commodo sapien. Ut convallis nunc et metus interdum, in luctus enim molestie. Fusce aliquet elit sed est imperdiet, vel elementum enim varius. Sed quis blandit arcu, lacinia molestie ante. Proin ac turpis urna. Pellentesque in tristique erat. Sed vitae congue sapien. Curabitur consectetur felis lectus. Etiam eu ligula id arcu feugiat eleifend.", "type": "text", "style": "", "detail": 0, "format": 0, "version": 1}], "direction": null, "textStyle": "", "textFormat": 0}, {"type": "paragraph", "format": "", "indent": 0, "version": 1, "children": [{"mode": "normal", "text": "Aliquam in lorem sed sapien bibendum feugiat eu ut turpis. Class aptent taciti sociosqu ad litora torquent per conubia nostra, per inceptos himenaeos. Morbi ante nisi, ultricies et condimentum vel, eleifend ac quam. Proin dui risus, efficitur eu massa eget, sollicitudin efficitur purus. Nulla egestas viverra dolor at tristique. Maecenas augue mi, imperdiet eget mattis in, aliquam eu sem. Ut libero diam, viverra quis lectus sed, congue iaculis ex. Ut semper ultricies posuere. Donec malesuada, leo ut semper rhoncus, tortor est pharetra turpis, in ultrices ante urna vehicula turpis. Donec eget varius velit, in volutpat neque. Morbi augue arcu, posuere non ullamcorper at, laoreet eu mauris. Suspendisse potenti. Pellentesque interdum leo ac sem convallis facilisis. Donec nec eros sit amet arcu ultrices mollis id et nisl.", "type": "text", "style": "", "detail": 0, "format": 0, "version": 1}], "direction": null, "textStyle": "", "textFormat": 0}, {"type": "paragraph", "format": "", "indent": 0, "version": 1, "children": [{"mode": "normal", "text": "Sed faucibus tellus sed orci porta tincidunt. Integer laoreet, turpis nec lobortis ultricies, ante risus volutpat odio, ut malesuada eros metus nec lorem. Ut eu mauris sed turpis accumsan scelerisque quis non lectus. Fusce et quam orci. Nam tempus felis eu turpis bibendum, non maximus nibh scelerisque. Donec id congue nisi. Fusce nulla dui, cursus consequat aliquet non, blandit et turpis. Proin ac laoreet urna. Donec id mi in felis elementum euismod in quis augue. Integer eget eleifend est.", "type": "text", "style": "", "detail": 0, "format": 0, "version": 1}], "direction": null, "textStyle": "", "textFormat": 0}, {"type": "paragraph", "format": "", "indent": 0, "version": 1, "children": [{"mode": "normal", "text": "Phasellus mollis cursus tortor, in dignissim felis vulputate quis. Nulla interdum nulla imperdiet, pulvinar mauris eget, sagittis mauris. Donec aliquam semper tellus quis condimentum. Vivamus sit amet nisl sit amet lectus ullamcorper faucibus. Vestibulum ante ipsum primis in faucibus orci luctus et ultrices posuere cubilia curae; Nullam mollis, libero finibus blandit luctus, nisl ante convallis risus, a aliquam sapien neque et risus. Praesent mollis porta laoreet. Duis lacus tortor, malesuada vitae metus non, efficitur viverra dolor. Phasellus rhoncus felis turpis, sed malesuada tellus malesuada in. Praesent fermentum sodales lacus eget lacinia. Sed convallis non purus id iaculis. Donec in malesuada enim. Cras vitae odio odio. Donec non nisi risus.", "type": "text", "style": "", "detail": 0, "format": 0, "version": 1}], "direction": null, "textStyle": "", "textFormat": 0}, {"type": "paragraph", "format": "", "indent": 0, "version": 1, "children": [{"mode": "normal", "text": "Etiam ac est lorem. Nullam fringilla vitae orci sed suscipit. Sed fermentum, nunc quis ultricies molestie, odio lectus suscipit enim, et venenatis dui tortor eget dolor. Suspendisse tempus tempor lacus sed tristique. Pellentesque habitant morbi tristique senectus et netus et malesuada fames ac turpis egestas. Integer sodales metus in neque pellentesque, eget rutrum lectus accumsan. Quisque at blandit mauris. Aliquam commodo volutpat tempus.", "type": "text", "style": "", "detail": 0, "format": 0, "version": 1}], "direction": null, "textStyle": "", "textFormat": 0}, {"type": "paragraph", "format": "", "indent": 0, "version": 1, "children": [], "direction": null, "textStyle": "", "textFormat": 0}], "direction": null}}	post01 | Payload Website Template	68	Lorem ipsum dolor sit amet, consectetur adipiscing el sskkj iosjijijsi ijsijijs isjijisjij sijisjsijis isjiijis isji isji	2025-10-24 18:06:54.442+02	post01	f	2025-11-30 11:02:20.692+01	2025-10-24 13:53:45.978+02	draft	2025-11-29 21:00:41.704+01	2025-11-30 11:02:20.692+01	f	t
38	4	post 4	\N	{"root": {"type": "root", "format": "", "indent": 0, "version": 1, "children": [{"type": "paragraph", "format": "", "indent": 0, "version": 1, "children": [{"mode": "normal", "text": "Lorem ipsum dolor sit amet, consectetur adipiscing elit. Proin in vestibulum eros. Nunc ullamcorper eu odio et sollicitudin. Proin vitae nisi id lectus egestas posuere eu aliquam mi. Sed tempor sodales arcu, id euismod orci maximus quis. Morbi eu est felis. Cras nec sem volutpat, sodales metus et, feugiat est. Aliquam iaculis consequat nisl ac aliquam. Pellentesque sit amet ipsum dui. Mauris elit nunc, fringilla et leo eget, varius consectetur odio. Donec tortor nisi, auctor non tincidunt sagittis, iaculis pretium augue. Nunc ut pellentesque risus. Aliquam sit amet sodales justo.", "type": "text", "style": "", "detail": 0, "format": 0, "version": 1}], "direction": null, "textStyle": "", "textFormat": 0}, {"type": "paragraph", "format": "", "indent": 0, "version": 1, "children": [{"mode": "normal", "text": "Sed consectetur vel felis ut laoreet. Pellentesque habitant morbi tristique senectus et netus et malesuada fames ac turpis egestas. Sed ut tempus enim. Maecenas quis suscipit tortor. Etiam consequat magna ante, eu dapibus est tincidunt eu. Morbi molestie mauris vitae vestibulum pellentesque. Curabitur vel luctus purus. Vivamus ornare, augue vel laoreet ultrices, nibh lacus faucibus nunc, lacinia commodo nisl turpis sed ex. Vestibulum gravida tortor sed nisl finibus porttitor. Sed lorem ipsum, pharetra et tincidunt a, venenatis at ex. Nunc ac risus et lacus ornare sagittis vitae et velit. Donec luctus auctor quam vel sollicitudin. Maecenas cursus risus tellus, et porta augue vehicula a. Aliquam porta pellentesque ultrices.", "type": "text", "style": "", "detail": 0, "format": 0, "version": 1}], "direction": null, "textStyle": "", "textFormat": 0}, {"type": "paragraph", "format": "", "indent": 0, "version": 1, "children": [{"mode": "normal", "text": "Vivamus felis turpis, blandit ut tellus id, commodo tristique nisi. Donec at eros porttitor, consequat mi at, tempor felis. Donec dignissim tincidunt nibh id rutrum. Phasellus et massa condimentum velit dapibus facilisis. Phasellus in mauris erat. Morbi at suscipit enim. Vestibulum fermentum ligula id erat ultricies iaculis. Pellentesque nec nisi sapien. Etiam volutpat a magna sit amet volutpat. Duis metus lorem, venenatis ac sodales eu, placerat in sapien. Vestibulum vel mollis nisl. Quisque eu aliquet orci, posuere fringilla erat. Vivamus tempus enim ut risus sollicitudin, quis volutpat dui mollis. Duis hendrerit felis diam, ac rhoncus felis sollicitudin ac. Donec vel aliquam ipsum. Integer at nisi ullamcorper, rhoncus neque ac, mattis massa.", "type": "text", "style": "", "detail": 0, "format": 0, "version": 1}], "direction": null, "textStyle": "", "textFormat": 0}, {"type": "paragraph", "format": "", "indent": 0, "version": 1, "children": [{"mode": "normal", "text": "Fusce a suscipit orci, vitae dictum lorem. Nulla sit amet ante arcu. Aliquam ornare in urna eget varius. Donec facilisis, dui pharetra rutrum eleifend, diam mi consequat leo, sit amet iaculis erat metus ac neque. Pellentesque id nisl sed arcu tincidunt egestas. Ut sit amet lobortis erat. Proin erat dui, luctus sit amet dictum et, hendrerit quis risus. Proin quis elementum magna, in consequat nisi. Aliquam tincidunt gravida cursus. Sed ac lorem a purus pulvinar cursus. Vivamus sem sapien, vehicula quis erat nec, ultricies eleifend felis. Duis a quam pharetra, rutrum lorem vitae, semper ligula. Vestibulum a risus molestie, pharetra ligula id, aliquam arcu.", "type": "text", "style": "", "detail": 0, "format": 0, "version": 1}], "direction": null, "textStyle": "", "textFormat": 0}, {"type": "paragraph", "format": "", "indent": 0, "version": 1, "children": [{"mode": "normal", "text": "Fusce pellentesque in justo non vestibulum. Donec eu lectus gravida, elementum est quis, malesuada nisl. Aenean ut imperdiet neque. Nunc varius euismod condimentum. Praesent ex purus, volutpat sed facilisis sed, laoreet quis lacus. Vestibulum sed erat auctor neque cursus maximus non in lorem. Integer volutpat quam vel gravida consectetur.", "type": "text", "style": "", "detail": 0, "format": 0, "version": 1}], "direction": null, "textStyle": "", "textFormat": 0}], "direction": null}}	post 4 | Payload Website Template	\N	Lorem ipsum dolor sit amet, consectetur adipiscing elit. Proin in vestibulum eros. Nunc ullamcorper eu odio et sollicitudin. Proin vitae nisi id le\n	2025-10-27 00:00:00+01	post-4	f	2025-10-27 20:13:31.265+01	2025-10-27 20:11:44.735+01	published	2025-10-27 20:13:31.271+01	2025-10-27 20:13:31.271+01	f	f
4	1	post01	\N	{"root": {"type": "root", "format": "", "indent": 0, "version": 1, "children": [{"type": "paragraph", "format": "", "indent": 0, "version": 1, "children": [{"mode": "normal", "text": "posts ", "type": "text", "style": "", "detail": 0, "format": 0, "version": 1}], "direction": null, "textStyle": "", "textFormat": 0}], "direction": null}}	\N	\N	\N	2025-10-24 18:06:54.442+02	post01	f	2025-10-24 18:07:01.308+02	2025-10-24 13:53:45.978+02	draft	2025-10-24 18:07:01.308+02	2025-10-24 18:07:01.308+02	f	t
11	1	post01	\N	{"root": {"type": "root", "format": "", "indent": 0, "version": 1, "children": [{"type": "paragraph", "format": "", "indent": 0, "version": 1, "children": [{"mode": "normal", "text": "Lorem ipsum dolor sit amet, consectetur adipiscing elit. Maecenas egestas erat risus, ac semper justo molestie vel. Aliquam erat volutpat. Phasellus imperdiet metus erat, id maximus diam placerat eu. Nam luctus lorem eget mauris tempus egestas. Aliquam tempus varius urna, quis finibus odio luctus a. Integer dictum finibus ex nec placerat. Phasellus risus est, consequat vitae tortor vel, accumsan commodo sapien. Ut convallis nunc et metus interdum, in luctus enim molestie. Fusce aliquet elit sed est imperdiet, vel elementum enim varius. Sed quis blandit arcu, lacinia molestie ante. Proin ac turpis urna. Pellentesque in tristique erat. Sed vitae congue sapien. Curabitur consectetur felis lectus. Etiam eu ligula id arcu feugiat eleifend.", "type": "text", "style": "", "detail": 0, "format": 0, "version": 1}], "direction": null, "textStyle": "", "textFormat": 0}, {"type": "paragraph", "format": "", "indent": 0, "version": 1, "children": [{"mode": "normal", "text": "Aliquam in lorem sed sapien bibendum feugiat eu ut turpis. Class aptent taciti sociosqu ad litora torquent per conubia nostra, per inceptos himenaeos. Morbi ante nisi, ultricies et condimentum vel, eleifend ac quam. Proin dui risus, efficitur eu massa eget, sollicitudin efficitur purus. Nulla egestas viverra dolor at tristique. Maecenas augue mi, imperdiet eget mattis in, aliquam eu sem. Ut libero diam, viverra quis lectus sed, congue iaculis ex. Ut semper ultricies posuere. Donec malesuada, leo ut semper rhoncus, tortor est pharetra turpis, in ultrices ante urna vehicula turpis. Donec eget varius velit, in volutpat neque. Morbi augue arcu, posuere non ullamcorper at, laoreet eu mauris. Suspendisse potenti. Pellentesque interdum leo ac sem convallis facilisis. Donec nec eros sit amet arcu ultrices mollis id et nisl.", "type": "text", "style": "", "detail": 0, "format": 0, "version": 1}], "direction": null, "textStyle": "", "textFormat": 0}, {"type": "paragraph", "format": "", "indent": 0, "version": 1, "children": [{"mode": "normal", "text": "Sed faucibus tellus sed orci porta tincidunt. Integer laoreet, turpis nec lobortis ultricies, ante risus volutpat odio, ut malesuada eros metus nec lorem. Ut eu mauris sed turpis accumsan scelerisque quis non lectus. Fusce et quam orci. Nam tempus felis eu turpis bibendum, non maximus nibh scelerisque. Donec id congue nisi. Fusce nulla dui, cursus consequat aliquet non, blandit et turpis. Proin ac laoreet urna. Donec id mi in felis elementum euismod in quis augue. Integer eget eleifend est.", "type": "text", "style": "", "detail": 0, "format": 0, "version": 1}], "direction": null, "textStyle": "", "textFormat": 0}, {"type": "paragraph", "format": "", "indent": 0, "version": 1, "children": [{"mode": "normal", "text": "Phasellus mollis cursus tortor, in dignissim felis vulputate quis. Nulla interdum nulla imperdiet, pulvinar mauris eget, sagittis mauris. Donec aliquam semper tellus quis condimentum. Vivamus sit amet nisl sit amet lectus ullamcorper faucibus. Vestibulum ante ipsum primis in faucibus orci luctus et ultrices posuere cubilia curae; Nullam mollis, libero finibus blandit luctus, nisl ante convallis risus, a aliquam sapien neque et risus. Praesent mollis porta laoreet. Duis lacus tortor, malesuada vitae metus non, efficitur viverra dolor. Phasellus rhoncus felis turpis, sed malesuada tellus malesuada in. Praesent fermentum sodales lacus eget lacinia. Sed convallis non purus id iaculis. Donec in malesuada enim. Cras vitae odio odio. Donec non nisi risus.", "type": "text", "style": "", "detail": 0, "format": 0, "version": 1}], "direction": null, "textStyle": "", "textFormat": 0}, {"type": "paragraph", "format": "", "indent": 0, "version": 1, "children": [{"mode": "normal", "text": "Etiam ac est lorem. Nullam fringilla vitae orci sed suscipit. Sed fermentum, nunc quis ultricies molestie, odio lectus suscipit enim, et venenatis dui tortor eget dolor. Suspendisse tempus tempor lacus sed tristique. Pellentesque habitant morbi tristique senectus et netus et malesuada fames ac turpis egestas. Integer sodales metus in neque pellentesque, eget rutrum lectus accumsan. Quisque at blandit mauris. Aliquam commodo volutpat tempus.", "type": "text", "style": "", "detail": 0, "format": 0, "version": 1}], "direction": null, "textStyle": "", "textFormat": 0}, {"type": "paragraph", "format": "", "indent": 0, "version": 1, "children": [], "direction": null, "textStyle": "", "textFormat": 0}], "direction": null}}	\N	\N	\N	2025-10-24 18:06:54.442+02	post01	f	2025-10-24 19:01:23.66+02	2025-10-24 13:53:45.978+02	published	2025-10-24 19:01:23.666+02	2025-10-24 19:01:23.666+02	f	f
67	1	post01	\N	{"root": {"type": "root", "format": "", "indent": 0, "version": 1, "children": [{"type": "paragraph", "format": "", "indent": 0, "version": 1, "children": [{"mode": "normal", "text": "Lorem aaaaaaaaaaaaaaaaaaaaaipsum dolor sit amet, consectetur adipiscing elit. Maecenas egestas erat risus, ac semper justo molestie vel. Aliquam erat volutpat. Phasellus imperdiet metus erat, id maximus diam placerat eu. Nam luctus lorem eget mauris tempus egestas. Aliquam tempus varius urna, quis finibus odio luctus a. Integer dictum finibus ex nec placerat. Phasellus risus est, consequat vitae tortor vel, accumsan commodo sapien. Ut convallis nunc et metus interdum, in luctus enim molestie. Fusce aliquet elit sed est imperdiet, vel elementum enim varius. Sed quis blandit arcu, lacinia molestie ante. Proin ac turpis urna. Pellentesque in tristique erat. Sed vitae congue sapien. Curabitur consectetur felis lectus. Etiam eu ligula id arcu feugiat eleifend.", "type": "text", "style": "", "detail": 0, "format": 0, "version": 1}], "direction": null, "textStyle": "", "textFormat": 0}, {"type": "paragraph", "format": "", "indent": 0, "version": 1, "children": [{"mode": "normal", "text": "Aliquam in lorem sed sapien bibendum feugiat eu ut turpis. Class aptent taciti sociosqu ad litora torquent per conubia nostra, per inceptos himenaeos. Morbi ante nisi, ultricies et condimentum vel, eleifend ac quam. Proin dui risus, efficitur eu massa eget, sollicitudin efficitur purus. Nulla egestas viverra dolor at tristique. Maecenas augue mi, imperdiet eget mattis in, aliquam eu sem. Ut libero diam, viverra quis lectus sed, congue iaculis ex. Ut semper ultricies posuere. Donec malesuada, leo ut semper rhoncus, tortor est pharetra turpis, in ultrices ante urna vehicula turpis. Donec eget varius velit, in volutpat neque. Morbi augue arcu, posuere non ullamcorper at, laoreet eu mauris. Suspendisse potenti. Pellentesque interdum leo ac sem convallis facilisis. Donec nec eros sit amet arcu ultrices mollis id et nisl.", "type": "text", "style": "", "detail": 0, "format": 0, "version": 1}], "direction": null, "textStyle": "", "textFormat": 0}, {"type": "paragraph", "format": "", "indent": 0, "version": 1, "children": [{"mode": "normal", "text": "Sed faucibus tellus sed orci porta tincidunt. Integer laoreet, turpis nec lobortis ultricies, ante risus volutpat odio, ut malesuada eros metus nec lorem. Ut eu mauris sed turpis accumsan scelerisque quis non lectus. Fusce et quam orci. Nam tempus felis eu turpis bibendum, non maximus nibh scelerisque. Donec id congue nisi. Fusce nulla dui, cursus consequat aliquet non, blandit et turpis. Proin ac laoreet urna. Donec id mi in felis elementum euismod in quis augue. Integer eget eleifend est.", "type": "text", "style": "", "detail": 0, "format": 0, "version": 1}], "direction": null, "textStyle": "", "textFormat": 0}, {"type": "paragraph", "format": "", "indent": 0, "version": 1, "children": [{"mode": "normal", "text": "Phasellus mollis cursus tortor, in dignissim felis vulputate quis. Nulla interdum nulla imperdiet, pulvinar mauris eget, sagittis mauris. Donec aliquam semper tellus quis condimentum. Vivamus sit amet nisl sit amet lectus ullamcorper faucibus. Vestibulum ante ipsum primis in faucibus orci luctus et ultrices posuere cubilia curae; Nullam mollis, libero finibus blandit luctus, nisl ante convallis risus, a aliquam sapien neque et risus. Praesent mollis porta laoreet. Duis lacus tortor, malesuada vitae metus non, efficitur viverra dolor. Phasellus rhoncus felis turpis, sed malesuada tellus malesuada in. Praesent fermentum sodales lacus eget lacinia. Sed convallis non purus id iaculis. Donec in malesuada enim. Cras vitae odio odio. Donec non nisi risus.", "type": "text", "style": "", "detail": 0, "format": 0, "version": 1}], "direction": null, "textStyle": "", "textFormat": 0}, {"type": "paragraph", "format": "", "indent": 0, "version": 1, "children": [{"mode": "normal", "text": "Etiam ac est lorem. Nullam fringilla vitae orci sed suscipit. Sed fermentum, nunc quis ultricies molestie, odio lectus suscipit enim, et venenatis dui tortor eget dolor. Suspendisse tempus tempor lacus sed tristique. Pellentesque habitant morbi tristique senectus et netus et malesuada fames ac turpis egestas. Integer sodales metus in neque pellentesque, eget rutrum lectus accumsan. Quisque at blandit mauris. Aliquam commodo volutpat tempus.", "type": "text", "style": "", "detail": 0, "format": 0, "version": 1}], "direction": null, "textStyle": "", "textFormat": 0}, {"type": "paragraph", "format": "", "indent": 0, "version": 1, "children": [], "direction": null, "textStyle": "", "textFormat": 0}], "direction": null}}	post01 | Payload Website Template	\N	Lorem ipsum dolor sit amet, consectetur adipiscing el sskkj iosjijijsi ijsijijs isjijisjij sijisjsijis isjiijis isji isji	2025-10-24 18:06:54.442+02	post01	f	2025-11-20 20:07:00.229+01	2025-10-24 13:53:45.978+02	draft	2025-11-20 20:06:59.2+01	2025-11-20 20:07:00.229+01	f	t
71	2	post 2	68	{"root": {"type": "root", "format": "", "indent": 0, "version": 1, "children": [{"tag": "h1", "type": "heading", "format": "", "indent": 0, "version": 1, "children": [{"mode": "normal", "text": "Lorem ipsum dolor sit ameta", "type": "text", "style": "", "detail": 0, "format": 0, "version": 1}], "direction": null}, {"type": "paragraph", "format": "", "indent": 0, "version": 1, "children": [{"mode": "normal", "text": ", consectetur adipiscing elit. Maecenas tempor mollis ipsum et volutpat. Integer faucibus metus at tortor posuere vestibulum. Nulla iaculis id massa ut euismod. Nullam dignissim vehicula orci nec condimentum. Fusce gravida, diam ac ultricies consectetur, neque turpis ullamcorper eros, eget placerat dolor augue sed augue. Integer ut nisi nec nisl maximus lacinia sed vehicula mauris. Pellentesque aliquet nibh at metus cursus congue vel nec leo. Mauris maximus ac leo vitae dapibus. Nam pretium lectus accumsan augue pellentesque euismod. Ut laoreet facilisis vehicula. Morbi velit purus, mattis eget libero vel, dictum venenatis erat. Suspendisse sapien metus, consectetur in tempor eu, scelerisque vitae elit. Nulla facilisi.", "type": "text", "style": "", "detail": 0, "format": 0, "version": 1}], "direction": null, "textStyle": "", "textFormat": 0}, {"type": "paragraph", "format": "", "indent": 0, "version": 1, "children": [{"mode": "normal", "text": "Duis quis turpis non purus porttitor luctus et sit amet nulla", "type": "text", "style": "", "detail": 0, "format": 2, "version": 1}, {"mode": "normal", "text": ". Phasellus imperdiet eleifend ligula. Proin eu egestas turpis, molestie congue nisl. Aenean laoreet lorem lorem, ac lacinia lorem molestie interdum. Nunc sit amet commodo quam. Proin commodo rhoncus egestas. Donec fringilla leo augue, nec tempus leo gravida a. Aliquam at tristique enim. Aenean non semper lacus. Vivamus efficitur mollis laoreet. Praesent tempus dictum elit, eget volutpat sapien euismod hendrerit. Sed tempor odio vitae lectus congue, sed blandit massa fermentum.", "type": "text", "style": "", "detail": 0, "format": 0, "version": 1}], "direction": null, "textStyle": "", "textFormat": 2}, {"type": "quote", "format": "", "indent": 0, "version": 1, "children": [{"mode": "normal", "text": "In non justo vel quam facilisis aliquam vitae pretium lorem. Sed vitae egestas turpis. Duis non tortor in eros eleifend laoreet. Pellentesque habitant morbi tristique senectus et netus et malesuada fames ac turpis egestas. Donec mauris lectus, vulputate ut egestas ut, iaculis a erat. Sed neque libero, semper nec semper a, vulputate vitae ipsum. Nam pulvinar nisi at orci condimentum, sed posuere nisi rutrum. Duis laoreet porttitor orci ut volutpat. Phasellus congue erat sit amet egestas aliquam. Morbi venenatis neque sit amet nunc porta finibus. Curabitur id velit lectus.", "type": "text", "style": "", "detail": 0, "format": 0, "version": 1}], "direction": null}, {"type": "paragraph", "format": "", "indent": 0, "version": 1, "children": [{"mode": "normal", "text": "Vivamus porta risus et erat interdum, a condimentum augue mollis. Proin pharetra, nunc ac volutpat dapibus, elit lacus egestas ante, a accumsan eros ante eleifend nibh. Nulla commodo eget sem quis facilisis. Pellentesque diam ante, ornare in blandit at, placerat vitae orci. Sed venenatis sapien ex, sit amet semper nunc pulvinar sed. Praesent eu quam vel mi scelerisque imperdiet. Phasellus in interdum elit. Proin pellentesque libero massa, condimentum pretium mi scelerisque at. Integer in sem sed sem pellentesque cursus id in tortor. Nullam id tristique dui. Sed et rhoncus ipsum, vitae ornare erat. Mauris sit amet odio dapibus dui porta congue. In egestas fringilla fermentum. Fusce vulputate faucibus diam, ac posuere urna feugiat nec.", "type": "text", "style": "", "detail": 0, "format": 0, "version": 1}], "direction": null, "textStyle": "", "textFormat": 0}, {"type": "paragraph", "format": "", "indent": 0, "version": 1, "children": [{"mode": "normal", "text": "Proin id porta tellus. Fusce suscipit turpis ac mattis scelerisque. Integer lacinia mi et posuere imperdiet. Donec ut ligula nec tellus maximus imperdiet. Nam egestas erat tincidunt, blandit sem quis, gravida lacus. Quisque dictum dapibus dictum. Aliquam ac urna sit amet sapien ultricies efficitur. Mauris ac tincidunt velit, sed aliquet diam. Praesent non risus sodales, sollicitudin lectus sagittis, convallis ante. Quisque imperdiet ante eget ligula vehicula placerat cursus vitae purus. Etiam eu venenatis orci.", "type": "text", "style": "", "detail": 0, "format": 0, "version": 1}], "direction": null, "textStyle": "", "textFormat": 0}, {"type": "block", "fields": {"id": "68fbb90a8a804de2de0fb8bb", "media": 24, "blockName": "", "blockType": "mediaBlock", "sectionName": "borrar"}, "format": "", "version": 2}, {"type": "paragraph", "format": "", "indent": 0, "version": 1, "children": [], "direction": null, "textStyle": "", "textFormat": 0}, {"type": "paragraph", "format": "", "indent": 0, "version": 1, "children": [{"mode": "normal", "text": "Donec ut vehicula lectus, at pellentesque orci. Phasellus lacinia viverra ex at fermentum. Nunc tincidunt nunc et lectus malesuada, id fermentum nisl facilisis. Donec elementum mollis massa varius scelerisque. Aliquam tincidunt nibh eu pellentesque consectetur. Morbi venenatis sapien lacus, sit amet vulputate elit tempus posuere. Proin ut facilisis felis, vel rhoncus felis. Integer imperdiet sem ut neque aliquam, eget vestibulum eros ultricies. Duis efficitur sem enim, sit amet tristique urna gravida non. Aliquam aliquet consectetur neque id tristique. Praesent sit amet erat quam. Nullam egestas orci id tellus scelerisque, vel ullamcorper dui dictum. Nulla tempus ac sapien nec porttitor.", "type": "text", "style": "", "detail": 0, "format": 0, "version": 1}], "direction": null, "textStyle": "", "textFormat": 0}, {"type": "paragraph", "format": "", "indent": 0, "version": 1, "children": [{"mode": "normal", "text": "Sed fermentum a lectus hendrerit ullamcorper. Nunc sagittis nec lacus vel volutpat. In ac enim eros. Nunc dapibus, turpis et faucibus vulputate, quam sapien dictum lorem, id varius tortor elit faucibus odio. Sed at justo ac nisl placerat vestibulum at in diam. Vivamus quis condimentum enim. Mauris vestibulum nec erat nec congue. Vestibulum luctus tincidunt tellus et iaculis. Integer at ligula mi. Fusce laoreet leo vel quam efficitur, vitae vulputate leo efficitur. Sed pharetra ligula vitae ex pharetra viverra. Donec metus justo, commodo in dictum sit amet, cursus quis enim. Phasellus laoreet quam sapien, vitae congue mauris posuere non. Interdum et malesuada fames ac ante ipsum primis in faucibus. Nullam euismod rhoncus arcu, a blandit est pharetra ac. Pellentesque sapien mauris, dapibus sit amet risus sit amet, tempor eleifend purus.", "type": "text", "style": "", "detail": 0, "format": 0, "version": 1}], "direction": null, "textStyle": "", "textFormat": 0}, {"type": "paragraph", "format": "", "indent": 0, "version": 1, "children": [{"mode": "normal", "text": "Pellentesque varius vel eros quis convallis. Cras nec purus diam. Suspendisse id lobortis velit. Fusce convallis nisl libero, nec pretium nunc dictum non. Nam ut egestas ipsum. Sed sem sapien, hendrerit in sollicitudin et, pulvinar in metus. Praesent iaculis tempor massa ac sollicitudin. Nunc vestibulum aliquet lectus sit amet volutpat. Suspendisse nec varius augue. Aliquam tellus lacus, euismod ut tortor non, rhoncus semper libero. Nunc ac fringilla magna, et ultrices diam. Fusce ac ipsum nisl.", "type": "text", "style": "", "detail": 0, "format": 0, "version": 1}], "direction": null, "textStyle": "", "textFormat": 0}, {"type": "paragraph", "format": "", "indent": 0, "version": 1, "children": [{"mode": "normal", "text": "Vestibulum erat ante, maximus eget ante vitae, ornare congue tortor. Nam nunc elit, ultricies quis tincidunt sit amet, dignissim eu mauris. Quisque congue lectus ut viverra interdum. Donec porta est ac tincidunt rutrum. Integer tempus ipsum rutrum, fringilla orci ut, feugiat erat. Aliquam a placerat justo. Sed vel dolor ultricies, sollicitudin sem id, fringilla diam. Nam eget lacus eu mauris sagittis fermentum eu vitae turpis. Nulla nisi massa, sagittis viverra ullamcorper nec, consequat vitae nisl. Maecenas molestie ligula id arcu malesuada viverra. Nunc nulla nibh, luctus ac augue vitae, imperdiet tempor est.", "type": "text", "style": "", "detail": 0, "format": 0, "version": 1}], "direction": null, "textStyle": "", "textFormat": 0}, {"type": "paragraph", "format": "", "indent": 0, "version": 1, "children": [{"mode": "normal", "text": "Nullam interdum sapien eget bibendum maximus. Duis ac massa ac dolor consectetur eleifend. Proin nec tempor nibh, vel molestie nisi. Nunc eros mi, laoreet ut porttitor rhoncus, vestibulum sit amet arcu. Nullam at pellentesque ligula. Sed id dignissim magna. In aliquam mi sapien, vitae ornare quam aliquet tempor.", "type": "text", "style": "", "detail": 0, "format": 0, "version": 1}], "direction": null, "textStyle": "", "textFormat": 0}], "direction": null}}	post 2 | Payload Website Template	68	Lorem ipsum dolor sit amet, consectetur adipiscing elit. Maecenas tempor mollis ipsum et volutpat. Integer faucibus metus at tortor posuere vestibulu	2025-10-24 19:36:34.051+02	post-2	f	2025-11-25 09:39:42.686+01	2025-10-24 19:34:43.606+02	draft	2025-11-25 09:39:33.731+01	2025-11-25 09:39:42.686+01	f	t
72	2	post 2	68	{"root": {"type": "root", "format": "", "indent": 0, "version": 1, "children": [{"tag": "h1", "type": "heading", "format": "", "indent": 0, "version": 1, "children": [{"mode": "normal", "text": "Lorem ipsum dolor sit ameta", "type": "text", "style": "", "detail": 0, "format": 0, "version": 1}], "direction": null}, {"type": "paragraph", "format": "", "indent": 0, "version": 1, "children": [{"mode": "normal", "text": ", consectetur adipiscing elit. Maecenas tempor mollis ipsum et volutpat. Integer faucibus metus at tortor posuere vestibulum. Nulla iaculis id massa ut euismod. Nullam dignissim vehicula orci nec condimentum. Fusce gravida, diam ac ultricies consectetur, neque turpis ullamcorper eros, eget placerat dolor augue sed augue. Integer ut nisi nec nisl maximus lacinia sed vehicula mauris. Pellentesque aliquet nibh at metus cursus congue vel nec leo. Mauris maximus ac leo vitae dapibus. Nam pretium lectus accumsan augue pellentesque euismod. Ut laoreet facilisis vehicula. Morbi velit purus, mattis eget libero vel, dictum venenatis erat. Suspendisse sapien metus, consectetur in tempor eu, scelerisque vitae elit. Nulla facilisi.", "type": "text", "style": "", "detail": 0, "format": 0, "version": 1}], "direction": null, "textStyle": "", "textFormat": 0}, {"type": "paragraph", "format": "", "indent": 0, "version": 1, "children": [{"mode": "normal", "text": "Duis quis turpis non purus porttitor luctus et sit amet nulla", "type": "text", "style": "", "detail": 0, "format": 2, "version": 1}, {"mode": "normal", "text": ". Phasellus imperdiet eleifend ligula. Proin eu egestas turpis, molestie congue nisl. Aenean laoreet lorem lorem, ac lacinia lorem molestie interdum. Nunc sit amet commodo quam. Proin commodo rhoncus egestas. Donec fringilla leo augue, nec tempus leo gravida a. Aliquam at tristique enim. Aenean non semper lacus. Vivamus efficitur mollis laoreet. Praesent tempus dictum elit, eget volutpat sapien euismod hendrerit. Sed tempor odio vitae lectus congue, sed blandit massa fermentum.", "type": "text", "style": "", "detail": 0, "format": 0, "version": 1}], "direction": null, "textStyle": "", "textFormat": 2}, {"type": "quote", "format": "", "indent": 0, "version": 1, "children": [{"mode": "normal", "text": "In non justo vel quam facilisis aliquam vitae pretium lorem. Sed vitae egestas turpis. Duis non tortor in eros eleifend laoreet. Pellentesque habitant morbi tristique senectus et netus et malesuada fames ac turpis egestas. Donec mauris lectus, vulputate ut egestas ut, iaculis a erat. Sed neque libero, semper nec semper a, vulputate vitae ipsum. Nam pulvinar nisi at orci condimentum, sed posuere nisi rutrum. Duis laoreet porttitor orci ut volutpat. Phasellus congue erat sit amet egestas aliquam. Morbi venenatis neque sit amet nunc porta finibus. Curabitur id velit lectus.", "type": "text", "style": "", "detail": 0, "format": 0, "version": 1}], "direction": null}, {"type": "paragraph", "format": "", "indent": 0, "version": 1, "children": [{"mode": "normal", "text": "Vivamus porta risus et erat interdum, a condimentum augue mollis. Proin pharetra, nunc ac volutpat dapibus, elit lacus egestas ante, a accumsan eros ante eleifend nibh. Nulla commodo eget sem quis facilisis. Pellentesque diam ante, ornare in blandit at, placerat vitae orci. Sed venenatis sapien ex, sit amet semper nunc pulvinar sed. Praesent eu quam vel mi scelerisque imperdiet. Phasellus in interdum elit. Proin pellentesque libero massa, condimentum pretium mi scelerisque at. Integer in sem sed sem pellentesque cursus id in tortor. Nullam id tristique dui. Sed et rhoncus ipsum, vitae ornare erat. Mauris sit amet odio dapibus dui porta congue. In egestas fringilla fermentum. Fusce vulputate faucibus diam, ac posuere urna feugiat nec.", "type": "text", "style": "", "detail": 0, "format": 0, "version": 1}], "direction": null, "textStyle": "", "textFormat": 0}, {"type": "paragraph", "format": "", "indent": 0, "version": 1, "children": [{"mode": "normal", "text": "Proin id porta tellus. Fusce suscipit turpis ac mattis scelerisque. Integer lacinia mi et posuere imperdiet. Donec ut ligula nec tellus maximus imperdiet. Nam egestas erat tincidunt, blandit sem quis, gravida lacus. Quisque dictum dapibus dictum. Aliquam ac urna sit amet sapien ultricies efficitur. Mauris ac tincidunt velit, sed aliquet diam. Praesent non risus sodales, sollicitudin lectus sagittis, convallis ante. Quisque imperdiet ante eget ligula vehicula placerat cursus vitae purus. Etiam eu venenatis orci.", "type": "text", "style": "", "detail": 0, "format": 0, "version": 1}], "direction": null, "textStyle": "", "textFormat": 0}, {"type": "block", "fields": {"id": "68fbb90a8a804de2de0fb8bb", "media": 24, "blockName": "", "blockType": "mediaBlock", "sectionName": "borrar"}, "format": "", "version": 2}, {"type": "paragraph", "format": "", "indent": 0, "version": 1, "children": [], "direction": null, "textStyle": "", "textFormat": 0}, {"type": "paragraph", "format": "", "indent": 0, "version": 1, "children": [{"mode": "normal", "text": "Donec ut vehicula lectus, at pellentesque orci. Phasellus lacinia viverra ex at fermentum. Nunc tincidunt nunc et lectus malesuada, id fermentum nisl facilisis. Donec elementum mollis massa varius scelerisque. Aliquam tincidunt nibh eu pellentesque consectetur. Morbi venenatis sapien lacus, sit amet vulputate elit tempus posuere. Proin ut facilisis felis, vel rhoncus felis. Integer imperdiet sem ut neque aliquam, eget vestibulum eros ultricies. Duis efficitur sem enim, sit amet tristique urna gravida non. Aliquam aliquet consectetur neque id tristique. Praesent sit amet erat quam. Nullam egestas orci id tellus scelerisque, vel ullamcorper dui dictum. Nulla tempus ac sapien nec porttitor.", "type": "text", "style": "", "detail": 0, "format": 0, "version": 1}], "direction": null, "textStyle": "", "textFormat": 0}, {"type": "paragraph", "format": "", "indent": 0, "version": 1, "children": [{"mode": "normal", "text": "Sed fermentum a lectus hendrerit ullamcorper. Nunc sagittis nec lacus vel volutpat. In ac enim eros. Nunc dapibus, turpis et faucibus vulputate, quam sapien dictum lorem, id varius tortor elit faucibus odio. Sed at justo ac nisl placerat vestibulum at in diam. Vivamus quis condimentum enim. Mauris vestibulum nec erat nec congue. Vestibulum luctus tincidunt tellus et iaculis. Integer at ligula mi. Fusce laoreet leo vel quam efficitur, vitae vulputate leo efficitur. Sed pharetra ligula vitae ex pharetra viverra. Donec metus justo, commodo in dictum sit amet, cursus quis enim. Phasellus laoreet quam sapien, vitae congue mauris posuere non. Interdum et malesuada fames ac ante ipsum primis in faucibus. Nullam euismod rhoncus arcu, a blandit est pharetra ac. Pellentesque sapien mauris, dapibus sit amet risus sit amet, tempor eleifend purus.", "type": "text", "style": "", "detail": 0, "format": 0, "version": 1}], "direction": null, "textStyle": "", "textFormat": 0}, {"type": "paragraph", "format": "", "indent": 0, "version": 1, "children": [{"mode": "normal", "text": "Pellentesque varius vel eros quis convallis. Cras nec purus diam. Suspendisse id lobortis velit. Fusce convallis nisl libero, nec pretium nunc dictum non. Nam ut egestas ipsum. Sed sem sapien, hendrerit in sollicitudin et, pulvinar in metus. Praesent iaculis tempor massa ac sollicitudin. Nunc vestibulum aliquet lectus sit amet volutpat. Suspendisse nec varius augue. Aliquam tellus lacus, euismod ut tortor non, rhoncus semper libero. Nunc ac fringilla magna, et ultrices diam. Fusce ac ipsum nisl.", "type": "text", "style": "", "detail": 0, "format": 0, "version": 1}], "direction": null, "textStyle": "", "textFormat": 0}, {"type": "paragraph", "format": "", "indent": 0, "version": 1, "children": [{"mode": "normal", "text": "Vestibulum erat ante, maximus eget ante vitae, ornare congue tortor. Nam nunc elit, ultricies quis tincidunt sit amet, dignissim eu mauris. Quisque congue lectus ut viverra interdum. Donec porta est ac tincidunt rutrum. Integer tempus ipsum rutrum, fringilla orci ut, feugiat erat. Aliquam a placerat justo. Sed vel dolor ultricies, sollicitudin sem id, fringilla diam. Nam eget lacus eu mauris sagittis fermentum eu vitae turpis. Nulla nisi massa, sagittis viverra ullamcorper nec, consequat vitae nisl. Maecenas molestie ligula id arcu malesuada viverra. Nunc nulla nibh, luctus ac augue vitae, imperdiet tempor est.", "type": "text", "style": "", "detail": 0, "format": 0, "version": 1}], "direction": null, "textStyle": "", "textFormat": 0}, {"type": "paragraph", "format": "", "indent": 0, "version": 1, "children": [{"mode": "normal", "text": "Nullam interdum sapien eget bibendum maximus. Duis ac massa ac dolor consectetur eleifend. Proin nec tempor nibh, vel molestie nisi. Nunc eros mi, laoreet ut porttitor rhoncus, vestibulum sit amet arcu. Nullam at pellentesque ligula. Sed id dignissim magna. In aliquam mi sapien, vitae ornare quam aliquet tempor.", "type": "text", "style": "", "detail": 0, "format": 0, "version": 1}], "direction": null, "textStyle": "", "textFormat": 0}], "direction": null}}	post 2 | Payload Website Template	68	Lorem ipsum dolor sit amet, consectetur adipiscing elit. Maecenas tempor mollis ipsum et volutpat. Integer faucibus metus at tortor posuere vestibulu	2025-10-24 19:36:34.051+02	post-2	f	2025-11-25 09:39:45.495+01	2025-10-24 19:34:43.606+02	published	2025-11-25 09:39:45.5+01	2025-11-25 09:39:45.5+01	f	f
58	10	Lorem ipsum dolor sit amet, consectetur adipiscing elit	\N	{"root": {"type": "root", "format": "", "indent": 0, "version": 1, "children": [{"type": "paragraph", "format": "", "indent": 0, "version": 1, "children": [{"mode": "normal", "text": "Lorem ipsum dolor sit amet, consectetur adipiscing elit. Proin in vestibulum eros. Nunc ullamcorper eu odio et sollicitudin. Proin vitae nisi id lectus egestas posuere eu aliquam mi. Sed tempor sodales arcu, id euismod orci maximus quis. Morbi eu est felis. Cras nec sem volutpat, sodales metus et, feugiat est. Aliquam iaculis consequat nisl ac aliquam. Pellentesque sit amet ipsum dui. Mauris elit nunc, fringilla et leo eget, varius consectetur odio. Donec tortor nisi, auctor non tincidunt sagittis, iaculis pretium augue. Nunc ut pellentesque risus. Aliquam sit amet sodales justo.", "type": "text", "style": "", "detail": 0, "format": 0, "version": 1}], "direction": null, "textStyle": "", "textFormat": 0}, {"type": "paragraph", "format": "", "indent": 0, "version": 1, "children": [{"mode": "normal", "text": "Sed consectetur vel felis ut laoreet. Pellentesque habitant morbi tristique senectus et netus et malesuada fames ac turpis egestas. Sed ut tempus enim. Maecenas quis suscipit tortor. Etiam consequat magna ante, eu dapibus est tincidunt eu. Morbi molestie mauris vitae vestibulum pellentesque. Curabitur vel luctus purus. Vivamus ornare, augue vel laoreet ultrices, nibh lacus faucibus nunc, lacinia commodo nisl turpis sed ex. Vestibulum gravida tortor sed nisl finibus porttitor. Sed lorem ipsum, pharetra et tincidunt a, venenatis at ex. Nunc ac risus et lacus ornare sagittis vitae et velit. Donec luctus auctor quam vel sollicitudin. Maecenas cursus risus tellus, et porta augue vehicula a. Aliquam porta pellentesque ultrices.", "type": "text", "style": "", "detail": 0, "format": 0, "version": 1}], "direction": null, "textStyle": "", "textFormat": 0}, {"type": "paragraph", "format": "", "indent": 0, "version": 1, "children": [{"mode": "normal", "text": "Vivamus felis turpis, blandit ut tellus id, commodo tristique nisi. Donec at eros porttitor, consequat mi at, tempor felis. Donec dignissim tincidunt nibh id rutrum. Phasellus et massa condimentum velit dapibus facilisis. Phasellus in mauris erat. Morbi at suscipit enim. Vestibulum fermentum ligula id erat ultricies iaculis. Pellentesque nec nisi sapien. Etiam volutpat a magna sit amet volutpat. Duis metus lorem, venenatis ac sodales eu, placerat in sapien. Vestibulum vel mollis nisl. Quisque eu aliquet orci, posuere fringilla erat. Vivamus tempus enim ut risus sollicitudin, quis volutpat dui mollis. Duis hendrerit felis diam, ac rhoncus felis sollicitudin ac. Donec vel aliquam ipsum. Integer at nisi ullamcorper, rhoncus neque ac, mattis massa.", "type": "text", "style": "", "detail": 0, "format": 0, "version": 1}], "direction": null, "textStyle": "", "textFormat": 0}, {"type": "paragraph", "format": "", "indent": 0, "version": 1, "children": [{"mode": "normal", "text": "Fusce a suscipit orci, vitae dictum lorem. Nulla sit amet ante arcu. Aliquam ornare in urna eget varius. Donec facilisis, dui pharetra rutrum eleifend, diam mi consequat leo, sit amet iaculis erat metus ac neque. Pellentesque id nisl sed arcu tincidunt egestas. Ut sit amet lobortis erat. Proin erat dui, luctus sit amet dictum et, hendrerit quis risus. Proin quis elementum magna, in consequat nisi. Aliquam tincidunt gravida cursus. Sed ac lorem a purus pulvinar cursus. Vivamus sem sapien, vehicula quis erat nec, ultricies eleifend felis. Duis a quam pharetra, rutrum lorem vitae, semper ligula. Vestibulum a risus molestie, pharetra ligula id, aliquam arcu.", "type": "text", "style": "", "detail": 0, "format": 0, "version": 1}], "direction": null, "textStyle": "", "textFormat": 0}, {"type": "paragraph", "format": "", "indent": 0, "version": 1, "children": [{"mode": "normal", "text": "Fusce pellentesque in justo non vestibulum. Donec eu lectus gravida, elementum est quis, malesuada nisl. Aenean ut imperdiet neque. Nunc varius euismod condimentum. Praesent ex purus, volutpat sed facilisis sed, laoreet quis lacus. Vestibulum sed erat auctor neque cursus maximus non in lorem. Integer volutpat quam vel gravida consectetur.", "type": "text", "style": "", "detail": 0, "format": 0, "version": 1}], "direction": null, "textStyle": "", "textFormat": 0}], "direction": null}}	post 4 | Payload Website Template	\N	Lorem ipsum dolor sit amet, consectetur adipiscing elit. Proin in vestibulum eros. Nunc ullamcorper eu odio et sollicitudin. Proin vitae nisi id le\n	2025-10-27 00:00:00+01	lorem-ipsum-dolor-sit-amet-consectetur-adipiscing-elit	f	2025-10-29 09:26:42.235+01	2025-10-28 17:46:32.007+01	published	2025-10-29 09:26:42.241+01	2025-10-29 09:26:42.241+01	f	f
62	10	Lorem ipsum dolor sit amet, consectetur adipiscing elit	\N	{"root": {"type": "root", "format": "", "indent": 0, "version": 1, "children": [{"type": "paragraph", "format": "", "indent": 0, "version": 1, "children": [{"mode": "normal", "text": "Lorem ipsum dolor sit amet, consectetur adipiscing elit. Proin in vestibulum eros. Nunc ullamcorper eu odio et sollicitudin. Proin vitae nisi id lectus egestas posuere eu aliquam mi. Sed tempor sodales arcu, id euismod orci maximus quis. Morbi eu est felis. Cras nec sem volutpat, sodales metus et, feugiat est. Aliquam iaculis consequat nisl ac aliquam. Pellentesque sit amet ipsum dui. Mauris elit nunc, fringilla et leo eget, varius consectetur odio. Donec tortor nisi, auctor non tincidunt sagittis, iaculis pretium augue. Nunc ut pellentesque risus. Aliquam sit amet sodales justo.", "type": "text", "style": "", "detail": 0, "format": 0, "version": 1}], "direction": null, "textStyle": "", "textFormat": 0}, {"type": "paragraph", "format": "", "indent": 0, "version": 1, "children": [{"mode": "normal", "text": "Sed consectetur vel felis ut laoreet. Pellentesque habitant morbi tristique senectus et netus et malesuada fames ac turpis egestas. Sed ut tempus enim. Maecenas quis suscipit tortor. Etiam consequat magna ante, eu dapibus est tincidunt eu. Morbi molestie mauris vitae vestibulum pellentesque. Curabitur vel luctus purus. Vivamus ornare, augue vel laoreet ultrices, nibh lacus faucibus nunc, lacinia commodo nisl turpis sed ex. Vestibulum gravida tortor sed nisl finibus porttitor. Sed lorem ipsum, pharetra et tincidunt a, venenatis at ex. Nunc ac risus et lacus ornare sagittis vitae et velit. Donec luctus auctor quam vel sollicitudin. Maecenas cursus risus tellus, et porta augue vehicula a. Aliquam porta pellentesque ultrices.", "type": "text", "style": "", "detail": 0, "format": 0, "version": 1}], "direction": null, "textStyle": "", "textFormat": 0}, {"type": "paragraph", "format": "", "indent": 0, "version": 1, "children": [{"mode": "normal", "text": "Vivamus felis turpis, blandit ut tellus id, commodo tristique nisi. Donec at eros porttitor, consequat mi at, tempor felis. Donec dignissim tincidunt nibh id rutrum. Phasellus et massa condimentum velit dapibus facilisis. Phasellus in mauris erat. Morbi at suscipit enim. Vestibulum fermentum ligula id erat ultricies iaculis. Pellentesque nec nisi sapien. Etiam volutpat a magna sit amet volutpat. Duis metus lorem, venenatis ac sodales eu, placerat in sapien. Vestibulum vel mollis nisl. Quisque eu aliquet orci, posuere fringilla erat. Vivamus tempus enim ut risus sollicitudin, quis volutpat dui mollis. Duis hendrerit felis diam, ac rhoncus felis sollicitudin ac. Donec vel aliquam ipsum. Integer at nisi ullamcorper, rhoncus neque ac, mattis massa.", "type": "text", "style": "", "detail": 0, "format": 0, "version": 1}], "direction": null, "textStyle": "", "textFormat": 0}, {"type": "paragraph", "format": "", "indent": 0, "version": 1, "children": [{"mode": "normal", "text": "Fusce a suscipit orci, vitae dictum lorem. Nulla sit amet ante arcu. Aliquam ornare in urna eget varius. Donec facilisis, dui pharetra rutrum eleifend, diam mi consequat leo, sit amet iaculis erat metus ac neque. Pellentesque id nisl sed arcu tincidunt egestas. Ut sit amet lobortis erat. Proin erat dui, luctus sit amet dictum et, hendrerit quis risus. Proin quis elementum magna, in consequat nisi. Aliquam tincidunt gravida cursus. Sed ac lorem a purus pulvinar cursus. Vivamus sem sapien, vehicula quis erat nec, ultricies eleifend felis. Duis a quam pharetra, rutrum lorem vitae, semper ligula. Vestibulum a risus molestie, pharetra ligula id, aliquam arcu.", "type": "text", "style": "", "detail": 0, "format": 0, "version": 1}], "direction": null, "textStyle": "", "textFormat": 0}, {"type": "paragraph", "format": "", "indent": 0, "version": 1, "children": [{"mode": "normal", "text": "Fusce pellentesque in justo non vestibulum. Donec eu lectus gravida, elementum est quis, malesuada nisl. Aenean ut imperdiet neque. Nunc varius euismod condimentum. Praesent ex purus, volutpat sed facilisis sed, laoreet quis lacus. Vestibulum sed erat auctor neque cursus maximus non in lorem. Integer volutpat quam vel gravida consectetur.", "type": "text", "style": "", "detail": 0, "format": 0, "version": 1}], "direction": null, "textStyle": "", "textFormat": 0}], "direction": null}}	Lorem ipsum dolor sit amet, consectetur adipiscing elitare w	\N	Lorem ipsum dolor sit amet, consectetur adipiscing elit. Proin in vestibulum eros. Nunc ullamcorper eu odio et sollicitudin. Proin vitae nisi id le\n	2025-10-27 00:00:00+01	lorem-ipsum-dolor-sit-amet-consectetur-adipiscing-elit	f	2025-10-29 19:08:26.303+01	2025-10-28 17:46:32.007+01	published	2025-10-29 19:08:26.307+01	2025-10-29 19:08:26.307+01	f	f
59	10	Lorem ipsum dolor sit amet, consectetur adipiscing elit	\N	{"root": {"type": "root", "format": "", "indent": 0, "version": 1, "children": [{"type": "paragraph", "format": "", "indent": 0, "version": 1, "children": [{"mode": "normal", "text": "Lorem ipsum dolor sit amet, consectetur adipiscing elit. Proin in vestibulum eros. Nunc ullamcorper eu odio et sollicitudin. Proin vitae nisi id lectus egestas posuere eu aliquam mi. Sed tempor sodales arcu, id euismod orci maximus quis. Morbi eu est felis. Cras nec sem volutpat, sodales metus et, feugiat est. Aliquam iaculis consequat nisl ac aliquam. Pellentesque sit amet ipsum dui. Mauris elit nunc, fringilla et leo eget, varius consectetur odio. Donec tortor nisi, auctor non tincidunt sagittis, iaculis pretium augue. Nunc ut pellentesque risus. Aliquam sit amet sodales justo.", "type": "text", "style": "", "detail": 0, "format": 0, "version": 1}], "direction": null, "textStyle": "", "textFormat": 0}, {"type": "paragraph", "format": "", "indent": 0, "version": 1, "children": [{"mode": "normal", "text": "Sed consectetur vel felis ut laoreet. Pellentesque habitant morbi tristique senectus et netus et malesuada fames ac turpis egestas. Sed ut tempus enim. Maecenas quis suscipit tortor. Etiam consequat magna ante, eu dapibus est tincidunt eu. Morbi molestie mauris vitae vestibulum pellentesque. Curabitur vel luctus purus. Vivamus ornare, augue vel laoreet ultrices, nibh lacus faucibus nunc, lacinia commodo nisl turpis sed ex. Vestibulum gravida tortor sed nisl finibus porttitor. Sed lorem ipsum, pharetra et tincidunt a, venenatis at ex. Nunc ac risus et lacus ornare sagittis vitae et velit. Donec luctus auctor quam vel sollicitudin. Maecenas cursus risus tellus, et porta augue vehicula a. Aliquam porta pellentesque ultrices.", "type": "text", "style": "", "detail": 0, "format": 0, "version": 1}], "direction": null, "textStyle": "", "textFormat": 0}, {"type": "paragraph", "format": "", "indent": 0, "version": 1, "children": [{"mode": "normal", "text": "Vivamus felis turpis, blandit ut tellus id, commodo tristique nisi. Donec at eros porttitor, consequat mi at, tempor felis. Donec dignissim tincidunt nibh id rutrum. Phasellus et massa condimentum velit dapibus facilisis. Phasellus in mauris erat. Morbi at suscipit enim. Vestibulum fermentum ligula id erat ultricies iaculis. Pellentesque nec nisi sapien. Etiam volutpat a magna sit amet volutpat. Duis metus lorem, venenatis ac sodales eu, placerat in sapien. Vestibulum vel mollis nisl. Quisque eu aliquet orci, posuere fringilla erat. Vivamus tempus enim ut risus sollicitudin, quis volutpat dui mollis. Duis hendrerit felis diam, ac rhoncus felis sollicitudin ac. Donec vel aliquam ipsum. Integer at nisi ullamcorper, rhoncus neque ac, mattis massa.", "type": "text", "style": "", "detail": 0, "format": 0, "version": 1}], "direction": null, "textStyle": "", "textFormat": 0}, {"type": "paragraph", "format": "", "indent": 0, "version": 1, "children": [{"mode": "normal", "text": "Fusce a suscipit orci, vitae dictum lorem. Nulla sit amet ante arcu. Aliquam ornare in urna eget varius. Donec facilisis, dui pharetra rutrum eleifend, diam mi consequat leo, sit amet iaculis erat metus ac neque. Pellentesque id nisl sed arcu tincidunt egestas. Ut sit amet lobortis erat. Proin erat dui, luctus sit amet dictum et, hendrerit quis risus. Proin quis elementum magna, in consequat nisi. Aliquam tincidunt gravida cursus. Sed ac lorem a purus pulvinar cursus. Vivamus sem sapien, vehicula quis erat nec, ultricies eleifend felis. Duis a quam pharetra, rutrum lorem vitae, semper ligula. Vestibulum a risus molestie, pharetra ligula id, aliquam arcu.", "type": "text", "style": "", "detail": 0, "format": 0, "version": 1}], "direction": null, "textStyle": "", "textFormat": 0}, {"type": "paragraph", "format": "", "indent": 0, "version": 1, "children": [{"mode": "normal", "text": "Fusce pellentesque in justo non vestibulum. Donec eu lectus gravida, elementum est quis, malesuada nisl. Aenean ut imperdiet neque. Nunc varius euismod condimentum. Praesent ex purus, volutpat sed facilisis sed, laoreet quis lacus. Vestibulum sed erat auctor neque cursus maximus non in lorem. Integer volutpat quam vel gravida consectetur.", "type": "text", "style": "", "detail": 0, "format": 0, "version": 1}], "direction": null, "textStyle": "", "textFormat": 0}], "direction": null}}	post 4 | Payload Website Template	\N	Lorem ipsum dolor sit amet, consectetur adipiscing elit. Proin in vestibulum eros. Nunc ullamcorper eu odio et sollicitudin. Proin vitae nisi id le\n	2025-10-27 00:00:00+01	lorem-ipsum-dolor-sit-amet-consectetur-adipiscing-elit	f	2025-10-29 09:58:52.944+01	2025-10-28 17:46:32.007+01	draft	2025-10-29 09:58:43.806+01	2025-10-29 09:58:52.944+01	f	t
44	6	post 6	\N	{"root": {"type": "root", "format": "", "indent": 0, "version": 1, "children": [{"type": "paragraph", "format": "", "indent": 0, "version": 1, "children": [{"mode": "normal", "text": "Lorem ipsum dolor sit amet, consectetur adipiscing elit. Proin in vestibulum eros. Nunc ullamcorper eu odio et sollicitudin. Proin vitae nisi id lectus egestas posuere eu aliquam mi. Sed tempor sodales arcu, id euismod orci maximus quis. Morbi eu est felis. Cras nec sem volutpat, sodales metus et, feugiat est. Aliquam iaculis consequat nisl ac aliquam. Pellentesque sit amet ipsum dui. Mauris elit nunc, fringilla et leo eget, varius consectetur odio. Donec tortor nisi, auctor non tincidunt sagittis, iaculis pretium augue. Nunc ut pellentesque risus. Aliquam sit amet sodales justo.", "type": "text", "style": "", "detail": 0, "format": 0, "version": 1}], "direction": null, "textStyle": "", "textFormat": 0}, {"type": "paragraph", "format": "", "indent": 0, "version": 1, "children": [{"mode": "normal", "text": "Sed consectetur vel felis ut laoreet. Pellentesque habitant morbi tristique senectus et netus et malesuada fames ac turpis egestas. Sed ut tempus enim. Maecenas quis suscipit tortor. Etiam consequat magna ante, eu dapibus est tincidunt eu. Morbi molestie mauris vitae vestibulum pellentesque. Curabitur vel luctus purus. Vivamus ornare, augue vel laoreet ultrices, nibh lacus faucibus nunc, lacinia commodo nisl turpis sed ex. Vestibulum gravida tortor sed nisl finibus porttitor. Sed lorem ipsum, pharetra et tincidunt a, venenatis at ex. Nunc ac risus et lacus ornare sagittis vitae et velit. Donec luctus auctor quam vel sollicitudin. Maecenas cursus risus tellus, et porta augue vehicula a. Aliquam porta pellentesque ultrices.", "type": "text", "style": "", "detail": 0, "format": 0, "version": 1}], "direction": null, "textStyle": "", "textFormat": 0}, {"type": "paragraph", "format": "", "indent": 0, "version": 1, "children": [{"mode": "normal", "text": "Vivamus felis turpis, blandit ut tellus id, commodo tristique nisi. Donec at eros porttitor, consequat mi at, tempor felis. Donec dignissim tincidunt nibh id rutrum. Phasellus et massa condimentum velit dapibus facilisis. Phasellus in mauris erat. Morbi at suscipit enim. Vestibulum fermentum ligula id erat ultricies iaculis. Pellentesque nec nisi sapien. Etiam volutpat a magna sit amet volutpat. Duis metus lorem, venenatis ac sodales eu, placerat in sapien. Vestibulum vel mollis nisl. Quisque eu aliquet orci, posuere fringilla erat. Vivamus tempus enim ut risus sollicitudin, quis volutpat dui mollis. Duis hendrerit felis diam, ac rhoncus felis sollicitudin ac. Donec vel aliquam ipsum. Integer at nisi ullamcorper, rhoncus neque ac, mattis massa.", "type": "text", "style": "", "detail": 0, "format": 0, "version": 1}], "direction": null, "textStyle": "", "textFormat": 0}, {"type": "paragraph", "format": "", "indent": 0, "version": 1, "children": [{"mode": "normal", "text": "Fusce a suscipit orci, vitae dictum lorem. Nulla sit amet ante arcu. Aliquam ornare in urna eget varius. Donec facilisis, dui pharetra rutrum eleifend, diam mi consequat leo, sit amet iaculis erat metus ac neque. Pellentesque id nisl sed arcu tincidunt egestas. Ut sit amet lobortis erat. Proin erat dui, luctus sit amet dictum et, hendrerit quis risus. Proin quis elementum magna, in consequat nisi. Aliquam tincidunt gravida cursus. Sed ac lorem a purus pulvinar cursus. Vivamus sem sapien, vehicula quis erat nec, ultricies eleifend felis. Duis a quam pharetra, rutrum lorem vitae, semper ligula. Vestibulum a risus molestie, pharetra ligula id, aliquam arcu.", "type": "text", "style": "", "detail": 0, "format": 0, "version": 1}], "direction": null, "textStyle": "", "textFormat": 0}, {"type": "paragraph", "format": "", "indent": 0, "version": 1, "children": [{"mode": "normal", "text": "Fusce pellentesque in justo non vestibulum. Donec eu lectus gravida, elementum est quis, malesuada nisl. Aenean ut imperdiet neque. Nunc varius euismod condimentum. Praesent ex purus, volutpat sed facilisis sed, laoreet quis lacus. Vestibulum sed erat auctor neque cursus maximus non in lorem. Integer volutpat quam vel gravida consectetur.", "type": "text", "style": "", "detail": 0, "format": 0, "version": 1}], "direction": null, "textStyle": "", "textFormat": 0}], "direction": null}}	post 4 | Payload Website Template	\N	Lorem ipsum dolor sit amet, consectetur adipiscing elit. Proin in vestibulum eros. Nunc ullamcorper eu odio et sollicitudin. Proin vitae nisi id le\n	2025-10-27 00:00:00+01	post-6	f	2025-10-27 20:18:29.532+01	2025-10-27 20:18:18.123+01	published	2025-10-27 20:18:29.537+01	2025-10-27 20:18:29.537+01	f	f
70	1	post01	68	{"root": {"type": "root", "format": "", "indent": 0, "version": 1, "children": [{"type": "paragraph", "format": "", "indent": 0, "version": 1, "children": [{"mode": "normal", "text": "Lorem aaaaaaaaaaaaaaaaaaaaa ipsum dolor sit amet, consectetur adipiscing elit. Maecenas egestas erat risus, ac semper justo molestie vel. Aliquam erat volutpat. Phasellus imperdiet metus erat, id maximus diam placerat eu. Nam luctus lorem eget mauris tempus egestas. Aliquam tempus varius urna, quis finibus odio luctus a. Integer dictum finibus ex nec placerat. Phasellus risus est, consequat vitae tortor vel, accumsan commodo sapien. Ut convallis nunc et metus interdum, in luctus enim molestie. Fusce aliquet elit sed est imperdiet, vel elementum enim varius. Sed quis blandit arcu, lacinia molestie ante. Proin ac turpis urna. Pellentesque in tristique erat. Sed vitae congue sapien. Curabitur consectetur felis lectus. Etiam eu ligula id arcu feugiat eleifend.", "type": "text", "style": "", "detail": 0, "format": 0, "version": 1}], "direction": null, "textStyle": "", "textFormat": 0}, {"type": "paragraph", "format": "", "indent": 0, "version": 1, "children": [{"mode": "normal", "text": "Aliquam in lorem sed sapien bibendum feugiat eu ut turpis. Class aptent taciti sociosqu ad litora torquent per conubia nostra, per inceptos himenaeos. Morbi ante nisi, ultricies et condimentum vel, eleifend ac quam. Proin dui risus, efficitur eu massa eget, sollicitudin efficitur purus. Nulla egestas viverra dolor at tristique. Maecenas augue mi, imperdiet eget mattis in, aliquam eu sem. Ut libero diam, viverra quis lectus sed, congue iaculis ex. Ut semper ultricies posuere. Donec malesuada, leo ut semper rhoncus, tortor est pharetra turpis, in ultrices ante urna vehicula turpis. Donec eget varius velit, in volutpat neque. Morbi augue arcu, posuere non ullamcorper at, laoreet eu mauris. Suspendisse potenti. Pellentesque interdum leo ac sem convallis facilisis. Donec nec eros sit amet arcu ultrices mollis id et nisl.", "type": "text", "style": "", "detail": 0, "format": 0, "version": 1}], "direction": null, "textStyle": "", "textFormat": 0}, {"type": "paragraph", "format": "", "indent": 0, "version": 1, "children": [{"mode": "normal", "text": "Sed faucibus tellus sed orci porta tincidunt. Integer laoreet, turpis nec lobortis ultricies, ante risus volutpat odio, ut malesuada eros metus nec lorem. Ut eu mauris sed turpis accumsan scelerisque quis non lectus. Fusce et quam orci. Nam tempus felis eu turpis bibendum, non maximus nibh scelerisque. Donec id congue nisi. Fusce nulla dui, cursus consequat aliquet non, blandit et turpis. Proin ac laoreet urna. Donec id mi in felis elementum euismod in quis augue. Integer eget eleifend est.", "type": "text", "style": "", "detail": 0, "format": 0, "version": 1}], "direction": null, "textStyle": "", "textFormat": 0}, {"type": "paragraph", "format": "", "indent": 0, "version": 1, "children": [{"mode": "normal", "text": "Phasellus mollis cursus tortor, in dignissim felis vulputate quis. Nulla interdum nulla imperdiet, pulvinar mauris eget, sagittis mauris. Donec aliquam semper tellus quis condimentum. Vivamus sit amet nisl sit amet lectus ullamcorper faucibus. Vestibulum ante ipsum primis in faucibus orci luctus et ultrices posuere cubilia curae; Nullam mollis, libero finibus blandit luctus, nisl ante convallis risus, a aliquam sapien neque et risus. Praesent mollis porta laoreet. Duis lacus tortor, malesuada vitae metus non, efficitur viverra dolor. Phasellus rhoncus felis turpis, sed malesuada tellus malesuada in. Praesent fermentum sodales lacus eget lacinia. Sed convallis non purus id iaculis. Donec in malesuada enim. Cras vitae odio odio. Donec non nisi risus.", "type": "text", "style": "", "detail": 0, "format": 0, "version": 1}], "direction": null, "textStyle": "", "textFormat": 0}, {"type": "paragraph", "format": "", "indent": 0, "version": 1, "children": [{"mode": "normal", "text": "Etiam ac est lorem. Nullam fringilla vitae orci sed suscipit. Sed fermentum, nunc quis ultricies molestie, odio lectus suscipit enim, et venenatis dui tortor eget dolor. Suspendisse tempus tempor lacus sed tristique. Pellentesque habitant morbi tristique senectus et netus et malesuada fames ac turpis egestas. Integer sodales metus in neque pellentesque, eget rutrum lectus accumsan. Quisque at blandit mauris. Aliquam commodo volutpat tempus.", "type": "text", "style": "", "detail": 0, "format": 0, "version": 1}], "direction": null, "textStyle": "", "textFormat": 0}, {"type": "paragraph", "format": "", "indent": 0, "version": 1, "children": [], "direction": null, "textStyle": "", "textFormat": 0}], "direction": null}}	post01 | Payload Website Template	68	Lorem ipsum dolor sit amet, consectetur adipiscing el sskkj iosjijijsi ijsijijs isjijisjij sijisjsijis isjiijis isji isji	2025-10-24 18:06:54.442+02	post01	f	2025-11-25 09:35:16.662+01	2025-10-24 13:53:45.978+02	published	2025-11-25 09:35:16.669+01	2025-11-25 09:35:16.669+01	f	f
81	7	post 7	68	{"root": {"type": "root", "format": "", "indent": 0, "version": 1, "children": [{"type": "paragraph", "format": "", "indent": 0, "version": 1, "children": [{"mode": "normal", "text": "Lorem ipsum dolor sit amet, consectetur adipiscing elit. Proin in vestibulum eros. Nunc ullamcorper eu odio et sollicitudin. Proin vitae nisi id lectus egestas posuere eu aliquam mi. Sed tempor sodales arcu, id euismod orci maximus quis. Morbi eu est felis. Cras nec sem volutpat, sodales metus et, feugiat est. Aliquam iaculis consequat nisl ac aliquam. Pellentesque sit amet ipsum dui. Mauris elit nunc, fringilla et leo eget, varius consectetur odio. Donec tortor nisi, auctor non tincidunt sagittis, iaculis pretium augue. Nunc ut pellentesque risus. Aliquam sit amet sodales justo.", "type": "text", "style": "", "detail": 0, "format": 0, "version": 1}], "direction": null, "textStyle": "", "textFormat": 0}, {"type": "paragraph", "format": "", "indent": 0, "version": 1, "children": [{"mode": "normal", "text": "Sed consectetur vel felis ut laoreet. Pellentesque habitant morbi tristique senectus et netus et malesuada fames ac turpis egestas. Sed ut tempus enim. Maecenas quis suscipit tortor. Etiam consequat magna ante, eu dapibus est tincidunt eu. Morbi molestie mauris vitae vestibulum pellentesque. Curabitur vel luctus purus. Vivamus ornare, augue vel laoreet ultrices, nibh lacus faucibus nunc, lacinia commodo nisl turpis sed ex. Vestibulum gravida tortor sed nisl finibus porttitor. Sed lorem ipsum, pharetra et tincidunt a, venenatis at ex. Nunc ac risus et lacus ornare sagittis vitae et velit. Donec luctus auctor quam vel sollicitudin. Maecenas cursus risus tellus, et porta augue vehicula a. Aliquam porta pellentesque ultrices.", "type": "text", "style": "", "detail": 0, "format": 0, "version": 1}], "direction": null, "textStyle": "", "textFormat": 0}, {"type": "paragraph", "format": "", "indent": 0, "version": 1, "children": [{"mode": "normal", "text": "Vivamus felis turpis, blandit ut tellus id, commodo tristique nisi. Donec at eros porttitor, consequat mi at, tempor felis. Donec dignissim tincidunt nibh id rutrum. Phasellus et massa condimentum velit dapibus facilisis. Phasellus in mauris erat. Morbi at suscipit enim. Vestibulum fermentum ligula id erat ultricies iaculis. Pellentesque nec nisi sapien. Etiam volutpat a magna sit amet volutpat. Duis metus lorem, venenatis ac sodales eu, placerat in sapien. Vestibulum vel mollis nisl. Quisque eu aliquet orci, posuere fringilla erat. Vivamus tempus enim ut risus sollicitudin, quis volutpat dui mollis. Duis hendrerit felis diam, ac rhoncus felis sollicitudin ac. Donec vel aliquam ipsum. Integer at nisi ullamcorper, rhoncus neque ac, mattis massa.", "type": "text", "style": "", "detail": 0, "format": 0, "version": 1}], "direction": null, "textStyle": "", "textFormat": 0}, {"type": "paragraph", "format": "", "indent": 0, "version": 1, "children": [{"mode": "normal", "text": "Fusce a suscipit orci, vitae dictum lorem. Nulla sit amet ante arcu. Aliquam ornare in urna eget varius. Donec facilisis, dui pharetra rutrum eleifend, diam mi consequat leo, sit amet iaculis erat metus ac neque. Pellentesque id nisl sed arcu tincidunt egestas. Ut sit amet lobortis erat. Proin erat dui, luctus sit amet dictum et, hendrerit quis risus. Proin quis elementum magna, in consequat nisi. Aliquam tincidunt gravida cursus. Sed ac lorem a purus pulvinar cursus. Vivamus sem sapien, vehicula quis erat nec, ultricies eleifend felis. Duis a quam pharetra, rutrum lorem vitae, semper ligula. Vestibulum a risus molestie, pharetra ligula id, aliquam arcu.", "type": "text", "style": "", "detail": 0, "format": 0, "version": 1}], "direction": null, "textStyle": "", "textFormat": 0}, {"type": "paragraph", "format": "", "indent": 0, "version": 1, "children": [{"mode": "normal", "text": "Fusce pellentesque in justo non vestibulum. Donec eu lectus gravida, elementum est quis, malesuada nisl. Aenean ut imperdiet neque. Nunc varius euismod condimentum. Praesent ex purus, volutpat sed facilisis sed, laoreet quis lacus. Vestibulum sed erat auctor neque cursus maximus non in lorem. Integer volutpat quam vel gravida consectetur.", "type": "text", "style": "", "detail": 0, "format": 0, "version": 1}], "direction": null, "textStyle": "", "textFormat": 0}], "direction": null}}	post 4 | Payload Website Template	68	Lorem ipsum dolor sit amet, consectetur adipiscing elit. Proin in vestibulum eros. Nunc ullamcorper eu odio et sollicitudin. Proin vitae nisi id le\n	2025-10-27 00:00:00+01	post-7	f	2025-11-25 09:41:15.801+01	2025-10-27 20:19:14.986+01	draft	2025-11-25 09:41:08.829+01	2025-11-25 09:41:15.801+01	f	t
74	3	Tres pasos para aplicar en las aulas	68	{"root": {"type": "root", "format": "", "indent": 0, "version": 1, "children": [{"type": "paragraph", "format": "", "indent": 0, "version": 1, "children": [], "direction": null, "textStyle": "", "textFormat": 0}, {"type": "paragraph", "format": "", "indent": 0, "version": 1, "children": [{"mode": "normal", "text": "lorem", "type": "text", "style": "", "detail": 0, "format": 0, "version": 1}], "direction": null, "textStyle": "", "textFormat": 0}], "direction": null}}	Tres pasos para aplicar en las aulas | Payload Website Template	68	Lorem ipsum dolor sit amet, consectetur adipiscing elit. Proin in vestibulum eros. Nunc ullamcorper eu odio et sollicitudin. Proin vitae 	2025-10-27 00:00:00+01	tres-pasos-para-aplicar-en-las-aulas	f	2025-11-25 09:40:11.737+01	2025-10-27 19:36:34.888+01	published	2025-11-25 09:40:11.741+01	2025-11-25 09:40:11.741+01	t	f
73	3	Tres pasos para aplicar en las aulas	68	{"root": {"type": "root", "format": "", "indent": 0, "version": 1, "children": [{"type": "paragraph", "format": "", "indent": 0, "version": 1, "children": [], "direction": null, "textStyle": "", "textFormat": 0}, {"type": "paragraph", "format": "", "indent": 0, "version": 1, "children": [{"mode": "normal", "text": "lorem", "type": "text", "style": "", "detail": 0, "format": 0, "version": 1}], "direction": null, "textStyle": "", "textFormat": 0}], "direction": null}}	Tres pasos para aplicar en las aulas | Payload Website Template	68	Lorem ipsum dolor sit amet, consectetur adipiscing elit. Proin in vestibulum eros. Nunc ullamcorper eu odio et sollicitudin. Proin vitae 	2025-10-27 00:00:00+01	tres-pasos-para-aplicar-en-las-aulas	f	2025-11-25 09:40:10.903+01	2025-10-27 19:36:34.888+01	draft	2025-11-25 09:39:52.393+01	2025-11-25 09:40:10.903+01	f	t
76	4	post 4	68	{"root": {"type": "root", "format": "", "indent": 0, "version": 1, "children": [{"type": "paragraph", "format": "", "indent": 0, "version": 1, "children": [{"mode": "normal", "text": "Lorem ipsum dolor sit amet, consectetur adipiscing elit. Proin in vestibulum eros. Nunc ullamcorper eu odio et sollicitudin. Proin vitae nisi id lectus egestas posuere eu aliquam mi. Sed tempor sodales arcu, id euismod orci maximus quis. Morbi eu est felis. Cras nec sem volutpat, sodales metus et, feugiat est. Aliquam iaculis consequat nisl ac aliquam. Pellentesque sit amet ipsum dui. Mauris elit nunc, fringilla et leo eget, varius consectetur odio. Donec tortor nisi, auctor non tincidunt sagittis, iaculis pretium augue. Nunc ut pellentesque risus. Aliquam sit amet sodales justo.", "type": "text", "style": "", "detail": 0, "format": 0, "version": 1}], "direction": null, "textStyle": "", "textFormat": 0}, {"type": "paragraph", "format": "", "indent": 0, "version": 1, "children": [{"mode": "normal", "text": "Sed consectetur vel felis ut laoreet. Pellentesque habitant morbi tristique senectus et netus et malesuada fames ac turpis egestas. Sed ut tempus enim. Maecenas quis suscipit tortor. Etiam consequat magna ante, eu dapibus est tincidunt eu. Morbi molestie mauris vitae vestibulum pellentesque. Curabitur vel luctus purus. Vivamus ornare, augue vel laoreet ultrices, nibh lacus faucibus nunc, lacinia commodo nisl turpis sed ex. Vestibulum gravida tortor sed nisl finibus porttitor. Sed lorem ipsum, pharetra et tincidunt a, venenatis at ex. Nunc ac risus et lacus ornare sagittis vitae et velit. Donec luctus auctor quam vel sollicitudin. Maecenas cursus risus tellus, et porta augue vehicula a. Aliquam porta pellentesque ultrices.", "type": "text", "style": "", "detail": 0, "format": 0, "version": 1}], "direction": null, "textStyle": "", "textFormat": 0}, {"type": "paragraph", "format": "", "indent": 0, "version": 1, "children": [{"mode": "normal", "text": "Vivamus felis turpis, blandit ut tellus id, commodo tristique nisi. Donec at eros porttitor, consequat mi at, tempor felis. Donec dignissim tincidunt nibh id rutrum. Phasellus et massa condimentum velit dapibus facilisis. Phasellus in mauris erat. Morbi at suscipit enim. Vestibulum fermentum ligula id erat ultricies iaculis. Pellentesque nec nisi sapien. Etiam volutpat a magna sit amet volutpat. Duis metus lorem, venenatis ac sodales eu, placerat in sapien. Vestibulum vel mollis nisl. Quisque eu aliquet orci, posuere fringilla erat. Vivamus tempus enim ut risus sollicitudin, quis volutpat dui mollis. Duis hendrerit felis diam, ac rhoncus felis sollicitudin ac. Donec vel aliquam ipsum. Integer at nisi ullamcorper, rhoncus neque ac, mattis massa.", "type": "text", "style": "", "detail": 0, "format": 0, "version": 1}], "direction": null, "textStyle": "", "textFormat": 0}, {"type": "paragraph", "format": "", "indent": 0, "version": 1, "children": [{"mode": "normal", "text": "Fusce a suscipit orci, vitae dictum lorem. Nulla sit amet ante arcu. Aliquam ornare in urna eget varius. Donec facilisis, dui pharetra rutrum eleifend, diam mi consequat leo, sit amet iaculis erat metus ac neque. Pellentesque id nisl sed arcu tincidunt egestas. Ut sit amet lobortis erat. Proin erat dui, luctus sit amet dictum et, hendrerit quis risus. Proin quis elementum magna, in consequat nisi. Aliquam tincidunt gravida cursus. Sed ac lorem a purus pulvinar cursus. Vivamus sem sapien, vehicula quis erat nec, ultricies eleifend felis. Duis a quam pharetra, rutrum lorem vitae, semper ligula. Vestibulum a risus molestie, pharetra ligula id, aliquam arcu.", "type": "text", "style": "", "detail": 0, "format": 0, "version": 1}], "direction": null, "textStyle": "", "textFormat": 0}, {"type": "paragraph", "format": "", "indent": 0, "version": 1, "children": [{"mode": "normal", "text": "Fusce pellentesque in justo non vestibulum. Donec eu lectus gravida, elementum est quis, malesuada nisl. Aenean ut imperdiet neque. Nunc varius euismod condimentum. Praesent ex purus, volutpat sed facilisis sed, laoreet quis lacus. Vestibulum sed erat auctor neque cursus maximus non in lorem. Integer volutpat quam vel gravida consectetur.", "type": "text", "style": "", "detail": 0, "format": 0, "version": 1}], "direction": null, "textStyle": "", "textFormat": 0}], "direction": null}}	post 4 | Payload Website Template	68	Lorem ipsum dolor sit amet, consectetur adipiscing elit. Proin in vestibulum eros. Nunc ullamcorper eu odio et sollicitudin. Proin vitae nisi id le\n	2025-10-27 00:00:00+01	post-4	f	2025-11-25 09:40:31.434+01	2025-10-27 20:11:44.735+01	published	2025-11-25 09:40:31.439+01	2025-11-25 09:40:31.439+01	t	f
75	4	post 4	68	{"root": {"type": "root", "format": "", "indent": 0, "version": 1, "children": [{"type": "paragraph", "format": "", "indent": 0, "version": 1, "children": [{"mode": "normal", "text": "Lorem ipsum dolor sit amet, consectetur adipiscing elit. Proin in vestibulum eros. Nunc ullamcorper eu odio et sollicitudin. Proin vitae nisi id lectus egestas posuere eu aliquam mi. Sed tempor sodales arcu, id euismod orci maximus quis. Morbi eu est felis. Cras nec sem volutpat, sodales metus et, feugiat est. Aliquam iaculis consequat nisl ac aliquam. Pellentesque sit amet ipsum dui. Mauris elit nunc, fringilla et leo eget, varius consectetur odio. Donec tortor nisi, auctor non tincidunt sagittis, iaculis pretium augue. Nunc ut pellentesque risus. Aliquam sit amet sodales justo.", "type": "text", "style": "", "detail": 0, "format": 0, "version": 1}], "direction": null, "textStyle": "", "textFormat": 0}, {"type": "paragraph", "format": "", "indent": 0, "version": 1, "children": [{"mode": "normal", "text": "Sed consectetur vel felis ut laoreet. Pellentesque habitant morbi tristique senectus et netus et malesuada fames ac turpis egestas. Sed ut tempus enim. Maecenas quis suscipit tortor. Etiam consequat magna ante, eu dapibus est tincidunt eu. Morbi molestie mauris vitae vestibulum pellentesque. Curabitur vel luctus purus. Vivamus ornare, augue vel laoreet ultrices, nibh lacus faucibus nunc, lacinia commodo nisl turpis sed ex. Vestibulum gravida tortor sed nisl finibus porttitor. Sed lorem ipsum, pharetra et tincidunt a, venenatis at ex. Nunc ac risus et lacus ornare sagittis vitae et velit. Donec luctus auctor quam vel sollicitudin. Maecenas cursus risus tellus, et porta augue vehicula a. Aliquam porta pellentesque ultrices.", "type": "text", "style": "", "detail": 0, "format": 0, "version": 1}], "direction": null, "textStyle": "", "textFormat": 0}, {"type": "paragraph", "format": "", "indent": 0, "version": 1, "children": [{"mode": "normal", "text": "Vivamus felis turpis, blandit ut tellus id, commodo tristique nisi. Donec at eros porttitor, consequat mi at, tempor felis. Donec dignissim tincidunt nibh id rutrum. Phasellus et massa condimentum velit dapibus facilisis. Phasellus in mauris erat. Morbi at suscipit enim. Vestibulum fermentum ligula id erat ultricies iaculis. Pellentesque nec nisi sapien. Etiam volutpat a magna sit amet volutpat. Duis metus lorem, venenatis ac sodales eu, placerat in sapien. Vestibulum vel mollis nisl. Quisque eu aliquet orci, posuere fringilla erat. Vivamus tempus enim ut risus sollicitudin, quis volutpat dui mollis. Duis hendrerit felis diam, ac rhoncus felis sollicitudin ac. Donec vel aliquam ipsum. Integer at nisi ullamcorper, rhoncus neque ac, mattis massa.", "type": "text", "style": "", "detail": 0, "format": 0, "version": 1}], "direction": null, "textStyle": "", "textFormat": 0}, {"type": "paragraph", "format": "", "indent": 0, "version": 1, "children": [{"mode": "normal", "text": "Fusce a suscipit orci, vitae dictum lorem. Nulla sit amet ante arcu. Aliquam ornare in urna eget varius. Donec facilisis, dui pharetra rutrum eleifend, diam mi consequat leo, sit amet iaculis erat metus ac neque. Pellentesque id nisl sed arcu tincidunt egestas. Ut sit amet lobortis erat. Proin erat dui, luctus sit amet dictum et, hendrerit quis risus. Proin quis elementum magna, in consequat nisi. Aliquam tincidunt gravida cursus. Sed ac lorem a purus pulvinar cursus. Vivamus sem sapien, vehicula quis erat nec, ultricies eleifend felis. Duis a quam pharetra, rutrum lorem vitae, semper ligula. Vestibulum a risus molestie, pharetra ligula id, aliquam arcu.", "type": "text", "style": "", "detail": 0, "format": 0, "version": 1}], "direction": null, "textStyle": "", "textFormat": 0}, {"type": "paragraph", "format": "", "indent": 0, "version": 1, "children": [{"mode": "normal", "text": "Fusce pellentesque in justo non vestibulum. Donec eu lectus gravida, elementum est quis, malesuada nisl. Aenean ut imperdiet neque. Nunc varius euismod condimentum. Praesent ex purus, volutpat sed facilisis sed, laoreet quis lacus. Vestibulum sed erat auctor neque cursus maximus non in lorem. Integer volutpat quam vel gravida consectetur.", "type": "text", "style": "", "detail": 0, "format": 0, "version": 1}], "direction": null, "textStyle": "", "textFormat": 0}], "direction": null}}	post 4 | Payload Website Template	68	Lorem ipsum dolor sit amet, consectetur adipiscing elit. Proin in vestibulum eros. Nunc ullamcorper eu odio et sollicitudin. Proin vitae nisi id le\n	2025-10-27 00:00:00+01	post-4	f	2025-11-25 09:40:28.414+01	2025-10-27 20:11:44.735+01	draft	2025-11-25 09:40:20.612+01	2025-11-25 09:40:28.414+01	f	t
86	2	post 20ao	68	{"root": {"type": "root", "format": "", "indent": 0, "version": 1, "children": [{"tag": "h1", "type": "heading", "format": "", "indent": 0, "version": 1, "children": [{"mode": "normal", "text": "Lorem ipsum dolor sit ametaaaaaaa", "type": "text", "style": "", "detail": 0, "format": 0, "version": 1}], "direction": null}, {"type": "paragraph", "format": "", "indent": 0, "version": 1, "children": [{"mode": "normal", "text": ", consectetur adipiscing elit. Maecenas tempor mollis ipsum et volutpat. Integer faucibus metus at tortor posuere vestibulum. Nulla iaculis id massa ut euismod. Nullam dignissim vehicula orci nec condimentum. Fusce gravida, diam ac ultricies consectetur, neque turpis ullamcorper eros, eget placerat dolor augue sed augue. Integer ut nisi nec nisl maximus lacinia sed vehicula mauris. Pellentesque aliquet nibh at metus cursus congue vel nec leo. Mauris maximus ac leo vitae dapibus. Nam pretium lectus accumsan augue pellentesque euismod. Ut laoreet facilisis vehicula. Morbi velit purus, mattis eget libero vel, dictum venenatis erat. Suspendisse sapien metus, consectetur in tempor eu, scelerisque vitae elit. Nulla facilisi.", "type": "text", "style": "", "detail": 0, "format": 0, "version": 1}], "direction": null, "textStyle": "", "textFormat": 0}, {"type": "paragraph", "format": "", "indent": 0, "version": 1, "children": [{"mode": "normal", "text": "Duis quis turpis non purus porttitor luctus et sit amet nulla", "type": "text", "style": "", "detail": 0, "format": 2, "version": 1}, {"mode": "normal", "text": ". Phasellus imperdiet eleifend ligula. Proin eu egestas turpis, molestie congue nisl. Aenean laoreet lorem lorem, ac lacinia lorem molestie interdum. Nunc sit amet commodo quam. Proin commodo rhoncus egestas. Donec fringilla leo augue, nec tempus leo gravida a. Aliquam at tristique enim. Aenean non semper lacus. Vivamus efficitur mollis laoreet. Praesent tempus dictum elit, eget volutpat sapien euismod hendrerit. Sed tempor odio vitae lectus congue, sed blandit massa fermentum.", "type": "text", "style": "", "detail": 0, "format": 0, "version": 1}], "direction": null, "textStyle": "", "textFormat": 2}, {"type": "quote", "format": "", "indent": 0, "version": 1, "children": [{"mode": "normal", "text": "In non justo vel quam facilisis aliquam vitae pretium lorem. Sed vitae egestas turpis. Duis non tortor in eros eleifend laoreet. Pellentesque habitant morbi tristique senectus et netus et malesuada fames ac turpis egestas. Donec mauris lectus, vulputate ut egestas ut, iaculis a erat. Sed neque libero, semper nec semper a, vulputate vitae ipsum. Nam pulvinar nisi at orci condimentum, sed posuere nisi rutrum. Duis laoreet porttitor orci ut volutpat. Phasellus congue erat sit amet egestas aliquam. Morbi venenatis neque sit amet nunc porta finibus. Curabitur id velit lectus.", "type": "text", "style": "", "detail": 0, "format": 0, "version": 1}], "direction": null}, {"type": "paragraph", "format": "", "indent": 0, "version": 1, "children": [{"mode": "normal", "text": "Vivamus porta risus et erat interdum, a condimentum augue mollis. Proin pharetra, nunc ac volutpat dapibus, elit lacus egestas ante, a accumsan eros ante eleifend nibh. Nulla commodo eget sem quis facilisis. Pellentesque diam ante, ornare in blandit at, placerat vitae orci. Sed venenatis sapien ex, sit amet semper nunc pulvinar sed. Praesent eu quam vel mi scelerisque imperdiet. Phasellus in interdum elit. Proin pellentesque libero massa, condimentum pretium mi scelerisque at. Integer in sem sed sem pellentesque cursus id in tortor. Nullam id tristique dui. Sed et rhoncus ipsum, vitae ornare erat. Mauris sit amet odio dapibus dui porta congue. In egestas fringilla fermentum. Fusce vulputate faucibus diam, ac posuere urna feugiat nec.", "type": "text", "style": "", "detail": 0, "format": 0, "version": 1}], "direction": null, "textStyle": "", "textFormat": 0}, {"type": "paragraph", "format": "", "indent": 0, "version": 1, "children": [{"mode": "normal", "text": "Proin id porta tellus. Fusce suscipit turpis ac mattis scelerisque. Integer lacinia mi et posuere imperdiet. Donec ut ligula nec tellus maximus imperdiet. Nam egestas erat tincidunt, blandit sem quis, gravida lacus. Quisque dictum dapibus dictum. Aliquam ac urna sit amet sapien ultricies efficitur. Mauris ac tincidunt velit, sed aliquet diam. Praesent non risus sodales, sollicitudin lectus sagittis, convallis ante. Quisque imperdiet ante eget ligula vehicula placerat cursus vitae purus. Etiam eu venenatis orci.", "type": "text", "style": "", "detail": 0, "format": 0, "version": 1}], "direction": null, "textStyle": "", "textFormat": 0}, {"type": "block", "fields": {"id": "68fbb90a8a804de2de0fb8bb", "media": 24, "blockName": "", "blockType": "mediaBlock", "sectionName": "borrar"}, "format": "", "version": 2}, {"type": "paragraph", "format": "", "indent": 0, "version": 1, "children": [], "direction": null, "textStyle": "", "textFormat": 0}, {"type": "paragraph", "format": "", "indent": 0, "version": 1, "children": [{"mode": "normal", "text": "Donec ut vehicula lectus, at pellentesque orci. Phasellus lacinia viverra ex at fermentum. Nunc tincidunt nunc et lectus malesuada, id fermentum nisl facilisis. Donec elementum mollis massa varius scelerisque. Aliquam tincidunt nibh eu pellentesque consectetur. Morbi venenatis sapien lacus, sit amet vulputate elit tempus posuere. Proin ut facilisis felis, vel rhoncus felis. Integer imperdiet sem ut neque aliquam, eget vestibulum eros ultricies. Duis efficitur sem enim, sit amet tristique urna gravida non. Aliquam aliquet consectetur neque id tristique. Praesent sit amet erat quam. Nullam egestas orci id tellus scelerisque, vel ullamcorper dui dictum. Nulla tempus ac sapien nec porttitor.", "type": "text", "style": "", "detail": 0, "format": 0, "version": 1}], "direction": null, "textStyle": "", "textFormat": 0}, {"type": "paragraph", "format": "", "indent": 0, "version": 1, "children": [{"mode": "normal", "text": "Sed fermentum a lectus hendrerit ullamcorper. Nunc sagittis nec lacus vel volutpat. In ac enim eros. Nunc dapibus, turpis et faucibus vulputate, quam sapien dictum lorem, id varius tortor elit faucibus odio. Sed at justo ac nisl placerat vestibulum at in diam. Vivamus quis condimentum enim. Mauris vestibulum nec erat nec congue. Vestibulum luctus tincidunt tellus et iaculis. Integer at ligula mi. Fusce laoreet leo vel quam efficitur, vitae vulputate leo efficitur. Sed pharetra ligula vitae ex pharetra viverra. Donec metus justo, commodo in dictum sit amet, cursus quis enim. Phasellus laoreet quam sapien, vitae congue mauris posuere non. Interdum et malesuada fames ac ante ipsum primis in faucibus. Nullam euismod rhoncus arcu, a blandit est pharetra ac. Pellentesque sapien mauris, dapibus sit amet risus sit amet, tempor eleifend purus.", "type": "text", "style": "", "detail": 0, "format": 0, "version": 1}], "direction": null, "textStyle": "", "textFormat": 0}, {"type": "paragraph", "format": "", "indent": 0, "version": 1, "children": [{"mode": "normal", "text": "Pellentesque varius vel eros quis convallis. Cras nec purus diam. Suspendisse id lobortis velit. Fusce convallis nisl libero, nec pretium nunc dictum non. Nam ut egestas ipsum. Sed sem sapien, hendrerit in sollicitudin et, pulvinar in metus. Praesent iaculis tempor massa ac sollicitudin. Nunc vestibulum aliquet lectus sit amet volutpat. Suspendisse nec varius augue. Aliquam tellus lacus, euismod ut tortor non, rhoncus semper libero. Nunc ac fringilla magna, et ultrices diam. Fusce ac ipsum nisl.", "type": "text", "style": "", "detail": 0, "format": 0, "version": 1}], "direction": null, "textStyle": "", "textFormat": 0}, {"type": "paragraph", "format": "", "indent": 0, "version": 1, "children": [{"mode": "normal", "text": "Vestibulum erat ante, maximus eget ante vitae, ornare congue tortor. Nam nunc elit, ultricies quis tincidunt sit amet, dignissim eu mauris. Quisque congue lectus ut viverra interdum. Donec porta est ac tincidunt rutrum. Integer tempus ipsum rutrum, fringilla orci ut, feugiat erat. Aliquam a placerat justo. Sed vel dolor ultricies, sollicitudin sem id, fringilla diam. Nam eget lacus eu mauris sagittis fermentum eu vitae turpis. Nulla nisi massa, sagittis viverra ullamcorper nec, consequat vitae nisl. Maecenas molestie ligula id arcu malesuada viverra. Nunc nulla nibh, luctus ac augue vitae, imperdiet tempor est.", "type": "text", "style": "", "detail": 0, "format": 0, "version": 1}], "direction": null, "textStyle": "", "textFormat": 0}, {"type": "paragraph", "format": "", "indent": 0, "version": 1, "children": [{"mode": "normal", "text": "Nullam interdum sapien eget bibendum maximus. Duis ac massa ac dolor consectetur eleifend. Proin nec tempor nibh, vel molestie nisi. Nunc eros mi, laoreet ut porttitor rhoncus, vestibulum sit amet arcu. Nullam at pellentesque ligula. Sed id dignissim magna. In aliquam mi sapien, vitae ornare quam aliquet tempor.", "type": "text", "style": "", "detail": 0, "format": 0, "version": 1}], "direction": null, "textStyle": "", "textFormat": 0}], "direction": null}}	post 2 | Payload Website Template	68	Lorem ipsum dolor sit amet, consectetur adipiscing elit. Maecenas tempor mollis ipsum et volutpat. Integer faucibus metus at tortor posuere vestibulu	2025-10-24 19:36:34.051+02	post-2	f	2025-11-29 21:10:01.733+01	2025-10-24 19:34:43.606+02	draft	2025-11-29 21:05:31.512+01	2025-11-29 21:10:01.733+01	t	t
78	5	post 5	68	{"root": {"type": "root", "format": "", "indent": 0, "version": 1, "children": [{"type": "paragraph", "format": "", "indent": 0, "version": 1, "children": [{"mode": "normal", "text": "Lorem ipsum dolor sit amet, consectetur adipiscing elit. Proin in vestibulum eros. Nunc ullamcorper eu odio et sollicitudin. Proin vitae nisi id lectus egestas posuere eu aliquam mi. Sed tempor sodales arcu, id euismod orci maximus quis. Morbi eu est felis. Cras nec sem volutpat, sodales metus et, feugiat est. Aliquam iaculis consequat nisl ac aliquam. Pellentesque sit amet ipsum dui. Mauris elit nunc, fringilla et leo eget, varius consectetur odio. Donec tortor nisi, auctor non tincidunt sagittis, iaculis pretium augue. Nunc ut pellentesque risus. Aliquam sit amet sodales justo.", "type": "text", "style": "", "detail": 0, "format": 0, "version": 1}], "direction": null, "textStyle": "", "textFormat": 0}, {"type": "paragraph", "format": "", "indent": 0, "version": 1, "children": [{"mode": "normal", "text": "Sed consectetur vel felis ut laoreet. Pellentesque habitant morbi tristique senectus et netus et malesuada fames ac turpis egestas. Sed ut tempus enim. Maecenas quis suscipit tortor. Etiam consequat magna ante, eu dapibus est tincidunt eu. Morbi molestie mauris vitae vestibulum pellentesque. Curabitur vel luctus purus. Vivamus ornare, augue vel laoreet ultrices, nibh lacus faucibus nunc, lacinia commodo nisl turpis sed ex. Vestibulum gravida tortor sed nisl finibus porttitor. Sed lorem ipsum, pharetra et tincidunt a, venenatis at ex. Nunc ac risus et lacus ornare sagittis vitae et velit. Donec luctus auctor quam vel sollicitudin. Maecenas cursus risus tellus, et porta augue vehicula a. Aliquam porta pellentesque ultrices.", "type": "text", "style": "", "detail": 0, "format": 0, "version": 1}], "direction": null, "textStyle": "", "textFormat": 0}, {"type": "paragraph", "format": "", "indent": 0, "version": 1, "children": [{"mode": "normal", "text": "Vivamus felis turpis, blandit ut tellus id, commodo tristique nisi. Donec at eros porttitor, consequat mi at, tempor felis. Donec dignissim tincidunt nibh id rutrum. Phasellus et massa condimentum velit dapibus facilisis. Phasellus in mauris erat. Morbi at suscipit enim. Vestibulum fermentum ligula id erat ultricies iaculis. Pellentesque nec nisi sapien. Etiam volutpat a magna sit amet volutpat. Duis metus lorem, venenatis ac sodales eu, placerat in sapien. Vestibulum vel mollis nisl. Quisque eu aliquet orci, posuere fringilla erat. Vivamus tempus enim ut risus sollicitudin, quis volutpat dui mollis. Duis hendrerit felis diam, ac rhoncus felis sollicitudin ac. Donec vel aliquam ipsum. Integer at nisi ullamcorper, rhoncus neque ac, mattis massa.", "type": "text", "style": "", "detail": 0, "format": 0, "version": 1}], "direction": null, "textStyle": "", "textFormat": 0}, {"type": "paragraph", "format": "", "indent": 0, "version": 1, "children": [{"mode": "normal", "text": "Fusce a suscipit orci, vitae dictum lorem. Nulla sit amet ante arcu. Aliquam ornare in urna eget varius. Donec facilisis, dui pharetra rutrum eleifend, diam mi consequat leo, sit amet iaculis erat metus ac neque. Pellentesque id nisl sed arcu tincidunt egestas. Ut sit amet lobortis erat. Proin erat dui, luctus sit amet dictum et, hendrerit quis risus. Proin quis elementum magna, in consequat nisi. Aliquam tincidunt gravida cursus. Sed ac lorem a purus pulvinar cursus. Vivamus sem sapien, vehicula quis erat nec, ultricies eleifend felis. Duis a quam pharetra, rutrum lorem vitae, semper ligula. Vestibulum a risus molestie, pharetra ligula id, aliquam arcu.", "type": "text", "style": "", "detail": 0, "format": 0, "version": 1}], "direction": null, "textStyle": "", "textFormat": 0}, {"type": "paragraph", "format": "", "indent": 0, "version": 1, "children": [{"mode": "normal", "text": "Fusce pellentesque in justo non vestibulum. Donec eu lectus gravida, elementum est quis, malesuada nisl. Aenean ut imperdiet neque. Nunc varius euismod condimentum. Praesent ex purus, volutpat sed facilisis sed, laoreet quis lacus. Vestibulum sed erat auctor neque cursus maximus non in lorem. Integer volutpat quam vel gravida consectetur.", "type": "text", "style": "", "detail": 0, "format": 0, "version": 1}], "direction": null, "textStyle": "", "textFormat": 0}], "direction": null}}	post 4 | Payload Website Template	68	Lorem ipsum dolor sit amet, consectetur adipiscing elit. Proin in vestibulum eros. Nunc ullamcorper eu odio et sollicitudin. Proin vitae nisi id le\n	2025-10-27 00:00:00+01	post-5	f	2025-11-25 09:40:47.413+01	2025-10-27 20:18:01.538+01	published	2025-11-25 09:40:47.416+01	2025-11-25 09:40:47.416+01	t	f
77	5	post 5	68	{"root": {"type": "root", "format": "", "indent": 0, "version": 1, "children": [{"type": "paragraph", "format": "", "indent": 0, "version": 1, "children": [{"mode": "normal", "text": "Lorem ipsum dolor sit amet, consectetur adipiscing elit. Proin in vestibulum eros. Nunc ullamcorper eu odio et sollicitudin. Proin vitae nisi id lectus egestas posuere eu aliquam mi. Sed tempor sodales arcu, id euismod orci maximus quis. Morbi eu est felis. Cras nec sem volutpat, sodales metus et, feugiat est. Aliquam iaculis consequat nisl ac aliquam. Pellentesque sit amet ipsum dui. Mauris elit nunc, fringilla et leo eget, varius consectetur odio. Donec tortor nisi, auctor non tincidunt sagittis, iaculis pretium augue. Nunc ut pellentesque risus. Aliquam sit amet sodales justo.", "type": "text", "style": "", "detail": 0, "format": 0, "version": 1}], "direction": null, "textStyle": "", "textFormat": 0}, {"type": "paragraph", "format": "", "indent": 0, "version": 1, "children": [{"mode": "normal", "text": "Sed consectetur vel felis ut laoreet. Pellentesque habitant morbi tristique senectus et netus et malesuada fames ac turpis egestas. Sed ut tempus enim. Maecenas quis suscipit tortor. Etiam consequat magna ante, eu dapibus est tincidunt eu. Morbi molestie mauris vitae vestibulum pellentesque. Curabitur vel luctus purus. Vivamus ornare, augue vel laoreet ultrices, nibh lacus faucibus nunc, lacinia commodo nisl turpis sed ex. Vestibulum gravida tortor sed nisl finibus porttitor. Sed lorem ipsum, pharetra et tincidunt a, venenatis at ex. Nunc ac risus et lacus ornare sagittis vitae et velit. Donec luctus auctor quam vel sollicitudin. Maecenas cursus risus tellus, et porta augue vehicula a. Aliquam porta pellentesque ultrices.", "type": "text", "style": "", "detail": 0, "format": 0, "version": 1}], "direction": null, "textStyle": "", "textFormat": 0}, {"type": "paragraph", "format": "", "indent": 0, "version": 1, "children": [{"mode": "normal", "text": "Vivamus felis turpis, blandit ut tellus id, commodo tristique nisi. Donec at eros porttitor, consequat mi at, tempor felis. Donec dignissim tincidunt nibh id rutrum. Phasellus et massa condimentum velit dapibus facilisis. Phasellus in mauris erat. Morbi at suscipit enim. Vestibulum fermentum ligula id erat ultricies iaculis. Pellentesque nec nisi sapien. Etiam volutpat a magna sit amet volutpat. Duis metus lorem, venenatis ac sodales eu, placerat in sapien. Vestibulum vel mollis nisl. Quisque eu aliquet orci, posuere fringilla erat. Vivamus tempus enim ut risus sollicitudin, quis volutpat dui mollis. Duis hendrerit felis diam, ac rhoncus felis sollicitudin ac. Donec vel aliquam ipsum. Integer at nisi ullamcorper, rhoncus neque ac, mattis massa.", "type": "text", "style": "", "detail": 0, "format": 0, "version": 1}], "direction": null, "textStyle": "", "textFormat": 0}, {"type": "paragraph", "format": "", "indent": 0, "version": 1, "children": [{"mode": "normal", "text": "Fusce a suscipit orci, vitae dictum lorem. Nulla sit amet ante arcu. Aliquam ornare in urna eget varius. Donec facilisis, dui pharetra rutrum eleifend, diam mi consequat leo, sit amet iaculis erat metus ac neque. Pellentesque id nisl sed arcu tincidunt egestas. Ut sit amet lobortis erat. Proin erat dui, luctus sit amet dictum et, hendrerit quis risus. Proin quis elementum magna, in consequat nisi. Aliquam tincidunt gravida cursus. Sed ac lorem a purus pulvinar cursus. Vivamus sem sapien, vehicula quis erat nec, ultricies eleifend felis. Duis a quam pharetra, rutrum lorem vitae, semper ligula. Vestibulum a risus molestie, pharetra ligula id, aliquam arcu.", "type": "text", "style": "", "detail": 0, "format": 0, "version": 1}], "direction": null, "textStyle": "", "textFormat": 0}, {"type": "paragraph", "format": "", "indent": 0, "version": 1, "children": [{"mode": "normal", "text": "Fusce pellentesque in justo non vestibulum. Donec eu lectus gravida, elementum est quis, malesuada nisl. Aenean ut imperdiet neque. Nunc varius euismod condimentum. Praesent ex purus, volutpat sed facilisis sed, laoreet quis lacus. Vestibulum sed erat auctor neque cursus maximus non in lorem. Integer volutpat quam vel gravida consectetur.", "type": "text", "style": "", "detail": 0, "format": 0, "version": 1}], "direction": null, "textStyle": "", "textFormat": 0}], "direction": null}}	post 4 | Payload Website Template	68	Lorem ipsum dolor sit amet, consectetur adipiscing elit. Proin in vestibulum eros. Nunc ullamcorper eu odio et sollicitudin. Proin vitae nisi id le\n	2025-10-27 00:00:00+01	post-5	f	2025-11-25 09:40:44.903+01	2025-10-27 20:18:01.538+01	draft	2025-11-25 09:40:36.58+01	2025-11-25 09:40:44.903+01	f	t
87	1	post01	68	{"root": {"type": "root", "format": "", "indent": 0, "version": 1, "children": [{"type": "paragraph", "format": "", "indent": 0, "version": 1, "children": [{"mode": "normal", "text": "aggggggggggggggggggg Lorem aaaaaaaaaaaaaaaaaaaaa ipsum dolor sit amet, consectetur adipiscing elit. Maecenas egestas erat risus, ac semper justo molestie vel. Aliquam erat volutpat. Phasellus imperdiet metus erat, id maximus diam placerat eu. Nam luctus lorem eget mauris tempus egestas. Aliquam tempus varius urna, quis finibus odio luctus a. Integer dictum finibus ex nec placerat. Phasellus risus est, consequat vitae tortor vel, accumsan commodo sapien. Ut convallis nunc et metus interdum, in luctus enim molestie. Fusce aliquet elit sed est imperdiet, vel elementum enim varius. Sed quis blandit arcu, lacinia molestie ante. Proin ac turpis urna. Pellentesque in tristique erat. Sed vitae congue sapien. Curabitur consectetur felis lectus. Etiam eu ligula id arcu feugiat eleifend.", "type": "text", "style": "", "detail": 0, "format": 0, "version": 1}], "direction": null, "textStyle": "", "textFormat": 0}, {"type": "paragraph", "format": "", "indent": 0, "version": 1, "children": [{"mode": "normal", "text": "Aliquam in lorem sed sapien bibendum feugiat eu ut turpis. Class aptent taciti sociosqu ad litora torquent per conubia nostra, per inceptos himenaeos. Morbi ante nisi, ultricies et condimentum vel, eleifend ac quam. Proin dui risus, efficitur eu massa eget, sollicitudin efficitur purus. Nulla egestas viverra dolor at tristique. Maecenas augue mi, imperdiet eget mattis in, aliquam eu sem. Ut libero diam, viverra quis lectus sed, congue iaculis ex. Ut semper ultricies posuere. Donec malesuada, leo ut semper rhoncus, tortor est pharetra turpis, in ultrices ante urna vehicula turpis. Donec eget varius velit, in volutpat neque. Morbi augue arcu, posuere non ullamcorper at, laoreet eu mauris. Suspendisse potenti. Pellentesque interdum leo ac sem convallis facilisis. Donec nec eros sit amet arcu ultrices mollis id et nisl.", "type": "text", "style": "", "detail": 0, "format": 0, "version": 1}], "direction": null, "textStyle": "", "textFormat": 0}, {"type": "paragraph", "format": "", "indent": 0, "version": 1, "children": [{"mode": "normal", "text": "Sed faucibus tellus sed orci porta tincidunt. Integer laoreet, turpis nec lobortis ultricies, ante risus volutpat odio, ut malesuada eros metus nec lorem. Ut eu mauris sed turpis accumsan scelerisque quis non lectus. Fusce et quam orci. Nam tempus felis eu turpis bibendum, non maximus nibh scelerisque. Donec id congue nisi. Fusce nulla dui, cursus consequat aliquet non, blandit et turpis. Proin ac laoreet urna. Donec id mi in felis elementum euismod in quis augue. Integer eget eleifend est.", "type": "text", "style": "", "detail": 0, "format": 0, "version": 1}], "direction": null, "textStyle": "", "textFormat": 0}, {"type": "paragraph", "format": "", "indent": 0, "version": 1, "children": [{"mode": "normal", "text": "Phasellus mollis cursus tortor, in dignissim felis vulputate quis. Nulla interdum nulla imperdiet, pulvinar mauris eget, sagittis mauris. Donec aliquam semper tellus quis condimentum. Vivamus sit amet nisl sit amet lectus ullamcorper faucibus. Vestibulum ante ipsum primis in faucibus orci luctus et ultrices posuere cubilia curae; Nullam mollis, libero finibus blandit luctus, nisl ante convallis risus, a aliquam sapien neque et risus. Praesent mollis porta laoreet. Duis lacus tortor, malesuada vitae metus non, efficitur viverra dolor. Phasellus rhoncus felis turpis, sed malesuada tellus malesuada in. Praesent fermentum sodales lacus eget lacinia. Sed convallis non purus id iaculis. Donec in malesuada enim. Cras vitae odio odio. Donec non nisi risus.", "type": "text", "style": "", "detail": 0, "format": 0, "version": 1}], "direction": null, "textStyle": "", "textFormat": 0}, {"type": "paragraph", "format": "", "indent": 0, "version": 1, "children": [{"mode": "normal", "text": "Etiam ac est lorem. Nullam fringilla vitae orci sed suscipit. Sed fermentum, nunc quis ultricies molestie, odio lectus suscipit enim, et venenatis dui tortor eget dolor. Suspendisse tempus tempor lacus sed tristique. Pellentesque habitant morbi tristique senectus et netus et malesuada fames ac turpis egestas. Integer sodales metus in neque pellentesque, eget rutrum lectus accumsan. Quisque at blandit mauris. Aliquam commodo volutpat tempus.", "type": "text", "style": "", "detail": 0, "format": 0, "version": 1}], "direction": null, "textStyle": "", "textFormat": 0}, {"type": "paragraph", "format": "", "indent": 0, "version": 1, "children": [], "direction": null, "textStyle": "", "textFormat": 0}], "direction": null}}	post01 | Payload Website Template	68	Lorem ipsum dolor sit amet, consectetur adipiscing el sskkj iosjijijsi ijsijijs isjijisjij sijisjsijis isjiijis isji isji	2025-10-24 18:06:54.442+02	post01	f	2025-11-30 11:02:22.32+01	2025-10-24 13:53:45.978+02	published	2025-11-30 11:02:22.328+01	2025-11-30 11:02:22.328+01	f	f
80	6	post 6	68	{"root": {"type": "root", "format": "", "indent": 0, "version": 1, "children": [{"type": "paragraph", "format": "", "indent": 0, "version": 1, "children": [{"mode": "normal", "text": "Lorem ipsum dolor sit amet, consectetur adipiscing elit. Proin in vestibulum eros. Nunc ullamcorper eu odio et sollicitudin. Proin vitae nisi id lectus egestas posuere eu aliquam mi. Sed tempor sodales arcu, id euismod orci maximus quis. Morbi eu est felis. Cras nec sem volutpat, sodales metus et, feugiat est. Aliquam iaculis consequat nisl ac aliquam. Pellentesque sit amet ipsum dui. Mauris elit nunc, fringilla et leo eget, varius consectetur odio. Donec tortor nisi, auctor non tincidunt sagittis, iaculis pretium augue. Nunc ut pellentesque risus. Aliquam sit amet sodales justo.", "type": "text", "style": "", "detail": 0, "format": 0, "version": 1}], "direction": null, "textStyle": "", "textFormat": 0}, {"type": "paragraph", "format": "", "indent": 0, "version": 1, "children": [{"mode": "normal", "text": "Sed consectetur vel felis ut laoreet. Pellentesque habitant morbi tristique senectus et netus et malesuada fames ac turpis egestas. Sed ut tempus enim. Maecenas quis suscipit tortor. Etiam consequat magna ante, eu dapibus est tincidunt eu. Morbi molestie mauris vitae vestibulum pellentesque. Curabitur vel luctus purus. Vivamus ornare, augue vel laoreet ultrices, nibh lacus faucibus nunc, lacinia commodo nisl turpis sed ex. Vestibulum gravida tortor sed nisl finibus porttitor. Sed lorem ipsum, pharetra et tincidunt a, venenatis at ex. Nunc ac risus et lacus ornare sagittis vitae et velit. Donec luctus auctor quam vel sollicitudin. Maecenas cursus risus tellus, et porta augue vehicula a. Aliquam porta pellentesque ultrices.", "type": "text", "style": "", "detail": 0, "format": 0, "version": 1}], "direction": null, "textStyle": "", "textFormat": 0}, {"type": "paragraph", "format": "", "indent": 0, "version": 1, "children": [{"mode": "normal", "text": "Vivamus felis turpis, blandit ut tellus id, commodo tristique nisi. Donec at eros porttitor, consequat mi at, tempor felis. Donec dignissim tincidunt nibh id rutrum. Phasellus et massa condimentum velit dapibus facilisis. Phasellus in mauris erat. Morbi at suscipit enim. Vestibulum fermentum ligula id erat ultricies iaculis. Pellentesque nec nisi sapien. Etiam volutpat a magna sit amet volutpat. Duis metus lorem, venenatis ac sodales eu, placerat in sapien. Vestibulum vel mollis nisl. Quisque eu aliquet orci, posuere fringilla erat. Vivamus tempus enim ut risus sollicitudin, quis volutpat dui mollis. Duis hendrerit felis diam, ac rhoncus felis sollicitudin ac. Donec vel aliquam ipsum. Integer at nisi ullamcorper, rhoncus neque ac, mattis massa.", "type": "text", "style": "", "detail": 0, "format": 0, "version": 1}], "direction": null, "textStyle": "", "textFormat": 0}, {"type": "paragraph", "format": "", "indent": 0, "version": 1, "children": [{"mode": "normal", "text": "Fusce a suscipit orci, vitae dictum lorem. Nulla sit amet ante arcu. Aliquam ornare in urna eget varius. Donec facilisis, dui pharetra rutrum eleifend, diam mi consequat leo, sit amet iaculis erat metus ac neque. Pellentesque id nisl sed arcu tincidunt egestas. Ut sit amet lobortis erat. Proin erat dui, luctus sit amet dictum et, hendrerit quis risus. Proin quis elementum magna, in consequat nisi. Aliquam tincidunt gravida cursus. Sed ac lorem a purus pulvinar cursus. Vivamus sem sapien, vehicula quis erat nec, ultricies eleifend felis. Duis a quam pharetra, rutrum lorem vitae, semper ligula. Vestibulum a risus molestie, pharetra ligula id, aliquam arcu.", "type": "text", "style": "", "detail": 0, "format": 0, "version": 1}], "direction": null, "textStyle": "", "textFormat": 0}, {"type": "paragraph", "format": "", "indent": 0, "version": 1, "children": [{"mode": "normal", "text": "Fusce pellentesque in justo non vestibulum. Donec eu lectus gravida, elementum est quis, malesuada nisl. Aenean ut imperdiet neque. Nunc varius euismod condimentum. Praesent ex purus, volutpat sed facilisis sed, laoreet quis lacus. Vestibulum sed erat auctor neque cursus maximus non in lorem. Integer volutpat quam vel gravida consectetur.", "type": "text", "style": "", "detail": 0, "format": 0, "version": 1}], "direction": null, "textStyle": "", "textFormat": 0}], "direction": null}}	post 4 | Payload Website Template	68	Lorem ipsum dolor sit amet, consectetur adipiscing elit. Proin in vestibulum eros. Nunc ullamcorper eu odio et sollicitudin. Proin vitae nisi id le\n	2025-10-27 00:00:00+01	post-6	f	2025-11-25 09:41:03.373+01	2025-10-27 20:18:18.123+01	published	2025-11-25 09:41:03.377+01	2025-11-25 09:41:03.377+01	t	f
79	6	post 6	68	{"root": {"type": "root", "format": "", "indent": 0, "version": 1, "children": [{"type": "paragraph", "format": "", "indent": 0, "version": 1, "children": [{"mode": "normal", "text": "Lorem ipsum dolor sit amet, consectetur adipiscing elit. Proin in vestibulum eros. Nunc ullamcorper eu odio et sollicitudin. Proin vitae nisi id lectus egestas posuere eu aliquam mi. Sed tempor sodales arcu, id euismod orci maximus quis. Morbi eu est felis. Cras nec sem volutpat, sodales metus et, feugiat est. Aliquam iaculis consequat nisl ac aliquam. Pellentesque sit amet ipsum dui. Mauris elit nunc, fringilla et leo eget, varius consectetur odio. Donec tortor nisi, auctor non tincidunt sagittis, iaculis pretium augue. Nunc ut pellentesque risus. Aliquam sit amet sodales justo.", "type": "text", "style": "", "detail": 0, "format": 0, "version": 1}], "direction": null, "textStyle": "", "textFormat": 0}, {"type": "paragraph", "format": "", "indent": 0, "version": 1, "children": [{"mode": "normal", "text": "Sed consectetur vel felis ut laoreet. Pellentesque habitant morbi tristique senectus et netus et malesuada fames ac turpis egestas. Sed ut tempus enim. Maecenas quis suscipit tortor. Etiam consequat magna ante, eu dapibus est tincidunt eu. Morbi molestie mauris vitae vestibulum pellentesque. Curabitur vel luctus purus. Vivamus ornare, augue vel laoreet ultrices, nibh lacus faucibus nunc, lacinia commodo nisl turpis sed ex. Vestibulum gravida tortor sed nisl finibus porttitor. Sed lorem ipsum, pharetra et tincidunt a, venenatis at ex. Nunc ac risus et lacus ornare sagittis vitae et velit. Donec luctus auctor quam vel sollicitudin. Maecenas cursus risus tellus, et porta augue vehicula a. Aliquam porta pellentesque ultrices.", "type": "text", "style": "", "detail": 0, "format": 0, "version": 1}], "direction": null, "textStyle": "", "textFormat": 0}, {"type": "paragraph", "format": "", "indent": 0, "version": 1, "children": [{"mode": "normal", "text": "Vivamus felis turpis, blandit ut tellus id, commodo tristique nisi. Donec at eros porttitor, consequat mi at, tempor felis. Donec dignissim tincidunt nibh id rutrum. Phasellus et massa condimentum velit dapibus facilisis. Phasellus in mauris erat. Morbi at suscipit enim. Vestibulum fermentum ligula id erat ultricies iaculis. Pellentesque nec nisi sapien. Etiam volutpat a magna sit amet volutpat. Duis metus lorem, venenatis ac sodales eu, placerat in sapien. Vestibulum vel mollis nisl. Quisque eu aliquet orci, posuere fringilla erat. Vivamus tempus enim ut risus sollicitudin, quis volutpat dui mollis. Duis hendrerit felis diam, ac rhoncus felis sollicitudin ac. Donec vel aliquam ipsum. Integer at nisi ullamcorper, rhoncus neque ac, mattis massa.", "type": "text", "style": "", "detail": 0, "format": 0, "version": 1}], "direction": null, "textStyle": "", "textFormat": 0}, {"type": "paragraph", "format": "", "indent": 0, "version": 1, "children": [{"mode": "normal", "text": "Fusce a suscipit orci, vitae dictum lorem. Nulla sit amet ante arcu. Aliquam ornare in urna eget varius. Donec facilisis, dui pharetra rutrum eleifend, diam mi consequat leo, sit amet iaculis erat metus ac neque. Pellentesque id nisl sed arcu tincidunt egestas. Ut sit amet lobortis erat. Proin erat dui, luctus sit amet dictum et, hendrerit quis risus. Proin quis elementum magna, in consequat nisi. Aliquam tincidunt gravida cursus. Sed ac lorem a purus pulvinar cursus. Vivamus sem sapien, vehicula quis erat nec, ultricies eleifend felis. Duis a quam pharetra, rutrum lorem vitae, semper ligula. Vestibulum a risus molestie, pharetra ligula id, aliquam arcu.", "type": "text", "style": "", "detail": 0, "format": 0, "version": 1}], "direction": null, "textStyle": "", "textFormat": 0}, {"type": "paragraph", "format": "", "indent": 0, "version": 1, "children": [{"mode": "normal", "text": "Fusce pellentesque in justo non vestibulum. Donec eu lectus gravida, elementum est quis, malesuada nisl. Aenean ut imperdiet neque. Nunc varius euismod condimentum. Praesent ex purus, volutpat sed facilisis sed, laoreet quis lacus. Vestibulum sed erat auctor neque cursus maximus non in lorem. Integer volutpat quam vel gravida consectetur.", "type": "text", "style": "", "detail": 0, "format": 0, "version": 1}], "direction": null, "textStyle": "", "textFormat": 0}], "direction": null}}	post 4 | Payload Website Template	68	Lorem ipsum dolor sit amet, consectetur adipiscing elit. Proin in vestibulum eros. Nunc ullamcorper eu odio et sollicitudin. Proin vitae nisi id le\n	2025-10-27 00:00:00+01	post-6	f	2025-11-25 09:41:02.268+01	2025-10-27 20:18:18.123+01	draft	2025-11-25 09:40:52.692+01	2025-11-25 09:41:02.268+01	f	t
88	1	post01	68	{"root": {"type": "root", "format": "", "indent": 0, "version": 1, "children": [{"type": "paragraph", "format": "", "indent": 0, "version": 1, "children": [{"mode": "normal", "text": "Lorem aaaaaaaaaaaaaaaaaaaaa ipsum dolor sit amet, consectetur adipiscing elit. Maecenas egestas erat risus, ac semper justo molestie vel. Aliquam erat volutpat. Phasellus imperdiet metus erat, id maximus diam placerat eu. Nam luctus lorem eget mauris tempus egestas. Aliquam tempus varius urna, quis finibus odio luctus a. Integer dictum finibus ex nec placerat. Phasellus risus est, consequat vitae tortor vel, accumsan commodo sapien. Ut convallis nunc et metus interdum, in luctus enim molestie. Fusce aliquet elit sed est imperdiet, vel elementum enim varius. Sed quis blandit arcu, lacinia molestie ante. Proin ac turpis urna. Pellentesque in tristique erat. Sed vitae congue sapien. Curabitur consectetur felis lectus. Etiam eu ligula id arcu feugiat eleifend.", "type": "text", "style": "", "detail": 0, "format": 0, "version": 1}], "direction": null, "textStyle": "", "textFormat": 0}, {"type": "paragraph", "format": "", "indent": 0, "version": 1, "children": [{"mode": "normal", "text": "Aliquam in lorem sed sapien bibendum feugiat eu ut turpis. Class aptent taciti sociosqu ad litora torquent per conubia nostra, per inceptos himenaeos. Morbi ante nisi, ultricies et condimentum vel, eleifend ac quam. Proin dui risus, efficitur eu massa eget, sollicitudin efficitur purus. Nulla egestas viverra dolor at tristique. Maecenas augue mi, imperdiet eget mattis in, aliquam eu sem. Ut libero diam, viverra quis lectus sed, congue iaculis ex. Ut semper ultricies posuere. Donec malesuada, leo ut semper rhoncus, tortor est pharetra turpis, in ultrices ante urna vehicula turpis. Donec eget varius velit, in volutpat neque. Morbi augue arcu, posuere non ullamcorper at, laoreet eu mauris. Suspendisse potenti. Pellentesque interdum leo ac sem convallis facilisis. Donec nec eros sit amet arcu ultrices mollis id et nisl.", "type": "text", "style": "", "detail": 0, "format": 0, "version": 1}], "direction": null, "textStyle": "", "textFormat": 0}, {"type": "paragraph", "format": "", "indent": 0, "version": 1, "children": [{"mode": "normal", "text": "Sed faucibus tellus sed orci porta tincidunt. Integer laoreet, turpis nec lobortis ultricies, ante risus volutpat odio, ut malesuada eros metus nec lorem. Ut eu mauris sed turpis accumsan scelerisque quis non lectus. Fusce et quam orci. Nam tempus felis eu turpis bibendum, non maximus nibh scelerisque. Donec id congue nisi. Fusce nulla dui, cursus consequat aliquet non, blandit et turpis. Proin ac laoreet urna. Donec id mi in felis elementum euismod in quis augue. Integer eget eleifend est.", "type": "text", "style": "", "detail": 0, "format": 0, "version": 1}], "direction": null, "textStyle": "", "textFormat": 0}, {"type": "paragraph", "format": "", "indent": 0, "version": 1, "children": [{"mode": "normal", "text": "Phasellus mollis cursus tortor, in dignissim felis vulputate quis. Nulla interdum nulla imperdiet, pulvinar mauris eget, sagittis mauris. Donec aliquam semper tellus quis condimentum. Vivamus sit amet nisl sit amet lectus ullamcorper faucibus. Vestibulum ante ipsum primis in faucibus orci luctus et ultrices posuere cubilia curae; Nullam mollis, libero finibus blandit luctus, nisl ante convallis risus, a aliquam sapien neque et risus. Praesent mollis porta laoreet. Duis lacus tortor, malesuada vitae metus non, efficitur viverra dolor. Phasellus rhoncus felis turpis, sed malesuada tellus malesuada in. Praesent fermentum sodales lacus eget lacinia. Sed convallis non purus id iaculis. Donec in malesuada enim. Cras vitae odio odio. Donec non nisi risus.", "type": "text", "style": "", "detail": 0, "format": 0, "version": 1}], "direction": null, "textStyle": "", "textFormat": 0}, {"type": "paragraph", "format": "", "indent": 0, "version": 1, "children": [{"mode": "normal", "text": "Etiam ac est lorem. Nullam fringilla vitae orci sed suscipit. Sed fermentum, nunc quis ultricies molestie, odio lectus suscipit enim, et venenatis dui tortor eget dolor. Suspendisse tempus tempor lacus sed tristique. Pellentesque habitant morbi tristique senectus et netus et malesuada fames ac turpis egestas. Integer sodales metus in neque pellentesque, eget rutrum lectus accumsan. Quisque at blandit mauris. Aliquam commodo volutpat tempus.", "type": "text", "style": "", "detail": 0, "format": 0, "version": 1}], "direction": null, "textStyle": "", "textFormat": 0}, {"type": "paragraph", "format": "", "indent": 0, "version": 1, "children": [], "direction": null, "textStyle": "", "textFormat": 0}], "direction": null}}	post01 | Payload Website Template	68	Lorem ipsum dolor sit amet, consectetur adipiscing el sskkj iosjijijsi ijsijijs isjijisjij sijisjsijis isjiijis isji isji	2025-10-24 18:06:54.442+02	post01	f	2025-11-30 11:02:25.796+01	2025-10-24 13:53:45.978+02	draft	2025-11-30 11:02:25.528+01	2025-11-30 11:02:25.796+01	f	t
57	10	Lorem ipsum dolor sit amet, consectetur adipiscing elit	\N	{"root": {"type": "root", "format": "", "indent": 0, "version": 1, "children": [{"type": "paragraph", "format": "", "indent": 0, "version": 1, "children": [{"mode": "normal", "text": "Lorem ipsum dolor sit amet, consectetur adipiscing elit. Proin in vestibulum eros. Nunc ullamcorper eu odio et sollicitudin. Proin vitae nisi id lectus egestas posuere eu aliquam mi. Sed tempor sodales arcu, id euismod orci maximus quis. Morbi eu est felis. Cras nec sem volutpat, sodales metus et, feugiat est. Aliquam iaculis consequat nisl ac aliquam. Pellentesque sit amet ipsum dui. Mauris elit nunc, fringilla et leo eget, varius consectetur odio. Donec tortor nisi, auctor non tincidunt sagittis, iaculis pretium augue. Nunc ut pellentesque risus. Aliquam sit amet sodales justo.", "type": "text", "style": "", "detail": 0, "format": 0, "version": 1}], "direction": null, "textStyle": "", "textFormat": 0}, {"type": "paragraph", "format": "", "indent": 0, "version": 1, "children": [{"mode": "normal", "text": "Sed consectetur vel felis ut laoreet. Pellentesque habitant morbi tristique senectus et netus et malesuada fames ac turpis egestas. Sed ut tempus enim. Maecenas quis suscipit tortor. Etiam consequat magna ante, eu dapibus est tincidunt eu. Morbi molestie mauris vitae vestibulum pellentesque. Curabitur vel luctus purus. Vivamus ornare, augue vel laoreet ultrices, nibh lacus faucibus nunc, lacinia commodo nisl turpis sed ex. Vestibulum gravida tortor sed nisl finibus porttitor. Sed lorem ipsum, pharetra et tincidunt a, venenatis at ex. Nunc ac risus et lacus ornare sagittis vitae et velit. Donec luctus auctor quam vel sollicitudin. Maecenas cursus risus tellus, et porta augue vehicula a. Aliquam porta pellentesque ultrices.", "type": "text", "style": "", "detail": 0, "format": 0, "version": 1}], "direction": null, "textStyle": "", "textFormat": 0}, {"type": "paragraph", "format": "", "indent": 0, "version": 1, "children": [{"mode": "normal", "text": "Vivamus felis turpis, blandit ut tellus id, commodo tristique nisi. Donec at eros porttitor, consequat mi at, tempor felis. Donec dignissim tincidunt nibh id rutrum. Phasellus et massa condimentum velit dapibus facilisis. Phasellus in mauris erat. Morbi at suscipit enim. Vestibulum fermentum ligula id erat ultricies iaculis. Pellentesque nec nisi sapien. Etiam volutpat a magna sit amet volutpat. Duis metus lorem, venenatis ac sodales eu, placerat in sapien. Vestibulum vel mollis nisl. Quisque eu aliquet orci, posuere fringilla erat. Vivamus tempus enim ut risus sollicitudin, quis volutpat dui mollis. Duis hendrerit felis diam, ac rhoncus felis sollicitudin ac. Donec vel aliquam ipsum. Integer at nisi ullamcorper, rhoncus neque ac, mattis massa.", "type": "text", "style": "", "detail": 0, "format": 0, "version": 1}], "direction": null, "textStyle": "", "textFormat": 0}, {"type": "paragraph", "format": "", "indent": 0, "version": 1, "children": [{"mode": "normal", "text": "Fusce a suscipit orci, vitae dictum lorem. Nulla sit amet ante arcu. Aliquam ornare in urna eget varius. Donec facilisis, dui pharetra rutrum eleifend, diam mi consequat leo, sit amet iaculis erat metus ac neque. Pellentesque id nisl sed arcu tincidunt egestas. Ut sit amet lobortis erat. Proin erat dui, luctus sit amet dictum et, hendrerit quis risus. Proin quis elementum magna, in consequat nisi. Aliquam tincidunt gravida cursus. Sed ac lorem a purus pulvinar cursus. Vivamus sem sapien, vehicula quis erat nec, ultricies eleifend felis. Duis a quam pharetra, rutrum lorem vitae, semper ligula. Vestibulum a risus molestie, pharetra ligula id, aliquam arcu.", "type": "text", "style": "", "detail": 0, "format": 0, "version": 1}], "direction": null, "textStyle": "", "textFormat": 0}, {"type": "paragraph", "format": "", "indent": 0, "version": 1, "children": [{"mode": "normal", "text": "Fusce pellentesque in justo non vestibulum. Donec eu lectus gravida, elementum est quis, malesuada nisl. Aenean ut imperdiet neque. Nunc varius euismod condimentum. Praesent ex purus, volutpat sed facilisis sed, laoreet quis lacus. Vestibulum sed erat auctor neque cursus maximus non in lorem. Integer volutpat quam vel gravida consectetur.", "type": "text", "style": "", "detail": 0, "format": 0, "version": 1}], "direction": null, "textStyle": "", "textFormat": 0}], "direction": null}}	post 4 | Payload Website Template	\N	Lorem ipsum dolor sit amet, consectetur adipiscing elit. Proin in vestibulum eros. Nunc ullamcorper eu odio et sollicitudin. Proin vitae nisi id le\n	2025-10-27 00:00:00+01	lorem-ipsum-dolor-sit-amet-consectetur-adipiscing-elit	f	2025-10-29 09:26:40.656+01	2025-10-28 17:46:32.007+01	draft	2025-10-29 09:26:33.58+01	2025-10-29 09:26:40.656+01	f	t
43	6	post 6	\N	{"root": {"type": "root", "format": "", "indent": 0, "version": 1, "children": [{"type": "paragraph", "format": "", "indent": 0, "version": 1, "children": [{"mode": "normal", "text": "Lorem ipsum dolor sit amet, consectetur adipiscing elit. Proin in vestibulum eros. Nunc ullamcorper eu odio et sollicitudin. Proin vitae nisi id lectus egestas posuere eu aliquam mi. Sed tempor sodales arcu, id euismod orci maximus quis. Morbi eu est felis. Cras nec sem volutpat, sodales metus et, feugiat est. Aliquam iaculis consequat nisl ac aliquam. Pellentesque sit amet ipsum dui. Mauris elit nunc, fringilla et leo eget, varius consectetur odio. Donec tortor nisi, auctor non tincidunt sagittis, iaculis pretium augue. Nunc ut pellentesque risus. Aliquam sit amet sodales justo.", "type": "text", "style": "", "detail": 0, "format": 0, "version": 1}], "direction": null, "textStyle": "", "textFormat": 0}, {"type": "paragraph", "format": "", "indent": 0, "version": 1, "children": [{"mode": "normal", "text": "Sed consectetur vel felis ut laoreet. Pellentesque habitant morbi tristique senectus et netus et malesuada fames ac turpis egestas. Sed ut tempus enim. Maecenas quis suscipit tortor. Etiam consequat magna ante, eu dapibus est tincidunt eu. Morbi molestie mauris vitae vestibulum pellentesque. Curabitur vel luctus purus. Vivamus ornare, augue vel laoreet ultrices, nibh lacus faucibus nunc, lacinia commodo nisl turpis sed ex. Vestibulum gravida tortor sed nisl finibus porttitor. Sed lorem ipsum, pharetra et tincidunt a, venenatis at ex. Nunc ac risus et lacus ornare sagittis vitae et velit. Donec luctus auctor quam vel sollicitudin. Maecenas cursus risus tellus, et porta augue vehicula a. Aliquam porta pellentesque ultrices.", "type": "text", "style": "", "detail": 0, "format": 0, "version": 1}], "direction": null, "textStyle": "", "textFormat": 0}, {"type": "paragraph", "format": "", "indent": 0, "version": 1, "children": [{"mode": "normal", "text": "Vivamus felis turpis, blandit ut tellus id, commodo tristique nisi. Donec at eros porttitor, consequat mi at, tempor felis. Donec dignissim tincidunt nibh id rutrum. Phasellus et massa condimentum velit dapibus facilisis. Phasellus in mauris erat. Morbi at suscipit enim. Vestibulum fermentum ligula id erat ultricies iaculis. Pellentesque nec nisi sapien. Etiam volutpat a magna sit amet volutpat. Duis metus lorem, venenatis ac sodales eu, placerat in sapien. Vestibulum vel mollis nisl. Quisque eu aliquet orci, posuere fringilla erat. Vivamus tempus enim ut risus sollicitudin, quis volutpat dui mollis. Duis hendrerit felis diam, ac rhoncus felis sollicitudin ac. Donec vel aliquam ipsum. Integer at nisi ullamcorper, rhoncus neque ac, mattis massa.", "type": "text", "style": "", "detail": 0, "format": 0, "version": 1}], "direction": null, "textStyle": "", "textFormat": 0}, {"type": "paragraph", "format": "", "indent": 0, "version": 1, "children": [{"mode": "normal", "text": "Fusce a suscipit orci, vitae dictum lorem. Nulla sit amet ante arcu. Aliquam ornare in urna eget varius. Donec facilisis, dui pharetra rutrum eleifend, diam mi consequat leo, sit amet iaculis erat metus ac neque. Pellentesque id nisl sed arcu tincidunt egestas. Ut sit amet lobortis erat. Proin erat dui, luctus sit amet dictum et, hendrerit quis risus. Proin quis elementum magna, in consequat nisi. Aliquam tincidunt gravida cursus. Sed ac lorem a purus pulvinar cursus. Vivamus sem sapien, vehicula quis erat nec, ultricies eleifend felis. Duis a quam pharetra, rutrum lorem vitae, semper ligula. Vestibulum a risus molestie, pharetra ligula id, aliquam arcu.", "type": "text", "style": "", "detail": 0, "format": 0, "version": 1}], "direction": null, "textStyle": "", "textFormat": 0}, {"type": "paragraph", "format": "", "indent": 0, "version": 1, "children": [{"mode": "normal", "text": "Fusce pellentesque in justo non vestibulum. Donec eu lectus gravida, elementum est quis, malesuada nisl. Aenean ut imperdiet neque. Nunc varius euismod condimentum. Praesent ex purus, volutpat sed facilisis sed, laoreet quis lacus. Vestibulum sed erat auctor neque cursus maximus non in lorem. Integer volutpat quam vel gravida consectetur.", "type": "text", "style": "", "detail": 0, "format": 0, "version": 1}], "direction": null, "textStyle": "", "textFormat": 0}], "direction": null}}	post 4 | Payload Website Template	\N	Lorem ipsum dolor sit amet, consectetur adipiscing elit. Proin in vestibulum eros. Nunc ullamcorper eu odio et sollicitudin. Proin vitae nisi id le\n	2025-10-27 00:00:00+01	post-6	f	2025-10-27 20:18:27.524+01	2025-10-27 20:18:18.123+01	draft	2025-10-27 20:18:20.651+01	2025-10-27 20:18:27.524+01	f	t
45	7	post 6	\N	{"root": {"type": "root", "format": "", "indent": 0, "version": 1, "children": [{"type": "paragraph", "format": "", "indent": 0, "version": 1, "children": [{"mode": "normal", "text": "Lorem ipsum dolor sit amet, consectetur adipiscing elit. Proin in vestibulum eros. Nunc ullamcorper eu odio et sollicitudin. Proin vitae nisi id lectus egestas posuere eu aliquam mi. Sed tempor sodales arcu, id euismod orci maximus quis. Morbi eu est felis. Cras nec sem volutpat, sodales metus et, feugiat est. Aliquam iaculis consequat nisl ac aliquam. Pellentesque sit amet ipsum dui. Mauris elit nunc, fringilla et leo eget, varius consectetur odio. Donec tortor nisi, auctor non tincidunt sagittis, iaculis pretium augue. Nunc ut pellentesque risus. Aliquam sit amet sodales justo.", "type": "text", "style": "", "detail": 0, "format": 0, "version": 1}], "direction": null, "textStyle": "", "textFormat": 0}, {"type": "paragraph", "format": "", "indent": 0, "version": 1, "children": [{"mode": "normal", "text": "Sed consectetur vel felis ut laoreet. Pellentesque habitant morbi tristique senectus et netus et malesuada fames ac turpis egestas. Sed ut tempus enim. Maecenas quis suscipit tortor. Etiam consequat magna ante, eu dapibus est tincidunt eu. Morbi molestie mauris vitae vestibulum pellentesque. Curabitur vel luctus purus. Vivamus ornare, augue vel laoreet ultrices, nibh lacus faucibus nunc, lacinia commodo nisl turpis sed ex. Vestibulum gravida tortor sed nisl finibus porttitor. Sed lorem ipsum, pharetra et tincidunt a, venenatis at ex. Nunc ac risus et lacus ornare sagittis vitae et velit. Donec luctus auctor quam vel sollicitudin. Maecenas cursus risus tellus, et porta augue vehicula a. Aliquam porta pellentesque ultrices.", "type": "text", "style": "", "detail": 0, "format": 0, "version": 1}], "direction": null, "textStyle": "", "textFormat": 0}, {"type": "paragraph", "format": "", "indent": 0, "version": 1, "children": [{"mode": "normal", "text": "Vivamus felis turpis, blandit ut tellus id, commodo tristique nisi. Donec at eros porttitor, consequat mi at, tempor felis. Donec dignissim tincidunt nibh id rutrum. Phasellus et massa condimentum velit dapibus facilisis. Phasellus in mauris erat. Morbi at suscipit enim. Vestibulum fermentum ligula id erat ultricies iaculis. Pellentesque nec nisi sapien. Etiam volutpat a magna sit amet volutpat. Duis metus lorem, venenatis ac sodales eu, placerat in sapien. Vestibulum vel mollis nisl. Quisque eu aliquet orci, posuere fringilla erat. Vivamus tempus enim ut risus sollicitudin, quis volutpat dui mollis. Duis hendrerit felis diam, ac rhoncus felis sollicitudin ac. Donec vel aliquam ipsum. Integer at nisi ullamcorper, rhoncus neque ac, mattis massa.", "type": "text", "style": "", "detail": 0, "format": 0, "version": 1}], "direction": null, "textStyle": "", "textFormat": 0}, {"type": "paragraph", "format": "", "indent": 0, "version": 1, "children": [{"mode": "normal", "text": "Fusce a suscipit orci, vitae dictum lorem. Nulla sit amet ante arcu. Aliquam ornare in urna eget varius. Donec facilisis, dui pharetra rutrum eleifend, diam mi consequat leo, sit amet iaculis erat metus ac neque. Pellentesque id nisl sed arcu tincidunt egestas. Ut sit amet lobortis erat. Proin erat dui, luctus sit amet dictum et, hendrerit quis risus. Proin quis elementum magna, in consequat nisi. Aliquam tincidunt gravida cursus. Sed ac lorem a purus pulvinar cursus. Vivamus sem sapien, vehicula quis erat nec, ultricies eleifend felis. Duis a quam pharetra, rutrum lorem vitae, semper ligula. Vestibulum a risus molestie, pharetra ligula id, aliquam arcu.", "type": "text", "style": "", "detail": 0, "format": 0, "version": 1}], "direction": null, "textStyle": "", "textFormat": 0}, {"type": "paragraph", "format": "", "indent": 0, "version": 1, "children": [{"mode": "normal", "text": "Fusce pellentesque in justo non vestibulum. Donec eu lectus gravida, elementum est quis, malesuada nisl. Aenean ut imperdiet neque. Nunc varius euismod condimentum. Praesent ex purus, volutpat sed facilisis sed, laoreet quis lacus. Vestibulum sed erat auctor neque cursus maximus non in lorem. Integer volutpat quam vel gravida consectetur.", "type": "text", "style": "", "detail": 0, "format": 0, "version": 1}], "direction": null, "textStyle": "", "textFormat": 0}], "direction": null}}	post 4 | Payload Website Template	\N	Lorem ipsum dolor sit amet, consectetur adipiscing elit. Proin in vestibulum eros. Nunc ullamcorper eu odio et sollicitudin. Proin vitae nisi id le\n	2025-10-27 00:00:00+01	post-6	f	2025-10-27 20:18:29.532+01	2025-10-27 20:19:14.986+01	draft	2025-10-27 20:19:14.989+01	2025-10-27 20:19:14.989+01	f	f
66	10	Lorem ipsum dolor sit amet, consectetur adipiscing elit	\N	{"root": {"type": "root", "format": "", "indent": 0, "version": 1, "children": [{"type": "paragraph", "format": "", "indent": 0, "version": 1, "children": [{"mode": "normal", "text": "Lorem ipsum dolor sit amet, consectetur adipiscing elit. Proin in vestibulum eros. Nunc ullamcorper eu odio et sollicitudin. Proin vitae nisi id lectus egestas posuere eu aliquam mi. Sed tempor sodales arcu, id euismod orci maximus quis. Morbi eu est felis. Cras nec sem volutpat, sodales metus et, feugiat est. Aliquam iaculis consequat nisl ac aliquam. Pellentesque sit amet ipsum dui. Mauris elit nunc, fringilla et leo eget, varius consectetur odio. Donec tortor nisi, auctor non tincidunt sagittis, iaculis pretium augue. Nunc ut pellentesque risus. Aliquam sit amet sodales justo.", "type": "text", "style": "", "detail": 0, "format": 0, "version": 1}], "direction": null, "textStyle": "", "textFormat": 0}, {"type": "paragraph", "format": "", "indent": 0, "version": 1, "children": [{"mode": "normal", "text": "Sed consectetur vel felis ut laoreet. Pellentesque habitant morbi tristique senectus et netus et malesuada fames ac turpis egestas. Sed ut tempus enim. Maecenas quis suscipit tortor. Etiam consequat magna ante, eu dapibus est tincidunt eu. Morbi molestie mauris vitae vestibulum pellentesque. Curabitur vel luctus purus. Vivamus ornare, augue vel laoreet ultrices, nibh lacus faucibus nunc, lacinia commodo nisl turpis sed ex. Vestibulum gravida tortor sed nisl finibus porttitor. Sed lorem ipsum, pharetra et tincidunt a, venenatis at ex. Nunc ac risus et lacus ornare sagittis vitae et velit. Donec luctus auctor quam vel sollicitudin. Maecenas cursus risus tellus, et porta augue vehicula a. Aliquam porta pellentesque ultrices.", "type": "text", "style": "", "detail": 0, "format": 0, "version": 1}], "direction": null, "textStyle": "", "textFormat": 0}, {"type": "paragraph", "format": "", "indent": 0, "version": 1, "children": [{"mode": "normal", "text": "Vivamus felis turpis, blandit ut tellus id, commodo tristique nisi. Donec at eros porttitor, consequat mi at, tempor felis. Donec dignissim tincidunt nibh id rutrum. Phasellus et massa condimentum velit dapibus facilisis. Phasellus in mauris erat. Morbi at suscipit enim. Vestibulum fermentum ligula id erat ultricies iaculis. Pellentesque nec nisi sapien. Etiam volutpat a magna sit amet volutpat. Duis metus lorem, venenatis ac sodales eu, placerat in sapien. Vestibulum vel mollis nisl. Quisque eu aliquet orci, posuere fringilla erat. Vivamus tempus enim ut risus sollicitudin, quis volutpat dui mollis. Duis hendrerit felis diam, ac rhoncus felis sollicitudin ac. Donec vel aliquam ipsum. Integer at nisi ullamcorper, rhoncus neque ac, mattis massa.", "type": "text", "style": "", "detail": 0, "format": 0, "version": 1}], "direction": null, "textStyle": "", "textFormat": 0}, {"type": "paragraph", "format": "", "indent": 0, "version": 1, "children": [{"mode": "normal", "text": "Fusce a suscipit orci, vitae dictum lorem. Nulla sit amet ante arcu. Aliquam ornare in urna eget varius. Donec facilisis, dui pharetra rutrum eleifend, diam mi consequat leo, sit amet iaculis erat metus ac neque. Pellentesque id nisl sed arcu tincidunt egestas. Ut sit amet lobortis erat. Proin erat dui, luctus sit amet dictum et, hendrerit quis risus. Proin quis elementum magna, in consequat nisi. Aliquam tincidunt gravida cursus. Sed ac lorem a purus pulvinar cursus. Vivamus sem sapien, vehicula quis erat nec, ultricies eleifend felis. Duis a quam pharetra, rutrum lorem vitae, semper ligula. Vestibulum a risus molestie, pharetra ligula id, aliquam arcu.", "type": "text", "style": "", "detail": 0, "format": 0, "version": 1}], "direction": null, "textStyle": "", "textFormat": 0}, {"type": "paragraph", "format": "", "indent": 0, "version": 1, "children": [{"mode": "normal", "text": "Fusce pellentesque in justo non vestibulum. Donec eu lectus gravida, elementum est quis, malesuada nisl. Aenean ut imperdiet neque. Nunc varius euismod condimentum. Praesent ex purus, volutpat sed facilisis sed, laoreet quis lacus. Vestibulum sed erat auctor neque cursus maximus non in lorem. Integer volutpat quam vel gravida consectetur.", "type": "text", "style": "", "detail": 0, "format": 0, "version": 1}], "direction": null, "textStyle": "", "textFormat": 0}], "direction": null}}	Lorem ipsum dolor sit amet, consectetur adipiscing elitare w	\N	Lorem ipsum dolor sit amet, consectetur adipiscing elit. Proin in vestibulum eros. Nunc ullamcorper eu odio et sollicitudin. Proin vitae nisi id le a\n	2025-10-27 00:00:00+01	lorem-ipsum-dolor-sit-amet-consectetur-adipiscing-elit	f	2025-10-29 19:10:39.421+01	2025-10-28 17:46:32.007+01	published	2025-10-29 19:10:39.426+01	2025-10-29 19:10:39.426+01	f	f
60	10	Lorem ipsum dolor sit amet, consectetur adipiscing elit	\N	{"root": {"type": "root", "format": "", "indent": 0, "version": 1, "children": [{"type": "paragraph", "format": "", "indent": 0, "version": 1, "children": [{"mode": "normal", "text": "Lorem ipsum dolor sit amet, consectetur adipiscing elit. Proin in vestibulum eros. Nunc ullamcorper eu odio et sollicitudin. Proin vitae nisi id lectus egestas posuere eu aliquam mi. Sed tempor sodales arcu, id euismod orci maximus quis. Morbi eu est felis. Cras nec sem volutpat, sodales metus et, feugiat est. Aliquam iaculis consequat nisl ac aliquam. Pellentesque sit amet ipsum dui. Mauris elit nunc, fringilla et leo eget, varius consectetur odio. Donec tortor nisi, auctor non tincidunt sagittis, iaculis pretium augue. Nunc ut pellentesque risus. Aliquam sit amet sodales justo.", "type": "text", "style": "", "detail": 0, "format": 0, "version": 1}], "direction": null, "textStyle": "", "textFormat": 0}, {"type": "paragraph", "format": "", "indent": 0, "version": 1, "children": [{"mode": "normal", "text": "Sed consectetur vel felis ut laoreet. Pellentesque habitant morbi tristique senectus et netus et malesuada fames ac turpis egestas. Sed ut tempus enim. Maecenas quis suscipit tortor. Etiam consequat magna ante, eu dapibus est tincidunt eu. Morbi molestie mauris vitae vestibulum pellentesque. Curabitur vel luctus purus. Vivamus ornare, augue vel laoreet ultrices, nibh lacus faucibus nunc, lacinia commodo nisl turpis sed ex. Vestibulum gravida tortor sed nisl finibus porttitor. Sed lorem ipsum, pharetra et tincidunt a, venenatis at ex. Nunc ac risus et lacus ornare sagittis vitae et velit. Donec luctus auctor quam vel sollicitudin. Maecenas cursus risus tellus, et porta augue vehicula a. Aliquam porta pellentesque ultrices.", "type": "text", "style": "", "detail": 0, "format": 0, "version": 1}], "direction": null, "textStyle": "", "textFormat": 0}, {"type": "paragraph", "format": "", "indent": 0, "version": 1, "children": [{"mode": "normal", "text": "Vivamus felis turpis, blandit ut tellus id, commodo tristique nisi. Donec at eros porttitor, consequat mi at, tempor felis. Donec dignissim tincidunt nibh id rutrum. Phasellus et massa condimentum velit dapibus facilisis. Phasellus in mauris erat. Morbi at suscipit enim. Vestibulum fermentum ligula id erat ultricies iaculis. Pellentesque nec nisi sapien. Etiam volutpat a magna sit amet volutpat. Duis metus lorem, venenatis ac sodales eu, placerat in sapien. Vestibulum vel mollis nisl. Quisque eu aliquet orci, posuere fringilla erat. Vivamus tempus enim ut risus sollicitudin, quis volutpat dui mollis. Duis hendrerit felis diam, ac rhoncus felis sollicitudin ac. Donec vel aliquam ipsum. Integer at nisi ullamcorper, rhoncus neque ac, mattis massa.", "type": "text", "style": "", "detail": 0, "format": 0, "version": 1}], "direction": null, "textStyle": "", "textFormat": 0}, {"type": "paragraph", "format": "", "indent": 0, "version": 1, "children": [{"mode": "normal", "text": "Fusce a suscipit orci, vitae dictum lorem. Nulla sit amet ante arcu. Aliquam ornare in urna eget varius. Donec facilisis, dui pharetra rutrum eleifend, diam mi consequat leo, sit amet iaculis erat metus ac neque. Pellentesque id nisl sed arcu tincidunt egestas. Ut sit amet lobortis erat. Proin erat dui, luctus sit amet dictum et, hendrerit quis risus. Proin quis elementum magna, in consequat nisi. Aliquam tincidunt gravida cursus. Sed ac lorem a purus pulvinar cursus. Vivamus sem sapien, vehicula quis erat nec, ultricies eleifend felis. Duis a quam pharetra, rutrum lorem vitae, semper ligula. Vestibulum a risus molestie, pharetra ligula id, aliquam arcu.", "type": "text", "style": "", "detail": 0, "format": 0, "version": 1}], "direction": null, "textStyle": "", "textFormat": 0}, {"type": "paragraph", "format": "", "indent": 0, "version": 1, "children": [{"mode": "normal", "text": "Fusce pellentesque in justo non vestibulum. Donec eu lectus gravida, elementum est quis, malesuada nisl. Aenean ut imperdiet neque. Nunc varius euismod condimentum. Praesent ex purus, volutpat sed facilisis sed, laoreet quis lacus. Vestibulum sed erat auctor neque cursus maximus non in lorem. Integer volutpat quam vel gravida consectetur.", "type": "text", "style": "", "detail": 0, "format": 0, "version": 1}], "direction": null, "textStyle": "", "textFormat": 0}], "direction": null}}	post 4 | Payload Website Template	\N	Lorem ipsum dolor sit amet, consectetur adipiscing elit. Proin in vestibulum eros. Nunc ullamcorper eu odio et sollicitudin. Proin vitae nisi id le\n	2025-10-27 00:00:00+01	lorem-ipsum-dolor-sit-amet-consectetur-adipiscing-elit	f	2025-10-29 09:58:54.283+01	2025-10-28 17:46:32.007+01	published	2025-10-29 09:58:54.287+01	2025-10-29 09:58:54.287+01	f	f
61	10	Lorem ipsum dolor sit amet, consectetur adipiscing elit	\N	{"root": {"type": "root", "format": "", "indent": 0, "version": 1, "children": [{"type": "paragraph", "format": "", "indent": 0, "version": 1, "children": [{"mode": "normal", "text": "Lorem ipsum dolor sit amet, consectetur adipiscing elit. Proin in vestibulum eros. Nunc ullamcorper eu odio et sollicitudin. Proin vitae nisi id lectus egestas posuere eu aliquam mi. Sed tempor sodales arcu, id euismod orci maximus quis. Morbi eu est felis. Cras nec sem volutpat, sodales metus et, feugiat est. Aliquam iaculis consequat nisl ac aliquam. Pellentesque sit amet ipsum dui. Mauris elit nunc, fringilla et leo eget, varius consectetur odio. Donec tortor nisi, auctor non tincidunt sagittis, iaculis pretium augue. Nunc ut pellentesque risus. Aliquam sit amet sodales justo.", "type": "text", "style": "", "detail": 0, "format": 0, "version": 1}], "direction": null, "textStyle": "", "textFormat": 0}, {"type": "paragraph", "format": "", "indent": 0, "version": 1, "children": [{"mode": "normal", "text": "Sed consectetur vel felis ut laoreet. Pellentesque habitant morbi tristique senectus et netus et malesuada fames ac turpis egestas. Sed ut tempus enim. Maecenas quis suscipit tortor. Etiam consequat magna ante, eu dapibus est tincidunt eu. Morbi molestie mauris vitae vestibulum pellentesque. Curabitur vel luctus purus. Vivamus ornare, augue vel laoreet ultrices, nibh lacus faucibus nunc, lacinia commodo nisl turpis sed ex. Vestibulum gravida tortor sed nisl finibus porttitor. Sed lorem ipsum, pharetra et tincidunt a, venenatis at ex. Nunc ac risus et lacus ornare sagittis vitae et velit. Donec luctus auctor quam vel sollicitudin. Maecenas cursus risus tellus, et porta augue vehicula a. Aliquam porta pellentesque ultrices.", "type": "text", "style": "", "detail": 0, "format": 0, "version": 1}], "direction": null, "textStyle": "", "textFormat": 0}, {"type": "paragraph", "format": "", "indent": 0, "version": 1, "children": [{"mode": "normal", "text": "Vivamus felis turpis, blandit ut tellus id, commodo tristique nisi. Donec at eros porttitor, consequat mi at, tempor felis. Donec dignissim tincidunt nibh id rutrum. Phasellus et massa condimentum velit dapibus facilisis. Phasellus in mauris erat. Morbi at suscipit enim. Vestibulum fermentum ligula id erat ultricies iaculis. Pellentesque nec nisi sapien. Etiam volutpat a magna sit amet volutpat. Duis metus lorem, venenatis ac sodales eu, placerat in sapien. Vestibulum vel mollis nisl. Quisque eu aliquet orci, posuere fringilla erat. Vivamus tempus enim ut risus sollicitudin, quis volutpat dui mollis. Duis hendrerit felis diam, ac rhoncus felis sollicitudin ac. Donec vel aliquam ipsum. Integer at nisi ullamcorper, rhoncus neque ac, mattis massa.", "type": "text", "style": "", "detail": 0, "format": 0, "version": 1}], "direction": null, "textStyle": "", "textFormat": 0}, {"type": "paragraph", "format": "", "indent": 0, "version": 1, "children": [{"mode": "normal", "text": "Fusce a suscipit orci, vitae dictum lorem. Nulla sit amet ante arcu. Aliquam ornare in urna eget varius. Donec facilisis, dui pharetra rutrum eleifend, diam mi consequat leo, sit amet iaculis erat metus ac neque. Pellentesque id nisl sed arcu tincidunt egestas. Ut sit amet lobortis erat. Proin erat dui, luctus sit amet dictum et, hendrerit quis risus. Proin quis elementum magna, in consequat nisi. Aliquam tincidunt gravida cursus. Sed ac lorem a purus pulvinar cursus. Vivamus sem sapien, vehicula quis erat nec, ultricies eleifend felis. Duis a quam pharetra, rutrum lorem vitae, semper ligula. Vestibulum a risus molestie, pharetra ligula id, aliquam arcu.", "type": "text", "style": "", "detail": 0, "format": 0, "version": 1}], "direction": null, "textStyle": "", "textFormat": 0}, {"type": "paragraph", "format": "", "indent": 0, "version": 1, "children": [{"mode": "normal", "text": "Fusce pellentesque in justo non vestibulum. Donec eu lectus gravida, elementum est quis, malesuada nisl. Aenean ut imperdiet neque. Nunc varius euismod condimentum. Praesent ex purus, volutpat sed facilisis sed, laoreet quis lacus. Vestibulum sed erat auctor neque cursus maximus non in lorem. Integer volutpat quam vel gravida consectetur.", "type": "text", "style": "", "detail": 0, "format": 0, "version": 1}], "direction": null, "textStyle": "", "textFormat": 0}], "direction": null}}	Lorem ipsum dolor sit amet, consectetur adipiscing elitare w	\N	Lorem ipsum dolor sit amet, consectetur adipiscing elit. Proin in vestibulum eros. Nunc ullamcorper eu odio et sollicitudin. Proin vitae nisi id le\n	2025-10-27 00:00:00+01	lorem-ipsum-dolor-sit-amet-consectetur-adipiscing-elit	f	2025-10-29 19:08:23.496+01	2025-10-28 17:46:32.007+01	draft	2025-10-29 19:07:57.653+01	2025-10-29 19:08:23.496+01	f	t
56	10	post 10	\N	{"root": {"type": "root", "format": "", "indent": 0, "version": 1, "children": [{"type": "paragraph", "format": "", "indent": 0, "version": 1, "children": [{"mode": "normal", "text": "Lorem ipsum dolor sit amet, consectetur adipiscing elit. Proin in vestibulum eros. Nunc ullamcorper eu odio et sollicitudin. Proin vitae nisi id lectus egestas posuere eu aliquam mi. Sed tempor sodales arcu, id euismod orci maximus quis. Morbi eu est felis. Cras nec sem volutpat, sodales metus et, feugiat est. Aliquam iaculis consequat nisl ac aliquam. Pellentesque sit amet ipsum dui. Mauris elit nunc, fringilla et leo eget, varius consectetur odio. Donec tortor nisi, auctor non tincidunt sagittis, iaculis pretium augue. Nunc ut pellentesque risus. Aliquam sit amet sodales justo.", "type": "text", "style": "", "detail": 0, "format": 0, "version": 1}], "direction": null, "textStyle": "", "textFormat": 0}, {"type": "paragraph", "format": "", "indent": 0, "version": 1, "children": [{"mode": "normal", "text": "Sed consectetur vel felis ut laoreet. Pellentesque habitant morbi tristique senectus et netus et malesuada fames ac turpis egestas. Sed ut tempus enim. Maecenas quis suscipit tortor. Etiam consequat magna ante, eu dapibus est tincidunt eu. Morbi molestie mauris vitae vestibulum pellentesque. Curabitur vel luctus purus. Vivamus ornare, augue vel laoreet ultrices, nibh lacus faucibus nunc, lacinia commodo nisl turpis sed ex. Vestibulum gravida tortor sed nisl finibus porttitor. Sed lorem ipsum, pharetra et tincidunt a, venenatis at ex. Nunc ac risus et lacus ornare sagittis vitae et velit. Donec luctus auctor quam vel sollicitudin. Maecenas cursus risus tellus, et porta augue vehicula a. Aliquam porta pellentesque ultrices.", "type": "text", "style": "", "detail": 0, "format": 0, "version": 1}], "direction": null, "textStyle": "", "textFormat": 0}, {"type": "paragraph", "format": "", "indent": 0, "version": 1, "children": [{"mode": "normal", "text": "Vivamus felis turpis, blandit ut tellus id, commodo tristique nisi. Donec at eros porttitor, consequat mi at, tempor felis. Donec dignissim tincidunt nibh id rutrum. Phasellus et massa condimentum velit dapibus facilisis. Phasellus in mauris erat. Morbi at suscipit enim. Vestibulum fermentum ligula id erat ultricies iaculis. Pellentesque nec nisi sapien. Etiam volutpat a magna sit amet volutpat. Duis metus lorem, venenatis ac sodales eu, placerat in sapien. Vestibulum vel mollis nisl. Quisque eu aliquet orci, posuere fringilla erat. Vivamus tempus enim ut risus sollicitudin, quis volutpat dui mollis. Duis hendrerit felis diam, ac rhoncus felis sollicitudin ac. Donec vel aliquam ipsum. Integer at nisi ullamcorper, rhoncus neque ac, mattis massa.", "type": "text", "style": "", "detail": 0, "format": 0, "version": 1}], "direction": null, "textStyle": "", "textFormat": 0}, {"type": "paragraph", "format": "", "indent": 0, "version": 1, "children": [{"mode": "normal", "text": "Fusce a suscipit orci, vitae dictum lorem. Nulla sit amet ante arcu. Aliquam ornare in urna eget varius. Donec facilisis, dui pharetra rutrum eleifend, diam mi consequat leo, sit amet iaculis erat metus ac neque. Pellentesque id nisl sed arcu tincidunt egestas. Ut sit amet lobortis erat. Proin erat dui, luctus sit amet dictum et, hendrerit quis risus. Proin quis elementum magna, in consequat nisi. Aliquam tincidunt gravida cursus. Sed ac lorem a purus pulvinar cursus. Vivamus sem sapien, vehicula quis erat nec, ultricies eleifend felis. Duis a quam pharetra, rutrum lorem vitae, semper ligula. Vestibulum a risus molestie, pharetra ligula id, aliquam arcu.", "type": "text", "style": "", "detail": 0, "format": 0, "version": 1}], "direction": null, "textStyle": "", "textFormat": 0}, {"type": "paragraph", "format": "", "indent": 0, "version": 1, "children": [{"mode": "normal", "text": "Fusce pellentesque in justo non vestibulum. Donec eu lectus gravida, elementum est quis, malesuada nisl. Aenean ut imperdiet neque. Nunc varius euismod condimentum. Praesent ex purus, volutpat sed facilisis sed, laoreet quis lacus. Vestibulum sed erat auctor neque cursus maximus non in lorem. Integer volutpat quam vel gravida consectetur.", "type": "text", "style": "", "detail": 0, "format": 0, "version": 1}], "direction": null, "textStyle": "", "textFormat": 0}], "direction": null}}	post 4 | Payload Website Template	\N	Lorem ipsum dolor sit amet, consectetur adipiscing elit. Proin in vestibulum eros. Nunc ullamcorper eu odio et sollicitudin. Proin vitae nisi id le\n	2025-10-27 00:00:00+01	post-10	f	2025-10-28 17:46:39.613+01	2025-10-28 17:46:32.007+01	published	2025-10-28 17:46:39.617+01	2025-10-28 17:46:39.617+01	f	f
55	10	post 10	\N	{"root": {"type": "root", "format": "", "indent": 0, "version": 1, "children": [{"type": "paragraph", "format": "", "indent": 0, "version": 1, "children": [{"mode": "normal", "text": "Lorem ipsum dolor sit amet, consectetur adipiscing elit. Proin in vestibulum eros. Nunc ullamcorper eu odio et sollicitudin. Proin vitae nisi id lectus egestas posuere eu aliquam mi. Sed tempor sodales arcu, id euismod orci maximus quis. Morbi eu est felis. Cras nec sem volutpat, sodales metus et, feugiat est. Aliquam iaculis consequat nisl ac aliquam. Pellentesque sit amet ipsum dui. Mauris elit nunc, fringilla et leo eget, varius consectetur odio. Donec tortor nisi, auctor non tincidunt sagittis, iaculis pretium augue. Nunc ut pellentesque risus. Aliquam sit amet sodales justo.", "type": "text", "style": "", "detail": 0, "format": 0, "version": 1}], "direction": null, "textStyle": "", "textFormat": 0}, {"type": "paragraph", "format": "", "indent": 0, "version": 1, "children": [{"mode": "normal", "text": "Sed consectetur vel felis ut laoreet. Pellentesque habitant morbi tristique senectus et netus et malesuada fames ac turpis egestas. Sed ut tempus enim. Maecenas quis suscipit tortor. Etiam consequat magna ante, eu dapibus est tincidunt eu. Morbi molestie mauris vitae vestibulum pellentesque. Curabitur vel luctus purus. Vivamus ornare, augue vel laoreet ultrices, nibh lacus faucibus nunc, lacinia commodo nisl turpis sed ex. Vestibulum gravida tortor sed nisl finibus porttitor. Sed lorem ipsum, pharetra et tincidunt a, venenatis at ex. Nunc ac risus et lacus ornare sagittis vitae et velit. Donec luctus auctor quam vel sollicitudin. Maecenas cursus risus tellus, et porta augue vehicula a. Aliquam porta pellentesque ultrices.", "type": "text", "style": "", "detail": 0, "format": 0, "version": 1}], "direction": null, "textStyle": "", "textFormat": 0}, {"type": "paragraph", "format": "", "indent": 0, "version": 1, "children": [{"mode": "normal", "text": "Vivamus felis turpis, blandit ut tellus id, commodo tristique nisi. Donec at eros porttitor, consequat mi at, tempor felis. Donec dignissim tincidunt nibh id rutrum. Phasellus et massa condimentum velit dapibus facilisis. Phasellus in mauris erat. Morbi at suscipit enim. Vestibulum fermentum ligula id erat ultricies iaculis. Pellentesque nec nisi sapien. Etiam volutpat a magna sit amet volutpat. Duis metus lorem, venenatis ac sodales eu, placerat in sapien. Vestibulum vel mollis nisl. Quisque eu aliquet orci, posuere fringilla erat. Vivamus tempus enim ut risus sollicitudin, quis volutpat dui mollis. Duis hendrerit felis diam, ac rhoncus felis sollicitudin ac. Donec vel aliquam ipsum. Integer at nisi ullamcorper, rhoncus neque ac, mattis massa.", "type": "text", "style": "", "detail": 0, "format": 0, "version": 1}], "direction": null, "textStyle": "", "textFormat": 0}, {"type": "paragraph", "format": "", "indent": 0, "version": 1, "children": [{"mode": "normal", "text": "Fusce a suscipit orci, vitae dictum lorem. Nulla sit amet ante arcu. Aliquam ornare in urna eget varius. Donec facilisis, dui pharetra rutrum eleifend, diam mi consequat leo, sit amet iaculis erat metus ac neque. Pellentesque id nisl sed arcu tincidunt egestas. Ut sit amet lobortis erat. Proin erat dui, luctus sit amet dictum et, hendrerit quis risus. Proin quis elementum magna, in consequat nisi. Aliquam tincidunt gravida cursus. Sed ac lorem a purus pulvinar cursus. Vivamus sem sapien, vehicula quis erat nec, ultricies eleifend felis. Duis a quam pharetra, rutrum lorem vitae, semper ligula. Vestibulum a risus molestie, pharetra ligula id, aliquam arcu.", "type": "text", "style": "", "detail": 0, "format": 0, "version": 1}], "direction": null, "textStyle": "", "textFormat": 0}, {"type": "paragraph", "format": "", "indent": 0, "version": 1, "children": [{"mode": "normal", "text": "Fusce pellentesque in justo non vestibulum. Donec eu lectus gravida, elementum est quis, malesuada nisl. Aenean ut imperdiet neque. Nunc varius euismod condimentum. Praesent ex purus, volutpat sed facilisis sed, laoreet quis lacus. Vestibulum sed erat auctor neque cursus maximus non in lorem. Integer volutpat quam vel gravida consectetur.", "type": "text", "style": "", "detail": 0, "format": 0, "version": 1}], "direction": null, "textStyle": "", "textFormat": 0}], "direction": null}}	post 4 | Payload Website Template	\N	Lorem ipsum dolor sit amet, consectetur adipiscing elit. Proin in vestibulum eros. Nunc ullamcorper eu odio et sollicitudin. Proin vitae nisi id le\n	2025-10-27 00:00:00+01	post-10	f	2025-10-28 17:46:37.982+01	2025-10-28 17:46:32.007+01	draft	2025-10-28 17:46:34.78+01	2025-10-28 17:46:37.982+01	f	t
32	3	Tres pasos para aplicar en las aulas	\N	{"root": {"type": "root", "format": "", "indent": 0, "version": 1, "children": [{"type": "paragraph", "format": "", "indent": 0, "version": 1, "children": [], "direction": null, "textStyle": "", "textFormat": 0}, {"type": "paragraph", "format": "", "indent": 0, "version": 1, "children": [{"mode": "normal", "text": "lorem", "type": "text", "style": "", "detail": 0, "format": 0, "version": 1}], "direction": null, "textStyle": "", "textFormat": 0}], "direction": null}}	Tres pasos para aplicar en las aulas | Payload Website Template	\N	Lorem ipsum dolor sit amet, consectetur adipiscing elit. Proin in vestibulum eros. Nunc ullamcorper eu odio et sollicitudin. Proin vitae 	2025-10-27 00:00:00+01	tres-pasos-para-aplicar-en-las-aulas	f	2025-10-27 20:08:29.145+01	2025-10-27 19:36:34.888+01	draft	2025-10-27 20:08:29.149+01	2025-10-27 20:08:29.149+01	f	f
29	3	Tres pasos para aplicar en las aulas	\N	{"root": {"type": "root", "format": "", "indent": 0, "version": 1, "children": [{"type": "paragraph", "format": "", "indent": 0, "version": 1, "children": [], "direction": null, "textStyle": "", "textFormat": 0}, {"type": "paragraph", "format": "", "indent": 0, "version": 1, "children": [{"mode": "normal", "text": "lorem", "type": "text", "style": "", "detail": 0, "format": 0, "version": 1}], "direction": null, "textStyle": "", "textFormat": 0}], "direction": null}}	Tres pasos para aplicar en las aulas | Payload Website Template	\N	Lorem ipsum dolor sit amet, consectetur adipiscing elit. Proin in vestibulum eros. Nunc ullamcorper eu odio et sollicitudin. Proin vitae 	2025-10-27 00:00:00+01	tres-pasos-para-aplicar-en-las-aulas	f	2025-10-27 19:39:20.819+01	2025-10-27 19:36:34.888+01	published	2025-10-27 19:39:20.822+01	2025-10-27 19:39:20.822+01	f	f
33	3	Tres pasos para aplicar en las aulas	\N	{"root": {"type": "root", "format": "", "indent": 0, "version": 1, "children": [{"type": "paragraph", "format": "", "indent": 0, "version": 1, "children": [], "direction": null, "textStyle": "", "textFormat": 0}, {"type": "paragraph", "format": "", "indent": 0, "version": 1, "children": [{"mode": "normal", "text": "lorem", "type": "text", "style": "", "detail": 0, "format": 0, "version": 1}], "direction": null, "textStyle": "", "textFormat": 0}], "direction": null}}	Tres pasos para aplicar en las aulas | Payload Website Template	\N	Lorem ipsum dolor sit amet, consectetur adipiscing elit. Proin in vestibulum eros. Nunc ullamcorper eu odio et sollicitudin. Proin vitae 	2025-10-27 00:00:00+01	tres-pasos-para-aplicar-en-las-aulas	f	2025-10-27 20:08:45.243+01	2025-10-27 19:36:34.888+01	published	2025-10-27 20:08:45.247+01	2025-10-27 20:08:45.247+01	f	f
28	3	Tres pasos para aplicar en las aulas	\N	{"root": {"type": "root", "format": "", "indent": 0, "version": 1, "children": [{"type": "paragraph", "format": "", "indent": 0, "version": 1, "children": [], "direction": null, "textStyle": "", "textFormat": 0}, {"type": "paragraph", "format": "", "indent": 0, "version": 1, "children": [{"mode": "normal", "text": "lorem", "type": "text", "style": "", "detail": 0, "format": 0, "version": 1}], "direction": null, "textStyle": "", "textFormat": 0}], "direction": null}}	Tres pasos para aplicar en las aulas | Payload Website Template	\N	Lorem ipsum dolor sit amet, consectetur adipiscing elit. Proin in vestibulum eros. Nunc ullamcorper eu odio et sollicitudin. Proin vitae 	2025-10-27 00:00:00+01	tres-pasos-para-aplicar-en-las-aulas	f	2025-10-27 19:39:15.68+01	2025-10-27 19:36:34.888+01	draft	2025-10-27 19:36:57.407+01	2025-10-27 19:39:15.68+01	f	t
26	2	post 2	\N	{"root": {"type": "root", "format": "", "indent": 0, "version": 1, "children": [{"tag": "h1", "type": "heading", "format": "", "indent": 0, "version": 1, "children": [{"mode": "normal", "text": "Lorem ipsum dolor sit ameta", "type": "text", "style": "", "detail": 0, "format": 0, "version": 1}], "direction": null}, {"type": "paragraph", "format": "", "indent": 0, "version": 1, "children": [{"mode": "normal", "text": ", consectetur adipiscing elit. Maecenas tempor mollis ipsum et volutpat. Integer faucibus metus at tortor posuere vestibulum. Nulla iaculis id massa ut euismod. Nullam dignissim vehicula orci nec condimentum. Fusce gravida, diam ac ultricies consectetur, neque turpis ullamcorper eros, eget placerat dolor augue sed augue. Integer ut nisi nec nisl maximus lacinia sed vehicula mauris. Pellentesque aliquet nibh at metus cursus congue vel nec leo. Mauris maximus ac leo vitae dapibus. Nam pretium lectus accumsan augue pellentesque euismod. Ut laoreet facilisis vehicula. Morbi velit purus, mattis eget libero vel, dictum venenatis erat. Suspendisse sapien metus, consectetur in tempor eu, scelerisque vitae elit. Nulla facilisi.", "type": "text", "style": "", "detail": 0, "format": 0, "version": 1}], "direction": null, "textStyle": "", "textFormat": 0}, {"type": "paragraph", "format": "", "indent": 0, "version": 1, "children": [{"mode": "normal", "text": "Duis quis turpis non purus porttitor luctus et sit amet nulla", "type": "text", "style": "", "detail": 0, "format": 2, "version": 1}, {"mode": "normal", "text": ". Phasellus imperdiet eleifend ligula. Proin eu egestas turpis, molestie congue nisl. Aenean laoreet lorem lorem, ac lacinia lorem molestie interdum. Nunc sit amet commodo quam. Proin commodo rhoncus egestas. Donec fringilla leo augue, nec tempus leo gravida a. Aliquam at tristique enim. Aenean non semper lacus. Vivamus efficitur mollis laoreet. Praesent tempus dictum elit, eget volutpat sapien euismod hendrerit. Sed tempor odio vitae lectus congue, sed blandit massa fermentum.", "type": "text", "style": "", "detail": 0, "format": 0, "version": 1}], "direction": null, "textStyle": "", "textFormat": 2}, {"type": "quote", "format": "", "indent": 0, "version": 1, "children": [{"mode": "normal", "text": "In non justo vel quam facilisis aliquam vitae pretium lorem. Sed vitae egestas turpis. Duis non tortor in eros eleifend laoreet. Pellentesque habitant morbi tristique senectus et netus et malesuada fames ac turpis egestas. Donec mauris lectus, vulputate ut egestas ut, iaculis a erat. Sed neque libero, semper nec semper a, vulputate vitae ipsum. Nam pulvinar nisi at orci condimentum, sed posuere nisi rutrum. Duis laoreet porttitor orci ut volutpat. Phasellus congue erat sit amet egestas aliquam. Morbi venenatis neque sit amet nunc porta finibus. Curabitur id velit lectus.", "type": "text", "style": "", "detail": 0, "format": 0, "version": 1}], "direction": null}, {"type": "paragraph", "format": "", "indent": 0, "version": 1, "children": [{"mode": "normal", "text": "Vivamus porta risus et erat interdum, a condimentum augue mollis. Proin pharetra, nunc ac volutpat dapibus, elit lacus egestas ante, a accumsan eros ante eleifend nibh. Nulla commodo eget sem quis facilisis. Pellentesque diam ante, ornare in blandit at, placerat vitae orci. Sed venenatis sapien ex, sit amet semper nunc pulvinar sed. Praesent eu quam vel mi scelerisque imperdiet. Phasellus in interdum elit. Proin pellentesque libero massa, condimentum pretium mi scelerisque at. Integer in sem sed sem pellentesque cursus id in tortor. Nullam id tristique dui. Sed et rhoncus ipsum, vitae ornare erat. Mauris sit amet odio dapibus dui porta congue. In egestas fringilla fermentum. Fusce vulputate faucibus diam, ac posuere urna feugiat nec.", "type": "text", "style": "", "detail": 0, "format": 0, "version": 1}], "direction": null, "textStyle": "", "textFormat": 0}, {"type": "paragraph", "format": "", "indent": 0, "version": 1, "children": [{"mode": "normal", "text": "Proin id porta tellus. Fusce suscipit turpis ac mattis scelerisque. Integer lacinia mi et posuere imperdiet. Donec ut ligula nec tellus maximus imperdiet. Nam egestas erat tincidunt, blandit sem quis, gravida lacus. Quisque dictum dapibus dictum. Aliquam ac urna sit amet sapien ultricies efficitur. Mauris ac tincidunt velit, sed aliquet diam. Praesent non risus sodales, sollicitudin lectus sagittis, convallis ante. Quisque imperdiet ante eget ligula vehicula placerat cursus vitae purus. Etiam eu venenatis orci.", "type": "text", "style": "", "detail": 0, "format": 0, "version": 1}], "direction": null, "textStyle": "", "textFormat": 0}, {"type": "block", "fields": {"id": "68fbb90a8a804de2de0fb8bb", "media": 24, "blockName": "", "blockType": "mediaBlock", "sectionName": "borrar"}, "format": "", "version": 2}, {"type": "paragraph", "format": "", "indent": 0, "version": 1, "children": [], "direction": null, "textStyle": "", "textFormat": 0}, {"type": "paragraph", "format": "", "indent": 0, "version": 1, "children": [{"mode": "normal", "text": "Donec ut vehicula lectus, at pellentesque orci. Phasellus lacinia viverra ex at fermentum. Nunc tincidunt nunc et lectus malesuada, id fermentum nisl facilisis. Donec elementum mollis massa varius scelerisque. Aliquam tincidunt nibh eu pellentesque consectetur. Morbi venenatis sapien lacus, sit amet vulputate elit tempus posuere. Proin ut facilisis felis, vel rhoncus felis. Integer imperdiet sem ut neque aliquam, eget vestibulum eros ultricies. Duis efficitur sem enim, sit amet tristique urna gravida non. Aliquam aliquet consectetur neque id tristique. Praesent sit amet erat quam. Nullam egestas orci id tellus scelerisque, vel ullamcorper dui dictum. Nulla tempus ac sapien nec porttitor.", "type": "text", "style": "", "detail": 0, "format": 0, "version": 1}], "direction": null, "textStyle": "", "textFormat": 0}, {"type": "paragraph", "format": "", "indent": 0, "version": 1, "children": [{"mode": "normal", "text": "Sed fermentum a lectus hendrerit ullamcorper. Nunc sagittis nec lacus vel volutpat. In ac enim eros. Nunc dapibus, turpis et faucibus vulputate, quam sapien dictum lorem, id varius tortor elit faucibus odio. Sed at justo ac nisl placerat vestibulum at in diam. Vivamus quis condimentum enim. Mauris vestibulum nec erat nec congue. Vestibulum luctus tincidunt tellus et iaculis. Integer at ligula mi. Fusce laoreet leo vel quam efficitur, vitae vulputate leo efficitur. Sed pharetra ligula vitae ex pharetra viverra. Donec metus justo, commodo in dictum sit amet, cursus quis enim. Phasellus laoreet quam sapien, vitae congue mauris posuere non. Interdum et malesuada fames ac ante ipsum primis in faucibus. Nullam euismod rhoncus arcu, a blandit est pharetra ac. Pellentesque sapien mauris, dapibus sit amet risus sit amet, tempor eleifend purus.", "type": "text", "style": "", "detail": 0, "format": 0, "version": 1}], "direction": null, "textStyle": "", "textFormat": 0}, {"type": "paragraph", "format": "", "indent": 0, "version": 1, "children": [{"mode": "normal", "text": "Pellentesque varius vel eros quis convallis. Cras nec purus diam. Suspendisse id lobortis velit. Fusce convallis nisl libero, nec pretium nunc dictum non. Nam ut egestas ipsum. Sed sem sapien, hendrerit in sollicitudin et, pulvinar in metus. Praesent iaculis tempor massa ac sollicitudin. Nunc vestibulum aliquet lectus sit amet volutpat. Suspendisse nec varius augue. Aliquam tellus lacus, euismod ut tortor non, rhoncus semper libero. Nunc ac fringilla magna, et ultrices diam. Fusce ac ipsum nisl.", "type": "text", "style": "", "detail": 0, "format": 0, "version": 1}], "direction": null, "textStyle": "", "textFormat": 0}, {"type": "paragraph", "format": "", "indent": 0, "version": 1, "children": [{"mode": "normal", "text": "Vestibulum erat ante, maximus eget ante vitae, ornare congue tortor. Nam nunc elit, ultricies quis tincidunt sit amet, dignissim eu mauris. Quisque congue lectus ut viverra interdum. Donec porta est ac tincidunt rutrum. Integer tempus ipsum rutrum, fringilla orci ut, feugiat erat. Aliquam a placerat justo. Sed vel dolor ultricies, sollicitudin sem id, fringilla diam. Nam eget lacus eu mauris sagittis fermentum eu vitae turpis. Nulla nisi massa, sagittis viverra ullamcorper nec, consequat vitae nisl. Maecenas molestie ligula id arcu malesuada viverra. Nunc nulla nibh, luctus ac augue vitae, imperdiet tempor est.", "type": "text", "style": "", "detail": 0, "format": 0, "version": 1}], "direction": null, "textStyle": "", "textFormat": 0}, {"type": "paragraph", "format": "", "indent": 0, "version": 1, "children": [{"mode": "normal", "text": "Nullam interdum sapien eget bibendum maximus. Duis ac massa ac dolor consectetur eleifend. Proin nec tempor nibh, vel molestie nisi. Nunc eros mi, laoreet ut porttitor rhoncus, vestibulum sit amet arcu. Nullam at pellentesque ligula. Sed id dignissim magna. In aliquam mi sapien, vitae ornare quam aliquet tempor.", "type": "text", "style": "", "detail": 0, "format": 0, "version": 1}], "direction": null, "textStyle": "", "textFormat": 0}], "direction": null}}	post 2 | Payload Website Template	\N	Lorem ipsum dolor sit amet, consectetur adipiscing elit. Maecenas tempor mollis ipsum et volutpat. Integer faucibus metus at tortor posuere vestibulu	2025-10-24 19:36:34.051+02	post-2	f	2025-10-27 10:02:36.886+01	2025-10-24 19:34:43.606+02	published	2025-10-27 10:02:36.89+01	2025-10-27 10:02:36.89+01	f	f
\.


--
-- TOC entry 5181 (class 0 OID 447948)
-- Dependencies: 325
-- Data for Name: _posts_v_rels; Type: TABLE DATA; Schema: public; Owner: postgres
--

COPY public._posts_v_rels (id, "order", parent_id, path, posts_id, categories_id, users_id, tags_id) FROM stdin;
1	1	6	version.categories	\N	1	\N	\N
2	1	7	version.categories	\N	1	\N	\N
281	1	39	version.categories	\N	2	\N	\N
4	1	8	version.categories	\N	1	\N	\N
5	1	9	version.categories	\N	1	\N	\N
6	1	10	version.categories	\N	1	\N	\N
7	1	10	version.authors	\N	\N	1	\N
8	1	11	version.categories	\N	1	\N	\N
9	1	11	version.authors	\N	\N	1	\N
282	1	39	version.tags	\N	\N	\N	1
11	1	15	version.authors	\N	\N	1	\N
12	1	16	version.authors	\N	\N	1	\N
283	1	39	version.authors	\N	\N	1	\N
15	1	17	version.relatedPosts	1	\N	\N	\N
16	1	17	version.categories	\N	1	\N	\N
17	1	17	version.authors	\N	\N	1	\N
18	1	18	version.relatedPosts	1	\N	\N	\N
19	1	18	version.categories	\N	1	\N	\N
20	1	18	version.authors	\N	\N	1	\N
691	1	81	version.categories	\N	2	\N	\N
290	1	40	version.categories	\N	2	\N	\N
291	1	40	version.tags	\N	\N	\N	1
292	1	40	version.authors	\N	\N	1	\N
293	1	41	version.categories	\N	2	\N	\N
294	1	41	version.tags	\N	\N	\N	1
295	1	41	version.authors	\N	\N	1	\N
296	1	42	version.categories	\N	2	\N	\N
297	1	42	version.tags	\N	\N	\N	1
298	1	42	version.authors	\N	\N	1	\N
305	1	43	version.categories	\N	2	\N	\N
306	1	43	version.tags	\N	\N	\N	1
307	1	43	version.authors	\N	\N	1	\N
212	1	28	version.relatedPosts	2	\N	\N	\N
213	1	28	version.categories	\N	2	\N	\N
214	1	28	version.tags	\N	\N	\N	1
215	1	29	version.relatedPosts	2	\N	\N	\N
216	1	29	version.categories	\N	2	\N	\N
217	1	29	version.tags	\N	\N	\N	1
218	1	30	version.categories	\N	1	\N	\N
219	2	30	version.categories	\N	2	\N	\N
220	1	30	version.tags	\N	\N	\N	1
221	1	30	version.authors	\N	\N	1	\N
222	1	31	version.categories	\N	1	\N	\N
223	2	31	version.categories	\N	2	\N	\N
224	1	31	version.tags	\N	\N	\N	1
225	1	31	version.authors	\N	\N	1	\N
226	1	32	version.relatedPosts	2	\N	\N	\N
227	1	32	version.categories	\N	2	\N	\N
228	1	32	version.tags	\N	\N	\N	1
229	1	33	version.relatedPosts	2	\N	\N	\N
230	1	33	version.categories	\N	2	\N	\N
231	1	33	version.tags	\N	\N	\N	1
232	1	35	version.authors	\N	\N	1	\N
233	1	36	version.authors	\N	\N	1	\N
308	1	44	version.categories	\N	2	\N	\N
146	1	21	version.categories	\N	1	\N	\N
147	1	21	version.authors	\N	\N	1	\N
148	1	22	version.categories	\N	1	\N	\N
149	1	22	version.authors	\N	\N	1	\N
309	1	44	version.tags	\N	\N	\N	1
310	1	44	version.authors	\N	\N	1	\N
311	1	45	version.categories	\N	2	\N	\N
153	1	24	version.categories	\N	1	\N	\N
154	2	24	version.categories	\N	2	\N	\N
155	1	24	version.authors	\N	\N	1	\N
156	1	25	version.categories	\N	1	\N	\N
157	2	25	version.categories	\N	2	\N	\N
158	1	25	version.authors	\N	\N	1	\N
159	1	23	version.relatedPosts	1	\N	\N	\N
160	1	23	version.categories	\N	1	\N	\N
161	1	23	version.tags	\N	\N	\N	1
162	1	23	version.authors	\N	\N	1	\N
163	1	26	version.relatedPosts	1	\N	\N	\N
164	1	26	version.categories	\N	1	\N	\N
165	1	26	version.tags	\N	\N	\N	1
166	1	26	version.authors	\N	\N	1	\N
312	1	45	version.tags	\N	\N	\N	1
313	1	45	version.authors	\N	\N	1	\N
90	1	19	version.relatedPosts	1	\N	\N	\N
91	1	19	version.categories	\N	1	\N	\N
92	1	19	version.authors	\N	\N	1	\N
93	1	20	version.relatedPosts	1	\N	\N	\N
94	1	20	version.categories	\N	1	\N	\N
95	1	20	version.authors	\N	\N	1	\N
320	1	46	version.categories	\N	2	\N	\N
321	1	46	version.tags	\N	\N	\N	1
322	1	46	version.authors	\N	\N	1	\N
323	1	47	version.categories	\N	2	\N	\N
324	1	47	version.tags	\N	\N	\N	1
325	1	47	version.authors	\N	\N	1	\N
275	1	37	version.categories	\N	2	\N	\N
276	1	37	version.tags	\N	\N	\N	1
277	1	37	version.authors	\N	\N	1	\N
278	1	38	version.categories	\N	2	\N	\N
279	1	38	version.tags	\N	\N	\N	1
280	1	38	version.authors	\N	\N	1	\N
355	1	54	version.categories	\N	2	\N	\N
356	2	54	version.categories	\N	1	\N	\N
357	1	54	version.tags	\N	\N	\N	1
358	1	54	version.authors	\N	\N	1	\N
692	1	81	version.tags	\N	\N	\N	1
693	1	81	version.authors	\N	\N	1	\N
694	1	82	version.categories	\N	2	\N	\N
695	1	82	version.tags	\N	\N	\N	1
696	1	82	version.authors	\N	\N	1	\N
371	1	55	version.categories	\N	2	\N	\N
372	2	55	version.categories	\N	1	\N	\N
373	1	55	version.tags	\N	\N	\N	1
374	1	55	version.authors	\N	\N	1	\N
375	1	56	version.categories	\N	2	\N	\N
376	2	56	version.categories	\N	1	\N	\N
377	1	56	version.tags	\N	\N	\N	1
378	1	56	version.authors	\N	\N	1	\N
383	1	57	version.categories	\N	2	\N	\N
384	2	57	version.categories	\N	1	\N	\N
385	1	57	version.tags	\N	\N	\N	1
386	1	57	version.authors	\N	\N	1	\N
387	1	58	version.categories	\N	2	\N	\N
388	2	58	version.categories	\N	1	\N	\N
389	1	58	version.tags	\N	\N	\N	1
390	1	58	version.authors	\N	\N	1	\N
514	1	63	version.relatedPosts	2	\N	\N	\N
515	2	63	version.relatedPosts	4	\N	\N	\N
516	3	63	version.relatedPosts	7	\N	\N	\N
517	1	63	version.categories	\N	2	\N	\N
518	2	63	version.categories	\N	1	\N	\N
519	1	63	version.tags	\N	\N	\N	1
402	1	59	version.relatedPosts	2	\N	\N	\N
403	2	59	version.relatedPosts	4	\N	\N	\N
404	3	59	version.relatedPosts	7	\N	\N	\N
405	1	59	version.categories	\N	2	\N	\N
406	2	59	version.categories	\N	1	\N	\N
407	1	59	version.tags	\N	\N	\N	1
408	1	59	version.authors	\N	\N	1	\N
409	1	60	version.relatedPosts	2	\N	\N	\N
410	2	60	version.relatedPosts	4	\N	\N	\N
411	3	60	version.relatedPosts	7	\N	\N	\N
412	1	60	version.categories	\N	2	\N	\N
413	2	60	version.categories	\N	1	\N	\N
414	1	60	version.tags	\N	\N	\N	1
415	1	60	version.authors	\N	\N	1	\N
520	1	63	version.authors	\N	\N	1	\N
521	1	64	version.relatedPosts	2	\N	\N	\N
522	2	64	version.relatedPosts	4	\N	\N	\N
523	3	64	version.relatedPosts	7	\N	\N	\N
524	1	64	version.categories	\N	2	\N	\N
525	2	64	version.categories	\N	1	\N	\N
526	1	64	version.tags	\N	\N	\N	1
527	1	64	version.authors	\N	\N	1	\N
545	1	65	version.relatedPosts	2	\N	\N	\N
546	2	65	version.relatedPosts	4	\N	\N	\N
547	3	65	version.relatedPosts	7	\N	\N	\N
548	1	65	version.categories	\N	2	\N	\N
549	2	65	version.categories	\N	1	\N	\N
550	3	65	version.categories	\N	3	\N	\N
551	1	65	version.tags	\N	\N	\N	1
552	2	65	version.tags	\N	\N	\N	3
553	3	65	version.tags	\N	\N	\N	2
554	1	65	version.authors	\N	\N	1	\N
555	1	66	version.relatedPosts	2	\N	\N	\N
556	2	66	version.relatedPosts	4	\N	\N	\N
557	3	66	version.relatedPosts	7	\N	\N	\N
558	1	66	version.categories	\N	2	\N	\N
559	2	66	version.categories	\N	1	\N	\N
560	3	66	version.categories	\N	3	\N	\N
561	1	66	version.tags	\N	\N	\N	1
562	2	66	version.tags	\N	\N	\N	3
563	3	66	version.tags	\N	\N	\N	2
564	1	66	version.authors	\N	\N	1	\N
569	1	67	version.categories	\N	1	\N	\N
570	2	67	version.categories	\N	2	\N	\N
571	1	67	version.tags	\N	\N	\N	1
572	1	67	version.authors	\N	\N	1	\N
573	1	68	version.categories	\N	1	\N	\N
574	2	68	version.categories	\N	2	\N	\N
575	1	68	version.tags	\N	\N	\N	1
576	1	68	version.authors	\N	\N	1	\N
479	1	61	version.relatedPosts	2	\N	\N	\N
480	2	61	version.relatedPosts	4	\N	\N	\N
481	3	61	version.relatedPosts	7	\N	\N	\N
482	1	61	version.categories	\N	2	\N	\N
483	2	61	version.categories	\N	1	\N	\N
484	1	61	version.tags	\N	\N	\N	1
485	1	61	version.authors	\N	\N	1	\N
486	1	62	version.relatedPosts	2	\N	\N	\N
487	2	62	version.relatedPosts	4	\N	\N	\N
488	3	62	version.relatedPosts	7	\N	\N	\N
489	1	62	version.categories	\N	2	\N	\N
490	2	62	version.categories	\N	1	\N	\N
491	1	62	version.tags	\N	\N	\N	1
492	1	62	version.authors	\N	\N	1	\N
589	1	69	version.categories	\N	1	\N	\N
590	2	69	version.categories	\N	2	\N	\N
591	1	69	version.tags	\N	\N	\N	1
592	1	69	version.authors	\N	\N	1	\N
593	1	70	version.categories	\N	1	\N	\N
594	2	70	version.categories	\N	2	\N	\N
595	1	70	version.tags	\N	\N	\N	1
596	1	70	version.authors	\N	\N	1	\N
609	1	71	version.relatedPosts	1	\N	\N	\N
610	1	71	version.categories	\N	1	\N	\N
611	1	71	version.tags	\N	\N	\N	1
612	1	71	version.authors	\N	\N	1	\N
613	1	72	version.relatedPosts	1	\N	\N	\N
614	1	72	version.categories	\N	1	\N	\N
615	1	72	version.tags	\N	\N	\N	1
616	1	72	version.authors	\N	\N	1	\N
629	1	73	version.relatedPosts	2	\N	\N	\N
630	1	73	version.categories	\N	2	\N	\N
631	1	73	version.tags	\N	\N	\N	1
632	1	73	version.authors	\N	\N	1	\N
633	1	74	version.relatedPosts	2	\N	\N	\N
634	1	74	version.categories	\N	2	\N	\N
635	1	74	version.tags	\N	\N	\N	1
636	1	74	version.authors	\N	\N	1	\N
646	1	75	version.categories	\N	2	\N	\N
647	1	75	version.tags	\N	\N	\N	1
648	1	75	version.authors	\N	\N	1	\N
649	1	76	version.categories	\N	2	\N	\N
650	1	76	version.tags	\N	\N	\N	1
651	1	76	version.authors	\N	\N	1	\N
661	1	77	version.categories	\N	2	\N	\N
662	1	77	version.tags	\N	\N	\N	1
663	1	77	version.authors	\N	\N	1	\N
664	1	78	version.categories	\N	2	\N	\N
665	1	78	version.tags	\N	\N	\N	1
666	1	78	version.authors	\N	\N	1	\N
676	1	79	version.categories	\N	2	\N	\N
677	1	79	version.tags	\N	\N	\N	1
678	1	79	version.authors	\N	\N	1	\N
679	1	80	version.categories	\N	2	\N	\N
680	1	80	version.tags	\N	\N	\N	1
681	1	80	version.authors	\N	\N	1	\N
727	1	83	version.relatedPosts	2	\N	\N	\N
728	2	83	version.relatedPosts	4	\N	\N	\N
729	3	83	version.relatedPosts	7	\N	\N	\N
730	1	83	version.categories	\N	2	\N	\N
731	2	83	version.categories	\N	1	\N	\N
732	3	83	version.categories	\N	3	\N	\N
733	1	83	version.tags	\N	\N	\N	1
734	2	83	version.tags	\N	\N	\N	3
735	3	83	version.tags	\N	\N	\N	2
736	1	83	version.authors	\N	\N	1	\N
737	1	84	version.relatedPosts	2	\N	\N	\N
738	2	84	version.relatedPosts	4	\N	\N	\N
739	3	84	version.relatedPosts	7	\N	\N	\N
740	1	84	version.categories	\N	2	\N	\N
741	2	84	version.categories	\N	1	\N	\N
742	3	84	version.categories	\N	3	\N	\N
743	1	84	version.tags	\N	\N	\N	1
744	2	84	version.tags	\N	\N	\N	3
745	3	84	version.tags	\N	\N	\N	2
746	1	84	version.authors	\N	\N	1	\N
787	1	86	version.relatedPosts	1	\N	\N	\N
788	1	86	version.categories	\N	1	\N	\N
789	1	86	version.tags	\N	\N	\N	1
790	1	86	version.authors	\N	\N	1	\N
795	1	85	version.categories	\N	1	\N	\N
796	2	85	version.categories	\N	2	\N	\N
797	1	85	version.tags	\N	\N	\N	1
798	1	85	version.authors	\N	\N	1	\N
799	1	87	version.categories	\N	1	\N	\N
800	2	87	version.categories	\N	2	\N	\N
801	1	87	version.tags	\N	\N	\N	1
802	1	87	version.authors	\N	\N	1	\N
807	1	88	version.categories	\N	1	\N	\N
808	2	88	version.categories	\N	2	\N	\N
809	1	88	version.tags	\N	\N	\N	1
810	1	88	version.authors	\N	\N	1	\N
811	1	89	version.categories	\N	1	\N	\N
812	2	89	version.categories	\N	2	\N	\N
813	1	89	version.tags	\N	\N	\N	1
814	1	89	version.authors	\N	\N	1	\N
\.


--
-- TOC entry 5177 (class 0 OID 447926)
-- Dependencies: 321
-- Data for Name: _posts_v_version_populated_authors; Type: TABLE DATA; Schema: public; Owner: postgres
--

COPY public._posts_v_version_populated_authors (_order, _parent_id, id, _uuid, name) FROM stdin;
\.


--
-- TOC entry 5233 (class 0 OID 513336)
-- Dependencies: 377
-- Data for Name: _services_v; Type: TABLE DATA; Schema: public; Owner: postgres
--

COPY public._services_v (id, parent_id, version_title, version_hero_title, version_hero_media_id, version_hero_remove_svg, version_hero_rich_text, version_hero_is_reverse, version_hero_bottom, version_hero_separator_type, version_hero_dark_mode, version_meta_title, version_meta_image_id, version_meta_description, version_published_at, version_slug, version_slug_lock, version_updated_at, version_created_at, version__status, created_at, updated_at, latest, autosave) FROM stdin;
4	1	asesoramiento familiar	heo	55	\N	\N	f	100	\N	\N	\N	\N	\N	2025-12-15 20:07:13.788+01	asesoramiento-familiar	f	2025-12-15 20:34:10.692+01	2025-12-15 20:06:58.599+01	published	2025-12-15 20:34:10.698+01	2025-12-15 20:34:10.698+01	t	f
1	1	\N	\N	\N	\N	\N	f	100	\N	\N	\N	\N	\N	\N	\N	t	2025-12-15 20:06:58.599+01	2025-12-15 20:06:58.599+01	draft	2025-12-15 20:06:58.605+01	2025-12-15 20:06:58.605+01	f	f
3	1	asesoramiento familiar	heo	55	\N	\N	f	100	\N	\N	\N	\N	\N	2025-12-15 20:07:13.788+01	\N	t	2025-12-15 20:17:37.315+01	2025-12-15 20:06:58.599+01	published	2025-12-15 20:17:37.323+01	2025-12-15 20:17:37.323+01	f	f
2	1	\N	heo	55	\N	\N	f	100	\N	\N	\N	\N	\N	2025-12-15 20:07:13.788+01	\N	t	2025-12-15 20:07:20.88+01	2025-12-15 20:06:58.599+01	draft	2025-12-15 20:07:13.789+01	2025-12-15 20:07:20.88+01	f	t
\.


--
-- TOC entry 5231 (class 0 OID 513325)
-- Dependencies: 375
-- Data for Name: _services_v_blocks_service; Type: TABLE DATA; Schema: public; Owner: postgres
--

COPY public._services_v_blocks_service (_order, _parent_id, _path, id, title, rich_text, enable_background_image, bottom, is_reverse, separator_type, section_name, dark_mode, _uuid, block_name) FROM stdin;
1	3	version.layout	1	asesoramiento familiar	{"root": {"type": "root", "format": "", "indent": 0, "version": 1, "children": [{"type": "paragraph", "format": "", "indent": 0, "version": 1, "children": [{"mode": "normal", "text": "hola", "type": "text", "style": "", "detail": 0, "format": 0, "version": 1}], "direction": null, "textStyle": "", "textFormat": 0}], "direction": null}}	\N	100	f	\N	\N	\N	69405eb3ee1a834276bc950f	asesoramiento faamiliar
1	4	version.layout	2	asesoramiento familiar	{"root": {"type": "root", "format": "", "indent": 0, "version": 1, "children": [{"type": "paragraph", "format": "", "indent": 0, "version": 1, "children": [{"mode": "normal", "text": "hola", "type": "text", "style": "", "detail": 0, "format": 0, "version": 1}], "direction": null, "textStyle": "", "textFormat": 0}], "direction": null}}	\N	100	f	\N	\N	\N	69405eb3ee1a834276bc950f	asesoramiento faamiliar
\.


--
-- TOC entry 5229 (class 0 OID 513316)
-- Dependencies: 373
-- Data for Name: _services_v_blocks_service_accordions; Type: TABLE DATA; Schema: public; Owner: postgres
--

COPY public._services_v_blocks_service_accordions (_order, _parent_id, id, title, content, _uuid) FROM stdin;
\.


--
-- TOC entry 5235 (class 0 OID 513351)
-- Dependencies: 379
-- Data for Name: _services_v_rels; Type: TABLE DATA; Schema: public; Owner: postgres
--

COPY public._services_v_rels (id, "order", parent_id, path, pages_id, posts_id, services_id) FROM stdin;
\.


--
-- TOC entry 5227 (class 0 OID 513305)
-- Dependencies: 371
-- Data for Name: _services_v_version_hero_links; Type: TABLE DATA; Schema: public; Owner: postgres
--

COPY public._services_v_version_hero_links (_order, _parent_id, id, link_type, link_new_tab, link_url, link_label, link_appearance, _uuid) FROM stdin;
\.


--
-- TOC entry 5172 (class 0 OID 447898)
-- Dependencies: 316
-- Data for Name: categories; Type: TABLE DATA; Schema: public; Owner: postgres
--

COPY public.categories (id, title, slug, slug_lock, updated_at, created_at) FROM stdin;
1	categoria01	categoria01	t	2025-10-24 18:02:25.259+02	2025-10-24 18:02:25.258+02
2	categoria 02	categoria-02	t	2025-10-25 12:26:13.343+02	2025-10-25 12:26:13.343+02
3	Categoriaa 03	categoriaa-03	f	2025-10-27 10:24:17.067+01	2025-10-27 10:24:17.067+01
\.


--
-- TOC entry 5211 (class 0 OID 485536)
-- Dependencies: 355
-- Data for Name: documents; Type: TABLE DATA; Schema: public; Owner: postgres
--

COPY public.documents (id, title, description, updated_at, created_at, url, thumbnail_u_r_l, filename, mime_type, filesize, width, height, focal_x, focal_y, prefix, doc_url) FROM stdin;
10	cv	\N	2025-11-26 12:26:23.619+01	2025-11-26 12:26:23.619+01	\N	\N	ti2yt3bo8ny5izsensif.pdf	application/pdf	90878	\N	\N	\N	\N	documents	\N
\.


--
-- TOC entry 5168 (class 0 OID 446767)
-- Dependencies: 312
-- Data for Name: footer; Type: TABLE DATA; Schema: public; Owner: postgres
--

COPY public.footer (id, updated_at, created_at, is_reverse, bottom, separator_type, enable_background_image, dark_mode) FROM stdin;
1	2025-12-09 11:47:47.041+01	2025-10-24 12:30:22.921+02	f	0	separatorYellow	f	blue
\.


--
-- TOC entry 5166 (class 0 OID 446758)
-- Dependencies: 310
-- Data for Name: footer_nav_items; Type: TABLE DATA; Schema: public; Owner: postgres
--

COPY public.footer_nav_items (_order, _parent_id, id, link_type, link_new_tab, link_url, link_label) FROM stdin;
1	1	68fb54eb398c9978e6edfe42	reference	\N	\N	Inicio
2	1	68fb54fd398c9978e6edfe44	reference	\N	\N	Sobre-m
3	1	68fb5513398c9978e6edfe46	reference	\N	\N	Servicios
4	1	68fb5525398c9978e6edfe48	reference	\N	\N	Blog
5	1	68fb552d398c9978e6edfe4a	reference	\N	\N	Contacto
\.


--
-- TOC entry 5170 (class 0 OID 446774)
-- Dependencies: 314
-- Data for Name: footer_rels; Type: TABLE DATA; Schema: public; Owner: postgres
--

COPY public.footer_rels (id, "order", parent_id, path, pages_id, posts_id, services_id) FROM stdin;
36	\N	1	navItems.0.link.reference	1	\N	\N
37	\N	1	navItems.1.link.reference	2	\N	\N
38	\N	1	navItems.2.link.reference	1	\N	\N
39	\N	1	navItems.3.link.reference	1	\N	\N
40	\N	1	navItems.4.link.reference	1	\N	\N
\.


--
-- TOC entry 5147 (class 0 OID 446651)
-- Dependencies: 291
-- Data for Name: form_submissions; Type: TABLE DATA; Schema: public; Owner: postgres
--

COPY public.form_submissions (id, form_id, updated_at, created_at) FROM stdin;
\.


--
-- TOC entry 5145 (class 0 OID 446643)
-- Dependencies: 289
-- Data for Name: form_submissions_submission_data; Type: TABLE DATA; Schema: public; Owner: postgres
--

COPY public.form_submissions_submission_data (_order, _parent_id, id, field, value) FROM stdin;
\.


--
-- TOC entry 5144 (class 0 OID 446632)
-- Dependencies: 288
-- Data for Name: forms; Type: TABLE DATA; Schema: public; Owner: postgres
--

COPY public.forms (id, title, submit_button_label, confirmation_type, confirmation_message, redirect_url, slug, updated_at, created_at) FROM stdin;
1	Formulario de contacto	\N	message	{"root": {"type": "root", "format": "", "indent": 0, "version": 1, "children": [{"type": "paragraph", "format": "", "indent": 0, "version": 1, "children": [{"mode": "normal", "text": "El mensaje ha sido enviado", "type": "text", "style": "", "detail": 0, "format": 0, "version": 1}], "direction": null, "textStyle": "", "textFormat": 0}], "direction": null}}	\N	contact	2025-12-05 18:43:51.405+01	2025-10-21 18:37:34.651+02
\.


--
-- TOC entry 5133 (class 0 OID 446560)
-- Dependencies: 277
-- Data for Name: forms_blocks_checkbox; Type: TABLE DATA; Schema: public; Owner: postgres
--

COPY public.forms_blocks_checkbox (_order, _parent_id, _path, id, name, label, width, required, default_value, block_name) FROM stdin;
\.


--
-- TOC entry 5134 (class 0 OID 446567)
-- Dependencies: 278
-- Data for Name: forms_blocks_email; Type: TABLE DATA; Schema: public; Owner: postgres
--

COPY public.forms_blocks_email (_order, _parent_id, _path, id, name, label, width, required, block_name) FROM stdin;
3	1	fields	68f7b644c5b20bf7bc32e1b5	email	Email	100	t	Email
\.


--
-- TOC entry 5135 (class 0 OID 446574)
-- Dependencies: 279
-- Data for Name: forms_blocks_message; Type: TABLE DATA; Schema: public; Owner: postgres
--

COPY public.forms_blocks_message (_order, _parent_id, _path, id, message, block_name) FROM stdin;
\.


--
-- TOC entry 5141 (class 0 OID 446616)
-- Dependencies: 285
-- Data for Name: forms_blocks_radio; Type: TABLE DATA; Schema: public; Owner: postgres
--

COPY public.forms_blocks_radio (_order, _parent_id, _path, id, block_name) FROM stdin;
1	1	fields	68f7b583c5b20bf7bc32e1ad	Sujeto
\.


--
-- TOC entry 5140 (class 0 OID 446609)
-- Dependencies: 284
-- Data for Name: forms_blocks_radio_options; Type: TABLE DATA; Schema: public; Owner: postgres
--

COPY public.forms_blocks_radio_options (_order, _parent_id, id, label, value, image_id) FROM stdin;
1	68f7b583c5b20bf7bc32e1ad	68f7b58dc5b20bf7bc32e1af	Familia	family	64
2	68f7b583c5b20bf7bc32e1ad	68f7b5dec5b20bf7bc32e1b1	Profesor	teacher	65
\.


--
-- TOC entry 5137 (class 0 OID 446588)
-- Dependencies: 281
-- Data for Name: forms_blocks_select; Type: TABLE DATA; Schema: public; Owner: postgres
--

COPY public.forms_blocks_select (_order, _parent_id, _path, id, name, label, width, default_value, placeholder, required, block_name) FROM stdin;
4	1	fields	68f7b657c5b20bf7bc32e1b7	subject	Asunto	100	\N	\N	t	Asunto
\.


--
-- TOC entry 5136 (class 0 OID 446581)
-- Dependencies: 280
-- Data for Name: forms_blocks_select_options; Type: TABLE DATA; Schema: public; Owner: postgres
--

COPY public.forms_blocks_select_options (_order, _parent_id, id, label, value) FROM stdin;
1	68f7b657c5b20bf7bc32e1b7	68f7b681c5b20bf7bc32e1b9	Servicio-01	servicio01
2	68f7b657c5b20bf7bc32e1b7	68f7b697c5b20bf7bc32e1bb	Servicio-02	servicio02
3	68f7b657c5b20bf7bc32e1b7	68f7b6a2c5b20bf7bc32e1bd	Servicio-03	servicio03
\.


--
-- TOC entry 5138 (class 0 OID 446595)
-- Dependencies: 282
-- Data for Name: forms_blocks_text; Type: TABLE DATA; Schema: public; Owner: postgres
--

COPY public.forms_blocks_text (_order, _parent_id, _path, id, name, label, width, default_value, required, block_name) FROM stdin;
2	1	fields	68f7b633c5b20bf7bc32e1b3	name	Nombre	100	\N	t	Nombre
\.


--
-- TOC entry 5139 (class 0 OID 446602)
-- Dependencies: 283
-- Data for Name: forms_blocks_textarea; Type: TABLE DATA; Schema: public; Owner: postgres
--

COPY public.forms_blocks_textarea (_order, _parent_id, _path, id, name, label, width, default_value, required, block_name) FROM stdin;
5	1	fields	68f7b6dbc5b20bf7bc32e1bf	message	Mensaje	1000	\N	t	Mensaje
\.


--
-- TOC entry 5142 (class 0 OID 446623)
-- Dependencies: 286
-- Data for Name: forms_emails; Type: TABLE DATA; Schema: public; Owner: postgres
--

COPY public.forms_emails (_order, _parent_id, id, email_to, cc, bcc, reply_to, email_from, subject, message) FROM stdin;
\.


--
-- TOC entry 5163 (class 0 OID 446743)
-- Dependencies: 307
-- Data for Name: header; Type: TABLE DATA; Schema: public; Owner: postgres
--

COPY public.header (id, updated_at, created_at) FROM stdin;
1	2025-10-21 19:08:51.894+02	2025-10-21 19:08:51.894+02
\.


--
-- TOC entry 5161 (class 0 OID 446735)
-- Dependencies: 305
-- Data for Name: header_nav_items; Type: TABLE DATA; Schema: public; Owner: postgres
--

COPY public.header_nav_items (_order, _parent_id, id) FROM stdin;
1	1	68f7bc7baa6172c24b5355c7
2	1	68f7bcc7aa6172c24b5355cd
3	1	68f7bd54aa6172c24b5355d7
4	1	68f7bdcbaa6172c24b5355e3
5	1	68f7be07aa6172c24b5355e9
\.


--
-- TOC entry 5160 (class 0 OID 446728)
-- Dependencies: 304
-- Data for Name: header_nav_items_nav_links; Type: TABLE DATA; Schema: public; Owner: postgres
--

COPY public.header_nav_items_nav_links (_order, _parent_id, id) FROM stdin;
1	68f7bc7baa6172c24b5355c7	68f7bc81aa6172c24b5355c9
1	68f7bcc7aa6172c24b5355cd	68f7bcc9aa6172c24b5355cf
1	68f7bd54aa6172c24b5355d7	68f7bd5eaa6172c24b5355d9
1	68f7bdcbaa6172c24b5355e3	68f7bdd4aa6172c24b5355e5
1	68f7be07aa6172c24b5355e9	68f7be09aa6172c24b5355eb
\.


--
-- TOC entry 5159 (class 0 OID 446720)
-- Dependencies: 303
-- Data for Name: header_nav_items_nav_links_items; Type: TABLE DATA; Schema: public; Owner: postgres
--

COPY public.header_nav_items_nav_links_items (_order, _parent_id, id, title, link_type, link_new_tab, link_url) FROM stdin;
1	68f7bc81aa6172c24b5355c9	68f7bc8faa6172c24b5355cb	Inicio	reference	\N	\N
1	68f7bcc9aa6172c24b5355cf	68f7bcccaa6172c24b5355d1	Sobre-m	reference	\N	\N
1	68f7bd5eaa6172c24b5355d9	68f7bd60aa6172c24b5355db	Servicios	reference	\N	\N
1	68f7bdd4aa6172c24b5355e5	68f7bdd8aa6172c24b5355e7	Blog	reference	\N	\N
1	68f7be09aa6172c24b5355eb	68f7be0caa6172c24b5355ed	Contacto	reference	\N	\N
\.


--
-- TOC entry 5158 (class 0 OID 446712)
-- Dependencies: 302
-- Data for Name: header_nav_items_nav_links_items_sub_items; Type: TABLE DATA; Schema: public; Owner: postgres
--

COPY public.header_nav_items_nav_links_items_sub_items (_order, _parent_id, id, title, description, enable_image, image_id, link_type, link_new_tab, link_url) FROM stdin;
1	68f7bcccaa6172c24b5355d1	68f7bd18aa6172c24b5355d5	Sobre-m	Soy Ane, diplomada en educacin primaria. Desde muy pequea tuve claro que mi vocacin estaba ligada al mundo educativo. Empec muy joven a trabajar con nixs y sent desde ese momento que la docencia era mi camino.	t	104	custom	\N	/page/sobre-mi/#about-first
2	68f7bcccaa6172c24b5355d1	68f7bcdfaa6172c24b5355d3	Mi visin educativa 	La educacin debe ser un espacio de bienestar compartido, donde la empata, el cuidado y la conciencia social estn en el centro.	t	104	custom	\N	/page//sobre-mi/#about-my-vision
1	68f7bd60aa6172c24b5355db	68f7bd7baa6172c24b5355dd	Asesoramiento familiar	Acompaamiento para mejorar la convivencia y el bienestar en casa.	t	104	reference	\N	/service/asesoramiento-familiar
2	68f7bd60aa6172c24b5355db	68f7bd9eaa6172c24b5355df	Asesoramiento educativo	Orientacin para docentes y profesionales que buscan nuevas herramientas.	t	104	custom	\N	/service/asesoramiento-educativo
\.


--
-- TOC entry 5165 (class 0 OID 446750)
-- Dependencies: 309
-- Data for Name: header_rels; Type: TABLE DATA; Schema: public; Owner: postgres
--

COPY public.header_rels (id, "order", parent_id, path, pages_id, posts_id, services_id) FROM stdin;
268	\N	1	navItems.0.navLinks.0.items.0.link.reference	1	\N	\N
269	\N	1	navItems.1.navLinks.0.items.0.link.reference	2	\N	\N
270	\N	1	navItems.1.navLinks.0.items.0.subItems.0.link.reference	2	\N	\N
271	\N	1	navItems.1.navLinks.0.items.0.subItems.1.link.reference	2	\N	\N
272	\N	1	navItems.2.navLinks.0.items.0.link.reference	4	\N	\N
273	\N	1	navItems.2.navLinks.0.items.0.subItems.0.link.reference	\N	\N	1
274	\N	1	navItems.2.navLinks.0.items.0.subItems.1.link.reference	4	\N	\N
275	\N	1	navItems.3.navLinks.0.items.0.link.reference	3	\N	\N
276	\N	1	navItems.4.navLinks.0.items.0.link.reference	9	\N	\N
158	\N	1	navItems.3.navLinks.0.items.0.subItems.0.link.reference	\N	1	\N
\.


--
-- TOC entry 5077 (class 0 OID 446181)
-- Dependencies: 221
-- Data for Name: media; Type: TABLE DATA; Schema: public; Owner: postgres
--

COPY public.media (id, alt, updated_at, created_at, url, thumbnail_u_r_l, filename, mime_type, filesize, width, height, focal_x, focal_y, prefix, unpic_url) FROM stdin;
123	\N	2025-12-11 17:00:02.528+01	2025-12-11 17:00:02.528+01	\N	\N	contact.svg	image/svg+xml	13840	512	512	\N	\N	images	\N
55	\N	2025-11-24 20:10:21.619+01	2025-11-24 20:10:21.619+01	\N	\N	hero-image.png	image/png	218398	500	500	50	50	images	\N
56	\N	2025-11-25 08:42:34.575+01	2025-11-25 08:42:34.575+01	\N	\N	box1-image.webp	image/webp	6388	450	328	50	50	images	\N
57	\N	2025-11-25 08:42:57.382+01	2025-11-25 08:42:57.382+01	\N	\N	box-2.webp	image/webp	9796	450	328	50	50	images	\N
58	\N	2025-11-25 08:43:12.874+01	2025-11-25 08:43:12.874+01	\N	\N	box-3-image.webp	image/webp	5668	450	328	50	50	images	\N
59	\N	2025-11-25 08:51:10.364+01	2025-11-25 08:51:10.363+01	\N	\N	pencil-image.jpg	image/jpeg	97401	2048	1536	50	50	images	\N
61	\N	2025-11-25 08:57:32.146+01	2025-11-25 08:57:32.146+01	\N	\N	white-heart.svg	image/svg+xml	405	51	47	\N	\N	images	\N
63	\N	2025-11-25 09:05:09.598+01	2025-11-25 09:05:09.598+01	\N	\N	pincel-left-image.webp	image/webp	41390	2048	1365	50	50	images	\N
64	\N	2025-11-25 09:13:45.986+01	2025-11-25 09:13:45.986+01	\N	\N	family-image.svg	image/svg+xml	1669	24	24	\N	\N	images	\N
65	\N	2025-11-25 09:16:14.111+01	2025-11-25 09:16:14.111+01	\N	\N	teacher-image.svg	image/svg+xml	14182	24	24	\N	\N	images	\N
66	\N	2025-11-25 09:18:57.198+01	2025-11-25 09:18:57.198+01	\N	\N	email-image.svg	image/svg+xml	731	48	48	\N	\N	images	\N
67	\N	2025-11-25 09:19:36.103+01	2025-11-25 09:19:36.103+01	\N	\N	instagram-image.svg	image/svg+xml	4120	48	48	\N	\N	images	\N
68	\N	2025-11-25 09:35:00.171+01	2025-11-25 09:35:00.171+01	\N	\N	post-image.webp	image/webp	110368	3000	2000	50	50	images	\N
69	\N	2025-11-25 10:27:07.577+01	2025-11-25 10:27:07.577+01	\N	\N	imagen-ane 1.png	image/png	597667	800	800	50	50	images	\N
70	\N	2025-11-25 11:39:07.211+01	2025-11-25 11:39:07.211+01	\N	\N	heart-yellow-1.svg	image/svg+xml	405	51	47	\N	\N	images	\N
71	\N	2025-11-25 18:00:29.067+01	2025-11-25 18:00:29.067+01	\N	\N	sobre-miwebp.webp	image/webp	181680	1536	2048	50	50	images	\N
72	\N	2025-11-25 18:07:02.551+01	2025-11-25 18:07:02.551+01	\N	\N	about-me.webp	image/webp	128570	1536	2048	50	50	images	\N
91	\N	2025-11-28 12:37:03.454+01	2025-11-28 12:37:03.454+01	\N	\N	logo-yellow.svg	image/svg+xml	13667	384	222	\N	\N	images	\N
92	\N	2025-11-28 13:48:02.788+01	2025-11-28 13:48:02.787+01	\N	\N	logo-red.svg	image/svg+xml	21691	384	222	\N	\N	images	\N
104	\N	2025-11-30 21:45:53.841+01	2025-11-30 21:45:53.841+01	\N	\N	heart-green-mobile-nav.svg	image/svg+xml	405	51	47	\N	\N	images	\N
105	\N	2025-12-01 10:47:23.865+01	2025-12-01 10:47:23.864+01	\N	\N	heart-green-1.svg	image/svg+xml	331	51	47	\N	\N	images	\N
106	\N	2025-12-01 11:27:33.602+01	2025-12-01 11:27:33.602+01	\N	\N	imagen-about-me.jpg	image/jpeg	242809	1536	2048	50	50	images	\N
107	\N	2025-12-01 12:11:26.491+01	2025-12-01 12:11:26.49+01	\N	\N	formation-image.jpg	image/jpeg	41560	500	500	50	50	images	\N
108	\N	2025-12-01 12:34:22.075+01	2025-12-01 12:34:22.075+01	\N	\N	group-child.webp	image/webp	66720	1184	864	50	50	images	\N
109	\N	2025-12-01 17:27:24.464+01	2025-12-01 17:27:24.464+01	\N	\N	pincels.jpg	image/jpeg	166046	1365	2048	50	50	images	\N
119	\N	2025-12-05 13:01:08.339+01	2025-12-05 13:01:08.339+01	\N	\N	logo-green.svg	image/svg+xml	13869	384	303	\N	\N	images	\N
\.


--
-- TOC entry 5096 (class 0 OID 446338)
-- Dependencies: 240
-- Data for Name: pages; Type: TABLE DATA; Schema: public; Owner: postgres
--

COPY public.pages (id, title, hero_title, hero_media_id, hero_rich_text, meta_title, meta_image_id, meta_description, published_at, slug, slug_lock, updated_at, created_at, _status, hero_remove_svg, hero_is_reverse, hero_bottom, hero_separator_type, hero_dark_mode) FROM stdin;
9	Contacto	Hola, soy Ane, asesora y formadora educativa. Te doy la  bienvenida a este espacio educativo y familiar.	123	{"root": {"type": "root", "format": "", "indent": 0, "version": 1, "children": [{"type": "paragraph", "format": "", "indent": 0, "version": 1, "children": [{"mode": "normal", "text": "No sabes por dnde empezar?", "type": "text", "style": "", "detail": 0, "format": 0, "version": 1}], "direction": "ltr", "textStyle": "", "textFormat": 0}, {"type": "paragraph", "format": "", "indent": 0, "version": 1, "children": [{"mode": "normal", "text": "Reserva una cita y empezamos.", "type": "text", "style": "", "detail": 0, "format": 0, "version": 1}], "direction": "ltr", "textStyle": "", "textFormat": 0}], "direction": null}}	\N	\N	\N	2025-12-11 08:28:00.909+01	contacto	t	2025-12-11 17:27:13.23+01	2025-12-11 08:27:47.689+01	published	t	f	0	separatorYellow	dark
1	Home	Hola, soy Ane, asesora y formadora educativa. Te doy la  bienvenida a este espacio educativo y familiar.	55	{"root": {"type": "root", "format": "", "indent": 0, "version": 1, "children": [{"type": "paragraph", "format": "", "indent": 0, "version": 1, "children": [{"mode": "normal", "text": "No sabes por dnde empezar?", "type": "text", "style": "", "detail": 0, "format": 0, "version": 1}], "direction": "ltr", "textStyle": "", "textFormat": 0}, {"type": "paragraph", "format": "", "indent": 0, "version": 1, "children": [{"mode": "normal", "text": "Reserva una cita y empezamos.", "type": "text", "style": "", "detail": 0, "format": 0, "version": 1}], "direction": "ltr", "textStyle": "", "textFormat": 0}], "direction": null}}	Educar Sano | Asesora educativa para familias y docentes	91	Si quieres acompaamiento prctico, humano y con conciencia social, aqu encontrars las herramientas y el apoyo que necesitas.	2025-10-21 16:21:03.158+02	home	t	2025-12-11 17:28:15.491+01	2025-10-21 16:20:48.836+02	published	\N	f	0	\N	\N
3	Blog	blog	72	{"root": {"type": "root", "format": "", "indent": 0, "version": 1, "children": [{"type": "paragraph", "format": "", "indent": 0, "version": 1, "children": [{"mode": "normal", "text": "blog", "type": "text", "style": "", "detail": 0, "format": 0, "version": 1}], "direction": null, "textStyle": "", "textFormat": 0}], "direction": null}}	\N	\N	\N	2025-10-24 13:29:40.167+02	blog	f	2025-11-29 21:38:43.04+01	2025-10-24 13:29:29.342+02	published	\N	f	100	\N	\N
2	Sobre-m	 Hola, soy Ane, asesora y formadora educativa. Te doy la bienvenida a este espacio educativo y familiar.	55	{"root": {"type": "root", "format": "", "indent": 0, "version": 1, "children": [{"type": "paragraph", "format": "", "indent": 0, "version": 1, "children": [{"mode": "normal", "text": "No saber por dnde empezar?", "type": "text", "style": "", "detail": 0, "format": 0, "version": 1}], "direction": "ltr", "textStyle": "", "textFormat": 0}, {"type": "paragraph", "format": "", "indent": 0, "version": 1, "children": [{"mode": "normal", "text": "Reserva una cita y empezamos.", "type": "text", "style": "", "detail": 0, "format": 0, "version": 1}], "direction": "ltr", "textStyle": "", "textFormat": 0}], "direction": null}}	\N	\N	\N	2025-10-24 12:10:55.52+02	sobre-mi	t	2025-12-11 17:30:32.548+01	2025-10-24 12:10:34.006+02	published	\N	f	0	\N	dark
4	Servicios	 Hola, soy Ane, asesora y formadora educativa. Te doy la bienvenida a este espacio educativo y familiar. 	55	{"root": {"type": "root", "format": "", "indent": 0, "version": 1, "children": [{"type": "paragraph", "format": "", "indent": 0, "version": 1, "children": [{"mode": "normal", "text": "No saber por dnde empezar?", "type": "text", "style": "", "detail": 0, "format": 0, "version": 1}], "direction": "ltr", "textStyle": "", "textFormat": 0}, {"type": "paragraph", "format": "", "indent": 0, "version": 1, "children": [{"mode": "normal", "text": "Reserva una cita y empezamos.", "type": "text", "style": "", "detail": 0, "format": 0, "version": 1}], "direction": "ltr", "textStyle": "", "textFormat": 0}], "direction": null}}	\N	\N	\N	2025-10-29 20:50:22.342+01	services	t	2025-12-11 17:30:56.207+01	2025-10-29 20:50:12.47+01	published	\N	f	0	\N	dark
\.


--
-- TOC entry 5094 (class 0 OID 446330)
-- Dependencies: 238
-- Data for Name: pages_blocks_box_content; Type: TABLE DATA; Schema: public; Owner: postgres
--

COPY public.pages_blocks_box_content (_order, _parent_id, _path, id, block_name) FROM stdin;
1	1	layout	68f7abd08feb57d8b268329d	Cajas
\.


--
-- TOC entry 5093 (class 0 OID 446323)
-- Dependencies: 237
-- Data for Name: pages_blocks_box_content_boxes; Type: TABLE DATA; Schema: public; Owner: postgres
--

COPY public.pages_blocks_box_content_boxes (_order, _parent_id, id, title, rich_text, media_id, enable_title) FROM stdin;
1	68f7abd08feb57d8b268329d	68f7abd78feb57d8b268329f		mensaje desde una caja del frontend para saber cosas	56	f
2	68f7abd08feb57d8b268329d	68f7ac218feb57d8b26832a1		Mensaje desde una caja del frontend para saber cosas	57	f
3	68f7abd08feb57d8b268329d	68f7ac5321f76af3880c857b		mensaje desde una caja del frontend para saber cosas	58	f
\.


--
-- TOC entry 5083 (class 0 OID 446229)
-- Dependencies: 227
-- Data for Name: pages_blocks_content; Type: TABLE DATA; Schema: public; Owner: postgres
--

COPY public.pages_blocks_content (_order, _parent_id, _path, id, enable_title, title, enable_image, image_id, enable_background_image, enable_rich_text, rich_text, enable_link, link_type, link_new_tab, link_url, link_label, link_appearance, is_reverse, bottom, separator_type, section_name, block_name, dark_mode) FROM stdin;
2	1	layout	68f79891431c43bc53390a61	f	\N	\N	\N	\N	t	{"root": {"type": "root", "format": "", "indent": 0, "version": 1, "children": [{"type": "paragraph", "format": "", "indent": 0, "version": 1, "children": [{"mode": "normal", "text": "Te sientes solo/a en tu camino educativo o familiar?", "type": "text", "style": "", "detail": 0, "format": 0, "version": 1}], "direction": "ltr", "textStyle": "", "textFormat": 0}, {"type": "paragraph", "format": "", "indent": 0, "version": 1, "children": [{"mode": "normal", "text": "Quieres que tus hijos o alumnos desarrollen ", "type": "text", "style": "", "detail": 0, "format": 0, "version": 1}, {"mode": "normal", "text": "herramientas para la vida", "type": "text", "style": "", "detail": 0, "format": 1, "version": 1}, {"mode": "normal", "text": "?", "type": "text", "style": "", "detail": 0, "format": 0, "version": 1}], "direction": "ltr", "textStyle": "", "textFormat": 0}, {"type": "paragraph", "format": "", "indent": 0, "version": 1, "children": [{"mode": "normal", "text": "Buscas ", "type": "text", "style": "", "detail": 0, "format": 0, "version": 1}, {"mode": "normal", "text": "estrategias y recursos", "type": "text", "style": "", "detail": 0, "format": 1, "version": 1}, {"mode": "normal", "text": " para un aula o hogar ms humano y creativo?", "type": "text", "style": "", "detail": 0, "format": 0, "version": 1}], "direction": "ltr", "textStyle": "", "textFormat": 0}, {"type": "paragraph", "format": "", "indent": 0, "version": 1, "children": [{"mode": "normal", "text": "Quieres ", "type": "text", "style": "", "detail": 0, "format": 0, "version": 1}, {"mode": "normal", "text": "volver a creer en la educacin", "type": "text", "style": "", "detail": 0, "format": 1, "version": 1}, {"mode": "normal", "text": " y motivarte cada da?", "type": "text", "style": "", "detail": 0, "format": 0, "version": 1}], "direction": "ltr", "textStyle": "", "textFormat": 0}, {"type": "paragraph", "format": "", "indent": 0, "version": 1, "children": [{"mode": "normal", "text": "Sientes que tu entorno educativo o familiar no est funcionando como te gustara y buscas un nuevo enfoque?", "type": "text", "style": "", "detail": 0, "format": 0, "version": 1}], "direction": "ltr", "textStyle": "", "textFormat": 0}, {"type": "paragraph", "format": "", "indent": 0, "version": 1, "children": [{"mode": "normal", "text": "Te gustara ensear y acompaar desde una educacin ms ", "type": "text", "style": "", "detail": 0, "format": 0, "version": 1}, {"mode": "normal", "text": "consciente, respetuosa y socialmente responsable", "type": "text", "style": "", "detail": 0, "format": 1, "version": 1}, {"mode": "normal", "text": "?", "type": "text", "style": "", "detail": 0, "format": 0, "version": 1}], "direction": "ltr", "textStyle": "", "textFormat": 0}, {"type": "block", "fields": {"id": "68f798b375fb0ceeb6989752", "style": "info", "content": {"root": {"type": "root", "format": "", "indent": 0, "version": 1, "children": [{"type": "paragraph", "format": "", "indent": 0, "version": 1, "children": [{"mode": "normal", "text": "En Educar Sano ofrezco asesora, orientacin, formacin y herramientas prcticas a familias, educadores e instituciones educativas, para transformar la educacin en un espacio ms humano, eficaz y socialmente responsable.", "type": "text", "style": "", "detail": 0, "format": 0, "version": 1}], "direction": null, "textStyle": "", "textFormat": 0}], "direction": null}}, "blockName": "Banner", "blockType": "banner"}, "format": "", "version": 2}, {"type": "quote", "format": "", "indent": 0, "version": 1, "children": [{"mode": "normal", "text": "Transforma la educacin en un espacio humano, consciente y conectado con la sociedad. ", "type": "text", "style": "", "detail": 0, "format": 0, "version": 1}, {"mode": "normal", "text": "Yo te acompao en el camino.", "type": "text", "style": "", "detail": 0, "format": 1, "version": 1}], "direction": null}], "direction": null}}	\N	reference	\N	\N	\N	default	t	-88	separatorWhite	homeQuestions	Preguntas	dark
3	1	layout	68f798e6431c43bc53390a63	t	Sobre m	t	69	t	t	{"root": {"type": "root", "format": "", "indent": 0, "version": 1, "children": [{"type": "paragraph", "format": "", "indent": 0, "version": 1, "children": [{"mode": "normal", "text": "Soy Ane, diplomada en Educacin Primaria y con ms de veinte aos de experiencia acompaando a ni@s y familias. ", "type": "text", "style": "", "detail": 0, "format": 0, "version": 1}], "direction": "ltr", "textStyle": "", "textFormat": 0}, {"type": "paragraph", "format": "", "indent": 0, "version": 1, "children": [{"mode": "normal", "text": "He vivido de cerca las dificultades del mundo educativo:", "type": "text", "style": "", "detail": 0, "format": 0, "version": 1}], "direction": "ltr", "textStyle": "", "textFormat": 0}, {"tag": "ul", "type": "list", "start": 1, "format": "", "indent": 0, "version": 1, "children": [{"type": "listitem", "value": 1, "format": "", "indent": 0, "version": 1, "children": [{"mode": "normal", "text": "Falta de recursos", "type": "text", "style": "", "detail": 0, "format": 0, "version": 1}], "direction": "ltr"}, {"type": "listitem", "value": 2, "format": "", "indent": 0, "version": 1, "children": [{"mode": "normal", "text": "Falta de gestin de la convivencia ", "type": "text", "style": "", "detail": 0, "format": 0, "version": 1}], "direction": "ltr"}, {"type": "listitem", "value": 3, "format": "", "indent": 0, "version": 1, "children": [{"mode": "normal", "text": "Escasa atencin al bienestar docente y familiar ", "type": "text", "style": "", "detail": 0, "format": 0, "version": 1}], "direction": "ltr"}], "listType": "bullet", "direction": "ltr"}, {"type": "paragraph", "format": "", "indent": 0, "version": 1, "children": [{"mode": "normal", "text": "Educar Sano nace de la necesidad de entender la compleja realidad de hoy, humanizar la educacin y convertir los entornos familiares y educativos en espacios de bienestar comn.", "type": "text", "style": "", "detail": 0, "format": 0, "version": 1}], "direction": "ltr", "textStyle": "", "textFormat": 0}, {"type": "paragraph", "format": "", "indent": 0, "version": 1, "children": [{"mode": "normal", "text": "Por eso me dedico a la asesora, consultora y formacin educativa, ofreciendo un acompaamiento humano, prctico y consciente que devuelve a la educacin su papel transformador.", "type": "text", "style": "", "detail": 0, "format": 0, "version": 1}], "direction": "ltr", "textStyle": "", "textFormat": 0}], "direction": null}}	t	reference	\N	\N	Conoce mi historia completa	default	t	-90	separatorBackground	homeAbout	Sobre-m	blue
1	3	layout	68fb63476a0fc7515f7981a0	\N	\N	\N	\N	\N	t	{"root": {"type": "root", "format": "", "indent": 0, "version": 1, "children": [{"type": "paragraph", "format": "", "indent": 0, "version": 1, "children": [{"mode": "normal", "text": "blog", "type": "text", "style": "", "detail": 0, "format": 0, "version": 1}], "direction": null, "textStyle": "", "textFormat": 0}], "direction": null}}	\N	reference	\N	\N	\N	default	f	100	\N	\N	\N	\N
1	2	layout	68fb50ed398c9978e6edfe3e	\N	\N	t	72	\N	t	{"root": {"type": "root", "format": "", "indent": 0, "version": 1, "children": [{"tag": "h2", "type": "heading", "format": "", "indent": 0, "version": 1, "children": [{"mode": "normal", "text": "QUIN SOY?", "type": "text", "style": "", "detail": 0, "format": 1, "version": 1}], "direction": null}, {"type": "paragraph", "format": "", "indent": 0, "version": 1, "children": [{"mode": "normal", "text": "Soy Ane, diplomada en educacin primaria. Desde muy pequea tuve claro que mi vocacin estaba ligada al mundo educativo. Empec muy joven a trabajar con nixs y sent desde ese momento que la docencia era mi camino.", "type": "text", "style": "", "detail": 0, "format": 0, "version": 1}], "direction": null, "textStyle": "", "textFormat": 0}, {"type": "paragraph", "format": "", "indent": 0, "version": 1, "children": [{"mode": "normal", "text": "Despus de terminar la carrera, comenc mi andadura como profesora y descubr la gran responsabilidad que implica educar. Durante mi trabajo como tutora me enfrent a diferentes dificultades y retos, te suena? Algunos de ellos fueron:", "type": "text", "style": "", "detail": 0, "format": 0, "version": 1}], "direction": null, "textStyle": "", "textFormat": 0}, {"tag": "ol", "type": "list", "start": 1, "format": "", "indent": 0, "version": 1, "children": [{"type": "listitem", "value": 1, "format": "", "indent": 0, "version": 1, "children": [{"mode": "normal", "text": "La falta de recursos, tanto acadmicos como emocionales.", "type": "text", "style": "", "detail": 0, "format": 0, "version": 1}], "direction": null}, {"type": "listitem", "value": 2, "format": "", "indent": 0, "version": 1, "children": [{"mode": "normal", "text": "La gestin con familias, docentes y equipo directivo.", "type": "text", "style": "", "detail": 0, "format": 0, "version": 1}], "direction": null}, {"type": "listitem", "value": 3, "format": "", "indent": 0, "version": 1, "children": [{"mode": "normal", "text": "La falta de apoyo y acompaamiento al profesorado.", "type": "text", "style": "", "detail": 0, "format": 0, "version": 1}], "direction": null}], "listType": "number", "direction": null}, {"type": "paragraph", "format": "", "indent": 0, "version": 1, "children": [{"mode": "normal", "text": "Toda esta experiencia me llev a seguir formndome en distintas reas para ganar conocimiento, bienestar y herramientas prcticas. Siempre me ha nacido de manera espontnea ayudar y acompaar, y las injusticias que observaba a mi alrededor me hicieron comprender que la educacin debe ser tambin un motor de transformacin social.", "type": "text", "style": "", "detail": 0, "format": 0, "version": 1}], "direction": null, "textStyle": "", "textFormat": 0}], "direction": null}}	\N	reference	\N	\N	\N	default	f	-70	separatorBackground	about-first	sobre-mi	dark
2	2	layout	68fb525c398c9978e6edfe40	\N	\N	t	71	t	t	{"root": {"type": "root", "format": "", "indent": 0, "version": 1, "children": [{"type": "paragraph", "format": "", "indent": 0, "version": 1, "children": [{"mode": "normal", "text": "Hoy, despus de ms de veinte aos dedicados a la educacin y al acompaamiento de ni@s y familias, decid emprender como asesora educativa y familiar. Mi labor consiste en acompaar a educadores y familias desde mi experiencia y visin, con un enfoque humano, prctico, integral y social. ", "type": "text", "style": "", "detail": 0, "format": 0, "version": 1}], "direction": null, "textStyle": "", "textFormat": 0}, {"type": "paragraph", "format": "", "indent": 0, "version": 1, "children": [{"mode": "normal", "text": "A lo largo de mi trayectoria he mantenido una formacin continua para ofrecer un acompaamiento de la mxima calidad, basado en la experiencia, el conocimiento y las mejores herramientas educativas.", "type": "text", "style": "", "detail": 0, "format": 0, "version": 1}], "direction": null, "textStyle": "", "textFormat": 0}, {"type": "paragraph", "format": "", "indent": 0, "version": 1, "children": [{"mode": "normal", "text": "Mi objetivo es que no te sientas perdid@ ni solo en este proceso tan fascinante y exigente que es educar, fomentando al mismo tiempo valores, conciencia social y la capacidad de ser agentes activos para un mundo ms equilibrado, justo y emptico para todxs.", "type": "text", "style": "", "detail": 0, "format": 0, "version": 1}], "direction": null, "textStyle": "", "textFormat": 0}], "direction": null}}	\N	reference	\N	\N	\N	default	f	-70	\N	about-second	sobre-mi	dark
3	2	layout	69026a07c0fe9717b5354e07	f		t	107	\N	t	{"doc": null, "root": {"type": "root", "format": "", "indent": 0, "version": 1, "children": [{"tag": "h2", "type": "heading", "format": "left", "indent": 0, "version": 1, "children": [{"mode": "normal", "text": "Formacin", "type": "text", "style": "", "detail": 0, "format": 0, "version": 1}], "direction": null}, {"tag": "ul", "type": "list", "start": 1, "format": "", "indent": 0, "version": 1, "children": [{"type": "listitem", "value": 1, "format": "", "indent": 0, "version": 1, "children": [{"mode": "normal", "text": "Diplomatura en Educacin Primaria", "type": "text", "style": "", "detail": 0, "format": 0, "version": 1}], "direction": null}, {"type": "listitem", "value": 2, "format": "", "indent": 0, "version": 1, "children": [{"mode": "normal", "text": "Experta en Educacin Emocional y Acompaamiento Educativo y Familiar", "type": "text", "style": "", "detail": 0, "format": 0, "version": 1}], "direction": null}, {"type": "listitem", "value": 3, "format": "", "indent": 0, "version": 1, "children": [{"mode": "normal", "text": "Disciplina Positiva para Familias", "type": "text", "style": "", "detail": 0, "format": 0, "version": 1}], "direction": null}, {"type": "listitem", "value": 4, "format": "", "indent": 0, "version": 1, "children": [{"mode": "normal", "text": "Instructora de Yoga y Mindfulness para ni@s, educador@s y familias", "type": "text", "style": "", "detail": 0, "format": 0, "version": 1}], "direction": null}, {"type": "listitem", "value": 5, "format": "", "indent": 0, "version": 1, "children": [{"mode": "normal", "text": "Coaching Infanto-Juvenil", "type": "text", "style": "", "detail": 0, "format": 0, "version": 1}], "direction": null}, {"type": "listitem", "value": 6, "format": "", "indent": 0, "version": 1, "children": [{"mode": "normal", "text": "Intervencin con Muecos Playmobil", "type": "text", "style": "", "detail": 0, "format": 0, "version": 1}], "direction": null}, {"type": "listitem", "value": 7, "format": "", "indent": 0, "version": 1, "children": [{"mode": "normal", "text": "Intervencin Estratgica en la Escuela", "type": "text", "style": "", "detail": 0, "format": 0, "version": 1}], "direction": null}, {"type": "listitem", "value": 8, "format": "", "indent": 0, "version": 1, "children": [{"mode": "normal", "text": "Tcnicas de Terapia Estratgica en Ni@s y Adolescentes", "type": "text", "style": "", "detail": 0, "format": 0, "version": 1}], "direction": null}, {"type": "listitem", "value": 9, "format": "", "indent": 0, "version": 1, "children": [{"mode": "normal", "text": "Formacin en la Tcnica de la Caja de Arena", "type": "text", "style": "", "detail": 0, "format": 0, "version": 1}], "direction": null}, {"type": "listitem", "value": 10, "format": "", "indent": 0, "version": 1, "children": [{"mode": "normal", "text": "Mediacin y Resolucin de Conflictos", "type": "text", "style": "", "detail": 0, "format": 0, "version": 1}], "direction": null}, {"type": "listitem", "value": 11, "format": "", "indent": 0, "version": 1, "children": [{"mode": "normal", "text": "Curso de Educacin Sexual", "type": "text", "style": "", "detail": 0, "format": 0, "version": 1}], "direction": null}], "listType": "bullet", "direction": null}], "direction": null}}	t	custom	t	https://d2kzarvvomoj6d.cloudfront.net/documents/ti2yt3bo8ny5izsensif.pdf	descargar Curriculum	default	f	-65	separatorBackground	about-academic	formacin	dark
4	2	layout	690276e88a378f13385b430c	f		t	109	t	t	{"root": {"type": "root", "format": "", "indent": 0, "version": 1, "children": [{"tag": "h2", "type": "heading", "format": "", "indent": 0, "version": 1, "children": [{"mode": "normal", "text": "Visin educativa ", "type": "text", "style": "", "detail": 0, "format": 0, "version": 1}], "direction": null}, {"type": "paragraph", "format": "", "indent": 0, "version": 1, "children": [{"mode": "normal", "text": "Educar Sano nace como respuesta a los retos que plantea la escuela actual, desde una mirada ms humana, emptica y consciente de que educar hoy implica tambin entender el mundo complejo en el que vivimos.", "type": "text", "style": "", "detail": 0, "format": 0, "version": 1}], "direction": null, "textStyle": "", "textFormat": 0}, {"type": "paragraph", "format": "", "indent": 0, "version": 1, "children": [{"mode": "normal", "text": "Creemos que la educacin debe ser un espacio de bienestar compartido para el alumnado, el profesorado y las familias donde la empata, el cuidado y la conciencia social estn en el centro.", "type": "text", "style": "", "detail": 0, "format": 0, "version": 1}], "direction": null, "textStyle": "", "textFormat": 0}, {"type": "paragraph", "format": "", "indent": 0, "version": 1, "children": [{"mode": "normal", "text": "Defendemos una escuela que respete y valore a sus docentes, garantizando condiciones laborales dignas y espacios donde puedan cuidar su salud mental y emocional.", "type": "text", "style": "", "detail": 0, "format": 0, "version": 1}, {"type": "linebreak", "version": 1}, {"mode": "normal", "text": "Tambin apostamos por una conciliacin familiar real, donde las familias puedan implicarse en la educacin sin renunciar a su equilibrio personal y profesional.", "type": "text", "style": "", "detail": 0, "format": 0, "version": 1}], "direction": null, "textStyle": "", "textFormat": 0}, {"type": "paragraph", "format": "", "indent": 0, "version": 1, "children": [{"mode": "normal", "text": "Desde ", "type": "text", "style": "", "detail": 0, "format": 0, "version": 1}, {"mode": "normal", "text": "Educar Sano", "type": "text", "style": "", "detail": 0, "format": 2, "version": 1}, {"mode": "normal", "text": " queremos acompaar a quienes sienten que educar no es solo transmitir contenidos, sino formar personas activas, crticas y comprometidas con su entorno.", "type": "text", "style": "", "detail": 0, "format": 0, "version": 1}], "direction": null, "textStyle": "", "textFormat": 0}, {"type": "paragraph", "format": "", "indent": 0, "version": 1, "children": [{"mode": "normal", "text": "Educar es el reflejo de la sociedad. Por tanto, dediqumosle el rigor, la importancia y la vala que tiene.", "type": "text", "style": "", "detail": 0, "format": 0, "version": 1}], "direction": null, "textStyle": "", "textFormat": 0}, {"type": "paragraph", "format": "", "indent": 0, "version": 1, "children": [{"mode": "normal", "text": "Mi objetivo es que no te sientas perdid@ ni solo en este proceso tan fascinante y exigente que es educar, fomentando al mismo tiempo valores, conciencia social y la capacidad de ser agentes activos para un mundo ms equilibrado, justo y emptico para todxs.", "type": "text", "style": "", "detail": 0, "format": 0, "version": 1}], "direction": null, "textStyle": "", "textFormat": 0}], "direction": null}}	\N	reference	\N	\N	\N	default	f	-80	separatorWhite	about-my-vision	visin educativa 	dark
\.


--
-- TOC entry 5082 (class 0 OID 446220)
-- Dependencies: 226
-- Data for Name: pages_blocks_cta; Type: TABLE DATA; Schema: public; Owner: postgres
--

COPY public.pages_blocks_cta (_order, _parent_id, _path, id, media_id, rich_text, is_reverse, bottom, section_name, block_name, enable_background_image, separator_type, dark_mode) FROM stdin;
6	1	layout	68f79fc8f46630ee6d8dcbb6	108	{"root": {"type": "root", "format": "", "indent": 0, "version": 1, "children": [{"tag": "h2", "type": "heading", "format": "center", "indent": 0, "version": 1, "children": [{"mode": "normal", "text": "Educar Sano: tu espacio educativo y familiar de confianza", "type": "text", "style": "", "detail": 0, "format": 1, "version": 1}], "direction": "ltr", "textFormat": 1}, {"type": "paragraph", "format": "", "indent": 0, "version": 1, "children": [{"mode": "normal", "text": "Si quieres acompaamiento prctico, humano y con conciencia social, aqu encontrars las herramientas y el apoyo que necesitas.", "type": "text", "style": "", "detail": 0, "format": 0, "version": 1}], "direction": "ltr", "textStyle": "", "textFormat": 0}, {"type": "paragraph", "format": "", "indent": 0, "version": 1, "children": [{"mode": "normal", "text": "Comienza tu proceso con nosotros", "type": "text", "style": "", "detail": 0, "format": 0, "version": 1}], "direction": "ltr", "textStyle": "", "textFormat": 0}], "direction": null, "textFormat": 1}}	t	-66	HomeCallToAction01	Llamada a la accin	t	separatorBackground	\N
5	2	layout	69026af7c0fe9717b5354e09	108	{"root": {"type": "root", "format": "", "indent": 0, "version": 1, "children": [{"tag": "h2", "type": "heading", "format": "center", "indent": 0, "version": 1, "children": [{"mode": "normal", "text": "Educar Sano: tu espacio educativo y familiar de confianza", "type": "text", "style": "", "detail": 0, "format": 1, "version": 1}], "direction": "ltr", "textFormat": 1}, {"type": "paragraph", "format": "", "indent": 0, "version": 1, "children": [{"mode": "normal", "text": "Si quieres acompaamiento prctico, humano y con conciencia social, aqu encontrars las herramientas y el apoyo que necesitas.", "type": "text", "style": "", "detail": 0, "format": 0, "version": 1}], "direction": "ltr", "textStyle": "", "textFormat": 0}, {"type": "paragraph", "format": "", "indent": 0, "version": 1, "children": [{"mode": "normal", "text": "Comienza tu proceso con nosotros", "type": "text", "style": "", "detail": 0, "format": 0, "version": 1}], "direction": "ltr", "textStyle": "", "textFormat": 0}], "direction": null, "textFormat": 1}}	f	0	about-call-to-action	llamada a la accin	f	separatorBackground	\N
2	4	layout	69133610b6900a691354eca6	119	{"root": {"type": "root", "format": "", "indent": 0, "version": 1, "children": [{"tag": "h2", "type": "heading", "format": "center", "indent": 0, "version": 1, "children": [{"mode": "normal", "text": "Educar Sano: tu espacio educativo y familiar de confianza", "type": "text", "style": "", "detail": 0, "format": 1, "version": 1}], "direction": "ltr", "textFormat": 1}, {"type": "paragraph", "format": "", "indent": 0, "version": 1, "children": [{"mode": "normal", "text": "Si quieres acompaamiento prctico, humano y con conciencia social, aqu encontrars las herramientas y el apoyo que necesitas.", "type": "text", "style": "", "detail": 0, "format": 0, "version": 1}], "direction": "ltr", "textStyle": "", "textFormat": 0}, {"type": "paragraph", "format": "", "indent": 0, "version": 1, "children": [{"mode": "normal", "text": "Comienza tu proceso con nosotros", "type": "text", "style": "", "detail": 0, "format": 0, "version": 1}], "direction": "ltr", "textStyle": "", "textFormat": 0}], "direction": null, "textFormat": 1}}	t	-70	servicesCallToAction02	LLamada a la accin	t	\N	blue
\.


--
-- TOC entry 5081 (class 0 OID 446211)
-- Dependencies: 225
-- Data for Name: pages_blocks_cta_links; Type: TABLE DATA; Schema: public; Owner: postgres
--

COPY public.pages_blocks_cta_links (_order, _parent_id, id, link_type, link_new_tab, link_url, link_label, link_appearance) FROM stdin;
1	68f79fc8f46630ee6d8dcbb6	68f7a020ad89aa564b316f79	calendly	\N	https://calendly.com/educarsano	agendar cita	default
2	68f79fc8f46630ee6d8dcbb6	68f7a03ead89aa564b316f7b	reference	\N	\N	contacto	default
1	69026af7c0fe9717b5354e09	69026b8c8a378f13385b4300	calendly	\N	https://calendly.com/educarsano	agendar cita	default
2	69026af7c0fe9717b5354e09	69026bad8a378f13385b4302	reference	\N	\N	contacto	default
1	69133610b6900a691354eca6	69133691406dbfb798ca855e	calendly	\N	https://calendly.com/educarsano	agendar cita	default
2	69133610b6900a691354eca6	6913366d406dbfb798ca855c	reference	\N	\N	contacto	default
\.


--
-- TOC entry 5086 (class 0 OID 446264)
-- Dependencies: 230
-- Data for Name: pages_blocks_form_block; Type: TABLE DATA; Schema: public; Owner: postgres
--

COPY public.pages_blocks_form_block (_order, _parent_id, _path, id, enable_header_text, header_text, enable_companion_text, companion_text, form_id, is_reverse, bottom, block_name, dark_mode, separator_type, enable_background_image) FROM stdin;
4	4	layout	693318b170b6b23ed6637e4a	t	{"root": {"type": "root", "format": "", "indent": 0, "version": 1, "children": [{"tag": "h2", "type": "heading", "format": "center", "indent": 0, "version": 1, "children": [{"mode": "normal", "text": "conectemos!", "type": "text", "style": "", "detail": 0, "format": 0, "version": 1}], "direction": null}, {"type": "paragraph", "format": "", "indent": 0, "version": 1, "children": [{"mode": "normal", "text": "Lorem ipsum dolor sit amet consectetur. Potenti diam facilisi sagittis qiuisque. Consequat gravida est semper sagittis. Morbi eleifend ac maecenas integer congue viverra morbi.", "type": "text", "style": "", "detail": 0, "format": 0, "version": 1}], "direction": "ltr", "textStyle": "", "textFormat": 0}, {"type": "block", "fields": {"id": "69331a5d5e74d2a163008163", "rrss": [{"id": "69331a5f70b6b23ed6637e4c", "icon": 66, "link": {"url": "www.google.es", "type": "custom", "label": "contacto@educarsano.com"}, "title": "Email"}, {"id": "69331a8a70b6b23ed6637e4e", "icon": 67, "link": {"url": "www.google.es", "type": "custom", "label": "@educarsano"}, "title": "Instagram"}], "blockName": "rrss", "blockType": "social"}, "format": "", "version": 2}, {"type": "paragraph", "format": "", "indent": 0, "version": 1, "children": [], "direction": "ltr", "textStyle": "", "textFormat": 0}], "direction": null}}	t	{"root": {"type": "root", "format": "", "indent": 0, "version": 1, "children": [{"tag": "h3", "type": "heading", "format": "center", "indent": 1, "version": 1, "children": [{"mode": "normal", "text": "Formulario de Contacto", "type": "text", "style": "", "detail": 0, "format": 0, "version": 1}], "direction": null}, {"type": "paragraph", "format": "center", "indent": 0, "version": 1, "children": [{"mode": "normal", "text": "Ponte en contacto conmigo y hablamos!", "type": "text", "style": "", "detail": 0, "format": 0, "version": 1}], "direction": "ltr", "textStyle": "", "textFormat": 0}], "direction": null}}	1	t	-36	formulario de contacto	blue	separatorYellow	\N
1	9	layout	693a735b61708c6b781d468d	t	{"root": {"type": "root", "format": "", "indent": 0, "version": 1, "children": [{"tag": "h2", "type": "heading", "format": "center", "indent": 0, "version": 1, "children": [{"mode": "normal", "text": "conectemos!", "type": "text", "style": "", "detail": 0, "format": 0, "version": 1}], "direction": null}, {"type": "paragraph", "format": "", "indent": 0, "version": 1, "children": [{"mode": "normal", "text": "Lorem ipsum dolor sit amet consectetur. Potenti diam facilisi sagittis qiuisque. Consequat gravida est semper sagittis. Morbi eleifend ac maecenas integer congue viverra morbi.", "type": "text", "style": "", "detail": 0, "format": 0, "version": 1}], "direction": "ltr", "textStyle": "", "textFormat": 0}, {"type": "block", "fields": {"id": "693a73da221ed6f1902cc392", "rrss": [{"id": "693a73dc61708c6b781d468f", "icon": 67, "link": {"url": "www.google.es", "type": "custom", "label": "@educarsano"}}], "blockName": "RRSS", "blockType": "social"}, "format": "", "version": 2}, {"type": "paragraph", "format": "", "indent": 0, "version": 1, "children": [], "direction": "ltr", "textStyle": "", "textFormat": 0}], "direction": null}}	t	{"root": {"type": "root", "format": "", "indent": 0, "version": 1, "children": [{"tag": "h3", "type": "heading", "format": "center", "indent": 1, "version": 1, "children": [{"mode": "normal", "text": "Formulario de Contacto", "type": "text", "style": "", "detail": 0, "format": 0, "version": 1}], "direction": null}, {"type": "paragraph", "format": "center", "indent": 0, "version": 1, "children": [{"mode": "normal", "text": "Ponte en contacto conmigo y hablamos!", "type": "text", "style": "", "detail": 0, "format": 0, "version": 1}], "direction": "ltr", "textStyle": "", "textFormat": 0}], "direction": null}}	1	f	0	Formulario de contacto	\N	separatorYellow	\N
10	1	layout	68f7b71ec5b20bf7bc32e1c1	t	{"root": {"type": "root", "format": "", "indent": 0, "version": 1, "children": [{"tag": "h2", "type": "heading", "format": "center", "indent": 0, "version": 1, "children": [{"mode": "normal", "text": "conectemos!", "type": "text", "style": "", "detail": 0, "format": 0, "version": 1}], "direction": null}, {"type": "paragraph", "format": "", "indent": 0, "version": 1, "children": [{"mode": "normal", "text": "Lorem ipsum dolor sit amet consectetur. Potenti diam facilisi sagittis qiuisque. Consequat gravida est semper sagittis. Morbi eleifend ac maecenas integer congue viverra morbi.", "type": "text", "style": "", "detail": 0, "format": 0, "version": 1}], "direction": "ltr", "textStyle": "", "textFormat": 0}, {"type": "block", "fields": {"id": "68f7b7713a7bb11e3a36255a", "rrss": [{"id": "68f7b776539115341321864c", "icon": 66, "link": {"url": "www.google.es", "type": "custom", "label": "contacto@educarsano.com"}, "title": "Email"}, {"id": "68f7b7a8539115341321864e", "icon": 67, "link": {"url": "www.google.es", "type": "custom", "label": "@educarsano"}, "title": "Instagram"}], "blockName": "rrss", "blockType": "social"}, "format": "", "version": 2}, {"type": "paragraph", "format": "", "indent": 0, "version": 1, "children": [], "direction": "ltr", "textStyle": "", "textFormat": 0}], "direction": null}}	t	{"root": {"type": "root", "format": "", "indent": 0, "version": 1, "children": [{"tag": "h3", "type": "heading", "format": "center", "indent": 1, "version": 1, "children": [{"mode": "normal", "text": "Formulario de Contacto", "type": "text", "style": "", "detail": 0, "format": 0, "version": 1}], "direction": null}, {"type": "paragraph", "format": "center", "indent": 0, "version": 1, "children": [{"mode": "normal", "text": "Ponte en contacto conmigo y hablamos!", "type": "text", "style": "", "detail": 0, "format": 0, "version": 1}], "direction": "ltr", "textStyle": "", "textFormat": 0}], "direction": null}}	1	t	-39	Formulario de contacto	dark	separatorYellow	\N
\.


--
-- TOC entry 5189 (class 0 OID 473873)
-- Dependencies: 333
-- Data for Name: pages_blocks_frequently_questions_block; Type: TABLE DATA; Schema: public; Owner: postgres
--

COPY public.pages_blocks_frequently_questions_block (_order, _parent_id, _path, id, enable_title, title, enable_text, content, enable_image, image_id, section_name, block_name) FROM stdin;
\.


--
-- TOC entry 5188 (class 0 OID 473866)
-- Dependencies: 332
-- Data for Name: pages_blocks_frequently_questions_block_questions; Type: TABLE DATA; Schema: public; Owner: postgres
--

COPY public.pages_blocks_frequently_questions_block_questions (_order, _parent_id, id, question, answer) FROM stdin;
\.


--
-- TOC entry 5085 (class 0 OID 446255)
-- Dependencies: 229
-- Data for Name: pages_blocks_list_content; Type: TABLE DATA; Schema: public; Owner: postgres
--

COPY public.pages_blocks_list_content (_order, _parent_id, _path, id, enable_title, title, enable_sub_title, sub_title, enable_background_image, enable_image, field_image_id, is_reverse, bottom, separator_type, section_name, block_name, dark_mode) FROM stdin;
4	1	layout	68f79953431c43bc53390a65	t	Servicios	\N	\N	\N	t	59	f	-65	separatorWhite	homeServices	Servicios	dark
7	1	layout	68f79e0e42986f06cbf2068d	t	 Qu hace diferente a Educar Sano?	t	{"root": {"type": "root", "format": "", "indent": 0, "version": 1, "children": [{"type": "paragraph", "format": "", "indent": 0, "version": 1, "children": [{"mode": "normal", "text": "Mi propuesta no es genrica ni estandarizada. Acompa desde la experiencia, la empata y una mirada educativa adaptada a cada realidad.", "type": "text", "style": "", "detail": 0, "format": 0, "version": 1}], "direction": null, "textStyle": "", "textFormat": 0}], "direction": null}}	t	t	63	f	-80	separatorBackground	homeDiferences	 Qu hace diferente a Educar Sano?	dark
\.


--
-- TOC entry 5214 (class 0 OID 487081)
-- Dependencies: 358
-- Data for Name: pages_blocks_list_content_blocks; Type: TABLE DATA; Schema: public; Owner: postgres
--

COPY public.pages_blocks_list_content_blocks (_order, _parent_id, id, enable_filed_title, field_title, enable_icon, media_id, enable_rich_text, rich_text, enable_link, link_type, link_new_tab, link_url, link_label, link_appearance, color) FROM stdin;
1	68f79953431c43bc53390a65	692ad5a62732e16824dec687	t	Asesoramiento familiar	t	105	t	{"root": {"type": "root", "format": "", "indent": 0, "version": 1, "children": [{"type": "paragraph", "format": "", "indent": 0, "version": 1, "children": [{"mode": "normal", "text": "Acompaamiento para mejorar la convivencia y el bienestar en casa.", "type": "text", "style": "", "detail": 0, "format": 0, "version": 1}], "direction": null, "textStyle": "", "textFormat": 0}], "direction": null}}	t	reference	\N	\N	asesoramiento faamiliar	default	transparent
2	68f79953431c43bc53390a65	692c1826fa0d132570dd3aea	t	Asesoramiento educativo	t	105	t	{"root": {"type": "root", "format": "", "indent": 0, "version": 1, "children": [{"type": "paragraph", "format": "", "indent": 0, "version": 1, "children": [{"mode": "normal", "text": "Orientacin para docentes y profesionales que buscan nuevas herramientas.", "type": "text", "style": "", "detail": 0, "format": 0, "version": 1}], "direction": null, "textStyle": "", "textFormat": 0}], "direction": null}}	t	reference	\N	\N	Asesoramiento-educativo	default	transparent
3	68f79953431c43bc53390a65	692c188cfa0d132570dd3aec	t	Clases de refuerzo 	t	105	t	{"root": {"type": "root", "format": "", "indent": 0, "version": 1, "children": [{"type": "paragraph", "format": "", "indent": 0, "version": 1, "children": [{"mode": "normal", "text": "Apoyo escolar individualizado con una mirada respetuosa y consciente.", "type": "text", "style": "", "detail": 0, "format": 0, "version": 1}], "direction": null, "textStyle": "", "textFormat": 0}], "direction": null}}	\N	reference	\N	\N	\N	default	transparent
4	68f79953431c43bc53390a65	692c18c45396350128105952	t	Asesoramiento express	t	105	t	{"root": {"type": "root", "format": "", "indent": 0, "version": 1, "children": [{"type": "paragraph", "format": "", "indent": 0, "version": 1, "children": [{"mode": "normal", "text": "Sesiones rpidas para dudas concretas o decisiones urgentes.", "type": "text", "style": "", "detail": 0, "format": 0, "version": 1}], "direction": null, "textStyle": "", "textFormat": 0}], "direction": null}}	\N	reference	\N	\N	\N	default	transparent
5	68f79953431c43bc53390a65	692c18eb5396350128105954	t	Consultora educativa	t	105	t	{"root": {"type": "root", "format": "", "indent": 0, "version": 1, "children": [{"type": "paragraph", "format": "", "indent": 0, "version": 1, "children": [{"mode": "normal", "text": "Transformacin de centros escolares hacia un modelo ms humano e inclusivo.", "type": "text", "style": "", "detail": 0, "format": 0, "version": 1}], "direction": null, "textStyle": "", "textFormat": 0}], "direction": null}}	\N	reference	\N	\N	\N	default	transparent
6	68f79953431c43bc53390a65	692c190d5396350128105956	t	Supervisiones pedaggicas	t	105	t	{"root": {"type": "root", "format": "", "indent": 0, "version": 1, "children": [{"type": "paragraph", "format": "", "indent": 0, "version": 1, "children": [{"mode": "normal", "text": "Acompaamiento a equipos docentes para reflexionar y mejorar su prctica educativa.", "type": "text", "style": "", "detail": 0, "format": 0, "version": 1}], "direction": null, "textStyle": "", "textFormat": 0}], "direction": null}}	\N	reference	\N	\N	\N	default	transparent
7	68f79953431c43bc53390a65	692c19365396350128105958	t	Formaciones y charlas	t	105	t	{"root": {"type": "root", "format": "", "indent": 0, "version": 1, "children": [{"type": "paragraph", "format": "", "indent": 0, "version": 1, "children": [{"mode": "normal", "text": "Talleres y conferencias para familias, docentes e instituciones", "type": "text", "style": "", "detail": 0, "format": 0, "version": 1}], "direction": null, "textStyle": "", "textFormat": 0}], "direction": null}}	\N	reference	\N	\N	\N	default	transparent
1	68f79e0e42986f06cbf2068d	692c2817d54b4884d5beffae	t	Acompaamiento personalizado	t	105	t	{"root": {"type": "root", "format": "", "indent": 0, "version": 1, "children": [{"type": "paragraph", "format": "", "indent": 0, "version": 1, "children": [{"mode": "normal", "text": "Planes ajustados a cada familia y educador/a, con seguimiento cercano y realista.", "type": "text", "style": "", "detail": 0, "format": 0, "version": 1}], "direction": null, "textStyle": "", "textFormat": 0}], "direction": null}}	\N	reference	\N	\N	\N	default	transparent
2	68f79e0e42986f06cbf2068d	692c2879d54b4884d5beffb0	t	Enfoque prctico y actualizado	t	105	t	{"root": {"type": "root", "format": "", "indent": 0, "version": 1, "children": [{"type": "paragraph", "format": "", "indent": 0, "version": 1, "children": [{"mode": "normal", "text": "Herramientas educativas respetuosas y aplicables, basadas en la experiencia.", "type": "text", "style": "", "detail": 0, "format": 0, "version": 1}], "direction": null, "textStyle": "", "textFormat": 0}], "direction": null}}	\N	reference	\N	\N	\N	default	transparent
3	68f79e0e42986f06cbf2068d	692c28a4d54b4884d5beffb2	t	Mirada emptica y social	t	105	t	{"root": {"type": "root", "format": "", "indent": 0, "version": 1, "children": [{"type": "paragraph", "format": "", "indent": 0, "version": 1, "children": [{"mode": "normal", "text": "Escucha, respeto y compromiso con una educacin ms justa y consciente.", "type": "text", "style": "", "detail": 0, "format": 0, "version": 1}], "direction": null, "textStyle": "", "textFormat": 0}], "direction": null}}	\N	reference	\N	\N	\N	default	transparent
4	68f79e0e42986f06cbf2068d	692c28c9d54b4884d5beffb4	t	Supervisin de casos	t	105	t	{"root": {"type": "root", "format": "", "indent": 0, "version": 1, "children": [{"type": "paragraph", "format": "", "indent": 0, "version": 1, "children": [{"mode": "normal", "text": "Anlisis de situaciones concretas para encontrar estrategias tiles en el aula o en casa.", "type": "text", "style": "", "detail": 0, "format": 0, "version": 1}], "direction": null, "textStyle": "", "textFormat": 0}], "direction": null}}	f	reference	\N	\N	\N	default	transparent
5	68f79e0e42986f06cbf2068d	692c28efd54b4884d5beffb6	t	Formaciones a medida	t	105	t	{"root": {"type": "root", "format": "", "indent": 0, "version": 1, "children": [{"type": "paragraph", "format": "", "indent": 0, "version": 1, "children": [{"mode": "normal", "text": "Talleres, charlas y sesiones adaptadas a tus necesidades.", "type": "text", "style": "", "detail": 0, "format": 0, "version": 1}], "direction": null, "textStyle": "", "textFormat": 0}], "direction": null}}	\N	reference	\N	\N	\N	default	transparent
6	68f79e0e42986f06cbf2068d	692c291dd54b4884d5beffb8	t	Creatividad en la educacin	t	105	t	{"root": {"type": "root", "format": "", "indent": 0, "version": 1, "children": [{"type": "paragraph", "format": "", "indent": 0, "version": 1, "children": [{"mode": "normal", "text": "Respeto y potencia de las habilidades nicas de cada persona para que encuentre su propio estilo de acompaar a la infancia.", "type": "text", "style": "", "detail": 0, "format": 0, "version": 1}], "direction": null, "textStyle": "", "textFormat": 0}], "direction": null}}	\N	reference	\N	\N	\N	default	transparent
7	68f79e0e42986f06cbf2068d	692c293dd54b4884d5beffba	t	Precios accesibles	t	105	t	{"root": {"type": "root", "format": "", "indent": 0, "version": 1, "children": [{"type": "paragraph", "format": "", "indent": 0, "version": 1, "children": [{"mode": "normal", "text": "Tarifas sociales para madres solteras y familias con pocos recursos.", "type": "text", "style": "", "detail": 0, "format": 0, "version": 1}], "direction": null, "textStyle": "", "textFormat": 0}, {"type": "paragraph", "format": "", "indent": 0, "version": 1, "children": [{"mode": "normal", "text": "  [Ver tarifas sociales]", "type": "text", "style": "", "detail": 0, "format": 0, "version": 1}], "direction": null, "textStyle": "", "textFormat": 0}], "direction": null}}	\N	reference	\N	\N	\N	default	transparent
\.


--
-- TOC entry 5084 (class 0 OID 446240)
-- Dependencies: 228
-- Data for Name: pages_blocks_media_block; Type: TABLE DATA; Schema: public; Owner: postgres
--

COPY public.pages_blocks_media_block (_order, _parent_id, _path, id, media_id, section_name, block_name) FROM stdin;
\.


--
-- TOC entry 5187 (class 0 OID 473857)
-- Dependencies: 331
-- Data for Name: pages_blocks_post_carousel_block; Type: TABLE DATA; Schema: public; Owner: postgres
--

COPY public.pages_blocks_post_carousel_block (_order, _parent_id, _path, id, is_reverse, bottom, separator_type, block_name, enable_background_image, dark_mode) FROM stdin;
9	1	layout	6916492d9b13dd4f26d262db	f	-1	separatorYellow	Carrusel de Posts	f	blue
3	4	layout	691d8cf93531105b2f8b2cdf	t	0	separatorYellow	Carrusel de posts	\N	dark
\.


--
-- TOC entry 5092 (class 0 OID 446314)
-- Dependencies: 236
-- Data for Name: pages_blocks_quote_block; Type: TABLE DATA; Schema: public; Owner: postgres
--

COPY public.pages_blocks_quote_block (_order, _parent_id, _path, id, rich_text, enable_image, image_id, is_reverse, bottom, separator_type, section_name, block_name) FROM stdin;
\.


--
-- TOC entry 5091 (class 0 OID 446305)
-- Dependencies: 235
-- Data for Name: pages_blocks_quote_block_links; Type: TABLE DATA; Schema: public; Owner: postgres
--

COPY public.pages_blocks_quote_block_links (_order, _parent_id, id, link_type, link_new_tab, link_url, link_label, link_appearance) FROM stdin;
\.


--
-- TOC entry 5204 (class 0 OID 475537)
-- Dependencies: 348
-- Data for Name: pages_blocks_service; Type: TABLE DATA; Schema: public; Owner: postgres
--

COPY public.pages_blocks_service (_order, _parent_id, _path, id, title, enable_background_image, is_reverse, bottom, separator_type, section_name, block_name, rich_text, dark_mode) FROM stdin;
\.


--
-- TOC entry 5207 (class 0 OID 484566)
-- Dependencies: 351
-- Data for Name: pages_blocks_service_accordions; Type: TABLE DATA; Schema: public; Owner: postgres
--

COPY public.pages_blocks_service_accordions (_order, _parent_id, id, title, content) FROM stdin;
\.


--
-- TOC entry 5199 (class 0 OID 474933)
-- Dependencies: 343
-- Data for Name: pages_blocks_service_list_block; Type: TABLE DATA; Schema: public; Owner: postgres
--

COPY public.pages_blocks_service_list_block (_order, _parent_id, _path, id, enable_title, title, enable_background_image, is_reverse, bottom, separator_type, section_name, block_name, dark_mode) FROM stdin;
1	4	layout	691306adb6900a691354ec94	t	Servicios	\N	t	-65	\N	service-list	lista de servicios	dark
\.


--
-- TOC entry 5198 (class 0 OID 474925)
-- Dependencies: 342
-- Data for Name: pages_blocks_service_list_block_blocks; Type: TABLE DATA; Schema: public; Owner: postgres
--

COPY public.pages_blocks_service_list_block_blocks (_order, _parent_id, id, enable_filed_title, field_title, enable_icon, media_id, enable_rich_text, rich_text, link_type, link_new_tab, link_url, link_label, link_appearance) FROM stdin;
1	691306adb6900a691354ec94	691306b7b6900a691354ec96	t	Asesoramiento familiar	t	68	t	{"root": {"type": "root", "format": "", "indent": 0, "version": 1, "children": [{"type": "paragraph", "format": "", "indent": 0, "version": 1, "children": [{"mode": "normal", "text": "Un espacio de acompaamiento profesional que brinda orientacin y estrategias prcticas para mejorar la comunicacin, resolver conflictos y fortalecer los vnculos entre los miembros de la familia.", "type": "text", "style": "", "detail": 0, "format": 0, "version": 1}], "direction": null, "textStyle": "", "textFormat": 0}], "direction": null}}	reference	\N	\N	Saber ms	outline
2	691306adb6900a691354ec94	691306feb6900a691354ec98	t	Asesoramiento educativo	t	68	t	{"root": {"type": "root", "format": "", "indent": 0, "version": 1, "children": [{"type": "paragraph", "format": "", "indent": 0, "version": 1, "children": [{"mode": "normal", "text": "Dirigido a docentes, directivos, estudiantes y profesionales de la educacin que buscan mejorar su experiencia en el mbito escolar, fortalecer su rol y adquirir herramientas para una convivencia educativa ms efectiva y respetuosa.", "type": "text", "style": "", "detail": 0, "format": 0, "version": 1}], "direction": null, "textStyle": "", "textFormat": 0}], "direction": null}}	reference	\N	\N	Saber ms	outline
3	691306adb6900a691354ec94	69130701b6900a691354ec9a	t	Clases de refuerzo	t	68	t	{"root": {"type": "root", "format": "", "indent": 0, "version": 1, "children": [{"type": "paragraph", "format": "", "indent": 0, "version": 1, "children": [{"mode": "normal", "text": " Clases de refuerzo acadmico para nios y nias de 6 a 12 aos, combinando el aprendizaje escolar con el desarrollo de habilidades para la vida y la convivencia.", "type": "text", "style": "", "detail": 0, "format": 0, "version": 1}], "direction": null, "textStyle": "", "textFormat": 0}], "direction": null}}	reference	\N	\N	Saber ms	outline
4	691306adb6900a691354ec94	69130704b6900a691354ec9c	t	Asesoramiento express por email	t	68	t	{"root": {"type": "root", "format": "", "indent": 0, "version": 1, "children": [{"type": "paragraph", "format": "", "indent": 0, "version": 1, "children": [{"mode": "normal", "text": "Asesoramiento express, pensado para resolver dudas puntuales y concretas de forma gil y directa. Est disponible tanto para familias como para educadores que necesiten orientacin especfica sobre una situacin particular, sin iniciar un proceso ms largo.", "type": "text", "style": "", "detail": 0, "format": 0, "version": 1}], "direction": null, "textStyle": "", "textFormat": 0}], "direction": null}}	reference	\N	\N	Saber ms	outline
5	691306adb6900a691354ec94	69133217b6900a691354ec9e	t	Supervisiones pedaggicas	t	68	t	{"root": {"type": "root", "format": "", "indent": 0, "version": 1, "children": [{"type": "paragraph", "format": "", "indent": 0, "version": 1, "children": [{"mode": "normal", "text": " Supervisiones pedaggicas dirigidas a docentes, directivos y equipos educativos, realizadas en el aula o en el centro escolar. Estas supervisiones consisten en la observacin sin juicio de las dinmicas y prcticas pedaggicas, con el fin de reflexionar y mejorar la gestin del aula, la comunicacin y el liderazgo.", "type": "text", "style": "", "detail": 0, "format": 0, "version": 1}], "direction": null, "textStyle": "", "textFormat": 0}], "direction": null}}	reference	\N	\N	Saber ms	outline
6	691306adb6900a691354ec94	69133278b6900a691354eca0	t	Consultora educativa	t	68	t	{"root": {"type": "root", "format": "", "indent": 0, "version": 1, "children": [{"type": "paragraph", "format": "", "indent": 0, "version": 1, "children": [{"mode": "normal", "text": "consultora educativa dirigido a instituciones, equipos directivos y profesionales de la educacin que buscan acompaamiento integral y estratgico para mejorar sus prcticas y gestin.", "type": "text", "style": "", "detail": 0, "format": 0, "version": 1}], "direction": null, "textStyle": "", "textFormat": 0}, {"type": "paragraph", "format": "", "indent": 0, "version": 1, "children": [{"mode": "normal", "text": "A diferencia del asesoramiento, la consultora se enfoca en procesos ms largos y profundos, que incluyen anlisis detallados, diseo de planes de mejora y seguimiento continuo.", "type": "text", "style": "", "detail": 0, "format": 0, "version": 1}], "direction": null, "textStyle": "", "textFormat": 0}], "direction": null}}	reference	\N	\N	Saber ms	outline
7	691306adb6900a691354ec94	691332f1b6900a691354eca2	t	Formaciones,Talleres y charlas	t	68	t	{"root": {"type": "root", "format": "", "indent": 0, "version": 1, "children": [{"type": "paragraph", "format": "", "indent": 0, "version": 1, "children": [{"mode": "normal", "text": "Ofrezco espacios formativos pensados para acompaar procesos educativos con sentido, generar dilogo, y construir entornos ms humanos, respetuosos y sostenibles.", "type": "text", "style": "", "detail": 0, "format": 0, "version": 1}], "direction": null, "textStyle": "", "textFormat": 0}, {"type": "paragraph", "format": "", "indent": 0, "version": 1, "children": [{"mode": "normal", "text": "Las formaciones pueden ser personalizadas y adaptadas a las realidades y necesidades de cada entorno educativo, familiar o comunitario.", "type": "text", "style": "", "detail": 0, "format": 0, "version": 1}], "direction": null, "textStyle": "", "textFormat": 0}], "direction": null}}	reference	\N	\N	Saber ms	outline
8	691306adb6900a691354ec94	69133348b6900a691354eca4	t	Tarifa social disponible	t	68	t	{"root": {"type": "root", "format": "", "indent": 0, "version": 1, "children": [{"type": "paragraph", "format": "", "indent": 0, "version": 1, "children": [{"mode": "normal", "text": "Comprendo que no todas las personas atraviesan las mismas situaciones econmicas.", "type": "text", "style": "", "detail": 0, "format": 0, "version": 1}], "direction": null, "textStyle": "", "textFormat": 0}, {"type": "paragraph", "format": "", "indent": 0, "version": 1, "children": [{"mode": "normal", "text": "Por eso, ofrezco algunas plazas mensuales con tarifa reducida, destinadas a quienes realmente lo necesiten.", "type": "text", "style": "", "detail": 0, "format": 0, "version": 1}], "direction": null, "textStyle": "", "textFormat": 0}, {"type": "paragraph", "format": "", "indent": 0, "version": 1, "children": [{"mode": "normal", "text": "No se requiere documentacin ni justificantes.", "type": "text", "style": "", "detail": 0, "format": 1, "version": 1}, {"type": "linebreak", "version": 1}, {"mode": "normal", "text": "Confo en tu palabra y en el buen uso de este recurso solidario.", "type": "text", "style": "", "detail": 0, "format": 0, "version": 1}], "direction": null, "textStyle": "", "textFormat": 1}, {"type": "paragraph", "format": "", "indent": 0, "version": 1, "children": [{"mode": "normal", "text": "Si sientes que esta opcin es para ti, puedes escribirme con total confianza.", "type": "text", "style": "", "detail": 0, "format": 0, "version": 1}], "direction": null, "textStyle": "", "textFormat": 0}], "direction": null}}	reference	\N	\N	Contacto	outline
\.


--
-- TOC entry 5090 (class 0 OID 446296)
-- Dependencies: 234
-- Data for Name: pages_blocks_simple_list_content; Type: TABLE DATA; Schema: public; Owner: postgres
--

COPY public.pages_blocks_simple_list_content (_order, _parent_id, _path, id, enable_title, title, enable_background_image, is_reverse, bottom, separator_type, section_name, block_name, dark_mode, image_id) FROM stdin;
5	1	layout	68f79af089f5b3661274fffe	t	Este espacio es para ti...	f	t	-88	\N	homeIsForYou	Este espacio es para ti...	dark	91
8	1	layout	68f7a081ad89aa564b316f7d	t	Mi visin educativa	t	t	-104	separatorBackground	homeMyVision	Mi visin educativa	dark	92
\.


--
-- TOC entry 5089 (class 0 OID 446288)
-- Dependencies: 233
-- Data for Name: pages_blocks_simple_list_content_blocks; Type: TABLE DATA; Schema: public; Owner: postgres
--

COPY public.pages_blocks_simple_list_content_blocks (_order, _parent_id, id, enable_icon, media_id, enable_rich_text, rich_text, color) FROM stdin;
1	68f79af089f5b3661274fffe	68f79b4789f5b36612750000	t	61	t	{"root": {"type": "root", "format": "", "indent": 0, "version": 1, "children": [{"type": "paragraph", "format": "", "indent": 0, "version": 1, "children": [{"mode": "normal", "text": "Si quieres revisar hbitos y dinmicas familiares o escolares.", "type": "text", "style": "", "detail": 0, "format": 0, "version": 1}], "direction": null, "textStyle": "", "textFormat": 0}], "direction": null}}	yellow
2	68f79af089f5b3661274fffe	68f79b7789f5b36612750002	t	61	t	{"root": {"type": "root", "format": "", "indent": 0, "version": 1, "children": [{"type": "paragraph", "format": "", "indent": 0, "version": 1, "children": [{"mode": "normal", "text": "Si buscas nuevas estrategias para acompaar a tus hij@s o estudiantes.", "type": "text", "style": "", "detail": 0, "format": 0, "version": 1}], "direction": null, "textStyle": "", "textFormat": 0}], "direction": null}}	yellow
3	68f79af089f5b3661274fffe	68f79b8d89f5b36612750004	t	61	t	{"root": {"type": "root", "format": "", "indent": 0, "version": 1, "children": [{"type": "paragraph", "format": "", "indent": 0, "version": 1, "children": [{"mode": "normal", "text": "Si valoras una educacin ms respetuosa y consciente y emptica.", "type": "text", "style": "", "detail": 0, "format": 0, "version": 1}], "direction": null, "textStyle": "", "textFormat": 0}], "direction": null}}	yellow
4	68f79af089f5b3661274fffe	68f79b9e89f5b36612750006	t	61	t	{"root": {"type": "root", "format": "", "indent": 0, "version": 1, "children": [{"type": "paragraph", "format": "", "indent": 0, "version": 1, "children": [{"mode": "normal", "text": "Si necesitas orientacin profesional para tomar decisiones con claridad.", "type": "text", "style": "", "detail": 0, "format": 0, "version": 1}], "direction": null, "textStyle": "", "textFormat": 0}], "direction": null}}	yellow
5	68f79af089f5b3661274fffe	68f79bd089f5b36612750008	t	61	t	{"root": {"type": "root", "format": "", "indent": 0, "version": 1, "children": [{"type": "paragraph", "format": "", "indent": 0, "version": 1, "children": [{"mode": "normal", "text": "Si crees que educar es tambin transformar la sociedad.", "type": "text", "style": "", "detail": 0, "format": 0, "version": 1}], "direction": null, "textStyle": "", "textFormat": 0}], "direction": null}}	yellow
1	68f7a081ad89aa564b316f7d	68f7a0fcad89aa564b316f7f	t	61	t	{"root": {"type": "root", "format": "", "indent": 0, "version": 1, "children": [{"type": "paragraph", "format": "", "indent": 0, "version": 1, "children": [{"mode": "normal", "text": "La educacin debe ser un espacio de bienestar compartido, donde la empata, el cuidado y la conciencia social estn en el centro", "type": "text", "style": "", "detail": 0, "format": 0, "version": 1}], "direction": null, "textStyle": "", "textFormat": 0}], "direction": null}}	red
2	68f7a081ad89aa564b316f7d	68f7a12bad89aa564b316f81	t	61	t	{"root": {"type": "root", "format": "", "indent": 0, "version": 1, "children": [{"type": "paragraph", "format": "", "indent": 0, "version": 1, "children": [{"mode": "normal", "text": "La escuela y la familia son agentes de transformacin social, capaces de formar personas autnomas, reflexivas y comprometidas.", "type": "text", "style": "", "detail": 0, "format": 0, "version": 1}], "direction": null, "textStyle": "", "textFormat": 0}], "direction": null}}	red
3	68f7a081ad89aa564b316f7d	68f7a157ad89aa564b316f85	t	61	t	{"root": {"type": "root", "format": "", "indent": 0, "version": 1, "children": [{"type": "paragraph", "format": "", "indent": 0, "version": 1, "children": [{"mode": "normal", "text": "Igualdad de gnero: Educacin libre de estereotipos y respetuosa con todas las identidades.", "type": "text", "style": "", "detail": 0, "format": 0, "version": 1}], "direction": null, "textStyle": "", "textFormat": 0}], "direction": null}}	red
4	68f7a081ad89aa564b316f7d	68f7a16cad89aa564b316f87	t	61	t	{"root": {"type": "root", "format": "", "indent": 0, "version": 1, "children": [{"type": "paragraph", "format": "", "indent": 0, "version": 1, "children": [{"mode": "normal", "text": "Educacin inclusiva y reparadora: Reconozco la diversidad y acompao necesidades individuales.", "type": "text", "style": "", "detail": 0, "format": 0, "version": 1}], "direction": null, "textStyle": "", "textFormat": 0}], "direction": null}}	red
5	68f7a081ad89aa564b316f7d	68f7a18dad89aa564b316f89	t	61	t	{"root": {"type": "root", "format": "", "indent": 0, "version": 1, "children": [{"type": "paragraph", "format": "", "indent": 0, "version": 1, "children": [{"mode": "normal", "text": "Educacin para la transformacin social: Fomento la empata, la solidaridad y la conciencia social.", "type": "text", "style": "", "detail": 0, "format": 0, "version": 1}], "direction": null, "textStyle": "", "textFormat": 0}], "direction": null}}	red
6	68f7a081ad89aa564b316f7d	68f7a19fad89aa564b316f8b	t	61	t	{"root": {"type": "root", "format": "", "indent": 0, "version": 1, "children": [{"type": "paragraph", "format": "", "indent": 0, "version": 1, "children": [{"mode": "normal", "text": "Pedagogas innovadoras y de cuidado: Metodologas activas centradas en el bienestar del alumnado.", "type": "text", "style": "", "detail": 0, "format": 0, "version": 1}], "direction": null, "textStyle": "", "textFormat": 0}], "direction": null}}	red
7	68f7a081ad89aa564b316f7d	68f7a1b1ad89aa564b316f8d	t	61	t	{"root": {"type": "root", "format": "", "indent": 0, "version": 1, "children": [{"type": "paragraph", "format": "", "indent": 0, "version": 1, "children": [{"mode": "normal", "text": "Fomento del pensamiento crtico: Enseo a pensar de forma autnoma, reflexiva y responsable.", "type": "text", "style": "", "detail": 0, "format": 0, "version": 1}], "direction": null, "textStyle": "", "textFormat": 0}], "direction": null}}	red
8	68f7a081ad89aa564b316f7d	68f7a1c4ad89aa564b316f8f	t	61	t	{"root": {"type": "root", "format": "", "indent": 0, "version": 1, "children": [{"type": "paragraph", "format": "", "indent": 0, "version": 1, "children": [{"mode": "normal", "text": "Coherencia educativa: Trabajo desde la integridad entre pensamiento, emocin y accin.", "type": "text", "style": "", "detail": 0, "format": 0, "version": 1}], "direction": null, "textStyle": "", "textFormat": 0}], "direction": null}}	red
9	68f7a081ad89aa564b316f7d	68f7a1d7ad89aa564b316f91	t	61	t	{"root": {"type": "root", "format": "", "indent": 0, "version": 1, "children": [{"type": "paragraph", "format": "", "indent": 0, "version": 1, "children": [{"mode": "normal", "text": "Educacin ecolgica y consciente: Promuevo el respeto por el medio ambiente y hbitos sostenibles.", "type": "text", "style": "", "detail": 0, "format": 0, "version": 1}], "direction": null, "textStyle": "", "textFormat": 0}], "direction": null}}	red
\.


--
-- TOC entry 5088 (class 0 OID 446281)
-- Dependencies: 232
-- Data for Name: pages_blocks_social; Type: TABLE DATA; Schema: public; Owner: postgres
--

COPY public.pages_blocks_social (_order, _parent_id, _path, id, block_name) FROM stdin;
\.


--
-- TOC entry 5087 (class 0 OID 446273)
-- Dependencies: 231
-- Data for Name: pages_blocks_social_rrss; Type: TABLE DATA; Schema: public; Owner: postgres
--

COPY public.pages_blocks_social_rrss (_order, _parent_id, id, title, link_type, link_new_tab, link_url, link_label, icon_id) FROM stdin;
\.


--
-- TOC entry 5080 (class 0 OID 446202)
-- Dependencies: 224
-- Data for Name: pages_hero_links; Type: TABLE DATA; Schema: public; Owner: postgres
--

COPY public.pages_hero_links (_order, _parent_id, id, link_type, link_new_tab, link_url, link_label, link_appearance) FROM stdin;
1	9	693a72f161708c6b781d4689	calendly	\N	https://www.calendly.com/educarsano	agendar cita	default
1	1	68f79700dd973d810fb0a527	calendly	\N	https://www.calendly.com/educarsano	agendar cita	default
2	1	68f7971bdd973d810fb0a529	reference	\N	\N	contacto	default
1	2	690b977ffdcb6410a4be8c5c	calendly	\N	https://www.calendly.com/educarsano	agendar cita	default
2	2	690b9798fdcb6410a4be8c5e	reference	\N	\N	contacto	default
1	4	690270428a378f13385b4306	calendly	\N	https://www.calendly.com/educarsano	agendar cita	default
2	4	690270658a378f13385b4308	reference	\N	\N	contacto	default
\.


--
-- TOC entry 5098 (class 0 OID 446351)
-- Dependencies: 242
-- Data for Name: pages_rels; Type: TABLE DATA; Schema: public; Owner: postgres
--

COPY public.pages_rels (id, "order", parent_id, path, pages_id, posts_id, services_id) FROM stdin;
2377	\N	2	hero.links.1.link.reference	1	\N	\N
2378	\N	2	layout.4.links.1.link.reference	1	\N	\N
2379	\N	4	hero.links.1.link.reference	1	\N	\N
2382	\N	4	layout.0.blocks.2.link.reference	1	\N	\N
2383	\N	4	layout.0.blocks.3.link.reference	1	\N	\N
2384	\N	4	layout.0.blocks.4.link.reference	1	\N	\N
2385	\N	4	layout.0.blocks.5.link.reference	1	\N	\N
2386	\N	4	layout.0.blocks.6.link.reference	1	\N	\N
2387	\N	4	layout.0.blocks.7.link.reference	1	\N	\N
2388	\N	4	layout.1.links.0.link.reference	1	\N	\N
2389	\N	4	layout.1.links.1.link.reference	1	\N	\N
314	\N	1	layout.7.links.1.link.reference	1	\N	\N
2336	\N	1	hero.links.1.link.reference	9	\N	\N
2337	\N	1	layout.1.link.reference	1	\N	\N
2338	\N	1	layout.2.link.reference	1	\N	\N
59	\N	1	layout.4.links.1.link.reference	1	\N	\N
60	\N	1	layout.6.links.1.link.reference	1	\N	\N
2341	\N	1	layout.5.links.1.link.reference	1	\N	\N
1686	\N	2	layout.3.links.1.link.reference	1	\N	\N
\.


--
-- TOC entry 5184 (class 0 OID 447964)
-- Dependencies: 328
-- Data for Name: payload_jobs; Type: TABLE DATA; Schema: public; Owner: postgres
--

COPY public.payload_jobs (id, input, completed_at, total_tried, has_error, error, task_slug, queue, wait_until, processing, updated_at, created_at) FROM stdin;
\.


--
-- TOC entry 5182 (class 0 OID 447956)
-- Dependencies: 326
-- Data for Name: payload_jobs_log; Type: TABLE DATA; Schema: public; Owner: postgres
--

COPY public.payload_jobs_log (_order, _parent_id, id, executed_at, completed_at, task_slug, task_i_d, input, output, state, error) FROM stdin;
\.


--
-- TOC entry 5218 (class 0 OID 503847)
-- Dependencies: 362
-- Data for Name: payload_kv; Type: TABLE DATA; Schema: public; Owner: postgres
--

COPY public.payload_kv (id, key, data) FROM stdin;
\.


--
-- TOC entry 5149 (class 0 OID 446662)
-- Dependencies: 293
-- Data for Name: payload_locked_documents; Type: TABLE DATA; Schema: public; Owner: postgres
--

COPY public.payload_locked_documents (id, global_slug, updated_at, created_at) FROM stdin;
1616	\N	2025-12-15 12:17:51.215+01	2025-12-15 12:16:02.933+01
\.


--
-- TOC entry 5151 (class 0 OID 446673)
-- Dependencies: 295
-- Data for Name: payload_locked_documents_rels; Type: TABLE DATA; Schema: public; Owner: postgres
--

COPY public.payload_locked_documents_rels (id, "order", parent_id, path, users_id, media_id, posts_id, pages_id, forms_id, form_submissions_id, categories_id, tags_id, documents_id, videos_id, services_id) FROM stdin;
3191	\N	1616	document	\N	\N	\N	4	\N	\N	\N	\N	\N	\N	\N
3192	\N	1616	user	1	\N	\N	\N	\N	\N	\N	\N	\N	\N	\N
\.


--
-- TOC entry 5157 (class 0 OID 446702)
-- Dependencies: 301
-- Data for Name: payload_migrations; Type: TABLE DATA; Schema: public; Owner: postgres
--

COPY public.payload_migrations (id, name, batch, updated_at, created_at) FROM stdin;
1	dev	-1	2025-12-18 10:12:39.035+01	2025-10-21 16:17:52.868+02
\.


--
-- TOC entry 5153 (class 0 OID 446682)
-- Dependencies: 297
-- Data for Name: payload_preferences; Type: TABLE DATA; Schema: public; Owner: postgres
--

COPY public.payload_preferences (id, key, value, updated_at, created_at) FROM stdin;
2	collection-forms	{"limit": 10, "editViewType": "default"}	2025-10-21 18:31:11.634+02	2025-10-21 16:18:57.007+02
11	collection-categories	{"limit": 10, "columns": [{"active": true, "accessor": "title"}, {"active": true, "accessor": "slug"}, {"active": false, "accessor": "slugLock"}, {"active": true, "accessor": "updatedAt"}, {"active": false, "accessor": "id"}, {"active": false, "accessor": "createdAt"}], "editViewType": "default"}	2025-10-27 09:35:00.391+01	2025-10-24 18:01:56.509+02
7	global-header	{"fields": {"navItems": {"collapsed": []}, "navItems.0.navLinks": {"collapsed": []}, "navItems.1.navLinks": {"collapsed": []}, "navItems.2.navLinks": {"collapsed": []}, "navItems.3.navLinks": {"collapsed": []}, "navItems.4.navLinks": {"collapsed": []}, "navItems.1.navLinks.0.items.0.subItems": {"collapsed": []}, "navItems.3.navLinks.0.items.0.subItems": {"collapsed": ["6925fd1f72537360c39ad06d"]}}, "editViewType": "default"}	2025-11-28 20:48:28.387+01	2025-10-21 19:01:17.322+02
1	collection-pages	{"limit": 10, "columns": [{"active": true, "accessor": "title"}, {"active": true, "accessor": "slug"}, {"active": true, "accessor": "updatedAt"}, {"active": false, "accessor": "id"}, {"active": false, "accessor": "hero.title"}, {"active": false, "accessor": "hero.media"}, {"active": false, "accessor": "hero.richText"}, {"active": false, "accessor": "hero.links"}, {"active": false, "accessor": "layout"}, {"active": false, "accessor": "meta.overview"}, {"active": false, "accessor": "meta.title"}, {"active": false, "accessor": "meta.image"}, {"active": false, "accessor": "meta.description"}, {"active": false, "accessor": "meta.preview"}, {"active": false, "accessor": "publishedAt"}, {"active": false, "accessor": "slugLock"}, {"active": false, "accessor": "createdAt"}, {"active": false, "accessor": "_status"}], "editViewType": "default"}	2025-11-30 10:24:58.286+01	2025-10-21 16:18:48.82+02
12	collection-posts-1	{"fields": {"_index-1": {"tabIndex": 0}}}	2025-11-29 12:53:58.864+01	2025-10-24 18:06:23.861+02
15	collection-tags	{"limit": 10, "editViewType": "default"}	2025-10-27 09:57:23.378+01	2025-10-27 09:57:03.989+01
28	collection-form-submissions	{"limit": 10}	2025-11-29 11:06:39.507+01	2025-11-01 20:32:04.132+01
13	collection-users	{"limit": 10, "columns": [{"active": true, "accessor": "name"}, {"active": true, "accessor": "email"}, {"active": false, "accessor": "id"}, {"active": false, "accessor": "avatar"}, {"active": true, "accessor": "roles"}, {"active": false, "accessor": "updatedAt"}, {"active": false, "accessor": "createdAt"}], "editViewType": "default"}	2025-10-31 11:14:20.917+01	2025-10-24 19:01:10.365+02
9	global-footer	{"fields": {"navItems": {"collapsed": []}}, "editViewType": "default"}	2025-10-24 12:29:01.05+02	2025-10-24 12:28:04.083+02
39	collection-documents	{"limit": 10, "editViewType": "default"}	2025-11-23 20:39:32.913+01	2025-11-23 20:11:22.131+01
6	collection-forms-1	{"fields": {"fields": {"collapsed": ["68f7b633c5b20bf7bc32e1b3", "68f7b644c5b20bf7bc32e1b5", "68f7b657c5b20bf7bc32e1b7", "68f7b6dbc5b20bf7bc32e1bf"]}}}	2025-11-25 09:13:10.415+01	2025-10-21 19:01:02.044+02
30	nav	{"open": true}	2025-11-01 21:47:29.599+01	2025-11-01 21:47:26.831+01
43	nav	{"groups": {"Colecciones": {"open": true}}}	2025-12-02 17:30:04.551+01	2025-11-29 11:03:50.637+01
14	collection-posts-2	{"fields": {"_index-1": {"tabIndex": 0}}}	2025-11-25 09:39:38.177+01	2025-10-24 19:36:47.593+02
32	collection-contact-messages	{}	2025-11-03 20:39:45.571+01	2025-11-03 20:39:45.571+01
16	collection-posts-3	{"fields": {"_index-1": {"tabIndex": 0}}}	2025-11-25 09:39:56.935+01	2025-10-27 19:36:36.813+01
23	collection-users	{"limit": 10, "columns": [{"active": true, "accessor": "name"}, {"active": true, "accessor": "email"}, {"active": false, "accessor": "id"}, {"active": false, "accessor": "avatar"}, {"active": true, "accessor": "roles"}, {"active": false, "accessor": "updatedAt"}, {"active": false, "accessor": "createdAt"}], "editViewType": "default"}	2025-11-04 20:26:21.091+01	2025-10-31 12:11:47.923+01
20	collection-posts-10	{"fields": {"_index-1": {"tabIndex": 2}}}	2025-12-11 08:52:41.207+01	2025-10-29 09:58:39.739+01
33	collection-pages-2	{"fields": {"rrss": {"collapsed": []}, "layout": {"collapsed": ["68fb525c398c9978e6edfe40"]}, "_index-1": {"tabIndex": 0}, "hero.links": {"collapsed": []}}}	2025-12-11 17:28:42.729+01	2025-11-05 19:29:21.676+01
5	collection-posts	{"limit": 10, "columns": [{"active": true, "accessor": "title"}, {"active": true, "accessor": "slug"}, {"active": true, "accessor": "updatedAt"}, {"active": false, "accessor": "id"}, {"active": false, "accessor": "heroImage"}, {"active": false, "accessor": "content"}, {"active": false, "accessor": "relatedPosts"}, {"active": true, "accessor": "categories"}, {"active": false, "accessor": "meta.overview"}, {"active": false, "accessor": "meta.title"}, {"active": false, "accessor": "meta.image"}, {"active": false, "accessor": "meta.description"}, {"active": false, "accessor": "meta.preview"}, {"active": false, "accessor": "publishedAt"}, {"active": false, "accessor": "authors"}, {"active": false, "accessor": "slugLock"}, {"active": false, "accessor": "createdAt"}, {"active": true, "accessor": "_status"}], "editViewType": "default"}	2025-10-25 12:07:51.104+02	2025-10-21 17:31:28.972+02
27	collection-posts	{"editViewType": "default"}	2025-11-29 19:27:48.635+01	2025-10-31 17:34:25.911+01
10	collection-pages-3	{"fields": {"layout": {"collapsed": []}, "_index-1": {"tabIndex": 0}}}	2025-11-29 21:35:21.408+01	2025-10-24 13:30:06.431+02
45	global-header	{"fields": {"navItems": {"collapsed": ["68f7bc7baa6172c24b5355c7", "68f7bcc7aa6172c24b5355cd", "68f7bdcbaa6172c24b5355e3"]}, "navItems.2.navLinks": {"collapsed": []}, "navItems.3.navLinks": {"collapsed": []}, "navItems.4.navLinks": {"collapsed": []}}, "editViewType": "default"}	2025-12-15 20:22:35.43+01	2025-11-29 21:38:12.939+01
8	collection-pages-2	{"fields": {"layout": {"collapsed": ["68fb50ed398c9978e6edfe3e", "690276e88a378f13385b430c"]}, "_index-1": {"tabIndex": 1}, "layout.3.links": {"collapsed": ["69026b8c8a378f13385b4300", "69026bad8a378f13385b4302"]}, "layout.2.blocks": {"collapsed": []}, "layout.6.blocks": {"collapsed": ["690278948a378f13385b4314", "69027af88a378f13385b4316", "69027b2f8a378f13385b4318", "69027b598a378f13385b431a", "69027b878a378f13385b431c", "69027bb68a378f13385b431e", "69027be48a378f13385b4320"]}}}	2025-12-04 19:08:09.132+01	2025-10-24 12:11:45.966+02
17	collection-posts-4	{"fields": {"_index-1": {"tabIndex": 0}}}	2025-11-25 09:40:24.5+01	2025-10-27 20:12:38.568+01
24	collection-categories	{}	2025-10-31 13:26:54.17+01	2025-10-31 13:26:54.17+01
26	collection-pages	{"limit": 10, "editViewType": "default"}	2025-11-01 20:35:18.36+01	2025-10-31 14:01:38.16+01
3	collection-media	{"limit": 10, "columns": [{"active": true, "accessor": "filename"}, {"active": false, "accessor": "alt"}, {"active": false, "accessor": "id"}, {"active": false, "accessor": "updatedAt"}, {"active": true, "accessor": "createdAt"}, {"active": false, "accessor": "url"}, {"active": false, "accessor": "thumbnailURL"}, {"active": false, "accessor": "mimeType"}, {"active": false, "accessor": "filesize"}, {"active": true, "accessor": "width"}, {"active": false, "accessor": "height"}, {"active": false, "accessor": "unpicUrl"}, {"active": false, "accessor": "prefix"}, {"active": false, "accessor": "sizes.large.url"}, {"active": false, "accessor": "sizes.large.width"}, {"active": false, "accessor": "sizes.large.height"}, {"active": false, "accessor": "sizes.large.mimeType"}, {"active": false, "accessor": "sizes.large.filesize"}, {"active": false, "accessor": "sizes.large.filename"}, {"active": false, "accessor": "sizes.medium.url"}, {"active": false, "accessor": "sizes.medium.width"}, {"active": false, "accessor": "sizes.medium.height"}, {"active": false, "accessor": "sizes.medium.mimeType"}, {"active": false, "accessor": "sizes.medium.filesize"}, {"active": false, "accessor": "sizes.medium.filename"}, {"active": false, "accessor": "sizes.small.url"}, {"active": false, "accessor": "sizes.small.width"}, {"active": false, "accessor": "sizes.small.height"}, {"active": false, "accessor": "sizes.small.mimeType"}, {"active": false, "accessor": "sizes.small.filesize"}, {"active": false, "accessor": "sizes.small.filename"}], "editViewType": "default"}	2025-11-30 09:53:33.017+01	2025-10-21 16:21:10.11+02
40	collection-posts-5	{"fields": {"_index-1": {"tabIndex": 2}}}	2025-11-25 09:40:40.944+01	2025-11-25 09:40:40.945+01
44	collection-videos	{}	2025-11-29 18:46:41.913+01	2025-11-29 18:46:41.913+01
21	collection-pages-4	{"fields": {"rrss": {"collapsed": []}, "layout": {"collapsed": ["691d8cf93531105b2f8b2cdf", "691d8d2f3531105b2f8b2ce1"]}, "prices": {"collapsed": ["690a39215848b31fe3c044c9", "690a39785848b31fe3c044da", "690a397b5848b31fe3c044e6"]}, "_index-1": {"tabIndex": 1}, "richText": {"hello": "hi", "collapsed": ["6908ab1e308a19cbee634d6e"]}, "questions": {"collapsed": ["6908ab21f360da2b13cc25fe", "6908ab2ff360da2b13cc2600"]}, "hero.links": {"collapsed": ["690270428a378f13385b4306", "690270658a378f13385b4308"]}, "layout.1.links": {"collapsed": ["6913366d406dbfb798ca855c", "69133691406dbfb798ca855e"]}, "layout.0.blocks": {"collapsed": ["691306b7b6900a691354ec96", "691306feb6900a691354ec98", "69130701b6900a691354ec9a", "69130704b6900a691354ec9c", "69133217b6900a691354ec9e", "69133278b6900a691354eca0", "691332f1b6900a691354eca2", "69133348b6900a691354eca4"]}, "layout.1.blocks": {"collapsed": ["690325b4bbb60f6131aaba32", "6903296dbbb60f6131aaba3a", "69032a84bbb60f6131aaba3e", "69032bd0bbb60f6131aaba42", "69032d4302487c028802d052", "69032f1402487c028802d056", "6903305b02487c028802d05a"]}, "prices.0.features": {"collapsed": ["690a39415848b31fe3c044cb", "690a395a5848b31fe3c044cd", "690a395d5848b31fe3c044cf", "690a39615848b31fe3c044d1", "690a39655848b31fe3c044d3"]}}}	2025-12-05 10:14:27.543+01	2025-10-29 20:51:32.319+01
29	collection-pages-1	{"fields": {"rrss": {"collapsed": []}, "layout": {"collapsed": ["68f7abd08feb57d8b268329d", "68f79891431c43bc53390a61", "68f798e6431c43bc53390a63", "68f79953431c43bc53390a65", "68f79af089f5b3661274fffe", "68f79fc8f46630ee6d8dcbb6", "68f79e0e42986f06cbf2068d", "68f7a081ad89aa564b316f7d", "6916492d9b13dd4f26d262db"]}, "_index-1": {"tabIndex": 0}, "hero.links": {"collapsed": []}, "layout.5.links": {"collapsed": ["68f7a020ad89aa564b316f79", "68f7a03ead89aa564b316f7b"]}, "layout.7.links": {"collapsed": []}, "layout.3.blocks": {"collapsed": ["692ad5a62732e16824dec687"]}, "layout.4.blocks": {"collapsed": ["68f79b7789f5b36612750002", "68f79b8d89f5b36612750004", "68f79b9e89f5b36612750006", "68f79bd089f5b36612750008"]}, "layout.6.blocks": {"collapsed": ["68f79e9542986f06cbf2068f", "68f79ee742986f06cbf20691", "68f79f13f46630ee6d8dcbac", "68f79f2ef46630ee6d8dcbae", "68f79f4ef46630ee6d8dcbb0", "68f79f73f46630ee6d8dcbb2", "68f79f87f46630ee6d8dcbb4"]}, "layout.7.blocks": {"collapsed": ["68f7a0fcad89aa564b316f7f", "68f7a12bad89aa564b316f81", "68f7a157ad89aa564b316f85", "68f7a16cad89aa564b316f87", "68f7a18dad89aa564b316f89", "68f7a19fad89aa564b316f8b", "68f7a1b1ad89aa564b316f8d", "68f7a1c4ad89aa564b316f8f", "68f7a1d7ad89aa564b316f91"]}, "layout.8.blocks": {"collapsed": []}}}	2025-12-11 17:28:09.099+01	2025-11-01 20:35:20.618+01
41	collection-posts-6	{"fields": {"_index-1": {"tabIndex": 2}}}	2025-11-25 09:40:57.312+01	2025-11-25 09:40:57.313+01
38	collection-forms	{"editViewType": "default"}	2025-11-21 09:47:59.571+01	2025-11-21 09:47:57.869+01
25	collection-media	{"limit": 10, "columns": [{"active": true, "accessor": "filename"}, {"active": false, "accessor": "alt"}, {"active": false, "accessor": "id"}, {"active": false, "accessor": "updatedAt"}, {"active": true, "accessor": "createdAt"}, {"active": false, "accessor": "url"}, {"active": false, "accessor": "thumbnailURL"}, {"active": false, "accessor": "mimeType"}, {"active": false, "accessor": "filesize"}, {"active": true, "accessor": "width"}, {"active": false, "accessor": "height"}, {"active": false, "accessor": "unpicUrl"}, {"active": false, "accessor": "prefix"}, {"active": false, "accessor": "sizes.large.url"}, {"active": false, "accessor": "sizes.large.width"}, {"active": false, "accessor": "sizes.large.height"}, {"active": false, "accessor": "sizes.large.mimeType"}, {"active": false, "accessor": "sizes.large.filesize"}, {"active": false, "accessor": "sizes.large.filename"}, {"active": false, "accessor": "sizes.medium.url"}, {"active": false, "accessor": "sizes.medium.width"}, {"active": false, "accessor": "sizes.medium.height"}, {"active": false, "accessor": "sizes.medium.mimeType"}, {"active": false, "accessor": "sizes.medium.filesize"}, {"active": false, "accessor": "sizes.medium.filename"}, {"active": false, "accessor": "sizes.small.url"}, {"active": false, "accessor": "sizes.small.width"}, {"active": false, "accessor": "sizes.small.height"}, {"active": false, "accessor": "sizes.small.mimeType"}, {"active": false, "accessor": "sizes.small.filesize"}, {"active": false, "accessor": "sizes.small.filename"}], "editViewType": "default"}	2025-11-29 21:56:34.066+01	2025-10-31 14:01:11.322+01
47	global-footer	{"editViewType": "default"}	2025-12-01 17:22:25.7+01	2025-12-01 17:22:25.701+01
4	collection-pages-1	{"fields": {"rrss": {"collapsed": []}, "layout": {"collapsed": ["68f7abd08feb57d8b268329d", "68f79891431c43bc53390a61", "68f798e6431c43bc53390a63", "68f79af089f5b3661274fffe", "68f79fc8f46630ee6d8dcbb6", "68f7a081ad89aa564b316f7d", "6916492d9b13dd4f26d262db", "68f7b71ec5b20bf7bc32e1c1"]}, "_index-0": {"tabIndex": 0}, "_index-1": {"tabIndex": 0}, "richText": {"hello": "hi", "collapsed": ["68f798b375fb0ceeb6989752"]}, "hero.links": {"collapsed": []}, "_index-0-0-1": {"tabIndex": 2}, "layout.0.boxes": {"collapsed": ["68f7abd78feb57d8b268329f", "68f7ac218feb57d8b26832a1", "68f7ac5321f76af3880c857b"]}, "layout.5.links": {"collapsed": []}, "layout.7.links": {"collapsed": []}, "layout.3.blocks": {"collapsed": []}, "layout.4.blocks": {"collapsed": []}, "layout.6.blocks": {"collapsed": []}, "layout.7.blocks": {"collapsed": []}, "layout.8.blocks": {"collapsed": []}}}	2025-12-03 18:38:44.318+01	2025-10-21 16:21:54.238+02
49	collection-pages-9	{"fields": {"layout": {"collapsed": []}, "_index-1": {"tabIndex": 0}}}	2025-12-11 17:16:04.96+01	2025-12-11 17:14:56.485+01
48	collection-pages-9	{"fields": {"rrss": {"collapsed": []}, "layout": {"collapsed": []}, "_index-1": {"tabIndex": 1}, "hero.links": {"collapsed": []}}}	2025-12-11 17:27:01.199+01	2025-12-11 08:29:55.559+01
51	collection-services	{"editViewType": "default"}	2025-12-15 20:06:59.008+01	2025-12-15 20:06:48.176+01
50	collection-services	{"editViewType": "default"}	2025-12-16 09:13:21.872+01	2025-12-15 20:06:32.654+01
42	collection-posts-7	{"fields": {"_index-1": {"tabIndex": 2}}}	2025-11-25 09:41:11.933+01	2025-11-25 09:41:11.933+01
46	collection-documents	{"limit": 10}	2025-11-29 21:57:18.044+01	2025-11-29 21:56:59.139+01
52	collection-services-1	{"fields": {"layout": {"collapsed": []}, "_index-1": {"tabIndex": 1}}}	2025-12-15 20:17:01.183+01	2025-12-15 20:07:24.045+01
31	collection-pages-4	{"fields": {"rrss": {"collapsed": []}, "layout": {"collapsed": ["691306adb6900a691354ec94", "69133610b6900a691354eca6"]}, "prices": {"collapsed": []}, "_index-1": {"tabIndex": 1}, "richText": {"hello": "hi", "collapsed": ["6908ab1e308a19cbee634d6e", "6908ab3e308a19cbee634d6f"]}, "hero.links": {"collapsed": []}, "layout.1.links": {"collapsed": []}, "layout.0.blocks": {"collapsed": ["691306b7b6900a691354ec96", "691306feb6900a691354ec98", "69130701b6900a691354ec9a", "69130704b6900a691354ec9c", "69133217b6900a691354ec9e", "69133278b6900a691354eca0", "691332f1b6900a691354eca2", "69133348b6900a691354eca4"]}, "layout.1.blocks": {"collapsed": ["690325b4bbb60f6131aaba32", "6903296dbbb60f6131aaba3a", "69032a84bbb60f6131aaba3e", "69032bd0bbb60f6131aaba42", "69032d4302487c028802d052", "69032f1402487c028802d056", "6903305b02487c028802d05a"]}, "prices.0.features": {"collapsed": ["690a39415848b31fe3c044cb", "690a395a5848b31fe3c044cd", "690a395d5848b31fe3c044cf", "690a39615848b31fe3c044d1", "690a39655848b31fe3c044d3"]}}}	2025-12-15 20:33:38.871+01	2025-11-03 09:21:15.093+01
\.


--
-- TOC entry 5155 (class 0 OID 446693)
-- Dependencies: 299
-- Data for Name: payload_preferences_rels; Type: TABLE DATA; Schema: public; Owner: postgres
--

COPY public.payload_preferences_rels (id, "order", parent_id, path, users_id) FROM stdin;
58	\N	2	user	1
120	\N	11	user	1
811	\N	17	user	1
812	\N	40	user	1
813	\N	41	user	1
814	\N	42	user	1
124	\N	15	user	1
277	\N	32	user	1
1009	\N	27	user	2
1180	\N	20	user	1
1183	\N	49	user	1
1185	\N	48	user	2
1186	\N	29	user	2
1187	\N	33	user	2
1019	\N	10	user	1
93	\N	9	user	1
773	\N	39	user	1
1191	\N	51	user	2
895	\N	7	user	1
1026	\N	25	user	2
958	\N	12	user	1
1028	\N	46	user	2
720	\N	38	user	2
1029	\N	3	user	1
902	\N	28	user	1
1031	\N	1	user	1
312	\N	23	user	2
1199	\N	52	user	2
118	\N	5	user	1
973	\N	44	user	1
235	\N	13	user	1
1211	\N	45	user	2
1212	\N	31	user	2
1213	\N	50	user	1
238	\N	24	user	2
803	\N	6	user	1
252	\N	26	user	2
809	\N	14	user	1
810	\N	16	user	1
263	\N	30	user	2
1125	\N	47	user	2
1135	\N	43	user	1
1136	\N	4	user	1
1137	\N	8	user	1
1139	\N	21	user	1
\.


--
-- TOC entry 5079 (class 0 OID 446192)
-- Dependencies: 223
-- Data for Name: posts; Type: TABLE DATA; Schema: public; Owner: postgres
--

COPY public.posts (id, title, hero_image_id, content, slug, updated_at, created_at, meta_title, meta_image_id, meta_description, published_at, slug_lock, _status) FROM stdin;
2	post 2	68	{"root": {"type": "root", "format": "", "indent": 0, "version": 1, "children": [{"tag": "h1", "type": "heading", "format": "", "indent": 0, "version": 1, "children": [{"mode": "normal", "text": "Lorem ipsum dolor sit ameta", "type": "text", "style": "", "detail": 0, "format": 0, "version": 1}], "direction": null}, {"type": "paragraph", "format": "", "indent": 0, "version": 1, "children": [{"mode": "normal", "text": ", consectetur adipiscing elit. Maecenas tempor mollis ipsum et volutpat. Integer faucibus metus at tortor posuere vestibulum. Nulla iaculis id massa ut euismod. Nullam dignissim vehicula orci nec condimentum. Fusce gravida, diam ac ultricies consectetur, neque turpis ullamcorper eros, eget placerat dolor augue sed augue. Integer ut nisi nec nisl maximus lacinia sed vehicula mauris. Pellentesque aliquet nibh at metus cursus congue vel nec leo. Mauris maximus ac leo vitae dapibus. Nam pretium lectus accumsan augue pellentesque euismod. Ut laoreet facilisis vehicula. Morbi velit purus, mattis eget libero vel, dictum venenatis erat. Suspendisse sapien metus, consectetur in tempor eu, scelerisque vitae elit. Nulla facilisi.", "type": "text", "style": "", "detail": 0, "format": 0, "version": 1}], "direction": null, "textStyle": "", "textFormat": 0}, {"type": "paragraph", "format": "", "indent": 0, "version": 1, "children": [{"mode": "normal", "text": "Duis quis turpis non purus porttitor luctus et sit amet nulla", "type": "text", "style": "", "detail": 0, "format": 2, "version": 1}, {"mode": "normal", "text": ". Phasellus imperdiet eleifend ligula. Proin eu egestas turpis, molestie congue nisl. Aenean laoreet lorem lorem, ac lacinia lorem molestie interdum. Nunc sit amet commodo quam. Proin commodo rhoncus egestas. Donec fringilla leo augue, nec tempus leo gravida a. Aliquam at tristique enim. Aenean non semper lacus. Vivamus efficitur mollis laoreet. Praesent tempus dictum elit, eget volutpat sapien euismod hendrerit. Sed tempor odio vitae lectus congue, sed blandit massa fermentum.", "type": "text", "style": "", "detail": 0, "format": 0, "version": 1}], "direction": null, "textStyle": "", "textFormat": 2}, {"type": "quote", "format": "", "indent": 0, "version": 1, "children": [{"mode": "normal", "text": "In non justo vel quam facilisis aliquam vitae pretium lorem. Sed vitae egestas turpis. Duis non tortor in eros eleifend laoreet. Pellentesque habitant morbi tristique senectus et netus et malesuada fames ac turpis egestas. Donec mauris lectus, vulputate ut egestas ut, iaculis a erat. Sed neque libero, semper nec semper a, vulputate vitae ipsum. Nam pulvinar nisi at orci condimentum, sed posuere nisi rutrum. Duis laoreet porttitor orci ut volutpat. Phasellus congue erat sit amet egestas aliquam. Morbi venenatis neque sit amet nunc porta finibus. Curabitur id velit lectus.", "type": "text", "style": "", "detail": 0, "format": 0, "version": 1}], "direction": null}, {"type": "paragraph", "format": "", "indent": 0, "version": 1, "children": [{"mode": "normal", "text": "Vivamus porta risus et erat interdum, a condimentum augue mollis. Proin pharetra, nunc ac volutpat dapibus, elit lacus egestas ante, a accumsan eros ante eleifend nibh. Nulla commodo eget sem quis facilisis. Pellentesque diam ante, ornare in blandit at, placerat vitae orci. Sed venenatis sapien ex, sit amet semper nunc pulvinar sed. Praesent eu quam vel mi scelerisque imperdiet. Phasellus in interdum elit. Proin pellentesque libero massa, condimentum pretium mi scelerisque at. Integer in sem sed sem pellentesque cursus id in tortor. Nullam id tristique dui. Sed et rhoncus ipsum, vitae ornare erat. Mauris sit amet odio dapibus dui porta congue. In egestas fringilla fermentum. Fusce vulputate faucibus diam, ac posuere urna feugiat nec.", "type": "text", "style": "", "detail": 0, "format": 0, "version": 1}], "direction": null, "textStyle": "", "textFormat": 0}, {"type": "paragraph", "format": "", "indent": 0, "version": 1, "children": [{"mode": "normal", "text": "Proin id porta tellus. Fusce suscipit turpis ac mattis scelerisque. Integer lacinia mi et posuere imperdiet. Donec ut ligula nec tellus maximus imperdiet. Nam egestas erat tincidunt, blandit sem quis, gravida lacus. Quisque dictum dapibus dictum. Aliquam ac urna sit amet sapien ultricies efficitur. Mauris ac tincidunt velit, sed aliquet diam. Praesent non risus sodales, sollicitudin lectus sagittis, convallis ante. Quisque imperdiet ante eget ligula vehicula placerat cursus vitae purus. Etiam eu venenatis orci.", "type": "text", "style": "", "detail": 0, "format": 0, "version": 1}], "direction": null, "textStyle": "", "textFormat": 0}, {"type": "block", "fields": {"id": "68fbb90a8a804de2de0fb8bb", "media": 24, "blockName": "", "blockType": "mediaBlock", "sectionName": "borrar"}, "format": "", "version": 2}, {"type": "paragraph", "format": "", "indent": 0, "version": 1, "children": [], "direction": null, "textStyle": "", "textFormat": 0}, {"type": "paragraph", "format": "", "indent": 0, "version": 1, "children": [{"mode": "normal", "text": "Donec ut vehicula lectus, at pellentesque orci. Phasellus lacinia viverra ex at fermentum. Nunc tincidunt nunc et lectus malesuada, id fermentum nisl facilisis. Donec elementum mollis massa varius scelerisque. Aliquam tincidunt nibh eu pellentesque consectetur. Morbi venenatis sapien lacus, sit amet vulputate elit tempus posuere. Proin ut facilisis felis, vel rhoncus felis. Integer imperdiet sem ut neque aliquam, eget vestibulum eros ultricies. Duis efficitur sem enim, sit amet tristique urna gravida non. Aliquam aliquet consectetur neque id tristique. Praesent sit amet erat quam. Nullam egestas orci id tellus scelerisque, vel ullamcorper dui dictum. Nulla tempus ac sapien nec porttitor.", "type": "text", "style": "", "detail": 0, "format": 0, "version": 1}], "direction": null, "textStyle": "", "textFormat": 0}, {"type": "paragraph", "format": "", "indent": 0, "version": 1, "children": [{"mode": "normal", "text": "Sed fermentum a lectus hendrerit ullamcorper. Nunc sagittis nec lacus vel volutpat. In ac enim eros. Nunc dapibus, turpis et faucibus vulputate, quam sapien dictum lorem, id varius tortor elit faucibus odio. Sed at justo ac nisl placerat vestibulum at in diam. Vivamus quis condimentum enim. Mauris vestibulum nec erat nec congue. Vestibulum luctus tincidunt tellus et iaculis. Integer at ligula mi. Fusce laoreet leo vel quam efficitur, vitae vulputate leo efficitur. Sed pharetra ligula vitae ex pharetra viverra. Donec metus justo, commodo in dictum sit amet, cursus quis enim. Phasellus laoreet quam sapien, vitae congue mauris posuere non. Interdum et malesuada fames ac ante ipsum primis in faucibus. Nullam euismod rhoncus arcu, a blandit est pharetra ac. Pellentesque sapien mauris, dapibus sit amet risus sit amet, tempor eleifend purus.", "type": "text", "style": "", "detail": 0, "format": 0, "version": 1}], "direction": null, "textStyle": "", "textFormat": 0}, {"type": "paragraph", "format": "", "indent": 0, "version": 1, "children": [{"mode": "normal", "text": "Pellentesque varius vel eros quis convallis. Cras nec purus diam. Suspendisse id lobortis velit. Fusce convallis nisl libero, nec pretium nunc dictum non. Nam ut egestas ipsum. Sed sem sapien, hendrerit in sollicitudin et, pulvinar in metus. Praesent iaculis tempor massa ac sollicitudin. Nunc vestibulum aliquet lectus sit amet volutpat. Suspendisse nec varius augue. Aliquam tellus lacus, euismod ut tortor non, rhoncus semper libero. Nunc ac fringilla magna, et ultrices diam. Fusce ac ipsum nisl.", "type": "text", "style": "", "detail": 0, "format": 0, "version": 1}], "direction": null, "textStyle": "", "textFormat": 0}, {"type": "paragraph", "format": "", "indent": 0, "version": 1, "children": [{"mode": "normal", "text": "Vestibulum erat ante, maximus eget ante vitae, ornare congue tortor. Nam nunc elit, ultricies quis tincidunt sit amet, dignissim eu mauris. Quisque congue lectus ut viverra interdum. Donec porta est ac tincidunt rutrum. Integer tempus ipsum rutrum, fringilla orci ut, feugiat erat. Aliquam a placerat justo. Sed vel dolor ultricies, sollicitudin sem id, fringilla diam. Nam eget lacus eu mauris sagittis fermentum eu vitae turpis. Nulla nisi massa, sagittis viverra ullamcorper nec, consequat vitae nisl. Maecenas molestie ligula id arcu malesuada viverra. Nunc nulla nibh, luctus ac augue vitae, imperdiet tempor est.", "type": "text", "style": "", "detail": 0, "format": 0, "version": 1}], "direction": null, "textStyle": "", "textFormat": 0}, {"type": "paragraph", "format": "", "indent": 0, "version": 1, "children": [{"mode": "normal", "text": "Nullam interdum sapien eget bibendum maximus. Duis ac massa ac dolor consectetur eleifend. Proin nec tempor nibh, vel molestie nisi. Nunc eros mi, laoreet ut porttitor rhoncus, vestibulum sit amet arcu. Nullam at pellentesque ligula. Sed id dignissim magna. In aliquam mi sapien, vitae ornare quam aliquet tempor.", "type": "text", "style": "", "detail": 0, "format": 0, "version": 1}], "direction": null, "textStyle": "", "textFormat": 0}], "direction": null}}	post-2	2025-11-25 09:39:45.495+01	2025-10-24 19:34:43.606+02	post 2 | Payload Website Template	68	Lorem ipsum dolor sit amet, consectetur adipiscing elit. Maecenas tempor mollis ipsum et volutpat. Integer faucibus metus at tortor posuere vestibulu	2025-10-24 19:36:34.051+02	f	published
3	Tres pasos para aplicar en las aulas	68	{"root": {"type": "root", "format": "", "indent": 0, "version": 1, "children": [{"type": "paragraph", "format": "", "indent": 0, "version": 1, "children": [], "direction": null, "textStyle": "", "textFormat": 0}, {"type": "paragraph", "format": "", "indent": 0, "version": 1, "children": [{"mode": "normal", "text": "lorem", "type": "text", "style": "", "detail": 0, "format": 0, "version": 1}], "direction": null, "textStyle": "", "textFormat": 0}], "direction": null}}	tres-pasos-para-aplicar-en-las-aulas	2025-11-25 09:40:11.737+01	2025-10-27 19:36:34.888+01	Tres pasos para aplicar en las aulas | Payload Website Template	68	Lorem ipsum dolor sit amet, consectetur adipiscing elit. Proin in vestibulum eros. Nunc ullamcorper eu odio et sollicitudin. Proin vitae 	2025-10-27 00:00:00+01	f	published
4	post 4	68	{"root": {"type": "root", "format": "", "indent": 0, "version": 1, "children": [{"type": "paragraph", "format": "", "indent": 0, "version": 1, "children": [{"mode": "normal", "text": "Lorem ipsum dolor sit amet, consectetur adipiscing elit. Proin in vestibulum eros. Nunc ullamcorper eu odio et sollicitudin. Proin vitae nisi id lectus egestas posuere eu aliquam mi. Sed tempor sodales arcu, id euismod orci maximus quis. Morbi eu est felis. Cras nec sem volutpat, sodales metus et, feugiat est. Aliquam iaculis consequat nisl ac aliquam. Pellentesque sit amet ipsum dui. Mauris elit nunc, fringilla et leo eget, varius consectetur odio. Donec tortor nisi, auctor non tincidunt sagittis, iaculis pretium augue. Nunc ut pellentesque risus. Aliquam sit amet sodales justo.", "type": "text", "style": "", "detail": 0, "format": 0, "version": 1}], "direction": null, "textStyle": "", "textFormat": 0}, {"type": "paragraph", "format": "", "indent": 0, "version": 1, "children": [{"mode": "normal", "text": "Sed consectetur vel felis ut laoreet. Pellentesque habitant morbi tristique senectus et netus et malesuada fames ac turpis egestas. Sed ut tempus enim. Maecenas quis suscipit tortor. Etiam consequat magna ante, eu dapibus est tincidunt eu. Morbi molestie mauris vitae vestibulum pellentesque. Curabitur vel luctus purus. Vivamus ornare, augue vel laoreet ultrices, nibh lacus faucibus nunc, lacinia commodo nisl turpis sed ex. Vestibulum gravida tortor sed nisl finibus porttitor. Sed lorem ipsum, pharetra et tincidunt a, venenatis at ex. Nunc ac risus et lacus ornare sagittis vitae et velit. Donec luctus auctor quam vel sollicitudin. Maecenas cursus risus tellus, et porta augue vehicula a. Aliquam porta pellentesque ultrices.", "type": "text", "style": "", "detail": 0, "format": 0, "version": 1}], "direction": null, "textStyle": "", "textFormat": 0}, {"type": "paragraph", "format": "", "indent": 0, "version": 1, "children": [{"mode": "normal", "text": "Vivamus felis turpis, blandit ut tellus id, commodo tristique nisi. Donec at eros porttitor, consequat mi at, tempor felis. Donec dignissim tincidunt nibh id rutrum. Phasellus et massa condimentum velit dapibus facilisis. Phasellus in mauris erat. Morbi at suscipit enim. Vestibulum fermentum ligula id erat ultricies iaculis. Pellentesque nec nisi sapien. Etiam volutpat a magna sit amet volutpat. Duis metus lorem, venenatis ac sodales eu, placerat in sapien. Vestibulum vel mollis nisl. Quisque eu aliquet orci, posuere fringilla erat. Vivamus tempus enim ut risus sollicitudin, quis volutpat dui mollis. Duis hendrerit felis diam, ac rhoncus felis sollicitudin ac. Donec vel aliquam ipsum. Integer at nisi ullamcorper, rhoncus neque ac, mattis massa.", "type": "text", "style": "", "detail": 0, "format": 0, "version": 1}], "direction": null, "textStyle": "", "textFormat": 0}, {"type": "paragraph", "format": "", "indent": 0, "version": 1, "children": [{"mode": "normal", "text": "Fusce a suscipit orci, vitae dictum lorem. Nulla sit amet ante arcu. Aliquam ornare in urna eget varius. Donec facilisis, dui pharetra rutrum eleifend, diam mi consequat leo, sit amet iaculis erat metus ac neque. Pellentesque id nisl sed arcu tincidunt egestas. Ut sit amet lobortis erat. Proin erat dui, luctus sit amet dictum et, hendrerit quis risus. Proin quis elementum magna, in consequat nisi. Aliquam tincidunt gravida cursus. Sed ac lorem a purus pulvinar cursus. Vivamus sem sapien, vehicula quis erat nec, ultricies eleifend felis. Duis a quam pharetra, rutrum lorem vitae, semper ligula. Vestibulum a risus molestie, pharetra ligula id, aliquam arcu.", "type": "text", "style": "", "detail": 0, "format": 0, "version": 1}], "direction": null, "textStyle": "", "textFormat": 0}, {"type": "paragraph", "format": "", "indent": 0, "version": 1, "children": [{"mode": "normal", "text": "Fusce pellentesque in justo non vestibulum. Donec eu lectus gravida, elementum est quis, malesuada nisl. Aenean ut imperdiet neque. Nunc varius euismod condimentum. Praesent ex purus, volutpat sed facilisis sed, laoreet quis lacus. Vestibulum sed erat auctor neque cursus maximus non in lorem. Integer volutpat quam vel gravida consectetur.", "type": "text", "style": "", "detail": 0, "format": 0, "version": 1}], "direction": null, "textStyle": "", "textFormat": 0}], "direction": null}}	post-4	2025-11-25 09:40:31.434+01	2025-10-27 20:11:44.735+01	post 4 | Payload Website Template	68	Lorem ipsum dolor sit amet, consectetur adipiscing elit. Proin in vestibulum eros. Nunc ullamcorper eu odio et sollicitudin. Proin vitae nisi id le\n	2025-10-27 00:00:00+01	f	published
5	post 5	68	{"root": {"type": "root", "format": "", "indent": 0, "version": 1, "children": [{"type": "paragraph", "format": "", "indent": 0, "version": 1, "children": [{"mode": "normal", "text": "Lorem ipsum dolor sit amet, consectetur adipiscing elit. Proin in vestibulum eros. Nunc ullamcorper eu odio et sollicitudin. Proin vitae nisi id lectus egestas posuere eu aliquam mi. Sed tempor sodales arcu, id euismod orci maximus quis. Morbi eu est felis. Cras nec sem volutpat, sodales metus et, feugiat est. Aliquam iaculis consequat nisl ac aliquam. Pellentesque sit amet ipsum dui. Mauris elit nunc, fringilla et leo eget, varius consectetur odio. Donec tortor nisi, auctor non tincidunt sagittis, iaculis pretium augue. Nunc ut pellentesque risus. Aliquam sit amet sodales justo.", "type": "text", "style": "", "detail": 0, "format": 0, "version": 1}], "direction": null, "textStyle": "", "textFormat": 0}, {"type": "paragraph", "format": "", "indent": 0, "version": 1, "children": [{"mode": "normal", "text": "Sed consectetur vel felis ut laoreet. Pellentesque habitant morbi tristique senectus et netus et malesuada fames ac turpis egestas. Sed ut tempus enim. Maecenas quis suscipit tortor. Etiam consequat magna ante, eu dapibus est tincidunt eu. Morbi molestie mauris vitae vestibulum pellentesque. Curabitur vel luctus purus. Vivamus ornare, augue vel laoreet ultrices, nibh lacus faucibus nunc, lacinia commodo nisl turpis sed ex. Vestibulum gravida tortor sed nisl finibus porttitor. Sed lorem ipsum, pharetra et tincidunt a, venenatis at ex. Nunc ac risus et lacus ornare sagittis vitae et velit. Donec luctus auctor quam vel sollicitudin. Maecenas cursus risus tellus, et porta augue vehicula a. Aliquam porta pellentesque ultrices.", "type": "text", "style": "", "detail": 0, "format": 0, "version": 1}], "direction": null, "textStyle": "", "textFormat": 0}, {"type": "paragraph", "format": "", "indent": 0, "version": 1, "children": [{"mode": "normal", "text": "Vivamus felis turpis, blandit ut tellus id, commodo tristique nisi. Donec at eros porttitor, consequat mi at, tempor felis. Donec dignissim tincidunt nibh id rutrum. Phasellus et massa condimentum velit dapibus facilisis. Phasellus in mauris erat. Morbi at suscipit enim. Vestibulum fermentum ligula id erat ultricies iaculis. Pellentesque nec nisi sapien. Etiam volutpat a magna sit amet volutpat. Duis metus lorem, venenatis ac sodales eu, placerat in sapien. Vestibulum vel mollis nisl. Quisque eu aliquet orci, posuere fringilla erat. Vivamus tempus enim ut risus sollicitudin, quis volutpat dui mollis. Duis hendrerit felis diam, ac rhoncus felis sollicitudin ac. Donec vel aliquam ipsum. Integer at nisi ullamcorper, rhoncus neque ac, mattis massa.", "type": "text", "style": "", "detail": 0, "format": 0, "version": 1}], "direction": null, "textStyle": "", "textFormat": 0}, {"type": "paragraph", "format": "", "indent": 0, "version": 1, "children": [{"mode": "normal", "text": "Fusce a suscipit orci, vitae dictum lorem. Nulla sit amet ante arcu. Aliquam ornare in urna eget varius. Donec facilisis, dui pharetra rutrum eleifend, diam mi consequat leo, sit amet iaculis erat metus ac neque. Pellentesque id nisl sed arcu tincidunt egestas. Ut sit amet lobortis erat. Proin erat dui, luctus sit amet dictum et, hendrerit quis risus. Proin quis elementum magna, in consequat nisi. Aliquam tincidunt gravida cursus. Sed ac lorem a purus pulvinar cursus. Vivamus sem sapien, vehicula quis erat nec, ultricies eleifend felis. Duis a quam pharetra, rutrum lorem vitae, semper ligula. Vestibulum a risus molestie, pharetra ligula id, aliquam arcu.", "type": "text", "style": "", "detail": 0, "format": 0, "version": 1}], "direction": null, "textStyle": "", "textFormat": 0}, {"type": "paragraph", "format": "", "indent": 0, "version": 1, "children": [{"mode": "normal", "text": "Fusce pellentesque in justo non vestibulum. Donec eu lectus gravida, elementum est quis, malesuada nisl. Aenean ut imperdiet neque. Nunc varius euismod condimentum. Praesent ex purus, volutpat sed facilisis sed, laoreet quis lacus. Vestibulum sed erat auctor neque cursus maximus non in lorem. Integer volutpat quam vel gravida consectetur.", "type": "text", "style": "", "detail": 0, "format": 0, "version": 1}], "direction": null, "textStyle": "", "textFormat": 0}], "direction": null}}	post-5	2025-11-25 09:40:47.413+01	2025-10-27 20:18:01.538+01	post 4 | Payload Website Template	68	Lorem ipsum dolor sit amet, consectetur adipiscing elit. Proin in vestibulum eros. Nunc ullamcorper eu odio et sollicitudin. Proin vitae nisi id le\n	2025-10-27 00:00:00+01	f	published
6	post 6	68	{"root": {"type": "root", "format": "", "indent": 0, "version": 1, "children": [{"type": "paragraph", "format": "", "indent": 0, "version": 1, "children": [{"mode": "normal", "text": "Lorem ipsum dolor sit amet, consectetur adipiscing elit. Proin in vestibulum eros. Nunc ullamcorper eu odio et sollicitudin. Proin vitae nisi id lectus egestas posuere eu aliquam mi. Sed tempor sodales arcu, id euismod orci maximus quis. Morbi eu est felis. Cras nec sem volutpat, sodales metus et, feugiat est. Aliquam iaculis consequat nisl ac aliquam. Pellentesque sit amet ipsum dui. Mauris elit nunc, fringilla et leo eget, varius consectetur odio. Donec tortor nisi, auctor non tincidunt sagittis, iaculis pretium augue. Nunc ut pellentesque risus. Aliquam sit amet sodales justo.", "type": "text", "style": "", "detail": 0, "format": 0, "version": 1}], "direction": null, "textStyle": "", "textFormat": 0}, {"type": "paragraph", "format": "", "indent": 0, "version": 1, "children": [{"mode": "normal", "text": "Sed consectetur vel felis ut laoreet. Pellentesque habitant morbi tristique senectus et netus et malesuada fames ac turpis egestas. Sed ut tempus enim. Maecenas quis suscipit tortor. Etiam consequat magna ante, eu dapibus est tincidunt eu. Morbi molestie mauris vitae vestibulum pellentesque. Curabitur vel luctus purus. Vivamus ornare, augue vel laoreet ultrices, nibh lacus faucibus nunc, lacinia commodo nisl turpis sed ex. Vestibulum gravida tortor sed nisl finibus porttitor. Sed lorem ipsum, pharetra et tincidunt a, venenatis at ex. Nunc ac risus et lacus ornare sagittis vitae et velit. Donec luctus auctor quam vel sollicitudin. Maecenas cursus risus tellus, et porta augue vehicula a. Aliquam porta pellentesque ultrices.", "type": "text", "style": "", "detail": 0, "format": 0, "version": 1}], "direction": null, "textStyle": "", "textFormat": 0}, {"type": "paragraph", "format": "", "indent": 0, "version": 1, "children": [{"mode": "normal", "text": "Vivamus felis turpis, blandit ut tellus id, commodo tristique nisi. Donec at eros porttitor, consequat mi at, tempor felis. Donec dignissim tincidunt nibh id rutrum. Phasellus et massa condimentum velit dapibus facilisis. Phasellus in mauris erat. Morbi at suscipit enim. Vestibulum fermentum ligula id erat ultricies iaculis. Pellentesque nec nisi sapien. Etiam volutpat a magna sit amet volutpat. Duis metus lorem, venenatis ac sodales eu, placerat in sapien. Vestibulum vel mollis nisl. Quisque eu aliquet orci, posuere fringilla erat. Vivamus tempus enim ut risus sollicitudin, quis volutpat dui mollis. Duis hendrerit felis diam, ac rhoncus felis sollicitudin ac. Donec vel aliquam ipsum. Integer at nisi ullamcorper, rhoncus neque ac, mattis massa.", "type": "text", "style": "", "detail": 0, "format": 0, "version": 1}], "direction": null, "textStyle": "", "textFormat": 0}, {"type": "paragraph", "format": "", "indent": 0, "version": 1, "children": [{"mode": "normal", "text": "Fusce a suscipit orci, vitae dictum lorem. Nulla sit amet ante arcu. Aliquam ornare in urna eget varius. Donec facilisis, dui pharetra rutrum eleifend, diam mi consequat leo, sit amet iaculis erat metus ac neque. Pellentesque id nisl sed arcu tincidunt egestas. Ut sit amet lobortis erat. Proin erat dui, luctus sit amet dictum et, hendrerit quis risus. Proin quis elementum magna, in consequat nisi. Aliquam tincidunt gravida cursus. Sed ac lorem a purus pulvinar cursus. Vivamus sem sapien, vehicula quis erat nec, ultricies eleifend felis. Duis a quam pharetra, rutrum lorem vitae, semper ligula. Vestibulum a risus molestie, pharetra ligula id, aliquam arcu.", "type": "text", "style": "", "detail": 0, "format": 0, "version": 1}], "direction": null, "textStyle": "", "textFormat": 0}, {"type": "paragraph", "format": "", "indent": 0, "version": 1, "children": [{"mode": "normal", "text": "Fusce pellentesque in justo non vestibulum. Donec eu lectus gravida, elementum est quis, malesuada nisl. Aenean ut imperdiet neque. Nunc varius euismod condimentum. Praesent ex purus, volutpat sed facilisis sed, laoreet quis lacus. Vestibulum sed erat auctor neque cursus maximus non in lorem. Integer volutpat quam vel gravida consectetur.", "type": "text", "style": "", "detail": 0, "format": 0, "version": 1}], "direction": null, "textStyle": "", "textFormat": 0}], "direction": null}}	post-6	2025-11-25 09:41:03.373+01	2025-10-27 20:18:18.123+01	post 4 | Payload Website Template	68	Lorem ipsum dolor sit amet, consectetur adipiscing elit. Proin in vestibulum eros. Nunc ullamcorper eu odio et sollicitudin. Proin vitae nisi id le\n	2025-10-27 00:00:00+01	f	published
7	post 7	68	{"root": {"type": "root", "format": "", "indent": 0, "version": 1, "children": [{"type": "paragraph", "format": "", "indent": 0, "version": 1, "children": [{"mode": "normal", "text": "Lorem ipsum dolor sit amet, consectetur adipiscing elit. Proin in vestibulum eros. Nunc ullamcorper eu odio et sollicitudin. Proin vitae nisi id lectus egestas posuere eu aliquam mi. Sed tempor sodales arcu, id euismod orci maximus quis. Morbi eu est felis. Cras nec sem volutpat, sodales metus et, feugiat est. Aliquam iaculis consequat nisl ac aliquam. Pellentesque sit amet ipsum dui. Mauris elit nunc, fringilla et leo eget, varius consectetur odio. Donec tortor nisi, auctor non tincidunt sagittis, iaculis pretium augue. Nunc ut pellentesque risus. Aliquam sit amet sodales justo.", "type": "text", "style": "", "detail": 0, "format": 0, "version": 1}], "direction": null, "textStyle": "", "textFormat": 0}, {"type": "paragraph", "format": "", "indent": 0, "version": 1, "children": [{"mode": "normal", "text": "Sed consectetur vel felis ut laoreet. Pellentesque habitant morbi tristique senectus et netus et malesuada fames ac turpis egestas. Sed ut tempus enim. Maecenas quis suscipit tortor. Etiam consequat magna ante, eu dapibus est tincidunt eu. Morbi molestie mauris vitae vestibulum pellentesque. Curabitur vel luctus purus. Vivamus ornare, augue vel laoreet ultrices, nibh lacus faucibus nunc, lacinia commodo nisl turpis sed ex. Vestibulum gravida tortor sed nisl finibus porttitor. Sed lorem ipsum, pharetra et tincidunt a, venenatis at ex. Nunc ac risus et lacus ornare sagittis vitae et velit. Donec luctus auctor quam vel sollicitudin. Maecenas cursus risus tellus, et porta augue vehicula a. Aliquam porta pellentesque ultrices.", "type": "text", "style": "", "detail": 0, "format": 0, "version": 1}], "direction": null, "textStyle": "", "textFormat": 0}, {"type": "paragraph", "format": "", "indent": 0, "version": 1, "children": [{"mode": "normal", "text": "Vivamus felis turpis, blandit ut tellus id, commodo tristique nisi. Donec at eros porttitor, consequat mi at, tempor felis. Donec dignissim tincidunt nibh id rutrum. Phasellus et massa condimentum velit dapibus facilisis. Phasellus in mauris erat. Morbi at suscipit enim. Vestibulum fermentum ligula id erat ultricies iaculis. Pellentesque nec nisi sapien. Etiam volutpat a magna sit amet volutpat. Duis metus lorem, venenatis ac sodales eu, placerat in sapien. Vestibulum vel mollis nisl. Quisque eu aliquet orci, posuere fringilla erat. Vivamus tempus enim ut risus sollicitudin, quis volutpat dui mollis. Duis hendrerit felis diam, ac rhoncus felis sollicitudin ac. Donec vel aliquam ipsum. Integer at nisi ullamcorper, rhoncus neque ac, mattis massa.", "type": "text", "style": "", "detail": 0, "format": 0, "version": 1}], "direction": null, "textStyle": "", "textFormat": 0}, {"type": "paragraph", "format": "", "indent": 0, "version": 1, "children": [{"mode": "normal", "text": "Fusce a suscipit orci, vitae dictum lorem. Nulla sit amet ante arcu. Aliquam ornare in urna eget varius. Donec facilisis, dui pharetra rutrum eleifend, diam mi consequat leo, sit amet iaculis erat metus ac neque. Pellentesque id nisl sed arcu tincidunt egestas. Ut sit amet lobortis erat. Proin erat dui, luctus sit amet dictum et, hendrerit quis risus. Proin quis elementum magna, in consequat nisi. Aliquam tincidunt gravida cursus. Sed ac lorem a purus pulvinar cursus. Vivamus sem sapien, vehicula quis erat nec, ultricies eleifend felis. Duis a quam pharetra, rutrum lorem vitae, semper ligula. Vestibulum a risus molestie, pharetra ligula id, aliquam arcu.", "type": "text", "style": "", "detail": 0, "format": 0, "version": 1}], "direction": null, "textStyle": "", "textFormat": 0}, {"type": "paragraph", "format": "", "indent": 0, "version": 1, "children": [{"mode": "normal", "text": "Fusce pellentesque in justo non vestibulum. Donec eu lectus gravida, elementum est quis, malesuada nisl. Aenean ut imperdiet neque. Nunc varius euismod condimentum. Praesent ex purus, volutpat sed facilisis sed, laoreet quis lacus. Vestibulum sed erat auctor neque cursus maximus non in lorem. Integer volutpat quam vel gravida consectetur.", "type": "text", "style": "", "detail": 0, "format": 0, "version": 1}], "direction": null, "textStyle": "", "textFormat": 0}], "direction": null}}	post-7	2025-11-25 09:41:16.482+01	2025-10-27 20:19:14.986+01	post 4 | Payload Website Template	68	Lorem ipsum dolor sit amet, consectetur adipiscing elit. Proin in vestibulum eros. Nunc ullamcorper eu odio et sollicitudin. Proin vitae nisi id le\n	2025-10-27 00:00:00+01	f	published
10	Lorem ipsum dolor sit amet, consectetur adipiscing elit	68	{"root": {"type": "root", "format": "", "indent": 0, "version": 1, "children": [{"type": "paragraph", "format": "", "indent": 0, "version": 1, "children": [{"mode": "normal", "text": "Lorem ipsum dolor sit amet, consectetur adipiscing elit. Proin in vestibulum eros. Nunc ullamcorper eu odio et sollicitudin. Proin vitae nisi id lectus egestas posuere eu aliquam mi. Sed tempor sodales arcu, id euismod orci maximus quis. Morbi eu est felis. Cras nec sem volutpat, sodales metus et, feugiat est. Aliquam iaculis consequat nisl ac aliquam. Pellentesque sit amet ipsum dui. Mauris elit nunc, fringilla et leo eget, varius consectetur odio. Donec tortor nisi, auctor non tincidunt sagittis, iaculis pretium augue. Nunc ut pellentesque risus. Aliquam sit amet sodales justo.", "type": "text", "style": "", "detail": 0, "format": 0, "version": 1}], "direction": null, "textStyle": "", "textFormat": 0}, {"type": "paragraph", "format": "", "indent": 0, "version": 1, "children": [{"mode": "normal", "text": "Sed consectetur vel felis ut laoreet. Pellentesque habitant morbi tristique senectus et netus et malesuada fames ac turpis egestas. Sed ut tempus enim. Maecenas quis suscipit tortor. Etiam consequat magna ante, eu dapibus est tincidunt eu. Morbi molestie mauris vitae vestibulum pellentesque. Curabitur vel luctus purus. Vivamus ornare, augue vel laoreet ultrices, nibh lacus faucibus nunc, lacinia commodo nisl turpis sed ex. Vestibulum gravida tortor sed nisl finibus porttitor. Sed lorem ipsum, pharetra et tincidunt a, venenatis at ex. Nunc ac risus et lacus ornare sagittis vitae et velit. Donec luctus auctor quam vel sollicitudin. Maecenas cursus risus tellus, et porta augue vehicula a. Aliquam porta pellentesque ultrices.", "type": "text", "style": "", "detail": 0, "format": 0, "version": 1}], "direction": null, "textStyle": "", "textFormat": 0}, {"type": "paragraph", "format": "", "indent": 0, "version": 1, "children": [{"mode": "normal", "text": "Vivamus felis turpis, blandit ut tellus id, commodo tristique nisi. Donec at eros porttitor, consequat mi at, tempor felis. Donec dignissim tincidunt nibh id rutrum. Phasellus et massa condimentum velit dapibus facilisis. Phasellus in mauris erat. Morbi at suscipit enim. Vestibulum fermentum ligula id erat ultricies iaculis. Pellentesque nec nisi sapien. Etiam volutpat a magna sit amet volutpat. Duis metus lorem, venenatis ac sodales eu, placerat in sapien. Vestibulum vel mollis nisl. Quisque eu aliquet orci, posuere fringilla erat. Vivamus tempus enim ut risus sollicitudin, quis volutpat dui mollis. Duis hendrerit felis diam, ac rhoncus felis sollicitudin ac. Donec vel aliquam ipsum. Integer at nisi ullamcorper, rhoncus neque ac, mattis massa.", "type": "text", "style": "", "detail": 0, "format": 0, "version": 1}], "direction": null, "textStyle": "", "textFormat": 0}, {"type": "paragraph", "format": "", "indent": 0, "version": 1, "children": [{"mode": "normal", "text": "Fusce a suscipit orci, vitae dictum lorem. Nulla sit amet ante arcu. Aliquam ornare in urna eget varius. Donec facilisis, dui pharetra rutrum eleifend, diam mi consequat leo, sit amet iaculis erat metus ac neque. Pellentesque id nisl sed arcu tincidunt egestas. Ut sit amet lobortis erat. Proin erat dui, luctus sit amet dictum et, hendrerit quis risus. Proin quis elementum magna, in consequat nisi. Aliquam tincidunt gravida cursus. Sed ac lorem a purus pulvinar cursus. Vivamus sem sapien, vehicula quis erat nec, ultricies eleifend felis. Duis a quam pharetra, rutrum lorem vitae, semper ligula. Vestibulum a risus molestie, pharetra ligula id, aliquam arcu.", "type": "text", "style": "", "detail": 0, "format": 0, "version": 1}], "direction": null, "textStyle": "", "textFormat": 0}, {"type": "paragraph", "format": "", "indent": 0, "version": 1, "children": [{"mode": "normal", "text": "Fusce pellentesque in justo non vestibulum. Donec eu lectus gravida, elementum est quis, malesuada nisl. Aenean ut imperdiet neque. Nunc varius euismod condimentum. Praesent ex purus, volutpat sed facilisis sed, laoreet quis lacus. Vestibulum sed erat auctor neque cursus maximus non in lorem. Integer volutpat quam vel gravida consectetur.", "type": "text", "style": "", "detail": 0, "format": 0, "version": 1}], "direction": null, "textStyle": "", "textFormat": 0}], "direction": null}}	lorem-ipsum-dolor-sit-amet-consectetur-adipiscing-elit	2025-11-25 09:41:39.06+01	2025-10-28 17:46:32.007+01	Lorem ipsum dolor sit amet, consectetur adipiscing elitare w	68	Lorem ipsum dolor sit amet, consectetur adipiscing elit. Proin in vestibulum eros. Nunc ullamcorper eu odio et sollicitudin. Proin vitae nisi id le a\n	2025-10-27 00:00:00+01	f	published
1	post01	68	{"root": {"type": "root", "format": "", "indent": 0, "version": 1, "children": [{"type": "paragraph", "format": "", "indent": 0, "version": 1, "children": [{"mode": "normal", "text": "Lorem aaaaaaaaaaaaaaaaaaaaa ipsum dolor sit amet, consectetur adipiscing elit. Maecenas egestas erat risus, ac semper justo molestie vel. Aliquam erat volutpat. Phasellus imperdiet metus erat, id maximus diam placerat eu. Nam luctus lorem eget mauris tempus egestas. Aliquam tempus varius urna, quis finibus odio luctus a. Integer dictum finibus ex nec placerat. Phasellus risus est, consequat vitae tortor vel, accumsan commodo sapien. Ut convallis nunc et metus interdum, in luctus enim molestie. Fusce aliquet elit sed est imperdiet, vel elementum enim varius. Sed quis blandit arcu, lacinia molestie ante. Proin ac turpis urna. Pellentesque in tristique erat. Sed vitae congue sapien. Curabitur consectetur felis lectus. Etiam eu ligula id arcu feugiat eleifend.", "type": "text", "style": "", "detail": 0, "format": 0, "version": 1}], "direction": null, "textStyle": "", "textFormat": 0}, {"type": "paragraph", "format": "", "indent": 0, "version": 1, "children": [{"mode": "normal", "text": "Aliquam in lorem sed sapien bibendum feugiat eu ut turpis. Class aptent taciti sociosqu ad litora torquent per conubia nostra, per inceptos himenaeos. Morbi ante nisi, ultricies et condimentum vel, eleifend ac quam. Proin dui risus, efficitur eu massa eget, sollicitudin efficitur purus. Nulla egestas viverra dolor at tristique. Maecenas augue mi, imperdiet eget mattis in, aliquam eu sem. Ut libero diam, viverra quis lectus sed, congue iaculis ex. Ut semper ultricies posuere. Donec malesuada, leo ut semper rhoncus, tortor est pharetra turpis, in ultrices ante urna vehicula turpis. Donec eget varius velit, in volutpat neque. Morbi augue arcu, posuere non ullamcorper at, laoreet eu mauris. Suspendisse potenti. Pellentesque interdum leo ac sem convallis facilisis. Donec nec eros sit amet arcu ultrices mollis id et nisl.", "type": "text", "style": "", "detail": 0, "format": 0, "version": 1}], "direction": null, "textStyle": "", "textFormat": 0}, {"type": "paragraph", "format": "", "indent": 0, "version": 1, "children": [{"mode": "normal", "text": "Sed faucibus tellus sed orci porta tincidunt. Integer laoreet, turpis nec lobortis ultricies, ante risus volutpat odio, ut malesuada eros metus nec lorem. Ut eu mauris sed turpis accumsan scelerisque quis non lectus. Fusce et quam orci. Nam tempus felis eu turpis bibendum, non maximus nibh scelerisque. Donec id congue nisi. Fusce nulla dui, cursus consequat aliquet non, blandit et turpis. Proin ac laoreet urna. Donec id mi in felis elementum euismod in quis augue. Integer eget eleifend est.", "type": "text", "style": "", "detail": 0, "format": 0, "version": 1}], "direction": null, "textStyle": "", "textFormat": 0}, {"type": "paragraph", "format": "", "indent": 0, "version": 1, "children": [{"mode": "normal", "text": "Phasellus mollis cursus tortor, in dignissim felis vulputate quis. Nulla interdum nulla imperdiet, pulvinar mauris eget, sagittis mauris. Donec aliquam semper tellus quis condimentum. Vivamus sit amet nisl sit amet lectus ullamcorper faucibus. Vestibulum ante ipsum primis in faucibus orci luctus et ultrices posuere cubilia curae; Nullam mollis, libero finibus blandit luctus, nisl ante convallis risus, a aliquam sapien neque et risus. Praesent mollis porta laoreet. Duis lacus tortor, malesuada vitae metus non, efficitur viverra dolor. Phasellus rhoncus felis turpis, sed malesuada tellus malesuada in. Praesent fermentum sodales lacus eget lacinia. Sed convallis non purus id iaculis. Donec in malesuada enim. Cras vitae odio odio. Donec non nisi risus.", "type": "text", "style": "", "detail": 0, "format": 0, "version": 1}], "direction": null, "textStyle": "", "textFormat": 0}, {"type": "paragraph", "format": "", "indent": 0, "version": 1, "children": [{"mode": "normal", "text": "Etiam ac est lorem. Nullam fringilla vitae orci sed suscipit. Sed fermentum, nunc quis ultricies molestie, odio lectus suscipit enim, et venenatis dui tortor eget dolor. Suspendisse tempus tempor lacus sed tristique. Pellentesque habitant morbi tristique senectus et netus et malesuada fames ac turpis egestas. Integer sodales metus in neque pellentesque, eget rutrum lectus accumsan. Quisque at blandit mauris. Aliquam commodo volutpat tempus.", "type": "text", "style": "", "detail": 0, "format": 0, "version": 1}], "direction": null, "textStyle": "", "textFormat": 0}, {"type": "paragraph", "format": "", "indent": 0, "version": 1, "children": [], "direction": null, "textStyle": "", "textFormat": 0}], "direction": null}}	post01	2025-11-30 11:02:27.315+01	2025-10-24 13:53:45.978+02	post01 | Payload Website Template	68	Lorem ipsum dolor sit amet, consectetur adipiscing el sskkj iosjijijsi ijsijijs isjijisjij sijisjsijis isjiijis isji isji	2025-10-24 18:06:54.442+02	f	published
\.


--
-- TOC entry 5173 (class 0 OID 447909)
-- Dependencies: 317
-- Data for Name: posts_populated_authors; Type: TABLE DATA; Schema: public; Owner: postgres
--

COPY public.posts_populated_authors (_order, _parent_id, id, name) FROM stdin;
\.


--
-- TOC entry 5175 (class 0 OID 447917)
-- Dependencies: 319
-- Data for Name: posts_rels; Type: TABLE DATA; Schema: public; Owner: postgres
--

COPY public.posts_rels (id, "order", parent_id, path, posts_id, categories_id, users_id, tags_id) FROM stdin;
156	1	1	categories	\N	1	\N	\N
157	2	1	categories	\N	2	\N	\N
158	1	1	tags	\N	\N	\N	1
159	1	1	authors	\N	\N	1	\N
122	1	2	relatedPosts	1	\N	\N	\N
123	1	2	categories	\N	1	\N	\N
124	1	2	tags	\N	\N	\N	1
125	1	2	authors	\N	\N	1	\N
126	1	3	relatedPosts	2	\N	\N	\N
127	1	3	categories	\N	2	\N	\N
128	1	3	tags	\N	\N	\N	1
129	1	3	authors	\N	\N	1	\N
130	1	4	categories	\N	2	\N	\N
131	1	4	tags	\N	\N	\N	1
132	1	4	authors	\N	\N	1	\N
133	1	5	categories	\N	2	\N	\N
134	1	5	tags	\N	\N	\N	1
135	1	5	authors	\N	\N	1	\N
136	1	6	categories	\N	2	\N	\N
137	1	6	tags	\N	\N	\N	1
138	1	6	authors	\N	\N	1	\N
139	1	7	categories	\N	2	\N	\N
140	1	7	tags	\N	\N	\N	1
141	1	7	authors	\N	\N	1	\N
142	1	10	relatedPosts	2	\N	\N	\N
143	2	10	relatedPosts	4	\N	\N	\N
144	3	10	relatedPosts	7	\N	\N	\N
145	1	10	categories	\N	2	\N	\N
146	2	10	categories	\N	1	\N	\N
147	3	10	categories	\N	3	\N	\N
148	1	10	tags	\N	\N	\N	1
149	2	10	tags	\N	\N	\N	3
150	3	10	tags	\N	\N	\N	2
151	1	10	authors	\N	\N	1	\N
\.


--
-- TOC entry 5223 (class 0 OID 513281)
-- Dependencies: 367
-- Data for Name: services; Type: TABLE DATA; Schema: public; Owner: postgres
--

COPY public.services (id, title, hero_title, hero_media_id, hero_remove_svg, hero_rich_text, hero_is_reverse, hero_bottom, hero_separator_type, hero_dark_mode, meta_title, meta_image_id, meta_description, published_at, slug, slug_lock, updated_at, created_at, _status) FROM stdin;
1	asesoramiento familiar	heo	55	\N	\N	f	100	\N	\N	\N	\N	\N	2025-12-15 20:07:13.788+01	asesoramiento-familiar	f	2025-12-15 20:34:10.692+01	2025-12-15 20:06:58.599+01	published
\.


--
-- TOC entry 5221 (class 0 OID 513271)
-- Dependencies: 365
-- Data for Name: services_blocks_service; Type: TABLE DATA; Schema: public; Owner: postgres
--

COPY public.services_blocks_service (_order, _parent_id, _path, id, title, rich_text, enable_background_image, bottom, is_reverse, separator_type, section_name, dark_mode, block_name) FROM stdin;
1	1	layout	69405eb3ee1a834276bc950f	asesoramiento familiar	{"root": {"type": "root", "format": "", "indent": 0, "version": 1, "children": [{"type": "paragraph", "format": "", "indent": 0, "version": 1, "children": [{"mode": "normal", "text": "hola", "type": "text", "style": "", "detail": 0, "format": 0, "version": 1}], "direction": null, "textStyle": "", "textFormat": 0}], "direction": null}}	\N	100	f	\N	\N	\N	asesoramiento faamiliar
\.


--
-- TOC entry 5220 (class 0 OID 513264)
-- Dependencies: 364
-- Data for Name: services_blocks_service_accordions; Type: TABLE DATA; Schema: public; Owner: postgres
--

COPY public.services_blocks_service_accordions (_order, _parent_id, id, title, content) FROM stdin;
\.


--
-- TOC entry 5219 (class 0 OID 513255)
-- Dependencies: 363
-- Data for Name: services_hero_links; Type: TABLE DATA; Schema: public; Owner: postgres
--

COPY public.services_hero_links (_order, _parent_id, id, link_type, link_new_tab, link_url, link_label, link_appearance) FROM stdin;
\.


--
-- TOC entry 5225 (class 0 OID 513296)
-- Dependencies: 369
-- Data for Name: services_rels; Type: TABLE DATA; Schema: public; Owner: postgres
--

COPY public.services_rels (id, "order", parent_id, path, pages_id, posts_id, services_id) FROM stdin;
\.


--
-- TOC entry 5186 (class 0 OID 448305)
-- Dependencies: 330
-- Data for Name: tags; Type: TABLE DATA; Schema: public; Owner: postgres
--

COPY public.tags (id, title, slug, slug_lock, updated_at, created_at) FROM stdin;
1	recursos	recursos	f	2025-10-27 09:57:29.846+01	2025-10-27 09:57:29.846+01
2	tips	tips	f	2025-10-29 19:06:15.436+01	2025-10-29 19:06:15.436+01
3	descargable	descargable	f	2025-10-29 19:06:43.907+01	2025-10-29 19:06:43.907+01
\.


--
-- TOC entry 5075 (class 0 OID 446169)
-- Dependencies: 219
-- Data for Name: users; Type: TABLE DATA; Schema: public; Owner: postgres
--

COPY public.users (id, updated_at, created_at, email, reset_password_token, reset_password_expiration, salt, hash, login_attempts, lock_until, name, avatar_id) FROM stdin;
1	2025-12-15 08:46:41.043+01	2025-10-21 16:18:40.478+02	contacto@educarsano.com	\N	\N	493f7e0e010ca49f10d351ade7f739ebc0a77602d7d34f93e80582759c9385b2	01f0df9c3193243ed04f554bc2e53521057bf363c6ceef3746bcb0e94f065f8a4912c16ec419ad79e2eacbc8af52d81bb223fcc40c5d30cb912383b4d02f84a88728a6abec4e167037027bd35fc5906c84fe75df3f2ce1c554c4d182182179b384e5d2e69c86cd384170997dc9652f6ad5734c6905d12e92fbd6392572968034f619f670b3155d0c08831bd72ab0c18921f9a5e84760070364a97c7dd4d1ed67121027593b7eb1056f3c68aadda6244838ad40ea52d594772829c887fbeef1cc836f5d6cab1f6047ebe4b08a9b50bbd6c0105c2a0046994a71eb5972d7f34dca9bad97292d44395cfa20ed507294ba43be7606c7f15020f37db072cd4d5e465efb75e18ee79b97f5bbb59992495b51ae5740efe322f73582ed06cd83418591cf73ecdaf2af788ec977ef63a12883986198e0fdafbe68258e08cc254025b3cc7b887452988dba2ce7a57ded0a94281293c4caa2e824a9fc5374d8637f1148329edbe7fd907a48b83821eecd60fff146938950600393e645407765880974ea9aa4141897307aa82b27acc26b13e36097762f70d43eb361d52cb84708026c74c9825ffa3afe0ac633b320598fd6b97dcd2a5ec3c9825e6f3e721c2ac26edab67d83481584045a00a475e683b55236b28d8264f3d48892c67fda72d341750761d011fc9fa9b1c9f10ba9e11e8107d1bc685dce1bffd287e4ecb0737118a10bfc7418	0	\N	Ane	69
2	2025-12-01 17:18:16.288+01	2025-10-31 10:56:07.261+01	josebaquerejetawork@gmail.com	\N	\N	e65a2e44f04de92a908662656b1a8037821410417c6ee079c83de9c0fc8af03c	5121741fe6c9db293d7e092da2a74fd3eb15fd8a6b446b7c3294ac17212fd7a7de8d8a3352e4ccff8ea698ec6e81251bf7f55b4dc84e27ab2e0f31bd59a36a5a9e8e3ee87259bafbbde42d4f591f70eea9cbfa869cbdd5b4ae69bb3ffed66240b1b070beefb9bdcb378595566cfb7fa2ae7d7c009e5631a85ef1772ebf99e9b0d5d369c3d7b1d6ccbf1950b92591ccb1225ad0097bb3b6dbf424e6d0dbd7c0e4133b0d703c5361d3b57c2f68a9b228464520235aa9a4a85b1a9794538d591dfdefaf1ac95a81210e4c15c11dc18583070722a96b45fd860419b56cae34cca5d9f0c242af22b6e97a77b20689773de1b519ecb48843e39f2a8b33000c047955be61791a1338013c55d1ec33a02f0cf5433abbb7d19babfbb2b7ef38d7cf69979771dd0a58c932a3a58cd6e2b9f9bdaf78ca49035c2298a9ed575aaab2922b3267cc373ba3b5ca2e13229dc2a919566783a0926a11883a9283874c8c88c561fc0b592e8b672a0241b8b484edf0f6c004cb37ef30ce17194be162a95592dcedf7fd7152ae7dda717c175c410632551ee3caac6b222afdc491e63dc5bfea1c16b26b85bfebeb3b1dd1465ba1dde44009fe258bb000658ba2b0546d9939448b3ea2e0d3e4b976a48de0fe15198650a4d33d5f3a9691169da6538afcf7a9a0edb97b9714b112fa10674d9fd07c9f59fcf304dce16eb1103ac05f18a0f4ad2cab17f534	0	\N	Admin	\N
3	2025-11-04 20:34:12.757+01	2025-10-31 13:35:26.943+01	editar@gmail.com	\N	\N	7010174391b5fb47671276335a1b4d6791b3f782495c425e4559ebd491eade14	ec04c74d112d2fc21267d82f3b2076dd1192db4d8907bf952260c23239cbcd681c515c69f5bc40f67752aa30e73c6b6128a48fa030489b39f52e1ea7387d243f0cbb7a565fb650936ff197ae65f543d12507f5be7d85a4baec76f4a380f71ed215f81dd187301e248bcbfac3fb978a856d5bfcb49ee5ead78f418e8505ba3a2f8e1ff52a480d0fc29497d8fbe7ed262084c561df7d1259536c4f8cfbcb4ba70fa6ac2d503a1838486b344595cf492715fb182cecc59abe36a02a3cd93ee09e23fd5cb912b94910b3d932d4e949758070adb688663c98dc8bf14dd99ac7e44631bbad3927d846abfeb44b0b250185d06094e3c33f835f4ce272ed7afd330831f7f708bed8ce580a21a0f97a6eba951373826a2a5b2b0842599035f3f66614c22facb6d72dcbe44944f8d995632f27e05ba9515817a8f23dfe80b03ab52596a310d23281ac77a8e52cdfe0a91108ece3f3345b78b4244367068b376617c66f985d6896a61c5e23c4ab0165251fd1f458ab2461e041322691d8dc5ff073c59679e40314151766b4ab4737939ab70cd017254293cc860ac5d91a7f2ed18c9e647eeb05d4594253297f8f22dd4e1be8468c6282db795544d9371e7c1b3afa430232c58eda440b368f51b87ee7f2ce985c79b3b756770bbde249414e947a0e3206d820f08f7154e6faad5bc5f5afce48b3f2a98f265b3bf24c4312167ebb39f91219f2	0	\N	Invitado	\N
\.


--
-- TOC entry 5197 (class 0 OID 473910)
-- Dependencies: 341
-- Data for Name: users_roles; Type: TABLE DATA; Schema: public; Owner: postgres
--

COPY public.users_roles ("order", parent_id, value, id) FROM stdin;
1	3	guest	19
1	1	user	209
1	2	admin	211
\.


--
-- TOC entry 5073 (class 0 OID 446161)
-- Dependencies: 217
-- Data for Name: users_sessions; Type: TABLE DATA; Schema: public; Owner: postgres
--

COPY public.users_sessions (_order, _parent_id, id, created_at, expires_at) FROM stdin;
1	2	00cc79b5-e68d-4ee3-a4eb-5680840f25db	2025-12-18 14:49:08.982+01	2025-12-18 16:49:08.982+01
\.


--
-- TOC entry 5213 (class 0 OID 485942)
-- Dependencies: 357
-- Data for Name: videos; Type: TABLE DATA; Schema: public; Owner: postgres
--

COPY public.videos (id, title, duration, prefix, updated_at, created_at, url, thumbnail_u_r_l, filename, mime_type, filesize, width, height, focal_x, focal_y) FROM stdin;
\.


--
-- TOC entry 5300 (class 0 OID 0)
-- Dependencies: 269
-- Name: _pages_v_blocks_box_content_boxes_id_seq; Type: SEQUENCE SET; Schema: public; Owner: postgres
--

SELECT pg_catalog.setval('public._pages_v_blocks_box_content_boxes_id_seq', 1626, true);


--
-- TOC entry 5301 (class 0 OID 0)
-- Dependencies: 271
-- Name: _pages_v_blocks_box_content_id_seq; Type: SEQUENCE SET; Schema: public; Owner: postgres
--

SELECT pg_catalog.setval('public._pages_v_blocks_box_content_id_seq', 549, true);


--
-- TOC entry 5302 (class 0 OID 0)
-- Dependencies: 249
-- Name: _pages_v_blocks_content_id_seq; Type: SEQUENCE SET; Schema: public; Owner: postgres
--

SELECT pg_catalog.setval('public._pages_v_blocks_content_id_seq', 4947, true);


--
-- TOC entry 5303 (class 0 OID 0)
-- Dependencies: 247
-- Name: _pages_v_blocks_cta_id_seq; Type: SEQUENCE SET; Schema: public; Owner: postgres
--

SELECT pg_catalog.setval('public._pages_v_blocks_cta_id_seq', 901, true);


--
-- TOC entry 5304 (class 0 OID 0)
-- Dependencies: 245
-- Name: _pages_v_blocks_cta_links_id_seq; Type: SEQUENCE SET; Schema: public; Owner: postgres
--

SELECT pg_catalog.setval('public._pages_v_blocks_cta_links_id_seq', 1770, true);


--
-- TOC entry 5305 (class 0 OID 0)
-- Dependencies: 255
-- Name: _pages_v_blocks_form_block_id_seq; Type: SEQUENCE SET; Schema: public; Owner: postgres
--

SELECT pg_catalog.setval('public._pages_v_blocks_form_block_id_seq', 735, true);


--
-- TOC entry 5306 (class 0 OID 0)
-- Dependencies: 338
-- Name: _pages_v_blocks_frequently_questions_block_id_seq; Type: SEQUENCE SET; Schema: public; Owner: postgres
--

SELECT pg_catalog.setval('public._pages_v_blocks_frequently_questions_block_id_seq', 70, true);


--
-- TOC entry 5307 (class 0 OID 0)
-- Dependencies: 336
-- Name: _pages_v_blocks_frequently_questions_block_questions_id_seq; Type: SEQUENCE SET; Schema: public; Owner: postgres
--

SELECT pg_catalog.setval('public._pages_v_blocks_frequently_questions_block_questions_id_seq', 201, true);


--
-- TOC entry 5308 (class 0 OID 0)
-- Dependencies: 359
-- Name: _pages_v_blocks_list_content_blocks_id_seq; Type: SEQUENCE SET; Schema: public; Owner: postgres
--

SELECT pg_catalog.setval('public._pages_v_blocks_list_content_blocks_id_seq', 1054, true);


--
-- TOC entry 5309 (class 0 OID 0)
-- Dependencies: 253
-- Name: _pages_v_blocks_list_content_id_seq; Type: SEQUENCE SET; Schema: public; Owner: postgres
--

SELECT pg_catalog.setval('public._pages_v_blocks_list_content_id_seq', 1214, true);


--
-- TOC entry 5310 (class 0 OID 0)
-- Dependencies: 251
-- Name: _pages_v_blocks_media_block_id_seq; Type: SEQUENCE SET; Schema: public; Owner: postgres
--

SELECT pg_catalog.setval('public._pages_v_blocks_media_block_id_seq', 1, false);


--
-- TOC entry 5311 (class 0 OID 0)
-- Dependencies: 334
-- Name: _pages_v_blocks_post_carousel_block_id_seq; Type: SEQUENCE SET; Schema: public; Owner: postgres
--

SELECT pg_catalog.setval('public._pages_v_blocks_post_carousel_block_id_seq', 547, true);


--
-- TOC entry 5312 (class 0 OID 0)
-- Dependencies: 267
-- Name: _pages_v_blocks_quote_block_id_seq; Type: SEQUENCE SET; Schema: public; Owner: postgres
--

SELECT pg_catalog.setval('public._pages_v_blocks_quote_block_id_seq', 158, true);


--
-- TOC entry 5313 (class 0 OID 0)
-- Dependencies: 265
-- Name: _pages_v_blocks_quote_block_links_id_seq; Type: SEQUENCE SET; Schema: public; Owner: postgres
--

SELECT pg_catalog.setval('public._pages_v_blocks_quote_block_links_id_seq', 303, true);


--
-- TOC entry 5314 (class 0 OID 0)
-- Dependencies: 352
-- Name: _pages_v_blocks_service_accordions_id_seq; Type: SEQUENCE SET; Schema: public; Owner: postgres
--

SELECT pg_catalog.setval('public._pages_v_blocks_service_accordions_id_seq', 120, true);


--
-- TOC entry 5315 (class 0 OID 0)
-- Dependencies: 349
-- Name: _pages_v_blocks_service_id_seq; Type: SEQUENCE SET; Schema: public; Owner: postgres
--

SELECT pg_catalog.setval('public._pages_v_blocks_service_id_seq', 544, true);


--
-- TOC entry 5316 (class 0 OID 0)
-- Dependencies: 344
-- Name: _pages_v_blocks_service_list_block_blocks_id_seq; Type: SEQUENCE SET; Schema: public; Owner: postgres
--

SELECT pg_catalog.setval('public._pages_v_blocks_service_list_block_blocks_id_seq', 1135, true);


--
-- TOC entry 5317 (class 0 OID 0)
-- Dependencies: 346
-- Name: _pages_v_blocks_service_list_block_id_seq; Type: SEQUENCE SET; Schema: public; Owner: postgres
--

SELECT pg_catalog.setval('public._pages_v_blocks_service_list_block_id_seq', 160, true);


--
-- TOC entry 5318 (class 0 OID 0)
-- Dependencies: 261
-- Name: _pages_v_blocks_simple_list_content_blocks_id_seq; Type: SEQUENCE SET; Schema: public; Owner: postgres
--

SELECT pg_catalog.setval('public._pages_v_blocks_simple_list_content_blocks_id_seq', 8062, true);


--
-- TOC entry 5319 (class 0 OID 0)
-- Dependencies: 263
-- Name: _pages_v_blocks_simple_list_content_id_seq; Type: SEQUENCE SET; Schema: public; Owner: postgres
--

SELECT pg_catalog.setval('public._pages_v_blocks_simple_list_content_id_seq', 1244, true);


--
-- TOC entry 5320 (class 0 OID 0)
-- Dependencies: 259
-- Name: _pages_v_blocks_social_id_seq; Type: SEQUENCE SET; Schema: public; Owner: postgres
--

SELECT pg_catalog.setval('public._pages_v_blocks_social_id_seq', 1, false);


--
-- TOC entry 5321 (class 0 OID 0)
-- Dependencies: 257
-- Name: _pages_v_blocks_social_rrss_id_seq; Type: SEQUENCE SET; Schema: public; Owner: postgres
--

SELECT pg_catalog.setval('public._pages_v_blocks_social_rrss_id_seq', 1, false);


--
-- TOC entry 5322 (class 0 OID 0)
-- Dependencies: 273
-- Name: _pages_v_id_seq; Type: SEQUENCE SET; Schema: public; Owner: postgres
--

SELECT pg_catalog.setval('public._pages_v_id_seq', 874, true);


--
-- TOC entry 5323 (class 0 OID 0)
-- Dependencies: 275
-- Name: _pages_v_rels_id_seq; Type: SEQUENCE SET; Schema: public; Owner: postgres
--

SELECT pg_catalog.setval('public._pages_v_rels_id_seq', 5105, true);


--
-- TOC entry 5324 (class 0 OID 0)
-- Dependencies: 243
-- Name: _pages_v_version_hero_links_id_seq; Type: SEQUENCE SET; Schema: public; Owner: postgres
--

SELECT pg_catalog.setval('public._pages_v_version_hero_links_id_seq', 2986, true);


--
-- TOC entry 5325 (class 0 OID 0)
-- Dependencies: 322
-- Name: _posts_v_id_seq; Type: SEQUENCE SET; Schema: public; Owner: postgres
--

SELECT pg_catalog.setval('public._posts_v_id_seq', 89, true);


--
-- TOC entry 5326 (class 0 OID 0)
-- Dependencies: 324
-- Name: _posts_v_rels_id_seq; Type: SEQUENCE SET; Schema: public; Owner: postgres
--

SELECT pg_catalog.setval('public._posts_v_rels_id_seq', 814, true);


--
-- TOC entry 5327 (class 0 OID 0)
-- Dependencies: 320
-- Name: _posts_v_version_populated_authors_id_seq; Type: SEQUENCE SET; Schema: public; Owner: postgres
--

SELECT pg_catalog.setval('public._posts_v_version_populated_authors_id_seq', 1, false);


--
-- TOC entry 5328 (class 0 OID 0)
-- Dependencies: 372
-- Name: _services_v_blocks_service_accordions_id_seq; Type: SEQUENCE SET; Schema: public; Owner: postgres
--

SELECT pg_catalog.setval('public._services_v_blocks_service_accordions_id_seq', 1, false);


--
-- TOC entry 5329 (class 0 OID 0)
-- Dependencies: 374
-- Name: _services_v_blocks_service_id_seq; Type: SEQUENCE SET; Schema: public; Owner: postgres
--

SELECT pg_catalog.setval('public._services_v_blocks_service_id_seq', 2, true);


--
-- TOC entry 5330 (class 0 OID 0)
-- Dependencies: 376
-- Name: _services_v_id_seq; Type: SEQUENCE SET; Schema: public; Owner: postgres
--

SELECT pg_catalog.setval('public._services_v_id_seq', 4, true);


--
-- TOC entry 5331 (class 0 OID 0)
-- Dependencies: 378
-- Name: _services_v_rels_id_seq; Type: SEQUENCE SET; Schema: public; Owner: postgres
--

SELECT pg_catalog.setval('public._services_v_rels_id_seq', 1, false);


--
-- TOC entry 5332 (class 0 OID 0)
-- Dependencies: 370
-- Name: _services_v_version_hero_links_id_seq; Type: SEQUENCE SET; Schema: public; Owner: postgres
--

SELECT pg_catalog.setval('public._services_v_version_hero_links_id_seq', 1, false);


--
-- TOC entry 5333 (class 0 OID 0)
-- Dependencies: 315
-- Name: categories_id_seq; Type: SEQUENCE SET; Schema: public; Owner: postgres
--

SELECT pg_catalog.setval('public.categories_id_seq', 3, true);


--
-- TOC entry 5334 (class 0 OID 0)
-- Dependencies: 354
-- Name: documents_id_seq; Type: SEQUENCE SET; Schema: public; Owner: postgres
--

SELECT pg_catalog.setval('public.documents_id_seq', 10, true);


--
-- TOC entry 5335 (class 0 OID 0)
-- Dependencies: 311
-- Name: footer_id_seq; Type: SEQUENCE SET; Schema: public; Owner: postgres
--

SELECT pg_catalog.setval('public.footer_id_seq', 1, true);


--
-- TOC entry 5336 (class 0 OID 0)
-- Dependencies: 313
-- Name: footer_rels_id_seq; Type: SEQUENCE SET; Schema: public; Owner: postgres
--

SELECT pg_catalog.setval('public.footer_rels_id_seq', 40, true);


--
-- TOC entry 5337 (class 0 OID 0)
-- Dependencies: 290
-- Name: form_submissions_id_seq; Type: SEQUENCE SET; Schema: public; Owner: postgres
--

SELECT pg_catalog.setval('public.form_submissions_id_seq', 1, false);


--
-- TOC entry 5338 (class 0 OID 0)
-- Dependencies: 287
-- Name: forms_id_seq; Type: SEQUENCE SET; Schema: public; Owner: postgres
--

SELECT pg_catalog.setval('public.forms_id_seq', 1, true);


--
-- TOC entry 5339 (class 0 OID 0)
-- Dependencies: 306
-- Name: header_id_seq; Type: SEQUENCE SET; Schema: public; Owner: postgres
--

SELECT pg_catalog.setval('public.header_id_seq', 1, true);


--
-- TOC entry 5340 (class 0 OID 0)
-- Dependencies: 308
-- Name: header_rels_id_seq; Type: SEQUENCE SET; Schema: public; Owner: postgres
--

SELECT pg_catalog.setval('public.header_rels_id_seq', 276, true);


--
-- TOC entry 5341 (class 0 OID 0)
-- Dependencies: 220
-- Name: media_id_seq; Type: SEQUENCE SET; Schema: public; Owner: postgres
--

SELECT pg_catalog.setval('public.media_id_seq', 123, true);


--
-- TOC entry 5342 (class 0 OID 0)
-- Dependencies: 239
-- Name: pages_id_seq; Type: SEQUENCE SET; Schema: public; Owner: postgres
--

SELECT pg_catalog.setval('public.pages_id_seq', 9, true);


--
-- TOC entry 5343 (class 0 OID 0)
-- Dependencies: 241
-- Name: pages_rels_id_seq; Type: SEQUENCE SET; Schema: public; Owner: postgres
--

SELECT pg_catalog.setval('public.pages_rels_id_seq', 2389, true);


--
-- TOC entry 5344 (class 0 OID 0)
-- Dependencies: 327
-- Name: payload_jobs_id_seq; Type: SEQUENCE SET; Schema: public; Owner: postgres
--

SELECT pg_catalog.setval('public.payload_jobs_id_seq', 1, false);


--
-- TOC entry 5345 (class 0 OID 0)
-- Dependencies: 361
-- Name: payload_kv_id_seq; Type: SEQUENCE SET; Schema: public; Owner: postgres
--

SELECT pg_catalog.setval('public.payload_kv_id_seq', 1, false);


--
-- TOC entry 5346 (class 0 OID 0)
-- Dependencies: 292
-- Name: payload_locked_documents_id_seq; Type: SEQUENCE SET; Schema: public; Owner: postgres
--

SELECT pg_catalog.setval('public.payload_locked_documents_id_seq', 1622, true);


--
-- TOC entry 5347 (class 0 OID 0)
-- Dependencies: 294
-- Name: payload_locked_documents_rels_id_seq; Type: SEQUENCE SET; Schema: public; Owner: postgres
--

SELECT pg_catalog.setval('public.payload_locked_documents_rels_id_seq', 3203, true);


--
-- TOC entry 5348 (class 0 OID 0)
-- Dependencies: 300
-- Name: payload_migrations_id_seq; Type: SEQUENCE SET; Schema: public; Owner: postgres
--

SELECT pg_catalog.setval('public.payload_migrations_id_seq', 1, true);


--
-- TOC entry 5349 (class 0 OID 0)
-- Dependencies: 296
-- Name: payload_preferences_id_seq; Type: SEQUENCE SET; Schema: public; Owner: postgres
--

SELECT pg_catalog.setval('public.payload_preferences_id_seq', 52, true);


--
-- TOC entry 5350 (class 0 OID 0)
-- Dependencies: 298
-- Name: payload_preferences_rels_id_seq; Type: SEQUENCE SET; Schema: public; Owner: postgres
--

SELECT pg_catalog.setval('public.payload_preferences_rels_id_seq', 1213, true);


--
-- TOC entry 5351 (class 0 OID 0)
-- Dependencies: 222
-- Name: posts_id_seq; Type: SEQUENCE SET; Schema: public; Owner: postgres
--

SELECT pg_catalog.setval('public.posts_id_seq', 10, true);


--
-- TOC entry 5352 (class 0 OID 0)
-- Dependencies: 318
-- Name: posts_rels_id_seq; Type: SEQUENCE SET; Schema: public; Owner: postgres
--

SELECT pg_catalog.setval('public.posts_rels_id_seq', 159, true);


--
-- TOC entry 5353 (class 0 OID 0)
-- Dependencies: 366
-- Name: services_id_seq; Type: SEQUENCE SET; Schema: public; Owner: postgres
--

SELECT pg_catalog.setval('public.services_id_seq', 1, true);


--
-- TOC entry 5354 (class 0 OID 0)
-- Dependencies: 368
-- Name: services_rels_id_seq; Type: SEQUENCE SET; Schema: public; Owner: postgres
--

SELECT pg_catalog.setval('public.services_rels_id_seq', 1, false);


--
-- TOC entry 5355 (class 0 OID 0)
-- Dependencies: 329
-- Name: tags_id_seq; Type: SEQUENCE SET; Schema: public; Owner: postgres
--

SELECT pg_catalog.setval('public.tags_id_seq', 3, true);


--
-- TOC entry 5356 (class 0 OID 0)
-- Dependencies: 218
-- Name: users_id_seq; Type: SEQUENCE SET; Schema: public; Owner: postgres
--

SELECT pg_catalog.setval('public.users_id_seq', 3, true);


--
-- TOC entry 5357 (class 0 OID 0)
-- Dependencies: 340
-- Name: users_roles_id_seq; Type: SEQUENCE SET; Schema: public; Owner: postgres
--

SELECT pg_catalog.setval('public.users_roles_id_seq', 211, true);


--
-- TOC entry 5358 (class 0 OID 0)
-- Dependencies: 356
-- Name: videos_id_seq; Type: SEQUENCE SET; Schema: public; Owner: postgres
--

SELECT pg_catalog.setval('public.videos_id_seq', 1, false);


--
-- TOC entry 4371 (class 2606 OID 446516)
-- Name: _pages_v_blocks_box_content_boxes _pages_v_blocks_box_content_boxes_pkey; Type: CONSTRAINT; Schema: public; Owner: postgres
--

ALTER TABLE ONLY public._pages_v_blocks_box_content_boxes
    ADD CONSTRAINT _pages_v_blocks_box_content_boxes_pkey PRIMARY KEY (id);


--
-- TOC entry 4376 (class 2606 OID 446525)
-- Name: _pages_v_blocks_box_content _pages_v_blocks_box_content_pkey; Type: CONSTRAINT; Schema: public; Owner: postgres
--

ALTER TABLE ONLY public._pages_v_blocks_box_content
    ADD CONSTRAINT _pages_v_blocks_box_content_pkey PRIMARY KEY (id);


--
-- TOC entry 4314 (class 2606 OID 446404)
-- Name: _pages_v_blocks_content _pages_v_blocks_content_pkey; Type: CONSTRAINT; Schema: public; Owner: postgres
--

ALTER TABLE ONLY public._pages_v_blocks_content
    ADD CONSTRAINT _pages_v_blocks_content_pkey PRIMARY KEY (id);


--
-- TOC entry 4302 (class 2606 OID 446380)
-- Name: _pages_v_blocks_cta_links _pages_v_blocks_cta_links_pkey; Type: CONSTRAINT; Schema: public; Owner: postgres
--

ALTER TABLE ONLY public._pages_v_blocks_cta_links
    ADD CONSTRAINT _pages_v_blocks_cta_links_pkey PRIMARY KEY (id);


--
-- TOC entry 4308 (class 2606 OID 446391)
-- Name: _pages_v_blocks_cta _pages_v_blocks_cta_pkey; Type: CONSTRAINT; Schema: public; Owner: postgres
--

ALTER TABLE ONLY public._pages_v_blocks_cta
    ADD CONSTRAINT _pages_v_blocks_cta_pkey PRIMARY KEY (id);


--
-- TOC entry 4334 (class 2606 OID 446445)
-- Name: _pages_v_blocks_form_block _pages_v_blocks_form_block_pkey; Type: CONSTRAINT; Schema: public; Owner: postgres
--

ALTER TABLE ONLY public._pages_v_blocks_form_block
    ADD CONSTRAINT _pages_v_blocks_form_block_pkey PRIMARY KEY (id);


--
-- TOC entry 4630 (class 2606 OID 473908)
-- Name: _pages_v_blocks_frequently_questions_block _pages_v_blocks_frequently_questions_block_pkey; Type: CONSTRAINT; Schema: public; Owner: postgres
--

ALTER TABLE ONLY public._pages_v_blocks_frequently_questions_block
    ADD CONSTRAINT _pages_v_blocks_frequently_questions_block_pkey PRIMARY KEY (id);


--
-- TOC entry 4624 (class 2606 OID 473899)
-- Name: _pages_v_blocks_frequently_questions_block_questions _pages_v_blocks_frequently_questions_block_questions_pkey; Type: CONSTRAINT; Schema: public; Owner: postgres
--

ALTER TABLE ONLY public._pages_v_blocks_frequently_questions_block_questions
    ADD CONSTRAINT _pages_v_blocks_frequently_questions_block_questions_pkey PRIMARY KEY (id);


--
-- TOC entry 4695 (class 2606 OID 487102)
-- Name: _pages_v_blocks_list_content_blocks _pages_v_blocks_list_content_blocks_pkey; Type: CONSTRAINT; Schema: public; Owner: postgres
--

ALTER TABLE ONLY public._pages_v_blocks_list_content_blocks
    ADD CONSTRAINT _pages_v_blocks_list_content_blocks_pkey PRIMARY KEY (id);


--
-- TOC entry 4327 (class 2606 OID 446434)
-- Name: _pages_v_blocks_list_content _pages_v_blocks_list_content_pkey; Type: CONSTRAINT; Schema: public; Owner: postgres
--

ALTER TABLE ONLY public._pages_v_blocks_list_content
    ADD CONSTRAINT _pages_v_blocks_list_content_pkey PRIMARY KEY (id);


--
-- TOC entry 4321 (class 2606 OID 446413)
-- Name: _pages_v_blocks_media_block _pages_v_blocks_media_block_pkey; Type: CONSTRAINT; Schema: public; Owner: postgres
--

ALTER TABLE ONLY public._pages_v_blocks_media_block
    ADD CONSTRAINT _pages_v_blocks_media_block_pkey PRIMARY KEY (id);


--
-- TOC entry 4620 (class 2606 OID 473890)
-- Name: _pages_v_blocks_post_carousel_block _pages_v_blocks_post_carousel_block_pkey; Type: CONSTRAINT; Schema: public; Owner: postgres
--

ALTER TABLE ONLY public._pages_v_blocks_post_carousel_block
    ADD CONSTRAINT _pages_v_blocks_post_carousel_block_pkey PRIMARY KEY (id);


--
-- TOC entry 4359 (class 2606 OID 446496)
-- Name: _pages_v_blocks_quote_block_links _pages_v_blocks_quote_block_links_pkey; Type: CONSTRAINT; Schema: public; Owner: postgres
--

ALTER TABLE ONLY public._pages_v_blocks_quote_block_links
    ADD CONSTRAINT _pages_v_blocks_quote_block_links_pkey PRIMARY KEY (id);


--
-- TOC entry 4365 (class 2606 OID 446507)
-- Name: _pages_v_blocks_quote_block _pages_v_blocks_quote_block_pkey; Type: CONSTRAINT; Schema: public; Owner: postgres
--

ALTER TABLE ONLY public._pages_v_blocks_quote_block
    ADD CONSTRAINT _pages_v_blocks_quote_block_pkey PRIMARY KEY (id);


--
-- TOC entry 4675 (class 2606 OID 484581)
-- Name: _pages_v_blocks_service_accordions _pages_v_blocks_service_accordions_pkey; Type: CONSTRAINT; Schema: public; Owner: postgres
--

ALTER TABLE ONLY public._pages_v_blocks_service_accordions
    ADD CONSTRAINT _pages_v_blocks_service_accordions_pkey PRIMARY KEY (id);


--
-- TOC entry 4651 (class 2606 OID 474951)
-- Name: _pages_v_blocks_service_list_block_blocks _pages_v_blocks_service_list_block_blocks_pkey; Type: CONSTRAINT; Schema: public; Owner: postgres
--

ALTER TABLE ONLY public._pages_v_blocks_service_list_block_blocks
    ADD CONSTRAINT _pages_v_blocks_service_list_block_blocks_pkey PRIMARY KEY (id);


--
-- TOC entry 4656 (class 2606 OID 474962)
-- Name: _pages_v_blocks_service_list_block _pages_v_blocks_service_list_block_pkey; Type: CONSTRAINT; Schema: public; Owner: postgres
--

ALTER TABLE ONLY public._pages_v_blocks_service_list_block
    ADD CONSTRAINT _pages_v_blocks_service_list_block_pkey PRIMARY KEY (id);


--
-- TOC entry 4667 (class 2606 OID 475566)
-- Name: _pages_v_blocks_service _pages_v_blocks_service_pkey; Type: CONSTRAINT; Schema: public; Owner: postgres
--

ALTER TABLE ONLY public._pages_v_blocks_service
    ADD CONSTRAINT _pages_v_blocks_service_pkey PRIMARY KEY (id);


--
-- TOC entry 4349 (class 2606 OID 446474)
-- Name: _pages_v_blocks_simple_list_content_blocks _pages_v_blocks_simple_list_content_blocks_pkey; Type: CONSTRAINT; Schema: public; Owner: postgres
--

ALTER TABLE ONLY public._pages_v_blocks_simple_list_content_blocks
    ADD CONSTRAINT _pages_v_blocks_simple_list_content_blocks_pkey PRIMARY KEY (id);


--
-- TOC entry 4355 (class 2606 OID 446485)
-- Name: _pages_v_blocks_simple_list_content _pages_v_blocks_simple_list_content_pkey; Type: CONSTRAINT; Schema: public; Owner: postgres
--

ALTER TABLE ONLY public._pages_v_blocks_simple_list_content
    ADD CONSTRAINT _pages_v_blocks_simple_list_content_pkey PRIMARY KEY (id);


--
-- TOC entry 4344 (class 2606 OID 446464)
-- Name: _pages_v_blocks_social _pages_v_blocks_social_pkey; Type: CONSTRAINT; Schema: public; Owner: postgres
--

ALTER TABLE ONLY public._pages_v_blocks_social
    ADD CONSTRAINT _pages_v_blocks_social_pkey PRIMARY KEY (id);


--
-- TOC entry 4339 (class 2606 OID 446455)
-- Name: _pages_v_blocks_social_rrss _pages_v_blocks_social_rrss_pkey; Type: CONSTRAINT; Schema: public; Owner: postgres
--

ALTER TABLE ONLY public._pages_v_blocks_social_rrss
    ADD CONSTRAINT _pages_v_blocks_social_rrss_pkey PRIMARY KEY (id);


--
-- TOC entry 4382 (class 2606 OID 446538)
-- Name: _pages_v _pages_v_pkey; Type: CONSTRAINT; Schema: public; Owner: postgres
--

ALTER TABLE ONLY public._pages_v
    ADD CONSTRAINT _pages_v_pkey PRIMARY KEY (id);


--
-- TOC entry 4395 (class 2606 OID 446547)
-- Name: _pages_v_rels _pages_v_rels_pkey; Type: CONSTRAINT; Schema: public; Owner: postgres
--

ALTER TABLE ONLY public._pages_v_rels
    ADD CONSTRAINT _pages_v_rels_pkey PRIMARY KEY (id);


--
-- TOC entry 4298 (class 2606 OID 446369)
-- Name: _pages_v_version_hero_links _pages_v_version_hero_links_pkey; Type: CONSTRAINT; Schema: public; Owner: postgres
--

ALTER TABLE ONLY public._pages_v_version_hero_links
    ADD CONSTRAINT _pages_v_version_hero_links_pkey PRIMARY KEY (id);


--
-- TOC entry 4563 (class 2606 OID 447946)
-- Name: _posts_v _posts_v_pkey; Type: CONSTRAINT; Schema: public; Owner: postgres
--

ALTER TABLE ONLY public._posts_v
    ADD CONSTRAINT _posts_v_pkey PRIMARY KEY (id);


--
-- TOC entry 4576 (class 2606 OID 447955)
-- Name: _posts_v_rels _posts_v_rels_pkey; Type: CONSTRAINT; Schema: public; Owner: postgres
--

ALTER TABLE ONLY public._posts_v_rels
    ADD CONSTRAINT _posts_v_rels_pkey PRIMARY KEY (id);


--
-- TOC entry 4557 (class 2606 OID 447933)
-- Name: _posts_v_version_populated_authors _posts_v_version_populated_authors_pkey; Type: CONSTRAINT; Schema: public; Owner: postgres
--

ALTER TABLE ONLY public._posts_v_version_populated_authors
    ADD CONSTRAINT _posts_v_version_populated_authors_pkey PRIMARY KEY (id);


--
-- TOC entry 4735 (class 2606 OID 513323)
-- Name: _services_v_blocks_service_accordions _services_v_blocks_service_accordions_pkey; Type: CONSTRAINT; Schema: public; Owner: postgres
--

ALTER TABLE ONLY public._services_v_blocks_service_accordions
    ADD CONSTRAINT _services_v_blocks_service_accordions_pkey PRIMARY KEY (id);


--
-- TOC entry 4740 (class 2606 OID 513334)
-- Name: _services_v_blocks_service _services_v_blocks_service_pkey; Type: CONSTRAINT; Schema: public; Owner: postgres
--

ALTER TABLE ONLY public._services_v_blocks_service
    ADD CONSTRAINT _services_v_blocks_service_pkey PRIMARY KEY (id);


--
-- TOC entry 4746 (class 2606 OID 513349)
-- Name: _services_v _services_v_pkey; Type: CONSTRAINT; Schema: public; Owner: postgres
--

ALTER TABLE ONLY public._services_v
    ADD CONSTRAINT _services_v_pkey PRIMARY KEY (id);


--
-- TOC entry 4759 (class 2606 OID 513358)
-- Name: _services_v_rels _services_v_rels_pkey; Type: CONSTRAINT; Schema: public; Owner: postgres
--

ALTER TABLE ONLY public._services_v_rels
    ADD CONSTRAINT _services_v_rels_pkey PRIMARY KEY (id);


--
-- TOC entry 4731 (class 2606 OID 513314)
-- Name: _services_v_version_hero_links _services_v_version_hero_links_pkey; Type: CONSTRAINT; Schema: public; Owner: postgres
--

ALTER TABLE ONLY public._services_v_version_hero_links
    ADD CONSTRAINT _services_v_version_hero_links_pkey PRIMARY KEY (id);


--
-- TOC entry 4538 (class 2606 OID 447908)
-- Name: categories categories_pkey; Type: CONSTRAINT; Schema: public; Owner: postgres
--

ALTER TABLE ONLY public.categories
    ADD CONSTRAINT categories_pkey PRIMARY KEY (id);


--
-- TOC entry 4679 (class 2606 OID 485545)
-- Name: documents documents_pkey; Type: CONSTRAINT; Schema: public; Owner: postgres
--

ALTER TABLE ONLY public.documents
    ADD CONSTRAINT documents_pkey PRIMARY KEY (id);


--
-- TOC entry 4525 (class 2606 OID 446765)
-- Name: footer_nav_items footer_nav_items_pkey; Type: CONSTRAINT; Schema: public; Owner: postgres
--

ALTER TABLE ONLY public.footer_nav_items
    ADD CONSTRAINT footer_nav_items_pkey PRIMARY KEY (id);


--
-- TOC entry 4527 (class 2606 OID 446772)
-- Name: footer footer_pkey; Type: CONSTRAINT; Schema: public; Owner: postgres
--

ALTER TABLE ONLY public.footer
    ADD CONSTRAINT footer_pkey PRIMARY KEY (id);


--
-- TOC entry 4533 (class 2606 OID 446781)
-- Name: footer_rels footer_rels_pkey; Type: CONSTRAINT; Schema: public; Owner: postgres
--

ALTER TABLE ONLY public.footer_rels
    ADD CONSTRAINT footer_rels_pkey PRIMARY KEY (id);


--
-- TOC entry 4457 (class 2606 OID 446660)
-- Name: form_submissions form_submissions_pkey; Type: CONSTRAINT; Schema: public; Owner: postgres
--

ALTER TABLE ONLY public.form_submissions
    ADD CONSTRAINT form_submissions_pkey PRIMARY KEY (id);


--
-- TOC entry 4453 (class 2606 OID 446649)
-- Name: form_submissions_submission_data form_submissions_submission_data_pkey; Type: CONSTRAINT; Schema: public; Owner: postgres
--

ALTER TABLE ONLY public.form_submissions_submission_data
    ADD CONSTRAINT form_submissions_submission_data_pkey PRIMARY KEY (id);


--
-- TOC entry 4402 (class 2606 OID 446566)
-- Name: forms_blocks_checkbox forms_blocks_checkbox_pkey; Type: CONSTRAINT; Schema: public; Owner: postgres
--

ALTER TABLE ONLY public.forms_blocks_checkbox
    ADD CONSTRAINT forms_blocks_checkbox_pkey PRIMARY KEY (id);


--
-- TOC entry 4407 (class 2606 OID 446573)
-- Name: forms_blocks_email forms_blocks_email_pkey; Type: CONSTRAINT; Schema: public; Owner: postgres
--

ALTER TABLE ONLY public.forms_blocks_email
    ADD CONSTRAINT forms_blocks_email_pkey PRIMARY KEY (id);


--
-- TOC entry 4412 (class 2606 OID 446580)
-- Name: forms_blocks_message forms_blocks_message_pkey; Type: CONSTRAINT; Schema: public; Owner: postgres
--

ALTER TABLE ONLY public.forms_blocks_message
    ADD CONSTRAINT forms_blocks_message_pkey PRIMARY KEY (id);


--
-- TOC entry 4436 (class 2606 OID 446615)
-- Name: forms_blocks_radio_options forms_blocks_radio_options_pkey; Type: CONSTRAINT; Schema: public; Owner: postgres
--

ALTER TABLE ONLY public.forms_blocks_radio_options
    ADD CONSTRAINT forms_blocks_radio_options_pkey PRIMARY KEY (id);


--
-- TOC entry 4441 (class 2606 OID 446622)
-- Name: forms_blocks_radio forms_blocks_radio_pkey; Type: CONSTRAINT; Schema: public; Owner: postgres
--

ALTER TABLE ONLY public.forms_blocks_radio
    ADD CONSTRAINT forms_blocks_radio_pkey PRIMARY KEY (id);


--
-- TOC entry 4416 (class 2606 OID 446587)
-- Name: forms_blocks_select_options forms_blocks_select_options_pkey; Type: CONSTRAINT; Schema: public; Owner: postgres
--

ALTER TABLE ONLY public.forms_blocks_select_options
    ADD CONSTRAINT forms_blocks_select_options_pkey PRIMARY KEY (id);


--
-- TOC entry 4421 (class 2606 OID 446594)
-- Name: forms_blocks_select forms_blocks_select_pkey; Type: CONSTRAINT; Schema: public; Owner: postgres
--

ALTER TABLE ONLY public.forms_blocks_select
    ADD CONSTRAINT forms_blocks_select_pkey PRIMARY KEY (id);


--
-- TOC entry 4426 (class 2606 OID 446601)
-- Name: forms_blocks_text forms_blocks_text_pkey; Type: CONSTRAINT; Schema: public; Owner: postgres
--

ALTER TABLE ONLY public.forms_blocks_text
    ADD CONSTRAINT forms_blocks_text_pkey PRIMARY KEY (id);


--
-- TOC entry 4431 (class 2606 OID 446608)
-- Name: forms_blocks_textarea forms_blocks_textarea_pkey; Type: CONSTRAINT; Schema: public; Owner: postgres
--

ALTER TABLE ONLY public.forms_blocks_textarea
    ADD CONSTRAINT forms_blocks_textarea_pkey PRIMARY KEY (id);


--
-- TOC entry 4445 (class 2606 OID 446630)
-- Name: forms_emails forms_emails_pkey; Type: CONSTRAINT; Schema: public; Owner: postgres
--

ALTER TABLE ONLY public.forms_emails
    ADD CONSTRAINT forms_emails_pkey PRIMARY KEY (id);


--
-- TOC entry 4448 (class 2606 OID 446642)
-- Name: forms forms_pkey; Type: CONSTRAINT; Schema: public; Owner: postgres
--

ALTER TABLE ONLY public.forms
    ADD CONSTRAINT forms_pkey PRIMARY KEY (id);


--
-- TOC entry 4503 (class 2606 OID 446727)
-- Name: header_nav_items_nav_links_items header_nav_items_nav_links_items_pkey; Type: CONSTRAINT; Schema: public; Owner: postgres
--

ALTER TABLE ONLY public.header_nav_items_nav_links_items
    ADD CONSTRAINT header_nav_items_nav_links_items_pkey PRIMARY KEY (id);


--
-- TOC entry 4499 (class 2606 OID 446719)
-- Name: header_nav_items_nav_links_items_sub_items header_nav_items_nav_links_items_sub_items_pkey; Type: CONSTRAINT; Schema: public; Owner: postgres
--

ALTER TABLE ONLY public.header_nav_items_nav_links_items_sub_items
    ADD CONSTRAINT header_nav_items_nav_links_items_sub_items_pkey PRIMARY KEY (id);


--
-- TOC entry 4507 (class 2606 OID 446734)
-- Name: header_nav_items_nav_links header_nav_items_nav_links_pkey; Type: CONSTRAINT; Schema: public; Owner: postgres
--

ALTER TABLE ONLY public.header_nav_items_nav_links
    ADD CONSTRAINT header_nav_items_nav_links_pkey PRIMARY KEY (id);


--
-- TOC entry 4511 (class 2606 OID 446741)
-- Name: header_nav_items header_nav_items_pkey; Type: CONSTRAINT; Schema: public; Owner: postgres
--

ALTER TABLE ONLY public.header_nav_items
    ADD CONSTRAINT header_nav_items_pkey PRIMARY KEY (id);


--
-- TOC entry 4513 (class 2606 OID 446748)
-- Name: header header_pkey; Type: CONSTRAINT; Schema: public; Owner: postgres
--

ALTER TABLE ONLY public.header
    ADD CONSTRAINT header_pkey PRIMARY KEY (id);


--
-- TOC entry 4519 (class 2606 OID 446757)
-- Name: header_rels header_rels_pkey; Type: CONSTRAINT; Schema: public; Owner: postgres
--

ALTER TABLE ONLY public.header_rels
    ADD CONSTRAINT header_rels_pkey PRIMARY KEY (id);


--
-- TOC entry 4187 (class 2606 OID 446190)
-- Name: media media_pkey; Type: CONSTRAINT; Schema: public; Owner: postgres
--

ALTER TABLE ONLY public.media
    ADD CONSTRAINT media_pkey PRIMARY KEY (id);


--
-- TOC entry 4273 (class 2606 OID 446329)
-- Name: pages_blocks_box_content_boxes pages_blocks_box_content_boxes_pkey; Type: CONSTRAINT; Schema: public; Owner: postgres
--

ALTER TABLE ONLY public.pages_blocks_box_content_boxes
    ADD CONSTRAINT pages_blocks_box_content_boxes_pkey PRIMARY KEY (id);


--
-- TOC entry 4278 (class 2606 OID 446336)
-- Name: pages_blocks_box_content pages_blocks_box_content_pkey; Type: CONSTRAINT; Schema: public; Owner: postgres
--

ALTER TABLE ONLY public.pages_blocks_box_content
    ADD CONSTRAINT pages_blocks_box_content_pkey PRIMARY KEY (id);


--
-- TOC entry 4216 (class 2606 OID 446239)
-- Name: pages_blocks_content pages_blocks_content_pkey; Type: CONSTRAINT; Schema: public; Owner: postgres
--

ALTER TABLE ONLY public.pages_blocks_content
    ADD CONSTRAINT pages_blocks_content_pkey PRIMARY KEY (id);


--
-- TOC entry 4204 (class 2606 OID 446219)
-- Name: pages_blocks_cta_links pages_blocks_cta_links_pkey; Type: CONSTRAINT; Schema: public; Owner: postgres
--

ALTER TABLE ONLY public.pages_blocks_cta_links
    ADD CONSTRAINT pages_blocks_cta_links_pkey PRIMARY KEY (id);


--
-- TOC entry 4210 (class 2606 OID 446228)
-- Name: pages_blocks_cta pages_blocks_cta_pkey; Type: CONSTRAINT; Schema: public; Owner: postgres
--

ALTER TABLE ONLY public.pages_blocks_cta
    ADD CONSTRAINT pages_blocks_cta_pkey PRIMARY KEY (id);


--
-- TOC entry 4236 (class 2606 OID 446272)
-- Name: pages_blocks_form_block pages_blocks_form_block_pkey; Type: CONSTRAINT; Schema: public; Owner: postgres
--

ALTER TABLE ONLY public.pages_blocks_form_block
    ADD CONSTRAINT pages_blocks_form_block_pkey PRIMARY KEY (id);


--
-- TOC entry 4614 (class 2606 OID 473879)
-- Name: pages_blocks_frequently_questions_block pages_blocks_frequently_questions_block_pkey; Type: CONSTRAINT; Schema: public; Owner: postgres
--

ALTER TABLE ONLY public.pages_blocks_frequently_questions_block
    ADD CONSTRAINT pages_blocks_frequently_questions_block_pkey PRIMARY KEY (id);


--
-- TOC entry 4608 (class 2606 OID 473872)
-- Name: pages_blocks_frequently_questions_block_questions pages_blocks_frequently_questions_block_questions_pkey; Type: CONSTRAINT; Schema: public; Owner: postgres
--

ALTER TABLE ONLY public.pages_blocks_frequently_questions_block_questions
    ADD CONSTRAINT pages_blocks_frequently_questions_block_questions_pkey PRIMARY KEY (id);


--
-- TOC entry 4690 (class 2606 OID 487090)
-- Name: pages_blocks_list_content_blocks pages_blocks_list_content_blocks_pkey; Type: CONSTRAINT; Schema: public; Owner: postgres
--

ALTER TABLE ONLY public.pages_blocks_list_content_blocks
    ADD CONSTRAINT pages_blocks_list_content_blocks_pkey PRIMARY KEY (id);


--
-- TOC entry 4229 (class 2606 OID 446263)
-- Name: pages_blocks_list_content pages_blocks_list_content_pkey; Type: CONSTRAINT; Schema: public; Owner: postgres
--

ALTER TABLE ONLY public.pages_blocks_list_content
    ADD CONSTRAINT pages_blocks_list_content_pkey PRIMARY KEY (id);


--
-- TOC entry 4223 (class 2606 OID 446246)
-- Name: pages_blocks_media_block pages_blocks_media_block_pkey; Type: CONSTRAINT; Schema: public; Owner: postgres
--

ALTER TABLE ONLY public.pages_blocks_media_block
    ADD CONSTRAINT pages_blocks_media_block_pkey PRIMARY KEY (id);


--
-- TOC entry 4604 (class 2606 OID 473865)
-- Name: pages_blocks_post_carousel_block pages_blocks_post_carousel_block_pkey; Type: CONSTRAINT; Schema: public; Owner: postgres
--

ALTER TABLE ONLY public.pages_blocks_post_carousel_block
    ADD CONSTRAINT pages_blocks_post_carousel_block_pkey PRIMARY KEY (id);


--
-- TOC entry 4261 (class 2606 OID 446313)
-- Name: pages_blocks_quote_block_links pages_blocks_quote_block_links_pkey; Type: CONSTRAINT; Schema: public; Owner: postgres
--

ALTER TABLE ONLY public.pages_blocks_quote_block_links
    ADD CONSTRAINT pages_blocks_quote_block_links_pkey PRIMARY KEY (id);


--
-- TOC entry 4267 (class 2606 OID 446322)
-- Name: pages_blocks_quote_block pages_blocks_quote_block_pkey; Type: CONSTRAINT; Schema: public; Owner: postgres
--

ALTER TABLE ONLY public.pages_blocks_quote_block
    ADD CONSTRAINT pages_blocks_quote_block_pkey PRIMARY KEY (id);


--
-- TOC entry 4671 (class 2606 OID 484572)
-- Name: pages_blocks_service_accordions pages_blocks_service_accordions_pkey; Type: CONSTRAINT; Schema: public; Owner: postgres
--

ALTER TABLE ONLY public.pages_blocks_service_accordions
    ADD CONSTRAINT pages_blocks_service_accordions_pkey PRIMARY KEY (id);


--
-- TOC entry 4640 (class 2606 OID 474932)
-- Name: pages_blocks_service_list_block_blocks pages_blocks_service_list_block_blocks_pkey; Type: CONSTRAINT; Schema: public; Owner: postgres
--

ALTER TABLE ONLY public.pages_blocks_service_list_block_blocks
    ADD CONSTRAINT pages_blocks_service_list_block_blocks_pkey PRIMARY KEY (id);


--
-- TOC entry 4645 (class 2606 OID 474941)
-- Name: pages_blocks_service_list_block pages_blocks_service_list_block_pkey; Type: CONSTRAINT; Schema: public; Owner: postgres
--

ALTER TABLE ONLY public.pages_blocks_service_list_block
    ADD CONSTRAINT pages_blocks_service_list_block_pkey PRIMARY KEY (id);


--
-- TOC entry 4662 (class 2606 OID 475545)
-- Name: pages_blocks_service pages_blocks_service_pkey; Type: CONSTRAINT; Schema: public; Owner: postgres
--

ALTER TABLE ONLY public.pages_blocks_service
    ADD CONSTRAINT pages_blocks_service_pkey PRIMARY KEY (id);


--
-- TOC entry 4251 (class 2606 OID 446295)
-- Name: pages_blocks_simple_list_content_blocks pages_blocks_simple_list_content_blocks_pkey; Type: CONSTRAINT; Schema: public; Owner: postgres
--

ALTER TABLE ONLY public.pages_blocks_simple_list_content_blocks
    ADD CONSTRAINT pages_blocks_simple_list_content_blocks_pkey PRIMARY KEY (id);


--
-- TOC entry 4257 (class 2606 OID 446304)
-- Name: pages_blocks_simple_list_content pages_blocks_simple_list_content_pkey; Type: CONSTRAINT; Schema: public; Owner: postgres
--

ALTER TABLE ONLY public.pages_blocks_simple_list_content
    ADD CONSTRAINT pages_blocks_simple_list_content_pkey PRIMARY KEY (id);


--
-- TOC entry 4246 (class 2606 OID 446287)
-- Name: pages_blocks_social pages_blocks_social_pkey; Type: CONSTRAINT; Schema: public; Owner: postgres
--

ALTER TABLE ONLY public.pages_blocks_social
    ADD CONSTRAINT pages_blocks_social_pkey PRIMARY KEY (id);


--
-- TOC entry 4241 (class 2606 OID 446280)
-- Name: pages_blocks_social_rrss pages_blocks_social_rrss_pkey; Type: CONSTRAINT; Schema: public; Owner: postgres
--

ALTER TABLE ONLY public.pages_blocks_social_rrss
    ADD CONSTRAINT pages_blocks_social_rrss_pkey PRIMARY KEY (id);


--
-- TOC entry 4200 (class 2606 OID 446210)
-- Name: pages_hero_links pages_hero_links_pkey; Type: CONSTRAINT; Schema: public; Owner: postgres
--

ALTER TABLE ONLY public.pages_hero_links
    ADD CONSTRAINT pages_hero_links_pkey PRIMARY KEY (id);


--
-- TOC entry 4284 (class 2606 OID 446349)
-- Name: pages pages_pkey; Type: CONSTRAINT; Schema: public; Owner: postgres
--

ALTER TABLE ONLY public.pages
    ADD CONSTRAINT pages_pkey PRIMARY KEY (id);


--
-- TOC entry 4292 (class 2606 OID 446358)
-- Name: pages_rels pages_rels_pkey; Type: CONSTRAINT; Schema: public; Owner: postgres
--

ALTER TABLE ONLY public.pages_rels
    ADD CONSTRAINT pages_rels_pkey PRIMARY KEY (id);


--
-- TOC entry 4583 (class 2606 OID 447962)
-- Name: payload_jobs_log payload_jobs_log_pkey; Type: CONSTRAINT; Schema: public; Owner: postgres
--

ALTER TABLE ONLY public.payload_jobs_log
    ADD CONSTRAINT payload_jobs_log_pkey PRIMARY KEY (id);


--
-- TOC entry 4588 (class 2606 OID 447977)
-- Name: payload_jobs payload_jobs_pkey; Type: CONSTRAINT; Schema: public; Owner: postgres
--

ALTER TABLE ONLY public.payload_jobs
    ADD CONSTRAINT payload_jobs_pkey PRIMARY KEY (id);


--
-- TOC entry 4698 (class 2606 OID 503854)
-- Name: payload_kv payload_kv_pkey; Type: CONSTRAINT; Schema: public; Owner: postgres
--

ALTER TABLE ONLY public.payload_kv
    ADD CONSTRAINT payload_kv_pkey PRIMARY KEY (id);


--
-- TOC entry 4462 (class 2606 OID 446671)
-- Name: payload_locked_documents payload_locked_documents_pkey; Type: CONSTRAINT; Schema: public; Owner: postgres
--

ALTER TABLE ONLY public.payload_locked_documents
    ADD CONSTRAINT payload_locked_documents_pkey PRIMARY KEY (id);


--
-- TOC entry 4474 (class 2606 OID 446680)
-- Name: payload_locked_documents_rels payload_locked_documents_rels_pkey; Type: CONSTRAINT; Schema: public; Owner: postgres
--

ALTER TABLE ONLY public.payload_locked_documents_rels
    ADD CONSTRAINT payload_locked_documents_rels_pkey PRIMARY KEY (id);


--
-- TOC entry 4493 (class 2606 OID 446711)
-- Name: payload_migrations payload_migrations_pkey; Type: CONSTRAINT; Schema: public; Owner: postgres
--

ALTER TABLE ONLY public.payload_migrations
    ADD CONSTRAINT payload_migrations_pkey PRIMARY KEY (id);


--
-- TOC entry 4483 (class 2606 OID 446691)
-- Name: payload_preferences payload_preferences_pkey; Type: CONSTRAINT; Schema: public; Owner: postgres
--

ALTER TABLE ONLY public.payload_preferences
    ADD CONSTRAINT payload_preferences_pkey PRIMARY KEY (id);


--
-- TOC entry 4489 (class 2606 OID 446700)
-- Name: payload_preferences_rels payload_preferences_rels_pkey; Type: CONSTRAINT; Schema: public; Owner: postgres
--

ALTER TABLE ONLY public.payload_preferences_rels
    ADD CONSTRAINT payload_preferences_rels_pkey PRIMARY KEY (id);


--
-- TOC entry 4194 (class 2606 OID 446201)
-- Name: posts posts_pkey; Type: CONSTRAINT; Schema: public; Owner: postgres
--

ALTER TABLE ONLY public.posts
    ADD CONSTRAINT posts_pkey PRIMARY KEY (id);


--
-- TOC entry 4544 (class 2606 OID 447915)
-- Name: posts_populated_authors posts_populated_authors_pkey; Type: CONSTRAINT; Schema: public; Owner: postgres
--

ALTER TABLE ONLY public.posts_populated_authors
    ADD CONSTRAINT posts_populated_authors_pkey PRIMARY KEY (id);


--
-- TOC entry 4550 (class 2606 OID 447924)
-- Name: posts_rels posts_rels_pkey; Type: CONSTRAINT; Schema: public; Owner: postgres
--

ALTER TABLE ONLY public.posts_rels
    ADD CONSTRAINT posts_rels_pkey PRIMARY KEY (id);


--
-- TOC entry 4706 (class 2606 OID 513270)
-- Name: services_blocks_service_accordions services_blocks_service_accordions_pkey; Type: CONSTRAINT; Schema: public; Owner: postgres
--

ALTER TABLE ONLY public.services_blocks_service_accordions
    ADD CONSTRAINT services_blocks_service_accordions_pkey PRIMARY KEY (id);


--
-- TOC entry 4711 (class 2606 OID 513279)
-- Name: services_blocks_service services_blocks_service_pkey; Type: CONSTRAINT; Schema: public; Owner: postgres
--

ALTER TABLE ONLY public.services_blocks_service
    ADD CONSTRAINT services_blocks_service_pkey PRIMARY KEY (id);


--
-- TOC entry 4702 (class 2606 OID 513263)
-- Name: services_hero_links services_hero_links_pkey; Type: CONSTRAINT; Schema: public; Owner: postgres
--

ALTER TABLE ONLY public.services_hero_links
    ADD CONSTRAINT services_hero_links_pkey PRIMARY KEY (id);


--
-- TOC entry 4717 (class 2606 OID 513294)
-- Name: services services_pkey; Type: CONSTRAINT; Schema: public; Owner: postgres
--

ALTER TABLE ONLY public.services
    ADD CONSTRAINT services_pkey PRIMARY KEY (id);


--
-- TOC entry 4725 (class 2606 OID 513303)
-- Name: services_rels services_rels_pkey; Type: CONSTRAINT; Schema: public; Owner: postgres
--

ALTER TABLE ONLY public.services_rels
    ADD CONSTRAINT services_rels_pkey PRIMARY KEY (id);


--
-- TOC entry 4597 (class 2606 OID 448315)
-- Name: tags tags_pkey; Type: CONSTRAINT; Schema: public; Owner: postgres
--

ALTER TABLE ONLY public.tags
    ADD CONSTRAINT tags_pkey PRIMARY KEY (id);


--
-- TOC entry 4182 (class 2606 OID 446179)
-- Name: users users_pkey; Type: CONSTRAINT; Schema: public; Owner: postgres
--

ALTER TABLE ONLY public.users
    ADD CONSTRAINT users_pkey PRIMARY KEY (id);


--
-- TOC entry 4635 (class 2606 OID 473915)
-- Name: users_roles users_roles_pkey; Type: CONSTRAINT; Schema: public; Owner: postgres
--

ALTER TABLE ONLY public.users_roles
    ADD CONSTRAINT users_roles_pkey PRIMARY KEY (id);


--
-- TOC entry 4177 (class 2606 OID 446167)
-- Name: users_sessions users_sessions_pkey; Type: CONSTRAINT; Schema: public; Owner: postgres
--

ALTER TABLE ONLY public.users_sessions
    ADD CONSTRAINT users_sessions_pkey PRIMARY KEY (id);


--
-- TOC entry 4684 (class 2606 OID 485952)
-- Name: videos videos_pkey; Type: CONSTRAINT; Schema: public; Owner: postgres
--

ALTER TABLE ONLY public.videos
    ADD CONSTRAINT videos_pkey PRIMARY KEY (id);


--
-- TOC entry 4377 (class 1259 OID 447413)
-- Name: _pages_v_autosave_idx; Type: INDEX; Schema: public; Owner: postgres
--

CREATE INDEX _pages_v_autosave_idx ON public._pages_v USING btree (autosave);


--
-- TOC entry 4367 (class 1259 OID 447399)
-- Name: _pages_v_blocks_box_content_boxes_media_idx; Type: INDEX; Schema: public; Owner: postgres
--

CREATE INDEX _pages_v_blocks_box_content_boxes_media_idx ON public._pages_v_blocks_box_content_boxes USING btree (media_id);


--
-- TOC entry 4368 (class 1259 OID 447397)
-- Name: _pages_v_blocks_box_content_boxes_order_idx; Type: INDEX; Schema: public; Owner: postgres
--

CREATE INDEX _pages_v_blocks_box_content_boxes_order_idx ON public._pages_v_blocks_box_content_boxes USING btree (_order);


--
-- TOC entry 4369 (class 1259 OID 447398)
-- Name: _pages_v_blocks_box_content_boxes_parent_id_idx; Type: INDEX; Schema: public; Owner: postgres
--

CREATE INDEX _pages_v_blocks_box_content_boxes_parent_id_idx ON public._pages_v_blocks_box_content_boxes USING btree (_parent_id);


--
-- TOC entry 4372 (class 1259 OID 447400)
-- Name: _pages_v_blocks_box_content_order_idx; Type: INDEX; Schema: public; Owner: postgres
--

CREATE INDEX _pages_v_blocks_box_content_order_idx ON public._pages_v_blocks_box_content USING btree (_order);


--
-- TOC entry 4373 (class 1259 OID 447401)
-- Name: _pages_v_blocks_box_content_parent_id_idx; Type: INDEX; Schema: public; Owner: postgres
--

CREATE INDEX _pages_v_blocks_box_content_parent_id_idx ON public._pages_v_blocks_box_content USING btree (_parent_id);


--
-- TOC entry 4374 (class 1259 OID 447402)
-- Name: _pages_v_blocks_box_content_path_idx; Type: INDEX; Schema: public; Owner: postgres
--

CREATE INDEX _pages_v_blocks_box_content_path_idx ON public._pages_v_blocks_box_content USING btree (_path);


--
-- TOC entry 4309 (class 1259 OID 447359)
-- Name: _pages_v_blocks_content_image_idx; Type: INDEX; Schema: public; Owner: postgres
--

CREATE INDEX _pages_v_blocks_content_image_idx ON public._pages_v_blocks_content USING btree (image_id);


--
-- TOC entry 4310 (class 1259 OID 447356)
-- Name: _pages_v_blocks_content_order_idx; Type: INDEX; Schema: public; Owner: postgres
--

CREATE INDEX _pages_v_blocks_content_order_idx ON public._pages_v_blocks_content USING btree (_order);


--
-- TOC entry 4311 (class 1259 OID 447357)
-- Name: _pages_v_blocks_content_parent_id_idx; Type: INDEX; Schema: public; Owner: postgres
--

CREATE INDEX _pages_v_blocks_content_parent_id_idx ON public._pages_v_blocks_content USING btree (_parent_id);


--
-- TOC entry 4312 (class 1259 OID 447358)
-- Name: _pages_v_blocks_content_path_idx; Type: INDEX; Schema: public; Owner: postgres
--

CREATE INDEX _pages_v_blocks_content_path_idx ON public._pages_v_blocks_content USING btree (_path);


--
-- TOC entry 4315 (class 1259 OID 447360)
-- Name: _pages_v_blocks_content_section_name_idx; Type: INDEX; Schema: public; Owner: postgres
--

CREATE INDEX _pages_v_blocks_content_section_name_idx ON public._pages_v_blocks_content USING btree (section_name);


--
-- TOC entry 4299 (class 1259 OID 447350)
-- Name: _pages_v_blocks_cta_links_order_idx; Type: INDEX; Schema: public; Owner: postgres
--

CREATE INDEX _pages_v_blocks_cta_links_order_idx ON public._pages_v_blocks_cta_links USING btree (_order);


--
-- TOC entry 4300 (class 1259 OID 447351)
-- Name: _pages_v_blocks_cta_links_parent_id_idx; Type: INDEX; Schema: public; Owner: postgres
--

CREATE INDEX _pages_v_blocks_cta_links_parent_id_idx ON public._pages_v_blocks_cta_links USING btree (_parent_id);


--
-- TOC entry 4303 (class 1259 OID 447355)
-- Name: _pages_v_blocks_cta_media_idx; Type: INDEX; Schema: public; Owner: postgres
--

CREATE INDEX _pages_v_blocks_cta_media_idx ON public._pages_v_blocks_cta USING btree (media_id);


--
-- TOC entry 4304 (class 1259 OID 447352)
-- Name: _pages_v_blocks_cta_order_idx; Type: INDEX; Schema: public; Owner: postgres
--

CREATE INDEX _pages_v_blocks_cta_order_idx ON public._pages_v_blocks_cta USING btree (_order);


--
-- TOC entry 4305 (class 1259 OID 447353)
-- Name: _pages_v_blocks_cta_parent_id_idx; Type: INDEX; Schema: public; Owner: postgres
--

CREATE INDEX _pages_v_blocks_cta_parent_id_idx ON public._pages_v_blocks_cta USING btree (_parent_id);


--
-- TOC entry 4306 (class 1259 OID 447354)
-- Name: _pages_v_blocks_cta_path_idx; Type: INDEX; Schema: public; Owner: postgres
--

CREATE INDEX _pages_v_blocks_cta_path_idx ON public._pages_v_blocks_cta USING btree (_path);


--
-- TOC entry 4329 (class 1259 OID 447376)
-- Name: _pages_v_blocks_form_block_form_idx; Type: INDEX; Schema: public; Owner: postgres
--

CREATE INDEX _pages_v_blocks_form_block_form_idx ON public._pages_v_blocks_form_block USING btree (form_id);


--
-- TOC entry 4330 (class 1259 OID 447373)
-- Name: _pages_v_blocks_form_block_order_idx; Type: INDEX; Schema: public; Owner: postgres
--

CREATE INDEX _pages_v_blocks_form_block_order_idx ON public._pages_v_blocks_form_block USING btree (_order);


--
-- TOC entry 4331 (class 1259 OID 447374)
-- Name: _pages_v_blocks_form_block_parent_id_idx; Type: INDEX; Schema: public; Owner: postgres
--

CREATE INDEX _pages_v_blocks_form_block_parent_id_idx ON public._pages_v_blocks_form_block USING btree (_parent_id);


--
-- TOC entry 4332 (class 1259 OID 447375)
-- Name: _pages_v_blocks_form_block_path_idx; Type: INDEX; Schema: public; Owner: postgres
--

CREATE INDEX _pages_v_blocks_form_block_path_idx ON public._pages_v_blocks_form_block USING btree (_path);


--
-- TOC entry 4625 (class 1259 OID 473994)
-- Name: _pages_v_blocks_frequently_questions_block_image_idx; Type: INDEX; Schema: public; Owner: postgres
--

CREATE INDEX _pages_v_blocks_frequently_questions_block_image_idx ON public._pages_v_blocks_frequently_questions_block USING btree (image_id);


--
-- TOC entry 4626 (class 1259 OID 473991)
-- Name: _pages_v_blocks_frequently_questions_block_order_idx; Type: INDEX; Schema: public; Owner: postgres
--

CREATE INDEX _pages_v_blocks_frequently_questions_block_order_idx ON public._pages_v_blocks_frequently_questions_block USING btree (_order);


--
-- TOC entry 4627 (class 1259 OID 473992)
-- Name: _pages_v_blocks_frequently_questions_block_parent_id_idx; Type: INDEX; Schema: public; Owner: postgres
--

CREATE INDEX _pages_v_blocks_frequently_questions_block_parent_id_idx ON public._pages_v_blocks_frequently_questions_block USING btree (_parent_id);


--
-- TOC entry 4628 (class 1259 OID 473993)
-- Name: _pages_v_blocks_frequently_questions_block_path_idx; Type: INDEX; Schema: public; Owner: postgres
--

CREATE INDEX _pages_v_blocks_frequently_questions_block_path_idx ON public._pages_v_blocks_frequently_questions_block USING btree (_path);


--
-- TOC entry 4621 (class 1259 OID 473989)
-- Name: _pages_v_blocks_frequently_questions_block_questions_order_idx; Type: INDEX; Schema: public; Owner: postgres
--

CREATE INDEX _pages_v_blocks_frequently_questions_block_questions_order_idx ON public._pages_v_blocks_frequently_questions_block_questions USING btree (_order);


--
-- TOC entry 4622 (class 1259 OID 521847)
-- Name: _pages_v_blocks_frequently_questions_block_questions_parent_id_; Type: INDEX; Schema: public; Owner: postgres
--

CREATE INDEX _pages_v_blocks_frequently_questions_block_questions_parent_id_ ON public._pages_v_blocks_frequently_questions_block_questions USING btree (_parent_id);


--
-- TOC entry 4631 (class 1259 OID 473995)
-- Name: _pages_v_blocks_frequently_questions_block_section_name_idx; Type: INDEX; Schema: public; Owner: postgres
--

CREATE INDEX _pages_v_blocks_frequently_questions_block_section_name_idx ON public._pages_v_blocks_frequently_questions_block USING btree (section_name);


--
-- TOC entry 4691 (class 1259 OID 487149)
-- Name: _pages_v_blocks_list_content_blocks_media_idx; Type: INDEX; Schema: public; Owner: postgres
--

CREATE INDEX _pages_v_blocks_list_content_blocks_media_idx ON public._pages_v_blocks_list_content_blocks USING btree (media_id);


--
-- TOC entry 4692 (class 1259 OID 487147)
-- Name: _pages_v_blocks_list_content_blocks_order_idx; Type: INDEX; Schema: public; Owner: postgres
--

CREATE INDEX _pages_v_blocks_list_content_blocks_order_idx ON public._pages_v_blocks_list_content_blocks USING btree (_order);


--
-- TOC entry 4693 (class 1259 OID 487148)
-- Name: _pages_v_blocks_list_content_blocks_parent_id_idx; Type: INDEX; Schema: public; Owner: postgres
--

CREATE INDEX _pages_v_blocks_list_content_blocks_parent_id_idx ON public._pages_v_blocks_list_content_blocks USING btree (_parent_id);


--
-- TOC entry 4322 (class 1259 OID 447371)
-- Name: _pages_v_blocks_list_content_field_image_idx; Type: INDEX; Schema: public; Owner: postgres
--

CREATE INDEX _pages_v_blocks_list_content_field_image_idx ON public._pages_v_blocks_list_content USING btree (field_image_id);


--
-- TOC entry 4323 (class 1259 OID 447368)
-- Name: _pages_v_blocks_list_content_order_idx; Type: INDEX; Schema: public; Owner: postgres
--

CREATE INDEX _pages_v_blocks_list_content_order_idx ON public._pages_v_blocks_list_content USING btree (_order);


--
-- TOC entry 4324 (class 1259 OID 447369)
-- Name: _pages_v_blocks_list_content_parent_id_idx; Type: INDEX; Schema: public; Owner: postgres
--

CREATE INDEX _pages_v_blocks_list_content_parent_id_idx ON public._pages_v_blocks_list_content USING btree (_parent_id);


--
-- TOC entry 4325 (class 1259 OID 447370)
-- Name: _pages_v_blocks_list_content_path_idx; Type: INDEX; Schema: public; Owner: postgres
--

CREATE INDEX _pages_v_blocks_list_content_path_idx ON public._pages_v_blocks_list_content USING btree (_path);


--
-- TOC entry 4328 (class 1259 OID 447372)
-- Name: _pages_v_blocks_list_content_section_name_idx; Type: INDEX; Schema: public; Owner: postgres
--

CREATE INDEX _pages_v_blocks_list_content_section_name_idx ON public._pages_v_blocks_list_content USING btree (section_name);


--
-- TOC entry 4316 (class 1259 OID 447364)
-- Name: _pages_v_blocks_media_block_media_idx; Type: INDEX; Schema: public; Owner: postgres
--

CREATE INDEX _pages_v_blocks_media_block_media_idx ON public._pages_v_blocks_media_block USING btree (media_id);


--
-- TOC entry 4317 (class 1259 OID 447361)
-- Name: _pages_v_blocks_media_block_order_idx; Type: INDEX; Schema: public; Owner: postgres
--

CREATE INDEX _pages_v_blocks_media_block_order_idx ON public._pages_v_blocks_media_block USING btree (_order);


--
-- TOC entry 4318 (class 1259 OID 447362)
-- Name: _pages_v_blocks_media_block_parent_id_idx; Type: INDEX; Schema: public; Owner: postgres
--

CREATE INDEX _pages_v_blocks_media_block_parent_id_idx ON public._pages_v_blocks_media_block USING btree (_parent_id);


--
-- TOC entry 4319 (class 1259 OID 447363)
-- Name: _pages_v_blocks_media_block_path_idx; Type: INDEX; Schema: public; Owner: postgres
--

CREATE INDEX _pages_v_blocks_media_block_path_idx ON public._pages_v_blocks_media_block USING btree (_path);


--
-- TOC entry 4616 (class 1259 OID 473986)
-- Name: _pages_v_blocks_post_carousel_block_order_idx; Type: INDEX; Schema: public; Owner: postgres
--

CREATE INDEX _pages_v_blocks_post_carousel_block_order_idx ON public._pages_v_blocks_post_carousel_block USING btree (_order);


--
-- TOC entry 4617 (class 1259 OID 473987)
-- Name: _pages_v_blocks_post_carousel_block_parent_id_idx; Type: INDEX; Schema: public; Owner: postgres
--

CREATE INDEX _pages_v_blocks_post_carousel_block_parent_id_idx ON public._pages_v_blocks_post_carousel_block USING btree (_parent_id);


--
-- TOC entry 4618 (class 1259 OID 473988)
-- Name: _pages_v_blocks_post_carousel_block_path_idx; Type: INDEX; Schema: public; Owner: postgres
--

CREATE INDEX _pages_v_blocks_post_carousel_block_path_idx ON public._pages_v_blocks_post_carousel_block USING btree (_path);


--
-- TOC entry 4360 (class 1259 OID 447395)
-- Name: _pages_v_blocks_quote_block_image_idx; Type: INDEX; Schema: public; Owner: postgres
--

CREATE INDEX _pages_v_blocks_quote_block_image_idx ON public._pages_v_blocks_quote_block USING btree (image_id);


--
-- TOC entry 4356 (class 1259 OID 447390)
-- Name: _pages_v_blocks_quote_block_links_order_idx; Type: INDEX; Schema: public; Owner: postgres
--

CREATE INDEX _pages_v_blocks_quote_block_links_order_idx ON public._pages_v_blocks_quote_block_links USING btree (_order);


--
-- TOC entry 4357 (class 1259 OID 447391)
-- Name: _pages_v_blocks_quote_block_links_parent_id_idx; Type: INDEX; Schema: public; Owner: postgres
--

CREATE INDEX _pages_v_blocks_quote_block_links_parent_id_idx ON public._pages_v_blocks_quote_block_links USING btree (_parent_id);


--
-- TOC entry 4361 (class 1259 OID 447392)
-- Name: _pages_v_blocks_quote_block_order_idx; Type: INDEX; Schema: public; Owner: postgres
--

CREATE INDEX _pages_v_blocks_quote_block_order_idx ON public._pages_v_blocks_quote_block USING btree (_order);


--
-- TOC entry 4362 (class 1259 OID 447393)
-- Name: _pages_v_blocks_quote_block_parent_id_idx; Type: INDEX; Schema: public; Owner: postgres
--

CREATE INDEX _pages_v_blocks_quote_block_parent_id_idx ON public._pages_v_blocks_quote_block USING btree (_parent_id);


--
-- TOC entry 4363 (class 1259 OID 447394)
-- Name: _pages_v_blocks_quote_block_path_idx; Type: INDEX; Schema: public; Owner: postgres
--

CREATE INDEX _pages_v_blocks_quote_block_path_idx ON public._pages_v_blocks_quote_block USING btree (_path);


--
-- TOC entry 4366 (class 1259 OID 447396)
-- Name: _pages_v_blocks_quote_block_section_name_idx; Type: INDEX; Schema: public; Owner: postgres
--

CREATE INDEX _pages_v_blocks_quote_block_section_name_idx ON public._pages_v_blocks_quote_block USING btree (section_name);


--
-- TOC entry 4672 (class 1259 OID 484615)
-- Name: _pages_v_blocks_service_accordions_order_idx; Type: INDEX; Schema: public; Owner: postgres
--

CREATE INDEX _pages_v_blocks_service_accordions_order_idx ON public._pages_v_blocks_service_accordions USING btree (_order);


--
-- TOC entry 4673 (class 1259 OID 484616)
-- Name: _pages_v_blocks_service_accordions_parent_id_idx; Type: INDEX; Schema: public; Owner: postgres
--

CREATE INDEX _pages_v_blocks_service_accordions_parent_id_idx ON public._pages_v_blocks_service_accordions USING btree (_parent_id);


--
-- TOC entry 4647 (class 1259 OID 475019)
-- Name: _pages_v_blocks_service_list_block_blocks_media_idx; Type: INDEX; Schema: public; Owner: postgres
--

CREATE INDEX _pages_v_blocks_service_list_block_blocks_media_idx ON public._pages_v_blocks_service_list_block_blocks USING btree (media_id);


--
-- TOC entry 4648 (class 1259 OID 475017)
-- Name: _pages_v_blocks_service_list_block_blocks_order_idx; Type: INDEX; Schema: public; Owner: postgres
--

CREATE INDEX _pages_v_blocks_service_list_block_blocks_order_idx ON public._pages_v_blocks_service_list_block_blocks USING btree (_order);


--
-- TOC entry 4649 (class 1259 OID 475018)
-- Name: _pages_v_blocks_service_list_block_blocks_parent_id_idx; Type: INDEX; Schema: public; Owner: postgres
--

CREATE INDEX _pages_v_blocks_service_list_block_blocks_parent_id_idx ON public._pages_v_blocks_service_list_block_blocks USING btree (_parent_id);


--
-- TOC entry 4652 (class 1259 OID 475020)
-- Name: _pages_v_blocks_service_list_block_order_idx; Type: INDEX; Schema: public; Owner: postgres
--

CREATE INDEX _pages_v_blocks_service_list_block_order_idx ON public._pages_v_blocks_service_list_block USING btree (_order);


--
-- TOC entry 4653 (class 1259 OID 475021)
-- Name: _pages_v_blocks_service_list_block_parent_id_idx; Type: INDEX; Schema: public; Owner: postgres
--

CREATE INDEX _pages_v_blocks_service_list_block_parent_id_idx ON public._pages_v_blocks_service_list_block USING btree (_parent_id);


--
-- TOC entry 4654 (class 1259 OID 475022)
-- Name: _pages_v_blocks_service_list_block_path_idx; Type: INDEX; Schema: public; Owner: postgres
--

CREATE INDEX _pages_v_blocks_service_list_block_path_idx ON public._pages_v_blocks_service_list_block USING btree (_path);


--
-- TOC entry 4657 (class 1259 OID 475023)
-- Name: _pages_v_blocks_service_list_block_section_name_idx; Type: INDEX; Schema: public; Owner: postgres
--

CREATE INDEX _pages_v_blocks_service_list_block_section_name_idx ON public._pages_v_blocks_service_list_block USING btree (section_name);


--
-- TOC entry 4663 (class 1259 OID 475636)
-- Name: _pages_v_blocks_service_order_idx; Type: INDEX; Schema: public; Owner: postgres
--

CREATE INDEX _pages_v_blocks_service_order_idx ON public._pages_v_blocks_service USING btree (_order);


--
-- TOC entry 4664 (class 1259 OID 475637)
-- Name: _pages_v_blocks_service_parent_id_idx; Type: INDEX; Schema: public; Owner: postgres
--

CREATE INDEX _pages_v_blocks_service_parent_id_idx ON public._pages_v_blocks_service USING btree (_parent_id);


--
-- TOC entry 4665 (class 1259 OID 475638)
-- Name: _pages_v_blocks_service_path_idx; Type: INDEX; Schema: public; Owner: postgres
--

CREATE INDEX _pages_v_blocks_service_path_idx ON public._pages_v_blocks_service USING btree (_path);


--
-- TOC entry 4345 (class 1259 OID 447385)
-- Name: _pages_v_blocks_simple_list_content_blocks_media_idx; Type: INDEX; Schema: public; Owner: postgres
--

CREATE INDEX _pages_v_blocks_simple_list_content_blocks_media_idx ON public._pages_v_blocks_simple_list_content_blocks USING btree (media_id);


--
-- TOC entry 4346 (class 1259 OID 447383)
-- Name: _pages_v_blocks_simple_list_content_blocks_order_idx; Type: INDEX; Schema: public; Owner: postgres
--

CREATE INDEX _pages_v_blocks_simple_list_content_blocks_order_idx ON public._pages_v_blocks_simple_list_content_blocks USING btree (_order);


--
-- TOC entry 4347 (class 1259 OID 447384)
-- Name: _pages_v_blocks_simple_list_content_blocks_parent_id_idx; Type: INDEX; Schema: public; Owner: postgres
--

CREATE INDEX _pages_v_blocks_simple_list_content_blocks_parent_id_idx ON public._pages_v_blocks_simple_list_content_blocks USING btree (_parent_id);


--
-- TOC entry 4350 (class 1259 OID 486756)
-- Name: _pages_v_blocks_simple_list_content_image_idx; Type: INDEX; Schema: public; Owner: postgres
--

CREATE INDEX _pages_v_blocks_simple_list_content_image_idx ON public._pages_v_blocks_simple_list_content USING btree (image_id);


--
-- TOC entry 4351 (class 1259 OID 447386)
-- Name: _pages_v_blocks_simple_list_content_order_idx; Type: INDEX; Schema: public; Owner: postgres
--

CREATE INDEX _pages_v_blocks_simple_list_content_order_idx ON public._pages_v_blocks_simple_list_content USING btree (_order);


--
-- TOC entry 4352 (class 1259 OID 447387)
-- Name: _pages_v_blocks_simple_list_content_parent_id_idx; Type: INDEX; Schema: public; Owner: postgres
--

CREATE INDEX _pages_v_blocks_simple_list_content_parent_id_idx ON public._pages_v_blocks_simple_list_content USING btree (_parent_id);


--
-- TOC entry 4353 (class 1259 OID 447388)
-- Name: _pages_v_blocks_simple_list_content_path_idx; Type: INDEX; Schema: public; Owner: postgres
--

CREATE INDEX _pages_v_blocks_simple_list_content_path_idx ON public._pages_v_blocks_simple_list_content USING btree (_path);


--
-- TOC entry 4340 (class 1259 OID 447380)
-- Name: _pages_v_blocks_social_order_idx; Type: INDEX; Schema: public; Owner: postgres
--

CREATE INDEX _pages_v_blocks_social_order_idx ON public._pages_v_blocks_social USING btree (_order);


--
-- TOC entry 4341 (class 1259 OID 447381)
-- Name: _pages_v_blocks_social_parent_id_idx; Type: INDEX; Schema: public; Owner: postgres
--

CREATE INDEX _pages_v_blocks_social_parent_id_idx ON public._pages_v_blocks_social USING btree (_parent_id);


--
-- TOC entry 4342 (class 1259 OID 447382)
-- Name: _pages_v_blocks_social_path_idx; Type: INDEX; Schema: public; Owner: postgres
--

CREATE INDEX _pages_v_blocks_social_path_idx ON public._pages_v_blocks_social USING btree (_path);


--
-- TOC entry 4335 (class 1259 OID 447379)
-- Name: _pages_v_blocks_social_rrss_icon_idx; Type: INDEX; Schema: public; Owner: postgres
--

CREATE INDEX _pages_v_blocks_social_rrss_icon_idx ON public._pages_v_blocks_social_rrss USING btree (icon_id);


--
-- TOC entry 4336 (class 1259 OID 447377)
-- Name: _pages_v_blocks_social_rrss_order_idx; Type: INDEX; Schema: public; Owner: postgres
--

CREATE INDEX _pages_v_blocks_social_rrss_order_idx ON public._pages_v_blocks_social_rrss USING btree (_order);


--
-- TOC entry 4337 (class 1259 OID 447378)
-- Name: _pages_v_blocks_social_rrss_parent_id_idx; Type: INDEX; Schema: public; Owner: postgres
--

CREATE INDEX _pages_v_blocks_social_rrss_parent_id_idx ON public._pages_v_blocks_social_rrss USING btree (_parent_id);


--
-- TOC entry 4378 (class 1259 OID 447410)
-- Name: _pages_v_created_at_idx; Type: INDEX; Schema: public; Owner: postgres
--

CREATE INDEX _pages_v_created_at_idx ON public._pages_v USING btree (created_at);


--
-- TOC entry 4379 (class 1259 OID 447412)
-- Name: _pages_v_latest_idx; Type: INDEX; Schema: public; Owner: postgres
--

CREATE INDEX _pages_v_latest_idx ON public._pages_v USING btree (latest);


--
-- TOC entry 4380 (class 1259 OID 447403)
-- Name: _pages_v_parent_idx; Type: INDEX; Schema: public; Owner: postgres
--

CREATE INDEX _pages_v_parent_idx ON public._pages_v USING btree (parent_id);


--
-- TOC entry 4390 (class 1259 OID 447414)
-- Name: _pages_v_rels_order_idx; Type: INDEX; Schema: public; Owner: postgres
--

CREATE INDEX _pages_v_rels_order_idx ON public._pages_v_rels USING btree ("order");


--
-- TOC entry 4391 (class 1259 OID 447417)
-- Name: _pages_v_rels_pages_id_idx; Type: INDEX; Schema: public; Owner: postgres
--

CREATE INDEX _pages_v_rels_pages_id_idx ON public._pages_v_rels USING btree (pages_id);


--
-- TOC entry 4392 (class 1259 OID 447415)
-- Name: _pages_v_rels_parent_idx; Type: INDEX; Schema: public; Owner: postgres
--

CREATE INDEX _pages_v_rels_parent_idx ON public._pages_v_rels USING btree (parent_id);


--
-- TOC entry 4393 (class 1259 OID 447416)
-- Name: _pages_v_rels_path_idx; Type: INDEX; Schema: public; Owner: postgres
--

CREATE INDEX _pages_v_rels_path_idx ON public._pages_v_rels USING btree (path);


--
-- TOC entry 4396 (class 1259 OID 486416)
-- Name: _pages_v_rels_posts_id_idx; Type: INDEX; Schema: public; Owner: postgres
--

CREATE INDEX _pages_v_rels_posts_id_idx ON public._pages_v_rels USING btree (posts_id);


--
-- TOC entry 4397 (class 1259 OID 513551)
-- Name: _pages_v_rels_services_id_idx; Type: INDEX; Schema: public; Owner: postgres
--

CREATE INDEX _pages_v_rels_services_id_idx ON public._pages_v_rels USING btree (services_id);


--
-- TOC entry 4383 (class 1259 OID 447411)
-- Name: _pages_v_updated_at_idx; Type: INDEX; Schema: public; Owner: postgres
--

CREATE INDEX _pages_v_updated_at_idx ON public._pages_v USING btree (updated_at);


--
-- TOC entry 4295 (class 1259 OID 447348)
-- Name: _pages_v_version_hero_links_order_idx; Type: INDEX; Schema: public; Owner: postgres
--

CREATE INDEX _pages_v_version_hero_links_order_idx ON public._pages_v_version_hero_links USING btree (_order);


--
-- TOC entry 4296 (class 1259 OID 447349)
-- Name: _pages_v_version_hero_links_parent_id_idx; Type: INDEX; Schema: public; Owner: postgres
--

CREATE INDEX _pages_v_version_hero_links_parent_id_idx ON public._pages_v_version_hero_links USING btree (_parent_id);


--
-- TOC entry 4384 (class 1259 OID 447404)
-- Name: _pages_v_version_hero_version_hero_media_idx; Type: INDEX; Schema: public; Owner: postgres
--

CREATE INDEX _pages_v_version_hero_version_hero_media_idx ON public._pages_v USING btree (version_hero_media_id);


--
-- TOC entry 4385 (class 1259 OID 447405)
-- Name: _pages_v_version_meta_version_meta_image_idx; Type: INDEX; Schema: public; Owner: postgres
--

CREATE INDEX _pages_v_version_meta_version_meta_image_idx ON public._pages_v USING btree (version_meta_image_id);


--
-- TOC entry 4386 (class 1259 OID 447409)
-- Name: _pages_v_version_version__status_idx; Type: INDEX; Schema: public; Owner: postgres
--

CREATE INDEX _pages_v_version_version__status_idx ON public._pages_v USING btree (version__status);


--
-- TOC entry 4387 (class 1259 OID 447408)
-- Name: _pages_v_version_version_created_at_idx; Type: INDEX; Schema: public; Owner: postgres
--

CREATE INDEX _pages_v_version_version_created_at_idx ON public._pages_v USING btree (version_created_at);


--
-- TOC entry 4388 (class 1259 OID 447406)
-- Name: _pages_v_version_version_slug_idx; Type: INDEX; Schema: public; Owner: postgres
--

CREATE INDEX _pages_v_version_version_slug_idx ON public._pages_v USING btree (version_slug);


--
-- TOC entry 4389 (class 1259 OID 447407)
-- Name: _pages_v_version_version_updated_at_idx; Type: INDEX; Schema: public; Owner: postgres
--

CREATE INDEX _pages_v_version_version_updated_at_idx ON public._pages_v USING btree (version_updated_at);


--
-- TOC entry 4558 (class 1259 OID 448087)
-- Name: _posts_v_autosave_idx; Type: INDEX; Schema: public; Owner: postgres
--

CREATE INDEX _posts_v_autosave_idx ON public._posts_v USING btree (autosave);


--
-- TOC entry 4559 (class 1259 OID 448084)
-- Name: _posts_v_created_at_idx; Type: INDEX; Schema: public; Owner: postgres
--

CREATE INDEX _posts_v_created_at_idx ON public._posts_v USING btree (created_at);


--
-- TOC entry 4560 (class 1259 OID 448086)
-- Name: _posts_v_latest_idx; Type: INDEX; Schema: public; Owner: postgres
--

CREATE INDEX _posts_v_latest_idx ON public._posts_v USING btree (latest);


--
-- TOC entry 4561 (class 1259 OID 448077)
-- Name: _posts_v_parent_idx; Type: INDEX; Schema: public; Owner: postgres
--

CREATE INDEX _posts_v_parent_idx ON public._posts_v USING btree (parent_id);


--
-- TOC entry 4571 (class 1259 OID 448092)
-- Name: _posts_v_rels_categories_id_idx; Type: INDEX; Schema: public; Owner: postgres
--

CREATE INDEX _posts_v_rels_categories_id_idx ON public._posts_v_rels USING btree (categories_id);


--
-- TOC entry 4572 (class 1259 OID 448088)
-- Name: _posts_v_rels_order_idx; Type: INDEX; Schema: public; Owner: postgres
--

CREATE INDEX _posts_v_rels_order_idx ON public._posts_v_rels USING btree ("order");


--
-- TOC entry 4573 (class 1259 OID 448089)
-- Name: _posts_v_rels_parent_idx; Type: INDEX; Schema: public; Owner: postgres
--

CREATE INDEX _posts_v_rels_parent_idx ON public._posts_v_rels USING btree (parent_id);


--
-- TOC entry 4574 (class 1259 OID 448090)
-- Name: _posts_v_rels_path_idx; Type: INDEX; Schema: public; Owner: postgres
--

CREATE INDEX _posts_v_rels_path_idx ON public._posts_v_rels USING btree (path);


--
-- TOC entry 4577 (class 1259 OID 448091)
-- Name: _posts_v_rels_posts_id_idx; Type: INDEX; Schema: public; Owner: postgres
--

CREATE INDEX _posts_v_rels_posts_id_idx ON public._posts_v_rels USING btree (posts_id);


--
-- TOC entry 4578 (class 1259 OID 448366)
-- Name: _posts_v_rels_tags_id_idx; Type: INDEX; Schema: public; Owner: postgres
--

CREATE INDEX _posts_v_rels_tags_id_idx ON public._posts_v_rels USING btree (tags_id);


--
-- TOC entry 4579 (class 1259 OID 448093)
-- Name: _posts_v_rels_users_id_idx; Type: INDEX; Schema: public; Owner: postgres
--

CREATE INDEX _posts_v_rels_users_id_idx ON public._posts_v_rels USING btree (users_id);


--
-- TOC entry 4564 (class 1259 OID 448085)
-- Name: _posts_v_updated_at_idx; Type: INDEX; Schema: public; Owner: postgres
--

CREATE INDEX _posts_v_updated_at_idx ON public._posts_v USING btree (updated_at);


--
-- TOC entry 4565 (class 1259 OID 448079)
-- Name: _posts_v_version_meta_version_meta_image_idx; Type: INDEX; Schema: public; Owner: postgres
--

CREATE INDEX _posts_v_version_meta_version_meta_image_idx ON public._posts_v USING btree (version_meta_image_id);


--
-- TOC entry 4554 (class 1259 OID 448075)
-- Name: _posts_v_version_populated_authors_order_idx; Type: INDEX; Schema: public; Owner: postgres
--

CREATE INDEX _posts_v_version_populated_authors_order_idx ON public._posts_v_version_populated_authors USING btree (_order);


--
-- TOC entry 4555 (class 1259 OID 448076)
-- Name: _posts_v_version_populated_authors_parent_id_idx; Type: INDEX; Schema: public; Owner: postgres
--

CREATE INDEX _posts_v_version_populated_authors_parent_id_idx ON public._posts_v_version_populated_authors USING btree (_parent_id);


--
-- TOC entry 4566 (class 1259 OID 448083)
-- Name: _posts_v_version_version__status_idx; Type: INDEX; Schema: public; Owner: postgres
--

CREATE INDEX _posts_v_version_version__status_idx ON public._posts_v USING btree (version__status);


--
-- TOC entry 4567 (class 1259 OID 448082)
-- Name: _posts_v_version_version_created_at_idx; Type: INDEX; Schema: public; Owner: postgres
--

CREATE INDEX _posts_v_version_version_created_at_idx ON public._posts_v USING btree (version_created_at);


--
-- TOC entry 4568 (class 1259 OID 448078)
-- Name: _posts_v_version_version_hero_image_idx; Type: INDEX; Schema: public; Owner: postgres
--

CREATE INDEX _posts_v_version_version_hero_image_idx ON public._posts_v USING btree (version_hero_image_id);


--
-- TOC entry 4569 (class 1259 OID 448080)
-- Name: _posts_v_version_version_slug_idx; Type: INDEX; Schema: public; Owner: postgres
--

CREATE INDEX _posts_v_version_version_slug_idx ON public._posts_v USING btree (version_slug);


--
-- TOC entry 4570 (class 1259 OID 448081)
-- Name: _posts_v_version_version_updated_at_idx; Type: INDEX; Schema: public; Owner: postgres
--

CREATE INDEX _posts_v_version_version_updated_at_idx ON public._posts_v USING btree (version_updated_at);


--
-- TOC entry 4741 (class 1259 OID 513513)
-- Name: _services_v_autosave_idx; Type: INDEX; Schema: public; Owner: postgres
--

CREATE INDEX _services_v_autosave_idx ON public._services_v USING btree (autosave);


--
-- TOC entry 4732 (class 1259 OID 513498)
-- Name: _services_v_blocks_service_accordions_order_idx; Type: INDEX; Schema: public; Owner: postgres
--

CREATE INDEX _services_v_blocks_service_accordions_order_idx ON public._services_v_blocks_service_accordions USING btree (_order);


--
-- TOC entry 4733 (class 1259 OID 513499)
-- Name: _services_v_blocks_service_accordions_parent_id_idx; Type: INDEX; Schema: public; Owner: postgres
--

CREATE INDEX _services_v_blocks_service_accordions_parent_id_idx ON public._services_v_blocks_service_accordions USING btree (_parent_id);


--
-- TOC entry 4736 (class 1259 OID 513500)
-- Name: _services_v_blocks_service_order_idx; Type: INDEX; Schema: public; Owner: postgres
--

CREATE INDEX _services_v_blocks_service_order_idx ON public._services_v_blocks_service USING btree (_order);


--
-- TOC entry 4737 (class 1259 OID 513501)
-- Name: _services_v_blocks_service_parent_id_idx; Type: INDEX; Schema: public; Owner: postgres
--

CREATE INDEX _services_v_blocks_service_parent_id_idx ON public._services_v_blocks_service USING btree (_parent_id);


--
-- TOC entry 4738 (class 1259 OID 513502)
-- Name: _services_v_blocks_service_path_idx; Type: INDEX; Schema: public; Owner: postgres
--

CREATE INDEX _services_v_blocks_service_path_idx ON public._services_v_blocks_service USING btree (_path);


--
-- TOC entry 4742 (class 1259 OID 513510)
-- Name: _services_v_created_at_idx; Type: INDEX; Schema: public; Owner: postgres
--

CREATE INDEX _services_v_created_at_idx ON public._services_v USING btree (created_at);


--
-- TOC entry 4743 (class 1259 OID 513512)
-- Name: _services_v_latest_idx; Type: INDEX; Schema: public; Owner: postgres
--

CREATE INDEX _services_v_latest_idx ON public._services_v USING btree (latest);


--
-- TOC entry 4744 (class 1259 OID 513503)
-- Name: _services_v_parent_idx; Type: INDEX; Schema: public; Owner: postgres
--

CREATE INDEX _services_v_parent_idx ON public._services_v USING btree (parent_id);


--
-- TOC entry 4754 (class 1259 OID 513514)
-- Name: _services_v_rels_order_idx; Type: INDEX; Schema: public; Owner: postgres
--

CREATE INDEX _services_v_rels_order_idx ON public._services_v_rels USING btree ("order");


--
-- TOC entry 4755 (class 1259 OID 513517)
-- Name: _services_v_rels_pages_id_idx; Type: INDEX; Schema: public; Owner: postgres
--

CREATE INDEX _services_v_rels_pages_id_idx ON public._services_v_rels USING btree (pages_id);


--
-- TOC entry 4756 (class 1259 OID 513515)
-- Name: _services_v_rels_parent_idx; Type: INDEX; Schema: public; Owner: postgres
--

CREATE INDEX _services_v_rels_parent_idx ON public._services_v_rels USING btree (parent_id);


--
-- TOC entry 4757 (class 1259 OID 513516)
-- Name: _services_v_rels_path_idx; Type: INDEX; Schema: public; Owner: postgres
--

CREATE INDEX _services_v_rels_path_idx ON public._services_v_rels USING btree (path);


--
-- TOC entry 4760 (class 1259 OID 513518)
-- Name: _services_v_rels_posts_id_idx; Type: INDEX; Schema: public; Owner: postgres
--

CREATE INDEX _services_v_rels_posts_id_idx ON public._services_v_rels USING btree (posts_id);


--
-- TOC entry 4761 (class 1259 OID 513519)
-- Name: _services_v_rels_services_id_idx; Type: INDEX; Schema: public; Owner: postgres
--

CREATE INDEX _services_v_rels_services_id_idx ON public._services_v_rels USING btree (services_id);


--
-- TOC entry 4747 (class 1259 OID 513511)
-- Name: _services_v_updated_at_idx; Type: INDEX; Schema: public; Owner: postgres
--

CREATE INDEX _services_v_updated_at_idx ON public._services_v USING btree (updated_at);


--
-- TOC entry 4728 (class 1259 OID 513496)
-- Name: _services_v_version_hero_links_order_idx; Type: INDEX; Schema: public; Owner: postgres
--

CREATE INDEX _services_v_version_hero_links_order_idx ON public._services_v_version_hero_links USING btree (_order);


--
-- TOC entry 4729 (class 1259 OID 513497)
-- Name: _services_v_version_hero_links_parent_id_idx; Type: INDEX; Schema: public; Owner: postgres
--

CREATE INDEX _services_v_version_hero_links_parent_id_idx ON public._services_v_version_hero_links USING btree (_parent_id);


--
-- TOC entry 4748 (class 1259 OID 513504)
-- Name: _services_v_version_hero_version_hero_media_idx; Type: INDEX; Schema: public; Owner: postgres
--

CREATE INDEX _services_v_version_hero_version_hero_media_idx ON public._services_v USING btree (version_hero_media_id);


--
-- TOC entry 4749 (class 1259 OID 513505)
-- Name: _services_v_version_meta_version_meta_image_idx; Type: INDEX; Schema: public; Owner: postgres
--

CREATE INDEX _services_v_version_meta_version_meta_image_idx ON public._services_v USING btree (version_meta_image_id);


--
-- TOC entry 4750 (class 1259 OID 513509)
-- Name: _services_v_version_version__status_idx; Type: INDEX; Schema: public; Owner: postgres
--

CREATE INDEX _services_v_version_version__status_idx ON public._services_v USING btree (version__status);


--
-- TOC entry 4751 (class 1259 OID 513508)
-- Name: _services_v_version_version_created_at_idx; Type: INDEX; Schema: public; Owner: postgres
--

CREATE INDEX _services_v_version_version_created_at_idx ON public._services_v USING btree (version_created_at);


--
-- TOC entry 4752 (class 1259 OID 513506)
-- Name: _services_v_version_version_slug_idx; Type: INDEX; Schema: public; Owner: postgres
--

CREATE INDEX _services_v_version_version_slug_idx ON public._services_v USING btree (version_slug);


--
-- TOC entry 4753 (class 1259 OID 513507)
-- Name: _services_v_version_version_updated_at_idx; Type: INDEX; Schema: public; Owner: postgres
--

CREATE INDEX _services_v_version_version_updated_at_idx ON public._services_v USING btree (version_updated_at);


--
-- TOC entry 4536 (class 1259 OID 448066)
-- Name: categories_created_at_idx; Type: INDEX; Schema: public; Owner: postgres
--

CREATE INDEX categories_created_at_idx ON public.categories USING btree (created_at);


--
-- TOC entry 4539 (class 1259 OID 448064)
-- Name: categories_slug_idx; Type: INDEX; Schema: public; Owner: postgres
--

CREATE INDEX categories_slug_idx ON public.categories USING btree (slug);


--
-- TOC entry 4540 (class 1259 OID 448065)
-- Name: categories_updated_at_idx; Type: INDEX; Schema: public; Owner: postgres
--

CREATE INDEX categories_updated_at_idx ON public.categories USING btree (updated_at);


--
-- TOC entry 4676 (class 1259 OID 485568)
-- Name: documents_created_at_idx; Type: INDEX; Schema: public; Owner: postgres
--

CREATE INDEX documents_created_at_idx ON public.documents USING btree (created_at);


--
-- TOC entry 4677 (class 1259 OID 485569)
-- Name: documents_filename_idx; Type: INDEX; Schema: public; Owner: postgres
--

CREATE UNIQUE INDEX documents_filename_idx ON public.documents USING btree (filename);


--
-- TOC entry 4680 (class 1259 OID 485567)
-- Name: documents_updated_at_idx; Type: INDEX; Schema: public; Owner: postgres
--

CREATE INDEX documents_updated_at_idx ON public.documents USING btree (updated_at);


--
-- TOC entry 4522 (class 1259 OID 447490)
-- Name: footer_nav_items_order_idx; Type: INDEX; Schema: public; Owner: postgres
--

CREATE INDEX footer_nav_items_order_idx ON public.footer_nav_items USING btree (_order);


--
-- TOC entry 4523 (class 1259 OID 447491)
-- Name: footer_nav_items_parent_id_idx; Type: INDEX; Schema: public; Owner: postgres
--

CREATE INDEX footer_nav_items_parent_id_idx ON public.footer_nav_items USING btree (_parent_id);


--
-- TOC entry 4528 (class 1259 OID 447492)
-- Name: footer_rels_order_idx; Type: INDEX; Schema: public; Owner: postgres
--

CREATE INDEX footer_rels_order_idx ON public.footer_rels USING btree ("order");


--
-- TOC entry 4529 (class 1259 OID 447495)
-- Name: footer_rels_pages_id_idx; Type: INDEX; Schema: public; Owner: postgres
--

CREATE INDEX footer_rels_pages_id_idx ON public.footer_rels USING btree (pages_id);


--
-- TOC entry 4530 (class 1259 OID 447493)
-- Name: footer_rels_parent_idx; Type: INDEX; Schema: public; Owner: postgres
--

CREATE INDEX footer_rels_parent_idx ON public.footer_rels USING btree (parent_id);


--
-- TOC entry 4531 (class 1259 OID 447494)
-- Name: footer_rels_path_idx; Type: INDEX; Schema: public; Owner: postgres
--

CREATE INDEX footer_rels_path_idx ON public.footer_rels USING btree (path);


--
-- TOC entry 4534 (class 1259 OID 486418)
-- Name: footer_rels_posts_id_idx; Type: INDEX; Schema: public; Owner: postgres
--

CREATE INDEX footer_rels_posts_id_idx ON public.footer_rels USING btree (posts_id);


--
-- TOC entry 4535 (class 1259 OID 513552)
-- Name: footer_rels_services_id_idx; Type: INDEX; Schema: public; Owner: postgres
--

CREATE INDEX footer_rels_services_id_idx ON public.footer_rels USING btree (services_id);


--
-- TOC entry 4454 (class 1259 OID 447454)
-- Name: form_submissions_created_at_idx; Type: INDEX; Schema: public; Owner: postgres
--

CREATE INDEX form_submissions_created_at_idx ON public.form_submissions USING btree (created_at);


--
-- TOC entry 4455 (class 1259 OID 447452)
-- Name: form_submissions_form_idx; Type: INDEX; Schema: public; Owner: postgres
--

CREATE INDEX form_submissions_form_idx ON public.form_submissions USING btree (form_id);


--
-- TOC entry 4450 (class 1259 OID 447450)
-- Name: form_submissions_submission_data_order_idx; Type: INDEX; Schema: public; Owner: postgres
--

CREATE INDEX form_submissions_submission_data_order_idx ON public.form_submissions_submission_data USING btree (_order);


--
-- TOC entry 4451 (class 1259 OID 447451)
-- Name: form_submissions_submission_data_parent_id_idx; Type: INDEX; Schema: public; Owner: postgres
--

CREATE INDEX form_submissions_submission_data_parent_id_idx ON public.form_submissions_submission_data USING btree (_parent_id);


--
-- TOC entry 4458 (class 1259 OID 447453)
-- Name: form_submissions_updated_at_idx; Type: INDEX; Schema: public; Owner: postgres
--

CREATE INDEX form_submissions_updated_at_idx ON public.form_submissions USING btree (updated_at);


--
-- TOC entry 4398 (class 1259 OID 447420)
-- Name: forms_blocks_checkbox_order_idx; Type: INDEX; Schema: public; Owner: postgres
--

CREATE INDEX forms_blocks_checkbox_order_idx ON public.forms_blocks_checkbox USING btree (_order);


--
-- TOC entry 4399 (class 1259 OID 447421)
-- Name: forms_blocks_checkbox_parent_id_idx; Type: INDEX; Schema: public; Owner: postgres
--

CREATE INDEX forms_blocks_checkbox_parent_id_idx ON public.forms_blocks_checkbox USING btree (_parent_id);


--
-- TOC entry 4400 (class 1259 OID 447422)
-- Name: forms_blocks_checkbox_path_idx; Type: INDEX; Schema: public; Owner: postgres
--

CREATE INDEX forms_blocks_checkbox_path_idx ON public.forms_blocks_checkbox USING btree (_path);


--
-- TOC entry 4403 (class 1259 OID 447423)
-- Name: forms_blocks_email_order_idx; Type: INDEX; Schema: public; Owner: postgres
--

CREATE INDEX forms_blocks_email_order_idx ON public.forms_blocks_email USING btree (_order);


--
-- TOC entry 4404 (class 1259 OID 447424)
-- Name: forms_blocks_email_parent_id_idx; Type: INDEX; Schema: public; Owner: postgres
--

CREATE INDEX forms_blocks_email_parent_id_idx ON public.forms_blocks_email USING btree (_parent_id);


--
-- TOC entry 4405 (class 1259 OID 447425)
-- Name: forms_blocks_email_path_idx; Type: INDEX; Schema: public; Owner: postgres
--

CREATE INDEX forms_blocks_email_path_idx ON public.forms_blocks_email USING btree (_path);


--
-- TOC entry 4408 (class 1259 OID 447426)
-- Name: forms_blocks_message_order_idx; Type: INDEX; Schema: public; Owner: postgres
--

CREATE INDEX forms_blocks_message_order_idx ON public.forms_blocks_message USING btree (_order);


--
-- TOC entry 4409 (class 1259 OID 447427)
-- Name: forms_blocks_message_parent_id_idx; Type: INDEX; Schema: public; Owner: postgres
--

CREATE INDEX forms_blocks_message_parent_id_idx ON public.forms_blocks_message USING btree (_parent_id);


--
-- TOC entry 4410 (class 1259 OID 447428)
-- Name: forms_blocks_message_path_idx; Type: INDEX; Schema: public; Owner: postgres
--

CREATE INDEX forms_blocks_message_path_idx ON public.forms_blocks_message USING btree (_path);


--
-- TOC entry 4432 (class 1259 OID 447442)
-- Name: forms_blocks_radio_options_image_idx; Type: INDEX; Schema: public; Owner: postgres
--

CREATE INDEX forms_blocks_radio_options_image_idx ON public.forms_blocks_radio_options USING btree (image_id);


--
-- TOC entry 4433 (class 1259 OID 447440)
-- Name: forms_blocks_radio_options_order_idx; Type: INDEX; Schema: public; Owner: postgres
--

CREATE INDEX forms_blocks_radio_options_order_idx ON public.forms_blocks_radio_options USING btree (_order);


--
-- TOC entry 4434 (class 1259 OID 447441)
-- Name: forms_blocks_radio_options_parent_id_idx; Type: INDEX; Schema: public; Owner: postgres
--

CREATE INDEX forms_blocks_radio_options_parent_id_idx ON public.forms_blocks_radio_options USING btree (_parent_id);


--
-- TOC entry 4437 (class 1259 OID 447443)
-- Name: forms_blocks_radio_order_idx; Type: INDEX; Schema: public; Owner: postgres
--

CREATE INDEX forms_blocks_radio_order_idx ON public.forms_blocks_radio USING btree (_order);


--
-- TOC entry 4438 (class 1259 OID 447444)
-- Name: forms_blocks_radio_parent_id_idx; Type: INDEX; Schema: public; Owner: postgres
--

CREATE INDEX forms_blocks_radio_parent_id_idx ON public.forms_blocks_radio USING btree (_parent_id);


--
-- TOC entry 4439 (class 1259 OID 447445)
-- Name: forms_blocks_radio_path_idx; Type: INDEX; Schema: public; Owner: postgres
--

CREATE INDEX forms_blocks_radio_path_idx ON public.forms_blocks_radio USING btree (_path);


--
-- TOC entry 4413 (class 1259 OID 447429)
-- Name: forms_blocks_select_options_order_idx; Type: INDEX; Schema: public; Owner: postgres
--

CREATE INDEX forms_blocks_select_options_order_idx ON public.forms_blocks_select_options USING btree (_order);


--
-- TOC entry 4414 (class 1259 OID 447430)
-- Name: forms_blocks_select_options_parent_id_idx; Type: INDEX; Schema: public; Owner: postgres
--

CREATE INDEX forms_blocks_select_options_parent_id_idx ON public.forms_blocks_select_options USING btree (_parent_id);


--
-- TOC entry 4417 (class 1259 OID 447431)
-- Name: forms_blocks_select_order_idx; Type: INDEX; Schema: public; Owner: postgres
--

CREATE INDEX forms_blocks_select_order_idx ON public.forms_blocks_select USING btree (_order);


--
-- TOC entry 4418 (class 1259 OID 447432)
-- Name: forms_blocks_select_parent_id_idx; Type: INDEX; Schema: public; Owner: postgres
--

CREATE INDEX forms_blocks_select_parent_id_idx ON public.forms_blocks_select USING btree (_parent_id);


--
-- TOC entry 4419 (class 1259 OID 447433)
-- Name: forms_blocks_select_path_idx; Type: INDEX; Schema: public; Owner: postgres
--

CREATE INDEX forms_blocks_select_path_idx ON public.forms_blocks_select USING btree (_path);


--
-- TOC entry 4422 (class 1259 OID 447434)
-- Name: forms_blocks_text_order_idx; Type: INDEX; Schema: public; Owner: postgres
--

CREATE INDEX forms_blocks_text_order_idx ON public.forms_blocks_text USING btree (_order);


--
-- TOC entry 4423 (class 1259 OID 447435)
-- Name: forms_blocks_text_parent_id_idx; Type: INDEX; Schema: public; Owner: postgres
--

CREATE INDEX forms_blocks_text_parent_id_idx ON public.forms_blocks_text USING btree (_parent_id);


--
-- TOC entry 4424 (class 1259 OID 447436)
-- Name: forms_blocks_text_path_idx; Type: INDEX; Schema: public; Owner: postgres
--

CREATE INDEX forms_blocks_text_path_idx ON public.forms_blocks_text USING btree (_path);


--
-- TOC entry 4427 (class 1259 OID 447437)
-- Name: forms_blocks_textarea_order_idx; Type: INDEX; Schema: public; Owner: postgres
--

CREATE INDEX forms_blocks_textarea_order_idx ON public.forms_blocks_textarea USING btree (_order);


--
-- TOC entry 4428 (class 1259 OID 447438)
-- Name: forms_blocks_textarea_parent_id_idx; Type: INDEX; Schema: public; Owner: postgres
--

CREATE INDEX forms_blocks_textarea_parent_id_idx ON public.forms_blocks_textarea USING btree (_parent_id);


--
-- TOC entry 4429 (class 1259 OID 447439)
-- Name: forms_blocks_textarea_path_idx; Type: INDEX; Schema: public; Owner: postgres
--

CREATE INDEX forms_blocks_textarea_path_idx ON public.forms_blocks_textarea USING btree (_path);


--
-- TOC entry 4446 (class 1259 OID 447449)
-- Name: forms_created_at_idx; Type: INDEX; Schema: public; Owner: postgres
--

CREATE INDEX forms_created_at_idx ON public.forms USING btree (created_at);


--
-- TOC entry 4442 (class 1259 OID 447446)
-- Name: forms_emails_order_idx; Type: INDEX; Schema: public; Owner: postgres
--

CREATE INDEX forms_emails_order_idx ON public.forms_emails USING btree (_order);


--
-- TOC entry 4443 (class 1259 OID 447447)
-- Name: forms_emails_parent_id_idx; Type: INDEX; Schema: public; Owner: postgres
--

CREATE INDEX forms_emails_parent_id_idx ON public.forms_emails USING btree (_parent_id);


--
-- TOC entry 4449 (class 1259 OID 447448)
-- Name: forms_updated_at_idx; Type: INDEX; Schema: public; Owner: postgres
--

CREATE INDEX forms_updated_at_idx ON public.forms USING btree (updated_at);


--
-- TOC entry 4500 (class 1259 OID 447480)
-- Name: header_nav_items_nav_links_items_order_idx; Type: INDEX; Schema: public; Owner: postgres
--

CREATE INDEX header_nav_items_nav_links_items_order_idx ON public.header_nav_items_nav_links_items USING btree (_order);


--
-- TOC entry 4501 (class 1259 OID 447481)
-- Name: header_nav_items_nav_links_items_parent_id_idx; Type: INDEX; Schema: public; Owner: postgres
--

CREATE INDEX header_nav_items_nav_links_items_parent_id_idx ON public.header_nav_items_nav_links_items USING btree (_parent_id);


--
-- TOC entry 4495 (class 1259 OID 447479)
-- Name: header_nav_items_nav_links_items_sub_items_image_idx; Type: INDEX; Schema: public; Owner: postgres
--

CREATE INDEX header_nav_items_nav_links_items_sub_items_image_idx ON public.header_nav_items_nav_links_items_sub_items USING btree (image_id);


--
-- TOC entry 4496 (class 1259 OID 447477)
-- Name: header_nav_items_nav_links_items_sub_items_order_idx; Type: INDEX; Schema: public; Owner: postgres
--

CREATE INDEX header_nav_items_nav_links_items_sub_items_order_idx ON public.header_nav_items_nav_links_items_sub_items USING btree (_order);


--
-- TOC entry 4497 (class 1259 OID 447478)
-- Name: header_nav_items_nav_links_items_sub_items_parent_id_idx; Type: INDEX; Schema: public; Owner: postgres
--

CREATE INDEX header_nav_items_nav_links_items_sub_items_parent_id_idx ON public.header_nav_items_nav_links_items_sub_items USING btree (_parent_id);


--
-- TOC entry 4504 (class 1259 OID 447482)
-- Name: header_nav_items_nav_links_order_idx; Type: INDEX; Schema: public; Owner: postgres
--

CREATE INDEX header_nav_items_nav_links_order_idx ON public.header_nav_items_nav_links USING btree (_order);


--
-- TOC entry 4505 (class 1259 OID 447483)
-- Name: header_nav_items_nav_links_parent_id_idx; Type: INDEX; Schema: public; Owner: postgres
--

CREATE INDEX header_nav_items_nav_links_parent_id_idx ON public.header_nav_items_nav_links USING btree (_parent_id);


--
-- TOC entry 4508 (class 1259 OID 447484)
-- Name: header_nav_items_order_idx; Type: INDEX; Schema: public; Owner: postgres
--

CREATE INDEX header_nav_items_order_idx ON public.header_nav_items USING btree (_order);


--
-- TOC entry 4509 (class 1259 OID 447485)
-- Name: header_nav_items_parent_id_idx; Type: INDEX; Schema: public; Owner: postgres
--

CREATE INDEX header_nav_items_parent_id_idx ON public.header_nav_items USING btree (_parent_id);


--
-- TOC entry 4514 (class 1259 OID 447486)
-- Name: header_rels_order_idx; Type: INDEX; Schema: public; Owner: postgres
--

CREATE INDEX header_rels_order_idx ON public.header_rels USING btree ("order");


--
-- TOC entry 4515 (class 1259 OID 447489)
-- Name: header_rels_pages_id_idx; Type: INDEX; Schema: public; Owner: postgres
--

CREATE INDEX header_rels_pages_id_idx ON public.header_rels USING btree (pages_id);


--
-- TOC entry 4516 (class 1259 OID 447487)
-- Name: header_rels_parent_idx; Type: INDEX; Schema: public; Owner: postgres
--

CREATE INDEX header_rels_parent_idx ON public.header_rels USING btree (parent_id);


--
-- TOC entry 4517 (class 1259 OID 447488)
-- Name: header_rels_path_idx; Type: INDEX; Schema: public; Owner: postgres
--

CREATE INDEX header_rels_path_idx ON public.header_rels USING btree (path);


--
-- TOC entry 4520 (class 1259 OID 486417)
-- Name: header_rels_posts_id_idx; Type: INDEX; Schema: public; Owner: postgres
--

CREATE INDEX header_rels_posts_id_idx ON public.header_rels USING btree (posts_id);


--
-- TOC entry 4521 (class 1259 OID 513554)
-- Name: header_rels_services_id_idx; Type: INDEX; Schema: public; Owner: postgres
--

CREATE INDEX header_rels_services_id_idx ON public.header_rels USING btree (services_id);


--
-- TOC entry 4184 (class 1259 OID 447278)
-- Name: media_created_at_idx; Type: INDEX; Schema: public; Owner: postgres
--

CREATE INDEX media_created_at_idx ON public.media USING btree (created_at);


--
-- TOC entry 4185 (class 1259 OID 447279)
-- Name: media_filename_idx; Type: INDEX; Schema: public; Owner: postgres
--

CREATE UNIQUE INDEX media_filename_idx ON public.media USING btree (filename);


--
-- TOC entry 4188 (class 1259 OID 447277)
-- Name: media_updated_at_idx; Type: INDEX; Schema: public; Owner: postgres
--

CREATE INDEX media_updated_at_idx ON public.media USING btree (updated_at);


--
-- TOC entry 4279 (class 1259 OID 447343)
-- Name: pages__status_idx; Type: INDEX; Schema: public; Owner: postgres
--

CREATE INDEX pages__status_idx ON public.pages USING btree (_status);


--
-- TOC entry 4269 (class 1259 OID 447334)
-- Name: pages_blocks_box_content_boxes_media_idx; Type: INDEX; Schema: public; Owner: postgres
--

CREATE INDEX pages_blocks_box_content_boxes_media_idx ON public.pages_blocks_box_content_boxes USING btree (media_id);


--
-- TOC entry 4270 (class 1259 OID 447332)
-- Name: pages_blocks_box_content_boxes_order_idx; Type: INDEX; Schema: public; Owner: postgres
--

CREATE INDEX pages_blocks_box_content_boxes_order_idx ON public.pages_blocks_box_content_boxes USING btree (_order);


--
-- TOC entry 4271 (class 1259 OID 447333)
-- Name: pages_blocks_box_content_boxes_parent_id_idx; Type: INDEX; Schema: public; Owner: postgres
--

CREATE INDEX pages_blocks_box_content_boxes_parent_id_idx ON public.pages_blocks_box_content_boxes USING btree (_parent_id);


--
-- TOC entry 4274 (class 1259 OID 447335)
-- Name: pages_blocks_box_content_order_idx; Type: INDEX; Schema: public; Owner: postgres
--

CREATE INDEX pages_blocks_box_content_order_idx ON public.pages_blocks_box_content USING btree (_order);


--
-- TOC entry 4275 (class 1259 OID 447336)
-- Name: pages_blocks_box_content_parent_id_idx; Type: INDEX; Schema: public; Owner: postgres
--

CREATE INDEX pages_blocks_box_content_parent_id_idx ON public.pages_blocks_box_content USING btree (_parent_id);


--
-- TOC entry 4276 (class 1259 OID 447337)
-- Name: pages_blocks_box_content_path_idx; Type: INDEX; Schema: public; Owner: postgres
--

CREATE INDEX pages_blocks_box_content_path_idx ON public.pages_blocks_box_content USING btree (_path);


--
-- TOC entry 4211 (class 1259 OID 447294)
-- Name: pages_blocks_content_image_idx; Type: INDEX; Schema: public; Owner: postgres
--

CREATE INDEX pages_blocks_content_image_idx ON public.pages_blocks_content USING btree (image_id);


--
-- TOC entry 4212 (class 1259 OID 447291)
-- Name: pages_blocks_content_order_idx; Type: INDEX; Schema: public; Owner: postgres
--

CREATE INDEX pages_blocks_content_order_idx ON public.pages_blocks_content USING btree (_order);


--
-- TOC entry 4213 (class 1259 OID 447292)
-- Name: pages_blocks_content_parent_id_idx; Type: INDEX; Schema: public; Owner: postgres
--

CREATE INDEX pages_blocks_content_parent_id_idx ON public.pages_blocks_content USING btree (_parent_id);


--
-- TOC entry 4214 (class 1259 OID 447293)
-- Name: pages_blocks_content_path_idx; Type: INDEX; Schema: public; Owner: postgres
--

CREATE INDEX pages_blocks_content_path_idx ON public.pages_blocks_content USING btree (_path);


--
-- TOC entry 4217 (class 1259 OID 447295)
-- Name: pages_blocks_content_section_name_idx; Type: INDEX; Schema: public; Owner: postgres
--

CREATE UNIQUE INDEX pages_blocks_content_section_name_idx ON public.pages_blocks_content USING btree (section_name);


--
-- TOC entry 4201 (class 1259 OID 447285)
-- Name: pages_blocks_cta_links_order_idx; Type: INDEX; Schema: public; Owner: postgres
--

CREATE INDEX pages_blocks_cta_links_order_idx ON public.pages_blocks_cta_links USING btree (_order);


--
-- TOC entry 4202 (class 1259 OID 447286)
-- Name: pages_blocks_cta_links_parent_id_idx; Type: INDEX; Schema: public; Owner: postgres
--

CREATE INDEX pages_blocks_cta_links_parent_id_idx ON public.pages_blocks_cta_links USING btree (_parent_id);


--
-- TOC entry 4205 (class 1259 OID 447290)
-- Name: pages_blocks_cta_media_idx; Type: INDEX; Schema: public; Owner: postgres
--

CREATE INDEX pages_blocks_cta_media_idx ON public.pages_blocks_cta USING btree (media_id);


--
-- TOC entry 4206 (class 1259 OID 447287)
-- Name: pages_blocks_cta_order_idx; Type: INDEX; Schema: public; Owner: postgres
--

CREATE INDEX pages_blocks_cta_order_idx ON public.pages_blocks_cta USING btree (_order);


--
-- TOC entry 4207 (class 1259 OID 447288)
-- Name: pages_blocks_cta_parent_id_idx; Type: INDEX; Schema: public; Owner: postgres
--

CREATE INDEX pages_blocks_cta_parent_id_idx ON public.pages_blocks_cta USING btree (_parent_id);


--
-- TOC entry 4208 (class 1259 OID 447289)
-- Name: pages_blocks_cta_path_idx; Type: INDEX; Schema: public; Owner: postgres
--

CREATE INDEX pages_blocks_cta_path_idx ON public.pages_blocks_cta USING btree (_path);


--
-- TOC entry 4231 (class 1259 OID 447311)
-- Name: pages_blocks_form_block_form_idx; Type: INDEX; Schema: public; Owner: postgres
--

CREATE INDEX pages_blocks_form_block_form_idx ON public.pages_blocks_form_block USING btree (form_id);


--
-- TOC entry 4232 (class 1259 OID 447308)
-- Name: pages_blocks_form_block_order_idx; Type: INDEX; Schema: public; Owner: postgres
--

CREATE INDEX pages_blocks_form_block_order_idx ON public.pages_blocks_form_block USING btree (_order);


--
-- TOC entry 4233 (class 1259 OID 447309)
-- Name: pages_blocks_form_block_parent_id_idx; Type: INDEX; Schema: public; Owner: postgres
--

CREATE INDEX pages_blocks_form_block_parent_id_idx ON public.pages_blocks_form_block USING btree (_parent_id);


--
-- TOC entry 4234 (class 1259 OID 447310)
-- Name: pages_blocks_form_block_path_idx; Type: INDEX; Schema: public; Owner: postgres
--

CREATE INDEX pages_blocks_form_block_path_idx ON public.pages_blocks_form_block USING btree (_path);


--
-- TOC entry 4609 (class 1259 OID 473984)
-- Name: pages_blocks_frequently_questions_block_image_idx; Type: INDEX; Schema: public; Owner: postgres
--

CREATE INDEX pages_blocks_frequently_questions_block_image_idx ON public.pages_blocks_frequently_questions_block USING btree (image_id);


--
-- TOC entry 4610 (class 1259 OID 473981)
-- Name: pages_blocks_frequently_questions_block_order_idx; Type: INDEX; Schema: public; Owner: postgres
--

CREATE INDEX pages_blocks_frequently_questions_block_order_idx ON public.pages_blocks_frequently_questions_block USING btree (_order);


--
-- TOC entry 4611 (class 1259 OID 473982)
-- Name: pages_blocks_frequently_questions_block_parent_id_idx; Type: INDEX; Schema: public; Owner: postgres
--

CREATE INDEX pages_blocks_frequently_questions_block_parent_id_idx ON public.pages_blocks_frequently_questions_block USING btree (_parent_id);


--
-- TOC entry 4612 (class 1259 OID 473983)
-- Name: pages_blocks_frequently_questions_block_path_idx; Type: INDEX; Schema: public; Owner: postgres
--

CREATE INDEX pages_blocks_frequently_questions_block_path_idx ON public.pages_blocks_frequently_questions_block USING btree (_path);


--
-- TOC entry 4605 (class 1259 OID 473979)
-- Name: pages_blocks_frequently_questions_block_questions_order_idx; Type: INDEX; Schema: public; Owner: postgres
--

CREATE INDEX pages_blocks_frequently_questions_block_questions_order_idx ON public.pages_blocks_frequently_questions_block_questions USING btree (_order);


--
-- TOC entry 4606 (class 1259 OID 473980)
-- Name: pages_blocks_frequently_questions_block_questions_parent_id_idx; Type: INDEX; Schema: public; Owner: postgres
--

CREATE INDEX pages_blocks_frequently_questions_block_questions_parent_id_idx ON public.pages_blocks_frequently_questions_block_questions USING btree (_parent_id);


--
-- TOC entry 4615 (class 1259 OID 473985)
-- Name: pages_blocks_frequently_questions_block_section_name_idx; Type: INDEX; Schema: public; Owner: postgres
--

CREATE UNIQUE INDEX pages_blocks_frequently_questions_block_section_name_idx ON public.pages_blocks_frequently_questions_block USING btree (section_name);


--
-- TOC entry 4686 (class 1259 OID 487146)
-- Name: pages_blocks_list_content_blocks_media_idx; Type: INDEX; Schema: public; Owner: postgres
--

CREATE INDEX pages_blocks_list_content_blocks_media_idx ON public.pages_blocks_list_content_blocks USING btree (media_id);


--
-- TOC entry 4687 (class 1259 OID 487144)
-- Name: pages_blocks_list_content_blocks_order_idx; Type: INDEX; Schema: public; Owner: postgres
--

CREATE INDEX pages_blocks_list_content_blocks_order_idx ON public.pages_blocks_list_content_blocks USING btree (_order);


--
-- TOC entry 4688 (class 1259 OID 487145)
-- Name: pages_blocks_list_content_blocks_parent_id_idx; Type: INDEX; Schema: public; Owner: postgres
--

CREATE INDEX pages_blocks_list_content_blocks_parent_id_idx ON public.pages_blocks_list_content_blocks USING btree (_parent_id);


--
-- TOC entry 4224 (class 1259 OID 447306)
-- Name: pages_blocks_list_content_field_image_idx; Type: INDEX; Schema: public; Owner: postgres
--

CREATE INDEX pages_blocks_list_content_field_image_idx ON public.pages_blocks_list_content USING btree (field_image_id);


--
-- TOC entry 4225 (class 1259 OID 447303)
-- Name: pages_blocks_list_content_order_idx; Type: INDEX; Schema: public; Owner: postgres
--

CREATE INDEX pages_blocks_list_content_order_idx ON public.pages_blocks_list_content USING btree (_order);


--
-- TOC entry 4226 (class 1259 OID 447304)
-- Name: pages_blocks_list_content_parent_id_idx; Type: INDEX; Schema: public; Owner: postgres
--

CREATE INDEX pages_blocks_list_content_parent_id_idx ON public.pages_blocks_list_content USING btree (_parent_id);


--
-- TOC entry 4227 (class 1259 OID 447305)
-- Name: pages_blocks_list_content_path_idx; Type: INDEX; Schema: public; Owner: postgres
--

CREATE INDEX pages_blocks_list_content_path_idx ON public.pages_blocks_list_content USING btree (_path);


--
-- TOC entry 4230 (class 1259 OID 447307)
-- Name: pages_blocks_list_content_section_name_idx; Type: INDEX; Schema: public; Owner: postgres
--

CREATE UNIQUE INDEX pages_blocks_list_content_section_name_idx ON public.pages_blocks_list_content USING btree (section_name);


--
-- TOC entry 4218 (class 1259 OID 447299)
-- Name: pages_blocks_media_block_media_idx; Type: INDEX; Schema: public; Owner: postgres
--

CREATE INDEX pages_blocks_media_block_media_idx ON public.pages_blocks_media_block USING btree (media_id);


--
-- TOC entry 4219 (class 1259 OID 447296)
-- Name: pages_blocks_media_block_order_idx; Type: INDEX; Schema: public; Owner: postgres
--

CREATE INDEX pages_blocks_media_block_order_idx ON public.pages_blocks_media_block USING btree (_order);


--
-- TOC entry 4220 (class 1259 OID 447297)
-- Name: pages_blocks_media_block_parent_id_idx; Type: INDEX; Schema: public; Owner: postgres
--

CREATE INDEX pages_blocks_media_block_parent_id_idx ON public.pages_blocks_media_block USING btree (_parent_id);


--
-- TOC entry 4221 (class 1259 OID 447298)
-- Name: pages_blocks_media_block_path_idx; Type: INDEX; Schema: public; Owner: postgres
--

CREATE INDEX pages_blocks_media_block_path_idx ON public.pages_blocks_media_block USING btree (_path);


--
-- TOC entry 4600 (class 1259 OID 473976)
-- Name: pages_blocks_post_carousel_block_order_idx; Type: INDEX; Schema: public; Owner: postgres
--

CREATE INDEX pages_blocks_post_carousel_block_order_idx ON public.pages_blocks_post_carousel_block USING btree (_order);


--
-- TOC entry 4601 (class 1259 OID 473977)
-- Name: pages_blocks_post_carousel_block_parent_id_idx; Type: INDEX; Schema: public; Owner: postgres
--

CREATE INDEX pages_blocks_post_carousel_block_parent_id_idx ON public.pages_blocks_post_carousel_block USING btree (_parent_id);


--
-- TOC entry 4602 (class 1259 OID 473978)
-- Name: pages_blocks_post_carousel_block_path_idx; Type: INDEX; Schema: public; Owner: postgres
--

CREATE INDEX pages_blocks_post_carousel_block_path_idx ON public.pages_blocks_post_carousel_block USING btree (_path);


--
-- TOC entry 4262 (class 1259 OID 447330)
-- Name: pages_blocks_quote_block_image_idx; Type: INDEX; Schema: public; Owner: postgres
--

CREATE INDEX pages_blocks_quote_block_image_idx ON public.pages_blocks_quote_block USING btree (image_id);


--
-- TOC entry 4258 (class 1259 OID 447325)
-- Name: pages_blocks_quote_block_links_order_idx; Type: INDEX; Schema: public; Owner: postgres
--

CREATE INDEX pages_blocks_quote_block_links_order_idx ON public.pages_blocks_quote_block_links USING btree (_order);


--
-- TOC entry 4259 (class 1259 OID 447326)
-- Name: pages_blocks_quote_block_links_parent_id_idx; Type: INDEX; Schema: public; Owner: postgres
--

CREATE INDEX pages_blocks_quote_block_links_parent_id_idx ON public.pages_blocks_quote_block_links USING btree (_parent_id);


--
-- TOC entry 4263 (class 1259 OID 447327)
-- Name: pages_blocks_quote_block_order_idx; Type: INDEX; Schema: public; Owner: postgres
--

CREATE INDEX pages_blocks_quote_block_order_idx ON public.pages_blocks_quote_block USING btree (_order);


--
-- TOC entry 4264 (class 1259 OID 447328)
-- Name: pages_blocks_quote_block_parent_id_idx; Type: INDEX; Schema: public; Owner: postgres
--

CREATE INDEX pages_blocks_quote_block_parent_id_idx ON public.pages_blocks_quote_block USING btree (_parent_id);


--
-- TOC entry 4265 (class 1259 OID 447329)
-- Name: pages_blocks_quote_block_path_idx; Type: INDEX; Schema: public; Owner: postgres
--

CREATE INDEX pages_blocks_quote_block_path_idx ON public.pages_blocks_quote_block USING btree (_path);


--
-- TOC entry 4268 (class 1259 OID 447331)
-- Name: pages_blocks_quote_block_section_name_idx; Type: INDEX; Schema: public; Owner: postgres
--

CREATE UNIQUE INDEX pages_blocks_quote_block_section_name_idx ON public.pages_blocks_quote_block USING btree (section_name);


--
-- TOC entry 4668 (class 1259 OID 484613)
-- Name: pages_blocks_service_accordions_order_idx; Type: INDEX; Schema: public; Owner: postgres
--

CREATE INDEX pages_blocks_service_accordions_order_idx ON public.pages_blocks_service_accordions USING btree (_order);


--
-- TOC entry 4669 (class 1259 OID 484614)
-- Name: pages_blocks_service_accordions_parent_id_idx; Type: INDEX; Schema: public; Owner: postgres
--

CREATE INDEX pages_blocks_service_accordions_parent_id_idx ON public.pages_blocks_service_accordions USING btree (_parent_id);


--
-- TOC entry 4636 (class 1259 OID 475012)
-- Name: pages_blocks_service_list_block_blocks_media_idx; Type: INDEX; Schema: public; Owner: postgres
--

CREATE INDEX pages_blocks_service_list_block_blocks_media_idx ON public.pages_blocks_service_list_block_blocks USING btree (media_id);


--
-- TOC entry 4637 (class 1259 OID 475010)
-- Name: pages_blocks_service_list_block_blocks_order_idx; Type: INDEX; Schema: public; Owner: postgres
--

CREATE INDEX pages_blocks_service_list_block_blocks_order_idx ON public.pages_blocks_service_list_block_blocks USING btree (_order);


--
-- TOC entry 4638 (class 1259 OID 475011)
-- Name: pages_blocks_service_list_block_blocks_parent_id_idx; Type: INDEX; Schema: public; Owner: postgres
--

CREATE INDEX pages_blocks_service_list_block_blocks_parent_id_idx ON public.pages_blocks_service_list_block_blocks USING btree (_parent_id);


--
-- TOC entry 4641 (class 1259 OID 475013)
-- Name: pages_blocks_service_list_block_order_idx; Type: INDEX; Schema: public; Owner: postgres
--

CREATE INDEX pages_blocks_service_list_block_order_idx ON public.pages_blocks_service_list_block USING btree (_order);


--
-- TOC entry 4642 (class 1259 OID 475014)
-- Name: pages_blocks_service_list_block_parent_id_idx; Type: INDEX; Schema: public; Owner: postgres
--

CREATE INDEX pages_blocks_service_list_block_parent_id_idx ON public.pages_blocks_service_list_block USING btree (_parent_id);


--
-- TOC entry 4643 (class 1259 OID 475015)
-- Name: pages_blocks_service_list_block_path_idx; Type: INDEX; Schema: public; Owner: postgres
--

CREATE INDEX pages_blocks_service_list_block_path_idx ON public.pages_blocks_service_list_block USING btree (_path);


--
-- TOC entry 4646 (class 1259 OID 475016)
-- Name: pages_blocks_service_list_block_section_name_idx; Type: INDEX; Schema: public; Owner: postgres
--

CREATE UNIQUE INDEX pages_blocks_service_list_block_section_name_idx ON public.pages_blocks_service_list_block USING btree (section_name);


--
-- TOC entry 4658 (class 1259 OID 475629)
-- Name: pages_blocks_service_order_idx; Type: INDEX; Schema: public; Owner: postgres
--

CREATE INDEX pages_blocks_service_order_idx ON public.pages_blocks_service USING btree (_order);


--
-- TOC entry 4659 (class 1259 OID 475630)
-- Name: pages_blocks_service_parent_id_idx; Type: INDEX; Schema: public; Owner: postgres
--

CREATE INDEX pages_blocks_service_parent_id_idx ON public.pages_blocks_service USING btree (_parent_id);


--
-- TOC entry 4660 (class 1259 OID 475631)
-- Name: pages_blocks_service_path_idx; Type: INDEX; Schema: public; Owner: postgres
--

CREATE INDEX pages_blocks_service_path_idx ON public.pages_blocks_service USING btree (_path);


--
-- TOC entry 4247 (class 1259 OID 447320)
-- Name: pages_blocks_simple_list_content_blocks_media_idx; Type: INDEX; Schema: public; Owner: postgres
--

CREATE INDEX pages_blocks_simple_list_content_blocks_media_idx ON public.pages_blocks_simple_list_content_blocks USING btree (media_id);


--
-- TOC entry 4248 (class 1259 OID 447318)
-- Name: pages_blocks_simple_list_content_blocks_order_idx; Type: INDEX; Schema: public; Owner: postgres
--

CREATE INDEX pages_blocks_simple_list_content_blocks_order_idx ON public.pages_blocks_simple_list_content_blocks USING btree (_order);


--
-- TOC entry 4249 (class 1259 OID 447319)
-- Name: pages_blocks_simple_list_content_blocks_parent_id_idx; Type: INDEX; Schema: public; Owner: postgres
--

CREATE INDEX pages_blocks_simple_list_content_blocks_parent_id_idx ON public.pages_blocks_simple_list_content_blocks USING btree (_parent_id);


--
-- TOC entry 4252 (class 1259 OID 486755)
-- Name: pages_blocks_simple_list_content_image_idx; Type: INDEX; Schema: public; Owner: postgres
--

CREATE INDEX pages_blocks_simple_list_content_image_idx ON public.pages_blocks_simple_list_content USING btree (image_id);


--
-- TOC entry 4253 (class 1259 OID 447321)
-- Name: pages_blocks_simple_list_content_order_idx; Type: INDEX; Schema: public; Owner: postgres
--

CREATE INDEX pages_blocks_simple_list_content_order_idx ON public.pages_blocks_simple_list_content USING btree (_order);


--
-- TOC entry 4254 (class 1259 OID 447322)
-- Name: pages_blocks_simple_list_content_parent_id_idx; Type: INDEX; Schema: public; Owner: postgres
--

CREATE INDEX pages_blocks_simple_list_content_parent_id_idx ON public.pages_blocks_simple_list_content USING btree (_parent_id);


--
-- TOC entry 4255 (class 1259 OID 447323)
-- Name: pages_blocks_simple_list_content_path_idx; Type: INDEX; Schema: public; Owner: postgres
--

CREATE INDEX pages_blocks_simple_list_content_path_idx ON public.pages_blocks_simple_list_content USING btree (_path);


--
-- TOC entry 4242 (class 1259 OID 447315)
-- Name: pages_blocks_social_order_idx; Type: INDEX; Schema: public; Owner: postgres
--

CREATE INDEX pages_blocks_social_order_idx ON public.pages_blocks_social USING btree (_order);


--
-- TOC entry 4243 (class 1259 OID 447316)
-- Name: pages_blocks_social_parent_id_idx; Type: INDEX; Schema: public; Owner: postgres
--

CREATE INDEX pages_blocks_social_parent_id_idx ON public.pages_blocks_social USING btree (_parent_id);


--
-- TOC entry 4244 (class 1259 OID 447317)
-- Name: pages_blocks_social_path_idx; Type: INDEX; Schema: public; Owner: postgres
--

CREATE INDEX pages_blocks_social_path_idx ON public.pages_blocks_social USING btree (_path);


--
-- TOC entry 4237 (class 1259 OID 447314)
-- Name: pages_blocks_social_rrss_icon_idx; Type: INDEX; Schema: public; Owner: postgres
--

CREATE INDEX pages_blocks_social_rrss_icon_idx ON public.pages_blocks_social_rrss USING btree (icon_id);


--
-- TOC entry 4238 (class 1259 OID 447312)
-- Name: pages_blocks_social_rrss_order_idx; Type: INDEX; Schema: public; Owner: postgres
--

CREATE INDEX pages_blocks_social_rrss_order_idx ON public.pages_blocks_social_rrss USING btree (_order);


--
-- TOC entry 4239 (class 1259 OID 447313)
-- Name: pages_blocks_social_rrss_parent_id_idx; Type: INDEX; Schema: public; Owner: postgres
--

CREATE INDEX pages_blocks_social_rrss_parent_id_idx ON public.pages_blocks_social_rrss USING btree (_parent_id);


--
-- TOC entry 4280 (class 1259 OID 447342)
-- Name: pages_created_at_idx; Type: INDEX; Schema: public; Owner: postgres
--

CREATE INDEX pages_created_at_idx ON public.pages USING btree (created_at);


--
-- TOC entry 4281 (class 1259 OID 447338)
-- Name: pages_hero_hero_media_idx; Type: INDEX; Schema: public; Owner: postgres
--

CREATE INDEX pages_hero_hero_media_idx ON public.pages USING btree (hero_media_id);


--
-- TOC entry 4197 (class 1259 OID 447283)
-- Name: pages_hero_links_order_idx; Type: INDEX; Schema: public; Owner: postgres
--

CREATE INDEX pages_hero_links_order_idx ON public.pages_hero_links USING btree (_order);


--
-- TOC entry 4198 (class 1259 OID 447284)
-- Name: pages_hero_links_parent_id_idx; Type: INDEX; Schema: public; Owner: postgres
--

CREATE INDEX pages_hero_links_parent_id_idx ON public.pages_hero_links USING btree (_parent_id);


--
-- TOC entry 4282 (class 1259 OID 447339)
-- Name: pages_meta_meta_image_idx; Type: INDEX; Schema: public; Owner: postgres
--

CREATE INDEX pages_meta_meta_image_idx ON public.pages USING btree (meta_image_id);


--
-- TOC entry 4287 (class 1259 OID 447344)
-- Name: pages_rels_order_idx; Type: INDEX; Schema: public; Owner: postgres
--

CREATE INDEX pages_rels_order_idx ON public.pages_rels USING btree ("order");


--
-- TOC entry 4288 (class 1259 OID 447347)
-- Name: pages_rels_pages_id_idx; Type: INDEX; Schema: public; Owner: postgres
--

CREATE INDEX pages_rels_pages_id_idx ON public.pages_rels USING btree (pages_id);


--
-- TOC entry 4289 (class 1259 OID 447345)
-- Name: pages_rels_parent_idx; Type: INDEX; Schema: public; Owner: postgres
--

CREATE INDEX pages_rels_parent_idx ON public.pages_rels USING btree (parent_id);


--
-- TOC entry 4290 (class 1259 OID 447346)
-- Name: pages_rels_path_idx; Type: INDEX; Schema: public; Owner: postgres
--

CREATE INDEX pages_rels_path_idx ON public.pages_rels USING btree (path);


--
-- TOC entry 4293 (class 1259 OID 486415)
-- Name: pages_rels_posts_id_idx; Type: INDEX; Schema: public; Owner: postgres
--

CREATE INDEX pages_rels_posts_id_idx ON public.pages_rels USING btree (posts_id);


--
-- TOC entry 4294 (class 1259 OID 513550)
-- Name: pages_rels_services_id_idx; Type: INDEX; Schema: public; Owner: postgres
--

CREATE INDEX pages_rels_services_id_idx ON public.pages_rels USING btree (services_id);


--
-- TOC entry 4285 (class 1259 OID 447340)
-- Name: pages_slug_idx; Type: INDEX; Schema: public; Owner: postgres
--

CREATE INDEX pages_slug_idx ON public.pages USING btree (slug);


--
-- TOC entry 4286 (class 1259 OID 447341)
-- Name: pages_updated_at_idx; Type: INDEX; Schema: public; Owner: postgres
--

CREATE INDEX pages_updated_at_idx ON public.pages USING btree (updated_at);


--
-- TOC entry 4584 (class 1259 OID 448096)
-- Name: payload_jobs_completed_at_idx; Type: INDEX; Schema: public; Owner: postgres
--

CREATE INDEX payload_jobs_completed_at_idx ON public.payload_jobs USING btree (completed_at);


--
-- TOC entry 4585 (class 1259 OID 448104)
-- Name: payload_jobs_created_at_idx; Type: INDEX; Schema: public; Owner: postgres
--

CREATE INDEX payload_jobs_created_at_idx ON public.payload_jobs USING btree (created_at);


--
-- TOC entry 4586 (class 1259 OID 448098)
-- Name: payload_jobs_has_error_idx; Type: INDEX; Schema: public; Owner: postgres
--

CREATE INDEX payload_jobs_has_error_idx ON public.payload_jobs USING btree (has_error);


--
-- TOC entry 4580 (class 1259 OID 448094)
-- Name: payload_jobs_log_order_idx; Type: INDEX; Schema: public; Owner: postgres
--

CREATE INDEX payload_jobs_log_order_idx ON public.payload_jobs_log USING btree (_order);


--
-- TOC entry 4581 (class 1259 OID 448095)
-- Name: payload_jobs_log_parent_id_idx; Type: INDEX; Schema: public; Owner: postgres
--

CREATE INDEX payload_jobs_log_parent_id_idx ON public.payload_jobs_log USING btree (_parent_id);


--
-- TOC entry 4589 (class 1259 OID 448102)
-- Name: payload_jobs_processing_idx; Type: INDEX; Schema: public; Owner: postgres
--

CREATE INDEX payload_jobs_processing_idx ON public.payload_jobs USING btree (processing);


--
-- TOC entry 4590 (class 1259 OID 448100)
-- Name: payload_jobs_queue_idx; Type: INDEX; Schema: public; Owner: postgres
--

CREATE INDEX payload_jobs_queue_idx ON public.payload_jobs USING btree (queue);


--
-- TOC entry 4591 (class 1259 OID 448099)
-- Name: payload_jobs_task_slug_idx; Type: INDEX; Schema: public; Owner: postgres
--

CREATE INDEX payload_jobs_task_slug_idx ON public.payload_jobs USING btree (task_slug);


--
-- TOC entry 4592 (class 1259 OID 448097)
-- Name: payload_jobs_total_tried_idx; Type: INDEX; Schema: public; Owner: postgres
--

CREATE INDEX payload_jobs_total_tried_idx ON public.payload_jobs USING btree (total_tried);


--
-- TOC entry 4593 (class 1259 OID 448103)
-- Name: payload_jobs_updated_at_idx; Type: INDEX; Schema: public; Owner: postgres
--

CREATE INDEX payload_jobs_updated_at_idx ON public.payload_jobs USING btree (updated_at);


--
-- TOC entry 4594 (class 1259 OID 448101)
-- Name: payload_jobs_wait_until_idx; Type: INDEX; Schema: public; Owner: postgres
--

CREATE INDEX payload_jobs_wait_until_idx ON public.payload_jobs USING btree (wait_until);


--
-- TOC entry 4696 (class 1259 OID 503876)
-- Name: payload_kv_key_idx; Type: INDEX; Schema: public; Owner: postgres
--

CREATE UNIQUE INDEX payload_kv_key_idx ON public.payload_kv USING btree (key);


--
-- TOC entry 4459 (class 1259 OID 447457)
-- Name: payload_locked_documents_created_at_idx; Type: INDEX; Schema: public; Owner: postgres
--

CREATE INDEX payload_locked_documents_created_at_idx ON public.payload_locked_documents USING btree (created_at);


--
-- TOC entry 4460 (class 1259 OID 447455)
-- Name: payload_locked_documents_global_slug_idx; Type: INDEX; Schema: public; Owner: postgres
--

CREATE INDEX payload_locked_documents_global_slug_idx ON public.payload_locked_documents USING btree (global_slug);


--
-- TOC entry 4464 (class 1259 OID 448123)
-- Name: payload_locked_documents_rels_categories_id_idx; Type: INDEX; Schema: public; Owner: postgres
--

CREATE INDEX payload_locked_documents_rels_categories_id_idx ON public.payload_locked_documents_rels USING btree (categories_id);


--
-- TOC entry 4465 (class 1259 OID 485580)
-- Name: payload_locked_documents_rels_documents_id_idx; Type: INDEX; Schema: public; Owner: postgres
--

CREATE INDEX payload_locked_documents_rels_documents_id_idx ON public.payload_locked_documents_rels USING btree (documents_id);


--
-- TOC entry 4466 (class 1259 OID 447467)
-- Name: payload_locked_documents_rels_form_submissions_id_idx; Type: INDEX; Schema: public; Owner: postgres
--

CREATE INDEX payload_locked_documents_rels_form_submissions_id_idx ON public.payload_locked_documents_rels USING btree (form_submissions_id);


--
-- TOC entry 4467 (class 1259 OID 447466)
-- Name: payload_locked_documents_rels_forms_id_idx; Type: INDEX; Schema: public; Owner: postgres
--

CREATE INDEX payload_locked_documents_rels_forms_id_idx ON public.payload_locked_documents_rels USING btree (forms_id);


--
-- TOC entry 4468 (class 1259 OID 447462)
-- Name: payload_locked_documents_rels_media_id_idx; Type: INDEX; Schema: public; Owner: postgres
--

CREATE INDEX payload_locked_documents_rels_media_id_idx ON public.payload_locked_documents_rels USING btree (media_id);


--
-- TOC entry 4469 (class 1259 OID 447458)
-- Name: payload_locked_documents_rels_order_idx; Type: INDEX; Schema: public; Owner: postgres
--

CREATE INDEX payload_locked_documents_rels_order_idx ON public.payload_locked_documents_rels USING btree ("order");


--
-- TOC entry 4470 (class 1259 OID 447464)
-- Name: payload_locked_documents_rels_pages_id_idx; Type: INDEX; Schema: public; Owner: postgres
--

CREATE INDEX payload_locked_documents_rels_pages_id_idx ON public.payload_locked_documents_rels USING btree (pages_id);


--
-- TOC entry 4471 (class 1259 OID 447459)
-- Name: payload_locked_documents_rels_parent_idx; Type: INDEX; Schema: public; Owner: postgres
--

CREATE INDEX payload_locked_documents_rels_parent_idx ON public.payload_locked_documents_rels USING btree (parent_id);


--
-- TOC entry 4472 (class 1259 OID 447460)
-- Name: payload_locked_documents_rels_path_idx; Type: INDEX; Schema: public; Owner: postgres
--

CREATE INDEX payload_locked_documents_rels_path_idx ON public.payload_locked_documents_rels USING btree (path);


--
-- TOC entry 4475 (class 1259 OID 447463)
-- Name: payload_locked_documents_rels_posts_id_idx; Type: INDEX; Schema: public; Owner: postgres
--

CREATE INDEX payload_locked_documents_rels_posts_id_idx ON public.payload_locked_documents_rels USING btree (posts_id);


--
-- TOC entry 4476 (class 1259 OID 513553)
-- Name: payload_locked_documents_rels_services_id_idx; Type: INDEX; Schema: public; Owner: postgres
--

CREATE INDEX payload_locked_documents_rels_services_id_idx ON public.payload_locked_documents_rels USING btree (services_id);


--
-- TOC entry 4477 (class 1259 OID 448339)
-- Name: payload_locked_documents_rels_tags_id_idx; Type: INDEX; Schema: public; Owner: postgres
--

CREATE INDEX payload_locked_documents_rels_tags_id_idx ON public.payload_locked_documents_rels USING btree (tags_id);


--
-- TOC entry 4478 (class 1259 OID 447461)
-- Name: payload_locked_documents_rels_users_id_idx; Type: INDEX; Schema: public; Owner: postgres
--

CREATE INDEX payload_locked_documents_rels_users_id_idx ON public.payload_locked_documents_rels USING btree (users_id);


--
-- TOC entry 4479 (class 1259 OID 485989)
-- Name: payload_locked_documents_rels_videos_id_idx; Type: INDEX; Schema: public; Owner: postgres
--

CREATE INDEX payload_locked_documents_rels_videos_id_idx ON public.payload_locked_documents_rels USING btree (videos_id);


--
-- TOC entry 4463 (class 1259 OID 447456)
-- Name: payload_locked_documents_updated_at_idx; Type: INDEX; Schema: public; Owner: postgres
--

CREATE INDEX payload_locked_documents_updated_at_idx ON public.payload_locked_documents USING btree (updated_at);


--
-- TOC entry 4491 (class 1259 OID 447476)
-- Name: payload_migrations_created_at_idx; Type: INDEX; Schema: public; Owner: postgres
--

CREATE INDEX payload_migrations_created_at_idx ON public.payload_migrations USING btree (created_at);


--
-- TOC entry 4494 (class 1259 OID 447475)
-- Name: payload_migrations_updated_at_idx; Type: INDEX; Schema: public; Owner: postgres
--

CREATE INDEX payload_migrations_updated_at_idx ON public.payload_migrations USING btree (updated_at);


--
-- TOC entry 4480 (class 1259 OID 447470)
-- Name: payload_preferences_created_at_idx; Type: INDEX; Schema: public; Owner: postgres
--

CREATE INDEX payload_preferences_created_at_idx ON public.payload_preferences USING btree (created_at);


--
-- TOC entry 4481 (class 1259 OID 447468)
-- Name: payload_preferences_key_idx; Type: INDEX; Schema: public; Owner: postgres
--

CREATE INDEX payload_preferences_key_idx ON public.payload_preferences USING btree (key);


--
-- TOC entry 4485 (class 1259 OID 447471)
-- Name: payload_preferences_rels_order_idx; Type: INDEX; Schema: public; Owner: postgres
--

CREATE INDEX payload_preferences_rels_order_idx ON public.payload_preferences_rels USING btree ("order");


--
-- TOC entry 4486 (class 1259 OID 447472)
-- Name: payload_preferences_rels_parent_idx; Type: INDEX; Schema: public; Owner: postgres
--

CREATE INDEX payload_preferences_rels_parent_idx ON public.payload_preferences_rels USING btree (parent_id);


--
-- TOC entry 4487 (class 1259 OID 447473)
-- Name: payload_preferences_rels_path_idx; Type: INDEX; Schema: public; Owner: postgres
--

CREATE INDEX payload_preferences_rels_path_idx ON public.payload_preferences_rels USING btree (path);


--
-- TOC entry 4490 (class 1259 OID 447474)
-- Name: payload_preferences_rels_users_id_idx; Type: INDEX; Schema: public; Owner: postgres
--

CREATE INDEX payload_preferences_rels_users_id_idx ON public.payload_preferences_rels USING btree (users_id);


--
-- TOC entry 4484 (class 1259 OID 447469)
-- Name: payload_preferences_updated_at_idx; Type: INDEX; Schema: public; Owner: postgres
--

CREATE INDEX payload_preferences_updated_at_idx ON public.payload_preferences USING btree (updated_at);


--
-- TOC entry 4189 (class 1259 OID 448122)
-- Name: posts__status_idx; Type: INDEX; Schema: public; Owner: postgres
--

CREATE INDEX posts__status_idx ON public.posts USING btree (_status);


--
-- TOC entry 4190 (class 1259 OID 447282)
-- Name: posts_created_at_idx; Type: INDEX; Schema: public; Owner: postgres
--

CREATE INDEX posts_created_at_idx ON public.posts USING btree (created_at);


--
-- TOC entry 4191 (class 1259 OID 447280)
-- Name: posts_hero_image_idx; Type: INDEX; Schema: public; Owner: postgres
--

CREATE INDEX posts_hero_image_idx ON public.posts USING btree (hero_image_id);


--
-- TOC entry 4192 (class 1259 OID 448120)
-- Name: posts_meta_meta_image_idx; Type: INDEX; Schema: public; Owner: postgres
--

CREATE INDEX posts_meta_meta_image_idx ON public.posts USING btree (meta_image_id);


--
-- TOC entry 4541 (class 1259 OID 448067)
-- Name: posts_populated_authors_order_idx; Type: INDEX; Schema: public; Owner: postgres
--

CREATE INDEX posts_populated_authors_order_idx ON public.posts_populated_authors USING btree (_order);


--
-- TOC entry 4542 (class 1259 OID 448068)
-- Name: posts_populated_authors_parent_id_idx; Type: INDEX; Schema: public; Owner: postgres
--

CREATE INDEX posts_populated_authors_parent_id_idx ON public.posts_populated_authors USING btree (_parent_id);


--
-- TOC entry 4545 (class 1259 OID 448073)
-- Name: posts_rels_categories_id_idx; Type: INDEX; Schema: public; Owner: postgres
--

CREATE INDEX posts_rels_categories_id_idx ON public.posts_rels USING btree (categories_id);


--
-- TOC entry 4546 (class 1259 OID 448069)
-- Name: posts_rels_order_idx; Type: INDEX; Schema: public; Owner: postgres
--

CREATE INDEX posts_rels_order_idx ON public.posts_rels USING btree ("order");


--
-- TOC entry 4547 (class 1259 OID 448070)
-- Name: posts_rels_parent_idx; Type: INDEX; Schema: public; Owner: postgres
--

CREATE INDEX posts_rels_parent_idx ON public.posts_rels USING btree (parent_id);


--
-- TOC entry 4548 (class 1259 OID 448071)
-- Name: posts_rels_path_idx; Type: INDEX; Schema: public; Owner: postgres
--

CREATE INDEX posts_rels_path_idx ON public.posts_rels USING btree (path);


--
-- TOC entry 4551 (class 1259 OID 448072)
-- Name: posts_rels_posts_id_idx; Type: INDEX; Schema: public; Owner: postgres
--

CREATE INDEX posts_rels_posts_id_idx ON public.posts_rels USING btree (posts_id);


--
-- TOC entry 4552 (class 1259 OID 448365)
-- Name: posts_rels_tags_id_idx; Type: INDEX; Schema: public; Owner: postgres
--

CREATE INDEX posts_rels_tags_id_idx ON public.posts_rels USING btree (tags_id);


--
-- TOC entry 4553 (class 1259 OID 448074)
-- Name: posts_rels_users_id_idx; Type: INDEX; Schema: public; Owner: postgres
--

CREATE INDEX posts_rels_users_id_idx ON public.posts_rels USING btree (users_id);


--
-- TOC entry 4195 (class 1259 OID 448121)
-- Name: posts_slug_idx; Type: INDEX; Schema: public; Owner: postgres
--

CREATE INDEX posts_slug_idx ON public.posts USING btree (slug);


--
-- TOC entry 4196 (class 1259 OID 447281)
-- Name: posts_updated_at_idx; Type: INDEX; Schema: public; Owner: postgres
--

CREATE INDEX posts_updated_at_idx ON public.posts USING btree (updated_at);


--
-- TOC entry 4712 (class 1259 OID 513489)
-- Name: services__status_idx; Type: INDEX; Schema: public; Owner: postgres
--

CREATE INDEX services__status_idx ON public.services USING btree (_status);


--
-- TOC entry 4703 (class 1259 OID 513479)
-- Name: services_blocks_service_accordions_order_idx; Type: INDEX; Schema: public; Owner: postgres
--

CREATE INDEX services_blocks_service_accordions_order_idx ON public.services_blocks_service_accordions USING btree (_order);


--
-- TOC entry 4704 (class 1259 OID 513480)
-- Name: services_blocks_service_accordions_parent_id_idx; Type: INDEX; Schema: public; Owner: postgres
--

CREATE INDEX services_blocks_service_accordions_parent_id_idx ON public.services_blocks_service_accordions USING btree (_parent_id);


--
-- TOC entry 4707 (class 1259 OID 513481)
-- Name: services_blocks_service_order_idx; Type: INDEX; Schema: public; Owner: postgres
--

CREATE INDEX services_blocks_service_order_idx ON public.services_blocks_service USING btree (_order);


--
-- TOC entry 4708 (class 1259 OID 513482)
-- Name: services_blocks_service_parent_id_idx; Type: INDEX; Schema: public; Owner: postgres
--

CREATE INDEX services_blocks_service_parent_id_idx ON public.services_blocks_service USING btree (_parent_id);


--
-- TOC entry 4709 (class 1259 OID 513483)
-- Name: services_blocks_service_path_idx; Type: INDEX; Schema: public; Owner: postgres
--

CREATE INDEX services_blocks_service_path_idx ON public.services_blocks_service USING btree (_path);


--
-- TOC entry 4713 (class 1259 OID 513488)
-- Name: services_created_at_idx; Type: INDEX; Schema: public; Owner: postgres
--

CREATE INDEX services_created_at_idx ON public.services USING btree (created_at);


--
-- TOC entry 4714 (class 1259 OID 513484)
-- Name: services_hero_hero_media_idx; Type: INDEX; Schema: public; Owner: postgres
--

CREATE INDEX services_hero_hero_media_idx ON public.services USING btree (hero_media_id);


--
-- TOC entry 4699 (class 1259 OID 513477)
-- Name: services_hero_links_order_idx; Type: INDEX; Schema: public; Owner: postgres
--

CREATE INDEX services_hero_links_order_idx ON public.services_hero_links USING btree (_order);


--
-- TOC entry 4700 (class 1259 OID 513478)
-- Name: services_hero_links_parent_id_idx; Type: INDEX; Schema: public; Owner: postgres
--

CREATE INDEX services_hero_links_parent_id_idx ON public.services_hero_links USING btree (_parent_id);


--
-- TOC entry 4715 (class 1259 OID 513485)
-- Name: services_meta_meta_image_idx; Type: INDEX; Schema: public; Owner: postgres
--

CREATE INDEX services_meta_meta_image_idx ON public.services USING btree (meta_image_id);


--
-- TOC entry 4720 (class 1259 OID 513490)
-- Name: services_rels_order_idx; Type: INDEX; Schema: public; Owner: postgres
--

CREATE INDEX services_rels_order_idx ON public.services_rels USING btree ("order");


--
-- TOC entry 4721 (class 1259 OID 513493)
-- Name: services_rels_pages_id_idx; Type: INDEX; Schema: public; Owner: postgres
--

CREATE INDEX services_rels_pages_id_idx ON public.services_rels USING btree (pages_id);


--
-- TOC entry 4722 (class 1259 OID 513491)
-- Name: services_rels_parent_idx; Type: INDEX; Schema: public; Owner: postgres
--

CREATE INDEX services_rels_parent_idx ON public.services_rels USING btree (parent_id);


--
-- TOC entry 4723 (class 1259 OID 513492)
-- Name: services_rels_path_idx; Type: INDEX; Schema: public; Owner: postgres
--

CREATE INDEX services_rels_path_idx ON public.services_rels USING btree (path);


--
-- TOC entry 4726 (class 1259 OID 513494)
-- Name: services_rels_posts_id_idx; Type: INDEX; Schema: public; Owner: postgres
--

CREATE INDEX services_rels_posts_id_idx ON public.services_rels USING btree (posts_id);


--
-- TOC entry 4727 (class 1259 OID 513495)
-- Name: services_rels_services_id_idx; Type: INDEX; Schema: public; Owner: postgres
--

CREATE INDEX services_rels_services_id_idx ON public.services_rels USING btree (services_id);


--
-- TOC entry 4718 (class 1259 OID 513486)
-- Name: services_slug_idx; Type: INDEX; Schema: public; Owner: postgres
--

CREATE INDEX services_slug_idx ON public.services USING btree (slug);


--
-- TOC entry 4719 (class 1259 OID 513487)
-- Name: services_updated_at_idx; Type: INDEX; Schema: public; Owner: postgres
--

CREATE INDEX services_updated_at_idx ON public.services USING btree (updated_at);


--
-- TOC entry 4595 (class 1259 OID 448333)
-- Name: tags_created_at_idx; Type: INDEX; Schema: public; Owner: postgres
--

CREATE INDEX tags_created_at_idx ON public.tags USING btree (created_at);


--
-- TOC entry 4598 (class 1259 OID 448331)
-- Name: tags_slug_idx; Type: INDEX; Schema: public; Owner: postgres
--

CREATE INDEX tags_slug_idx ON public.tags USING btree (slug);


--
-- TOC entry 4599 (class 1259 OID 448332)
-- Name: tags_updated_at_idx; Type: INDEX; Schema: public; Owner: postgres
--

CREATE INDEX tags_updated_at_idx ON public.tags USING btree (updated_at);


--
-- TOC entry 4178 (class 1259 OID 474003)
-- Name: users_avatar_idx; Type: INDEX; Schema: public; Owner: postgres
--

CREATE INDEX users_avatar_idx ON public.users USING btree (avatar_id);


--
-- TOC entry 4179 (class 1259 OID 447275)
-- Name: users_created_at_idx; Type: INDEX; Schema: public; Owner: postgres
--

CREATE INDEX users_created_at_idx ON public.users USING btree (created_at);


--
-- TOC entry 4180 (class 1259 OID 447276)
-- Name: users_email_idx; Type: INDEX; Schema: public; Owner: postgres
--

CREATE UNIQUE INDEX users_email_idx ON public.users USING btree (email);


--
-- TOC entry 4632 (class 1259 OID 473996)
-- Name: users_roles_order_idx; Type: INDEX; Schema: public; Owner: postgres
--

CREATE INDEX users_roles_order_idx ON public.users_roles USING btree ("order");


--
-- TOC entry 4633 (class 1259 OID 473997)
-- Name: users_roles_parent_idx; Type: INDEX; Schema: public; Owner: postgres
--

CREATE INDEX users_roles_parent_idx ON public.users_roles USING btree (parent_id);


--
-- TOC entry 4174 (class 1259 OID 447272)
-- Name: users_sessions_order_idx; Type: INDEX; Schema: public; Owner: postgres
--

CREATE INDEX users_sessions_order_idx ON public.users_sessions USING btree (_order);


--
-- TOC entry 4175 (class 1259 OID 447273)
-- Name: users_sessions_parent_id_idx; Type: INDEX; Schema: public; Owner: postgres
--

CREATE INDEX users_sessions_parent_id_idx ON public.users_sessions USING btree (_parent_id);


--
-- TOC entry 4183 (class 1259 OID 447274)
-- Name: users_updated_at_idx; Type: INDEX; Schema: public; Owner: postgres
--

CREATE INDEX users_updated_at_idx ON public.users USING btree (updated_at);


--
-- TOC entry 4681 (class 1259 OID 485977)
-- Name: videos_created_at_idx; Type: INDEX; Schema: public; Owner: postgres
--

CREATE INDEX videos_created_at_idx ON public.videos USING btree (created_at);


--
-- TOC entry 4682 (class 1259 OID 485978)
-- Name: videos_filename_idx; Type: INDEX; Schema: public; Owner: postgres
--

CREATE UNIQUE INDEX videos_filename_idx ON public.videos USING btree (filename);


--
-- TOC entry 4685 (class 1259 OID 485976)
-- Name: videos_updated_at_idx; Type: INDEX; Schema: public; Owner: postgres
--

CREATE INDEX videos_updated_at_idx ON public.videos USING btree (updated_at);


--
-- TOC entry 4819 (class 2606 OID 447067)
-- Name: _pages_v_blocks_box_content_boxes _pages_v_blocks_box_content_boxes_media_id_media_id_fk; Type: FK CONSTRAINT; Schema: public; Owner: postgres
--

ALTER TABLE ONLY public._pages_v_blocks_box_content_boxes
    ADD CONSTRAINT _pages_v_blocks_box_content_boxes_media_id_media_id_fk FOREIGN KEY (media_id) REFERENCES public.media(id) ON DELETE SET NULL;


--
-- TOC entry 4820 (class 2606 OID 447072)
-- Name: _pages_v_blocks_box_content_boxes _pages_v_blocks_box_content_boxes_parent_id_fk; Type: FK CONSTRAINT; Schema: public; Owner: postgres
--

ALTER TABLE ONLY public._pages_v_blocks_box_content_boxes
    ADD CONSTRAINT _pages_v_blocks_box_content_boxes_parent_id_fk FOREIGN KEY (_parent_id) REFERENCES public._pages_v_blocks_box_content(id) ON DELETE CASCADE;


--
-- TOC entry 4821 (class 2606 OID 447077)
-- Name: _pages_v_blocks_box_content _pages_v_blocks_box_content_parent_id_fk; Type: FK CONSTRAINT; Schema: public; Owner: postgres
--

ALTER TABLE ONLY public._pages_v_blocks_box_content
    ADD CONSTRAINT _pages_v_blocks_box_content_parent_id_fk FOREIGN KEY (_parent_id) REFERENCES public._pages_v(id) ON DELETE CASCADE;


--
-- TOC entry 4801 (class 2606 OID 446967)
-- Name: _pages_v_blocks_content _pages_v_blocks_content_image_id_media_id_fk; Type: FK CONSTRAINT; Schema: public; Owner: postgres
--

ALTER TABLE ONLY public._pages_v_blocks_content
    ADD CONSTRAINT _pages_v_blocks_content_image_id_media_id_fk FOREIGN KEY (image_id) REFERENCES public.media(id) ON DELETE SET NULL;


--
-- TOC entry 4802 (class 2606 OID 446972)
-- Name: _pages_v_blocks_content _pages_v_blocks_content_parent_id_fk; Type: FK CONSTRAINT; Schema: public; Owner: postgres
--

ALTER TABLE ONLY public._pages_v_blocks_content
    ADD CONSTRAINT _pages_v_blocks_content_parent_id_fk FOREIGN KEY (_parent_id) REFERENCES public._pages_v(id) ON DELETE CASCADE;


--
-- TOC entry 4798 (class 2606 OID 446952)
-- Name: _pages_v_blocks_cta_links _pages_v_blocks_cta_links_parent_id_fk; Type: FK CONSTRAINT; Schema: public; Owner: postgres
--

ALTER TABLE ONLY public._pages_v_blocks_cta_links
    ADD CONSTRAINT _pages_v_blocks_cta_links_parent_id_fk FOREIGN KEY (_parent_id) REFERENCES public._pages_v_blocks_cta(id) ON DELETE CASCADE;


--
-- TOC entry 4799 (class 2606 OID 446957)
-- Name: _pages_v_blocks_cta _pages_v_blocks_cta_media_id_media_id_fk; Type: FK CONSTRAINT; Schema: public; Owner: postgres
--

ALTER TABLE ONLY public._pages_v_blocks_cta
    ADD CONSTRAINT _pages_v_blocks_cta_media_id_media_id_fk FOREIGN KEY (media_id) REFERENCES public.media(id) ON DELETE SET NULL;


--
-- TOC entry 4800 (class 2606 OID 446962)
-- Name: _pages_v_blocks_cta _pages_v_blocks_cta_parent_id_fk; Type: FK CONSTRAINT; Schema: public; Owner: postgres
--

ALTER TABLE ONLY public._pages_v_blocks_cta
    ADD CONSTRAINT _pages_v_blocks_cta_parent_id_fk FOREIGN KEY (_parent_id) REFERENCES public._pages_v(id) ON DELETE CASCADE;


--
-- TOC entry 4807 (class 2606 OID 447007)
-- Name: _pages_v_blocks_form_block _pages_v_blocks_form_block_form_id_forms_id_fk; Type: FK CONSTRAINT; Schema: public; Owner: postgres
--

ALTER TABLE ONLY public._pages_v_blocks_form_block
    ADD CONSTRAINT _pages_v_blocks_form_block_form_id_forms_id_fk FOREIGN KEY (form_id) REFERENCES public.forms(id) ON DELETE SET NULL;


--
-- TOC entry 4808 (class 2606 OID 447012)
-- Name: _pages_v_blocks_form_block _pages_v_blocks_form_block_parent_id_fk; Type: FK CONSTRAINT; Schema: public; Owner: postgres
--

ALTER TABLE ONLY public._pages_v_blocks_form_block
    ADD CONSTRAINT _pages_v_blocks_form_block_parent_id_fk FOREIGN KEY (_parent_id) REFERENCES public._pages_v(id) ON DELETE CASCADE;


--
-- TOC entry 4892 (class 2606 OID 473961)
-- Name: _pages_v_blocks_frequently_questions_block _pages_v_blocks_frequently_questions_block_image_id_media_id_fk; Type: FK CONSTRAINT; Schema: public; Owner: postgres
--

ALTER TABLE ONLY public._pages_v_blocks_frequently_questions_block
    ADD CONSTRAINT _pages_v_blocks_frequently_questions_block_image_id_media_id_fk FOREIGN KEY (image_id) REFERENCES public.media(id) ON DELETE SET NULL;


--
-- TOC entry 4893 (class 2606 OID 473966)
-- Name: _pages_v_blocks_frequently_questions_block _pages_v_blocks_frequently_questions_block_parent_id_fk; Type: FK CONSTRAINT; Schema: public; Owner: postgres
--

ALTER TABLE ONLY public._pages_v_blocks_frequently_questions_block
    ADD CONSTRAINT _pages_v_blocks_frequently_questions_block_parent_id_fk FOREIGN KEY (_parent_id) REFERENCES public._pages_v(id) ON DELETE CASCADE;


--
-- TOC entry 4891 (class 2606 OID 521842)
-- Name: _pages_v_blocks_frequently_questions_block_questions _pages_v_blocks_frequently_questions_block_questions_parent_id_; Type: FK CONSTRAINT; Schema: public; Owner: postgres
--

ALTER TABLE ONLY public._pages_v_blocks_frequently_questions_block_questions
    ADD CONSTRAINT _pages_v_blocks_frequently_questions_block_questions_parent_id_ FOREIGN KEY (_parent_id) REFERENCES public._pages_v_blocks_frequently_questions_block(id) ON DELETE CASCADE;


--
-- TOC entry 4907 (class 2606 OID 487134)
-- Name: _pages_v_blocks_list_content_blocks _pages_v_blocks_list_content_blocks_media_id_media_id_fk; Type: FK CONSTRAINT; Schema: public; Owner: postgres
--

ALTER TABLE ONLY public._pages_v_blocks_list_content_blocks
    ADD CONSTRAINT _pages_v_blocks_list_content_blocks_media_id_media_id_fk FOREIGN KEY (media_id) REFERENCES public.media(id) ON DELETE SET NULL;


--
-- TOC entry 4908 (class 2606 OID 487139)
-- Name: _pages_v_blocks_list_content_blocks _pages_v_blocks_list_content_blocks_parent_id_fk; Type: FK CONSTRAINT; Schema: public; Owner: postgres
--

ALTER TABLE ONLY public._pages_v_blocks_list_content_blocks
    ADD CONSTRAINT _pages_v_blocks_list_content_blocks_parent_id_fk FOREIGN KEY (_parent_id) REFERENCES public._pages_v_blocks_list_content(id) ON DELETE CASCADE;


--
-- TOC entry 4805 (class 2606 OID 446997)
-- Name: _pages_v_blocks_list_content _pages_v_blocks_list_content_field_image_id_media_id_fk; Type: FK CONSTRAINT; Schema: public; Owner: postgres
--

ALTER TABLE ONLY public._pages_v_blocks_list_content
    ADD CONSTRAINT _pages_v_blocks_list_content_field_image_id_media_id_fk FOREIGN KEY (field_image_id) REFERENCES public.media(id) ON DELETE SET NULL;


--
-- TOC entry 4806 (class 2606 OID 447002)
-- Name: _pages_v_blocks_list_content _pages_v_blocks_list_content_parent_id_fk; Type: FK CONSTRAINT; Schema: public; Owner: postgres
--

ALTER TABLE ONLY public._pages_v_blocks_list_content
    ADD CONSTRAINT _pages_v_blocks_list_content_parent_id_fk FOREIGN KEY (_parent_id) REFERENCES public._pages_v(id) ON DELETE CASCADE;


--
-- TOC entry 4803 (class 2606 OID 446977)
-- Name: _pages_v_blocks_media_block _pages_v_blocks_media_block_media_id_media_id_fk; Type: FK CONSTRAINT; Schema: public; Owner: postgres
--

ALTER TABLE ONLY public._pages_v_blocks_media_block
    ADD CONSTRAINT _pages_v_blocks_media_block_media_id_media_id_fk FOREIGN KEY (media_id) REFERENCES public.media(id) ON DELETE SET NULL;


--
-- TOC entry 4804 (class 2606 OID 446982)
-- Name: _pages_v_blocks_media_block _pages_v_blocks_media_block_parent_id_fk; Type: FK CONSTRAINT; Schema: public; Owner: postgres
--

ALTER TABLE ONLY public._pages_v_blocks_media_block
    ADD CONSTRAINT _pages_v_blocks_media_block_parent_id_fk FOREIGN KEY (_parent_id) REFERENCES public._pages_v(id) ON DELETE CASCADE;


--
-- TOC entry 4890 (class 2606 OID 473951)
-- Name: _pages_v_blocks_post_carousel_block _pages_v_blocks_post_carousel_block_parent_id_fk; Type: FK CONSTRAINT; Schema: public; Owner: postgres
--

ALTER TABLE ONLY public._pages_v_blocks_post_carousel_block
    ADD CONSTRAINT _pages_v_blocks_post_carousel_block_parent_id_fk FOREIGN KEY (_parent_id) REFERENCES public._pages_v(id) ON DELETE CASCADE;


--
-- TOC entry 4817 (class 2606 OID 447057)
-- Name: _pages_v_blocks_quote_block _pages_v_blocks_quote_block_image_id_media_id_fk; Type: FK CONSTRAINT; Schema: public; Owner: postgres
--

ALTER TABLE ONLY public._pages_v_blocks_quote_block
    ADD CONSTRAINT _pages_v_blocks_quote_block_image_id_media_id_fk FOREIGN KEY (image_id) REFERENCES public.media(id) ON DELETE SET NULL;


--
-- TOC entry 4816 (class 2606 OID 447052)
-- Name: _pages_v_blocks_quote_block_links _pages_v_blocks_quote_block_links_parent_id_fk; Type: FK CONSTRAINT; Schema: public; Owner: postgres
--

ALTER TABLE ONLY public._pages_v_blocks_quote_block_links
    ADD CONSTRAINT _pages_v_blocks_quote_block_links_parent_id_fk FOREIGN KEY (_parent_id) REFERENCES public._pages_v_blocks_quote_block(id) ON DELETE CASCADE;


--
-- TOC entry 4818 (class 2606 OID 447062)
-- Name: _pages_v_blocks_quote_block _pages_v_blocks_quote_block_parent_id_fk; Type: FK CONSTRAINT; Schema: public; Owner: postgres
--

ALTER TABLE ONLY public._pages_v_blocks_quote_block
    ADD CONSTRAINT _pages_v_blocks_quote_block_parent_id_fk FOREIGN KEY (_parent_id) REFERENCES public._pages_v(id) ON DELETE CASCADE;


--
-- TOC entry 4904 (class 2606 OID 484608)
-- Name: _pages_v_blocks_service_accordions _pages_v_blocks_service_accordions_parent_id_fk; Type: FK CONSTRAINT; Schema: public; Owner: postgres
--

ALTER TABLE ONLY public._pages_v_blocks_service_accordions
    ADD CONSTRAINT _pages_v_blocks_service_accordions_parent_id_fk FOREIGN KEY (_parent_id) REFERENCES public._pages_v_blocks_service(id) ON DELETE CASCADE;


--
-- TOC entry 4898 (class 2606 OID 474995)
-- Name: _pages_v_blocks_service_list_block_blocks _pages_v_blocks_service_list_block_blocks_media_id_media_id_fk; Type: FK CONSTRAINT; Schema: public; Owner: postgres
--

ALTER TABLE ONLY public._pages_v_blocks_service_list_block_blocks
    ADD CONSTRAINT _pages_v_blocks_service_list_block_blocks_media_id_media_id_fk FOREIGN KEY (media_id) REFERENCES public.media(id) ON DELETE SET NULL;


--
-- TOC entry 4899 (class 2606 OID 475000)
-- Name: _pages_v_blocks_service_list_block_blocks _pages_v_blocks_service_list_block_blocks_parent_id_fk; Type: FK CONSTRAINT; Schema: public; Owner: postgres
--

ALTER TABLE ONLY public._pages_v_blocks_service_list_block_blocks
    ADD CONSTRAINT _pages_v_blocks_service_list_block_blocks_parent_id_fk FOREIGN KEY (_parent_id) REFERENCES public._pages_v_blocks_service_list_block(id) ON DELETE CASCADE;


--
-- TOC entry 4900 (class 2606 OID 475005)
-- Name: _pages_v_blocks_service_list_block _pages_v_blocks_service_list_block_parent_id_fk; Type: FK CONSTRAINT; Schema: public; Owner: postgres
--

ALTER TABLE ONLY public._pages_v_blocks_service_list_block
    ADD CONSTRAINT _pages_v_blocks_service_list_block_parent_id_fk FOREIGN KEY (_parent_id) REFERENCES public._pages_v(id) ON DELETE CASCADE;


--
-- TOC entry 4902 (class 2606 OID 475621)
-- Name: _pages_v_blocks_service _pages_v_blocks_service_parent_id_fk; Type: FK CONSTRAINT; Schema: public; Owner: postgres
--

ALTER TABLE ONLY public._pages_v_blocks_service
    ADD CONSTRAINT _pages_v_blocks_service_parent_id_fk FOREIGN KEY (_parent_id) REFERENCES public._pages_v(id) ON DELETE CASCADE;


--
-- TOC entry 4812 (class 2606 OID 447032)
-- Name: _pages_v_blocks_simple_list_content_blocks _pages_v_blocks_simple_list_content_blocks_media_id_media_id_fk; Type: FK CONSTRAINT; Schema: public; Owner: postgres
--

ALTER TABLE ONLY public._pages_v_blocks_simple_list_content_blocks
    ADD CONSTRAINT _pages_v_blocks_simple_list_content_blocks_media_id_media_id_fk FOREIGN KEY (media_id) REFERENCES public.media(id) ON DELETE SET NULL;


--
-- TOC entry 4813 (class 2606 OID 447037)
-- Name: _pages_v_blocks_simple_list_content_blocks _pages_v_blocks_simple_list_content_blocks_parent_id_fk; Type: FK CONSTRAINT; Schema: public; Owner: postgres
--

ALTER TABLE ONLY public._pages_v_blocks_simple_list_content_blocks
    ADD CONSTRAINT _pages_v_blocks_simple_list_content_blocks_parent_id_fk FOREIGN KEY (_parent_id) REFERENCES public._pages_v_blocks_simple_list_content(id) ON DELETE CASCADE;


--
-- TOC entry 4814 (class 2606 OID 486745)
-- Name: _pages_v_blocks_simple_list_content _pages_v_blocks_simple_list_content_image_id_media_id_fk; Type: FK CONSTRAINT; Schema: public; Owner: postgres
--

ALTER TABLE ONLY public._pages_v_blocks_simple_list_content
    ADD CONSTRAINT _pages_v_blocks_simple_list_content_image_id_media_id_fk FOREIGN KEY (image_id) REFERENCES public.media(id) ON DELETE SET NULL;


--
-- TOC entry 4815 (class 2606 OID 447047)
-- Name: _pages_v_blocks_simple_list_content _pages_v_blocks_simple_list_content_parent_id_fk; Type: FK CONSTRAINT; Schema: public; Owner: postgres
--

ALTER TABLE ONLY public._pages_v_blocks_simple_list_content
    ADD CONSTRAINT _pages_v_blocks_simple_list_content_parent_id_fk FOREIGN KEY (_parent_id) REFERENCES public._pages_v(id) ON DELETE CASCADE;


--
-- TOC entry 4811 (class 2606 OID 447027)
-- Name: _pages_v_blocks_social _pages_v_blocks_social_parent_id_fk; Type: FK CONSTRAINT; Schema: public; Owner: postgres
--

ALTER TABLE ONLY public._pages_v_blocks_social
    ADD CONSTRAINT _pages_v_blocks_social_parent_id_fk FOREIGN KEY (_parent_id) REFERENCES public._pages_v(id) ON DELETE CASCADE;


--
-- TOC entry 4809 (class 2606 OID 447017)
-- Name: _pages_v_blocks_social_rrss _pages_v_blocks_social_rrss_icon_id_media_id_fk; Type: FK CONSTRAINT; Schema: public; Owner: postgres
--

ALTER TABLE ONLY public._pages_v_blocks_social_rrss
    ADD CONSTRAINT _pages_v_blocks_social_rrss_icon_id_media_id_fk FOREIGN KEY (icon_id) REFERENCES public.media(id) ON DELETE SET NULL;


--
-- TOC entry 4810 (class 2606 OID 447022)
-- Name: _pages_v_blocks_social_rrss _pages_v_blocks_social_rrss_parent_id_fk; Type: FK CONSTRAINT; Schema: public; Owner: postgres
--

ALTER TABLE ONLY public._pages_v_blocks_social_rrss
    ADD CONSTRAINT _pages_v_blocks_social_rrss_parent_id_fk FOREIGN KEY (_parent_id) REFERENCES public._pages_v_blocks_social(id) ON DELETE CASCADE;


--
-- TOC entry 4822 (class 2606 OID 447082)
-- Name: _pages_v _pages_v_parent_id_pages_id_fk; Type: FK CONSTRAINT; Schema: public; Owner: postgres
--

ALTER TABLE ONLY public._pages_v
    ADD CONSTRAINT _pages_v_parent_id_pages_id_fk FOREIGN KEY (parent_id) REFERENCES public.pages(id) ON DELETE SET NULL;


--
-- TOC entry 4825 (class 2606 OID 447102)
-- Name: _pages_v_rels _pages_v_rels_pages_fk; Type: FK CONSTRAINT; Schema: public; Owner: postgres
--

ALTER TABLE ONLY public._pages_v_rels
    ADD CONSTRAINT _pages_v_rels_pages_fk FOREIGN KEY (pages_id) REFERENCES public.pages(id) ON DELETE CASCADE;


--
-- TOC entry 4826 (class 2606 OID 447097)
-- Name: _pages_v_rels _pages_v_rels_parent_fk; Type: FK CONSTRAINT; Schema: public; Owner: postgres
--

ALTER TABLE ONLY public._pages_v_rels
    ADD CONSTRAINT _pages_v_rels_parent_fk FOREIGN KEY (parent_id) REFERENCES public._pages_v(id) ON DELETE CASCADE;


--
-- TOC entry 4827 (class 2606 OID 486395)
-- Name: _pages_v_rels _pages_v_rels_posts_fk; Type: FK CONSTRAINT; Schema: public; Owner: postgres
--

ALTER TABLE ONLY public._pages_v_rels
    ADD CONSTRAINT _pages_v_rels_posts_fk FOREIGN KEY (posts_id) REFERENCES public.posts(id) ON DELETE CASCADE;


--
-- TOC entry 4828 (class 2606 OID 513525)
-- Name: _pages_v_rels _pages_v_rels_services_fk; Type: FK CONSTRAINT; Schema: public; Owner: postgres
--

ALTER TABLE ONLY public._pages_v_rels
    ADD CONSTRAINT _pages_v_rels_services_fk FOREIGN KEY (services_id) REFERENCES public.services(id) ON DELETE CASCADE;


--
-- TOC entry 4797 (class 2606 OID 446947)
-- Name: _pages_v_version_hero_links _pages_v_version_hero_links_parent_id_fk; Type: FK CONSTRAINT; Schema: public; Owner: postgres
--

ALTER TABLE ONLY public._pages_v_version_hero_links
    ADD CONSTRAINT _pages_v_version_hero_links_parent_id_fk FOREIGN KEY (_parent_id) REFERENCES public._pages_v(id) ON DELETE CASCADE;


--
-- TOC entry 4823 (class 2606 OID 447087)
-- Name: _pages_v _pages_v_version_hero_media_id_media_id_fk; Type: FK CONSTRAINT; Schema: public; Owner: postgres
--

ALTER TABLE ONLY public._pages_v
    ADD CONSTRAINT _pages_v_version_hero_media_id_media_id_fk FOREIGN KEY (version_hero_media_id) REFERENCES public.media(id) ON DELETE SET NULL;


--
-- TOC entry 4824 (class 2606 OID 447092)
-- Name: _pages_v _pages_v_version_meta_image_id_media_id_fk; Type: FK CONSTRAINT; Schema: public; Owner: postgres
--

ALTER TABLE ONLY public._pages_v
    ADD CONSTRAINT _pages_v_version_meta_image_id_media_id_fk FOREIGN KEY (version_meta_image_id) REFERENCES public.media(id) ON DELETE SET NULL;


--
-- TOC entry 4877 (class 2606 OID 448024)
-- Name: _posts_v _posts_v_parent_id_posts_id_fk; Type: FK CONSTRAINT; Schema: public; Owner: postgres
--

ALTER TABLE ONLY public._posts_v
    ADD CONSTRAINT _posts_v_parent_id_posts_id_fk FOREIGN KEY (parent_id) REFERENCES public.posts(id) ON DELETE SET NULL;


--
-- TOC entry 4880 (class 2606 OID 448049)
-- Name: _posts_v_rels _posts_v_rels_categories_fk; Type: FK CONSTRAINT; Schema: public; Owner: postgres
--

ALTER TABLE ONLY public._posts_v_rels
    ADD CONSTRAINT _posts_v_rels_categories_fk FOREIGN KEY (categories_id) REFERENCES public.categories(id) ON DELETE CASCADE;


--
-- TOC entry 4881 (class 2606 OID 448039)
-- Name: _posts_v_rels _posts_v_rels_parent_fk; Type: FK CONSTRAINT; Schema: public; Owner: postgres
--

ALTER TABLE ONLY public._posts_v_rels
    ADD CONSTRAINT _posts_v_rels_parent_fk FOREIGN KEY (parent_id) REFERENCES public._posts_v(id) ON DELETE CASCADE;


--
-- TOC entry 4882 (class 2606 OID 448044)
-- Name: _posts_v_rels _posts_v_rels_posts_fk; Type: FK CONSTRAINT; Schema: public; Owner: postgres
--

ALTER TABLE ONLY public._posts_v_rels
    ADD CONSTRAINT _posts_v_rels_posts_fk FOREIGN KEY (posts_id) REFERENCES public.posts(id) ON DELETE CASCADE;


--
-- TOC entry 4883 (class 2606 OID 448360)
-- Name: _posts_v_rels _posts_v_rels_tags_fk; Type: FK CONSTRAINT; Schema: public; Owner: postgres
--

ALTER TABLE ONLY public._posts_v_rels
    ADD CONSTRAINT _posts_v_rels_tags_fk FOREIGN KEY (tags_id) REFERENCES public.tags(id) ON DELETE CASCADE;


--
-- TOC entry 4884 (class 2606 OID 448054)
-- Name: _posts_v_rels _posts_v_rels_users_fk; Type: FK CONSTRAINT; Schema: public; Owner: postgres
--

ALTER TABLE ONLY public._posts_v_rels
    ADD CONSTRAINT _posts_v_rels_users_fk FOREIGN KEY (users_id) REFERENCES public.users(id) ON DELETE CASCADE;


--
-- TOC entry 4878 (class 2606 OID 448029)
-- Name: _posts_v _posts_v_version_hero_image_id_media_id_fk; Type: FK CONSTRAINT; Schema: public; Owner: postgres
--

ALTER TABLE ONLY public._posts_v
    ADD CONSTRAINT _posts_v_version_hero_image_id_media_id_fk FOREIGN KEY (version_hero_image_id) REFERENCES public.media(id) ON DELETE SET NULL;


--
-- TOC entry 4879 (class 2606 OID 448034)
-- Name: _posts_v _posts_v_version_meta_image_id_media_id_fk; Type: FK CONSTRAINT; Schema: public; Owner: postgres
--

ALTER TABLE ONLY public._posts_v
    ADD CONSTRAINT _posts_v_version_meta_image_id_media_id_fk FOREIGN KEY (version_meta_image_id) REFERENCES public.media(id) ON DELETE SET NULL;


--
-- TOC entry 4876 (class 2606 OID 448019)
-- Name: _posts_v_version_populated_authors _posts_v_version_populated_authors_parent_id_fk; Type: FK CONSTRAINT; Schema: public; Owner: postgres
--

ALTER TABLE ONLY public._posts_v_version_populated_authors
    ADD CONSTRAINT _posts_v_version_populated_authors_parent_id_fk FOREIGN KEY (_parent_id) REFERENCES public._posts_v(id) ON DELETE CASCADE;


--
-- TOC entry 4919 (class 2606 OID 513432)
-- Name: _services_v_blocks_service_accordions _services_v_blocks_service_accordions_parent_id_fk; Type: FK CONSTRAINT; Schema: public; Owner: postgres
--

ALTER TABLE ONLY public._services_v_blocks_service_accordions
    ADD CONSTRAINT _services_v_blocks_service_accordions_parent_id_fk FOREIGN KEY (_parent_id) REFERENCES public._services_v_blocks_service(id) ON DELETE CASCADE;


--
-- TOC entry 4920 (class 2606 OID 513437)
-- Name: _services_v_blocks_service _services_v_blocks_service_parent_id_fk; Type: FK CONSTRAINT; Schema: public; Owner: postgres
--

ALTER TABLE ONLY public._services_v_blocks_service
    ADD CONSTRAINT _services_v_blocks_service_parent_id_fk FOREIGN KEY (_parent_id) REFERENCES public._services_v(id) ON DELETE CASCADE;


--
-- TOC entry 4921 (class 2606 OID 513442)
-- Name: _services_v _services_v_parent_id_services_id_fk; Type: FK CONSTRAINT; Schema: public; Owner: postgres
--

ALTER TABLE ONLY public._services_v
    ADD CONSTRAINT _services_v_parent_id_services_id_fk FOREIGN KEY (parent_id) REFERENCES public.services(id) ON DELETE SET NULL;


--
-- TOC entry 4924 (class 2606 OID 513462)
-- Name: _services_v_rels _services_v_rels_pages_fk; Type: FK CONSTRAINT; Schema: public; Owner: postgres
--

ALTER TABLE ONLY public._services_v_rels
    ADD CONSTRAINT _services_v_rels_pages_fk FOREIGN KEY (pages_id) REFERENCES public.pages(id) ON DELETE CASCADE;


--
-- TOC entry 4925 (class 2606 OID 513457)
-- Name: _services_v_rels _services_v_rels_parent_fk; Type: FK CONSTRAINT; Schema: public; Owner: postgres
--

ALTER TABLE ONLY public._services_v_rels
    ADD CONSTRAINT _services_v_rels_parent_fk FOREIGN KEY (parent_id) REFERENCES public._services_v(id) ON DELETE CASCADE;


--
-- TOC entry 4926 (class 2606 OID 513467)
-- Name: _services_v_rels _services_v_rels_posts_fk; Type: FK CONSTRAINT; Schema: public; Owner: postgres
--

ALTER TABLE ONLY public._services_v_rels
    ADD CONSTRAINT _services_v_rels_posts_fk FOREIGN KEY (posts_id) REFERENCES public.posts(id) ON DELETE CASCADE;


--
-- TOC entry 4927 (class 2606 OID 513472)
-- Name: _services_v_rels _services_v_rels_services_fk; Type: FK CONSTRAINT; Schema: public; Owner: postgres
--

ALTER TABLE ONLY public._services_v_rels
    ADD CONSTRAINT _services_v_rels_services_fk FOREIGN KEY (services_id) REFERENCES public.services(id) ON DELETE CASCADE;


--
-- TOC entry 4918 (class 2606 OID 513427)
-- Name: _services_v_version_hero_links _services_v_version_hero_links_parent_id_fk; Type: FK CONSTRAINT; Schema: public; Owner: postgres
--

ALTER TABLE ONLY public._services_v_version_hero_links
    ADD CONSTRAINT _services_v_version_hero_links_parent_id_fk FOREIGN KEY (_parent_id) REFERENCES public._services_v(id) ON DELETE CASCADE;


--
-- TOC entry 4922 (class 2606 OID 513447)
-- Name: _services_v _services_v_version_hero_media_id_media_id_fk; Type: FK CONSTRAINT; Schema: public; Owner: postgres
--

ALTER TABLE ONLY public._services_v
    ADD CONSTRAINT _services_v_version_hero_media_id_media_id_fk FOREIGN KEY (version_hero_media_id) REFERENCES public.media(id) ON DELETE SET NULL;


--
-- TOC entry 4923 (class 2606 OID 513452)
-- Name: _services_v _services_v_version_meta_image_id_media_id_fk; Type: FK CONSTRAINT; Schema: public; Owner: postgres
--

ALTER TABLE ONLY public._services_v
    ADD CONSTRAINT _services_v_version_meta_image_id_media_id_fk FOREIGN KEY (version_meta_image_id) REFERENCES public.media(id) ON DELETE SET NULL;


--
-- TOC entry 4865 (class 2606 OID 447257)
-- Name: footer_nav_items footer_nav_items_parent_id_fk; Type: FK CONSTRAINT; Schema: public; Owner: postgres
--

ALTER TABLE ONLY public.footer_nav_items
    ADD CONSTRAINT footer_nav_items_parent_id_fk FOREIGN KEY (_parent_id) REFERENCES public.footer(id) ON DELETE CASCADE;


--
-- TOC entry 4866 (class 2606 OID 447267)
-- Name: footer_rels footer_rels_pages_fk; Type: FK CONSTRAINT; Schema: public; Owner: postgres
--

ALTER TABLE ONLY public.footer_rels
    ADD CONSTRAINT footer_rels_pages_fk FOREIGN KEY (pages_id) REFERENCES public.pages(id) ON DELETE CASCADE;


--
-- TOC entry 4867 (class 2606 OID 447262)
-- Name: footer_rels footer_rels_parent_fk; Type: FK CONSTRAINT; Schema: public; Owner: postgres
--

ALTER TABLE ONLY public.footer_rels
    ADD CONSTRAINT footer_rels_parent_fk FOREIGN KEY (parent_id) REFERENCES public.footer(id) ON DELETE CASCADE;


--
-- TOC entry 4868 (class 2606 OID 486405)
-- Name: footer_rels footer_rels_posts_fk; Type: FK CONSTRAINT; Schema: public; Owner: postgres
--

ALTER TABLE ONLY public.footer_rels
    ADD CONSTRAINT footer_rels_posts_fk FOREIGN KEY (posts_id) REFERENCES public.posts(id) ON DELETE CASCADE;


--
-- TOC entry 4869 (class 2606 OID 513530)
-- Name: footer_rels footer_rels_services_fk; Type: FK CONSTRAINT; Schema: public; Owner: postgres
--

ALTER TABLE ONLY public.footer_rels
    ADD CONSTRAINT footer_rels_services_fk FOREIGN KEY (services_id) REFERENCES public.services(id) ON DELETE CASCADE;


--
-- TOC entry 4841 (class 2606 OID 447167)
-- Name: form_submissions form_submissions_form_id_forms_id_fk; Type: FK CONSTRAINT; Schema: public; Owner: postgres
--

ALTER TABLE ONLY public.form_submissions
    ADD CONSTRAINT form_submissions_form_id_forms_id_fk FOREIGN KEY (form_id) REFERENCES public.forms(id) ON DELETE SET NULL;


--
-- TOC entry 4840 (class 2606 OID 447162)
-- Name: form_submissions_submission_data form_submissions_submission_data_parent_id_fk; Type: FK CONSTRAINT; Schema: public; Owner: postgres
--

ALTER TABLE ONLY public.form_submissions_submission_data
    ADD CONSTRAINT form_submissions_submission_data_parent_id_fk FOREIGN KEY (_parent_id) REFERENCES public.form_submissions(id) ON DELETE CASCADE;


--
-- TOC entry 4829 (class 2606 OID 447107)
-- Name: forms_blocks_checkbox forms_blocks_checkbox_parent_id_fk; Type: FK CONSTRAINT; Schema: public; Owner: postgres
--

ALTER TABLE ONLY public.forms_blocks_checkbox
    ADD CONSTRAINT forms_blocks_checkbox_parent_id_fk FOREIGN KEY (_parent_id) REFERENCES public.forms(id) ON DELETE CASCADE;


--
-- TOC entry 4830 (class 2606 OID 447112)
-- Name: forms_blocks_email forms_blocks_email_parent_id_fk; Type: FK CONSTRAINT; Schema: public; Owner: postgres
--

ALTER TABLE ONLY public.forms_blocks_email
    ADD CONSTRAINT forms_blocks_email_parent_id_fk FOREIGN KEY (_parent_id) REFERENCES public.forms(id) ON DELETE CASCADE;


--
-- TOC entry 4831 (class 2606 OID 447117)
-- Name: forms_blocks_message forms_blocks_message_parent_id_fk; Type: FK CONSTRAINT; Schema: public; Owner: postgres
--

ALTER TABLE ONLY public.forms_blocks_message
    ADD CONSTRAINT forms_blocks_message_parent_id_fk FOREIGN KEY (_parent_id) REFERENCES public.forms(id) ON DELETE CASCADE;


--
-- TOC entry 4836 (class 2606 OID 447142)
-- Name: forms_blocks_radio_options forms_blocks_radio_options_image_id_media_id_fk; Type: FK CONSTRAINT; Schema: public; Owner: postgres
--

ALTER TABLE ONLY public.forms_blocks_radio_options
    ADD CONSTRAINT forms_blocks_radio_options_image_id_media_id_fk FOREIGN KEY (image_id) REFERENCES public.media(id) ON DELETE SET NULL;


--
-- TOC entry 4837 (class 2606 OID 447147)
-- Name: forms_blocks_radio_options forms_blocks_radio_options_parent_id_fk; Type: FK CONSTRAINT; Schema: public; Owner: postgres
--

ALTER TABLE ONLY public.forms_blocks_radio_options
    ADD CONSTRAINT forms_blocks_radio_options_parent_id_fk FOREIGN KEY (_parent_id) REFERENCES public.forms_blocks_radio(id) ON DELETE CASCADE;


--
-- TOC entry 4838 (class 2606 OID 447152)
-- Name: forms_blocks_radio forms_blocks_radio_parent_id_fk; Type: FK CONSTRAINT; Schema: public; Owner: postgres
--

ALTER TABLE ONLY public.forms_blocks_radio
    ADD CONSTRAINT forms_blocks_radio_parent_id_fk FOREIGN KEY (_parent_id) REFERENCES public.forms(id) ON DELETE CASCADE;


--
-- TOC entry 4832 (class 2606 OID 447122)
-- Name: forms_blocks_select_options forms_blocks_select_options_parent_id_fk; Type: FK CONSTRAINT; Schema: public; Owner: postgres
--

ALTER TABLE ONLY public.forms_blocks_select_options
    ADD CONSTRAINT forms_blocks_select_options_parent_id_fk FOREIGN KEY (_parent_id) REFERENCES public.forms_blocks_select(id) ON DELETE CASCADE;


--
-- TOC entry 4833 (class 2606 OID 447127)
-- Name: forms_blocks_select forms_blocks_select_parent_id_fk; Type: FK CONSTRAINT; Schema: public; Owner: postgres
--

ALTER TABLE ONLY public.forms_blocks_select
    ADD CONSTRAINT forms_blocks_select_parent_id_fk FOREIGN KEY (_parent_id) REFERENCES public.forms(id) ON DELETE CASCADE;


--
-- TOC entry 4834 (class 2606 OID 447132)
-- Name: forms_blocks_text forms_blocks_text_parent_id_fk; Type: FK CONSTRAINT; Schema: public; Owner: postgres
--

ALTER TABLE ONLY public.forms_blocks_text
    ADD CONSTRAINT forms_blocks_text_parent_id_fk FOREIGN KEY (_parent_id) REFERENCES public.forms(id) ON DELETE CASCADE;


--
-- TOC entry 4835 (class 2606 OID 447137)
-- Name: forms_blocks_textarea forms_blocks_textarea_parent_id_fk; Type: FK CONSTRAINT; Schema: public; Owner: postgres
--

ALTER TABLE ONLY public.forms_blocks_textarea
    ADD CONSTRAINT forms_blocks_textarea_parent_id_fk FOREIGN KEY (_parent_id) REFERENCES public.forms(id) ON DELETE CASCADE;


--
-- TOC entry 4839 (class 2606 OID 447157)
-- Name: forms_emails forms_emails_parent_id_fk; Type: FK CONSTRAINT; Schema: public; Owner: postgres
--

ALTER TABLE ONLY public.forms_emails
    ADD CONSTRAINT forms_emails_parent_id_fk FOREIGN KEY (_parent_id) REFERENCES public.forms(id) ON DELETE CASCADE;


--
-- TOC entry 4858 (class 2606 OID 447232)
-- Name: header_nav_items_nav_links_items header_nav_items_nav_links_items_parent_id_fk; Type: FK CONSTRAINT; Schema: public; Owner: postgres
--

ALTER TABLE ONLY public.header_nav_items_nav_links_items
    ADD CONSTRAINT header_nav_items_nav_links_items_parent_id_fk FOREIGN KEY (_parent_id) REFERENCES public.header_nav_items_nav_links(id) ON DELETE CASCADE;


--
-- TOC entry 4856 (class 2606 OID 447222)
-- Name: header_nav_items_nav_links_items_sub_items header_nav_items_nav_links_items_sub_items_image_id_media_id_fk; Type: FK CONSTRAINT; Schema: public; Owner: postgres
--

ALTER TABLE ONLY public.header_nav_items_nav_links_items_sub_items
    ADD CONSTRAINT header_nav_items_nav_links_items_sub_items_image_id_media_id_fk FOREIGN KEY (image_id) REFERENCES public.media(id) ON DELETE SET NULL;


--
-- TOC entry 4857 (class 2606 OID 447227)
-- Name: header_nav_items_nav_links_items_sub_items header_nav_items_nav_links_items_sub_items_parent_id_fk; Type: FK CONSTRAINT; Schema: public; Owner: postgres
--

ALTER TABLE ONLY public.header_nav_items_nav_links_items_sub_items
    ADD CONSTRAINT header_nav_items_nav_links_items_sub_items_parent_id_fk FOREIGN KEY (_parent_id) REFERENCES public.header_nav_items_nav_links_items(id) ON DELETE CASCADE;


--
-- TOC entry 4859 (class 2606 OID 447237)
-- Name: header_nav_items_nav_links header_nav_items_nav_links_parent_id_fk; Type: FK CONSTRAINT; Schema: public; Owner: postgres
--

ALTER TABLE ONLY public.header_nav_items_nav_links
    ADD CONSTRAINT header_nav_items_nav_links_parent_id_fk FOREIGN KEY (_parent_id) REFERENCES public.header_nav_items(id) ON DELETE CASCADE;


--
-- TOC entry 4860 (class 2606 OID 447242)
-- Name: header_nav_items header_nav_items_parent_id_fk; Type: FK CONSTRAINT; Schema: public; Owner: postgres
--

ALTER TABLE ONLY public.header_nav_items
    ADD CONSTRAINT header_nav_items_parent_id_fk FOREIGN KEY (_parent_id) REFERENCES public.header(id) ON DELETE CASCADE;


--
-- TOC entry 4861 (class 2606 OID 447252)
-- Name: header_rels header_rels_pages_fk; Type: FK CONSTRAINT; Schema: public; Owner: postgres
--

ALTER TABLE ONLY public.header_rels
    ADD CONSTRAINT header_rels_pages_fk FOREIGN KEY (pages_id) REFERENCES public.pages(id) ON DELETE CASCADE;


--
-- TOC entry 4862 (class 2606 OID 447247)
-- Name: header_rels header_rels_parent_fk; Type: FK CONSTRAINT; Schema: public; Owner: postgres
--

ALTER TABLE ONLY public.header_rels
    ADD CONSTRAINT header_rels_parent_fk FOREIGN KEY (parent_id) REFERENCES public.header(id) ON DELETE CASCADE;


--
-- TOC entry 4863 (class 2606 OID 486400)
-- Name: header_rels header_rels_posts_fk; Type: FK CONSTRAINT; Schema: public; Owner: postgres
--

ALTER TABLE ONLY public.header_rels
    ADD CONSTRAINT header_rels_posts_fk FOREIGN KEY (posts_id) REFERENCES public.posts(id) ON DELETE CASCADE;


--
-- TOC entry 4864 (class 2606 OID 513540)
-- Name: header_rels header_rels_services_fk; Type: FK CONSTRAINT; Schema: public; Owner: postgres
--

ALTER TABLE ONLY public.header_rels
    ADD CONSTRAINT header_rels_services_fk FOREIGN KEY (services_id) REFERENCES public.services(id) ON DELETE CASCADE;


--
-- TOC entry 4788 (class 2606 OID 446912)
-- Name: pages_blocks_box_content_boxes pages_blocks_box_content_boxes_media_id_media_id_fk; Type: FK CONSTRAINT; Schema: public; Owner: postgres
--

ALTER TABLE ONLY public.pages_blocks_box_content_boxes
    ADD CONSTRAINT pages_blocks_box_content_boxes_media_id_media_id_fk FOREIGN KEY (media_id) REFERENCES public.media(id) ON DELETE SET NULL;


--
-- TOC entry 4789 (class 2606 OID 446917)
-- Name: pages_blocks_box_content_boxes pages_blocks_box_content_boxes_parent_id_fk; Type: FK CONSTRAINT; Schema: public; Owner: postgres
--

ALTER TABLE ONLY public.pages_blocks_box_content_boxes
    ADD CONSTRAINT pages_blocks_box_content_boxes_parent_id_fk FOREIGN KEY (_parent_id) REFERENCES public.pages_blocks_box_content(id) ON DELETE CASCADE;


--
-- TOC entry 4790 (class 2606 OID 446922)
-- Name: pages_blocks_box_content pages_blocks_box_content_parent_id_fk; Type: FK CONSTRAINT; Schema: public; Owner: postgres
--

ALTER TABLE ONLY public.pages_blocks_box_content
    ADD CONSTRAINT pages_blocks_box_content_parent_id_fk FOREIGN KEY (_parent_id) REFERENCES public.pages(id) ON DELETE CASCADE;


--
-- TOC entry 4770 (class 2606 OID 446812)
-- Name: pages_blocks_content pages_blocks_content_image_id_media_id_fk; Type: FK CONSTRAINT; Schema: public; Owner: postgres
--

ALTER TABLE ONLY public.pages_blocks_content
    ADD CONSTRAINT pages_blocks_content_image_id_media_id_fk FOREIGN KEY (image_id) REFERENCES public.media(id) ON DELETE SET NULL;


--
-- TOC entry 4771 (class 2606 OID 446817)
-- Name: pages_blocks_content pages_blocks_content_parent_id_fk; Type: FK CONSTRAINT; Schema: public; Owner: postgres
--

ALTER TABLE ONLY public.pages_blocks_content
    ADD CONSTRAINT pages_blocks_content_parent_id_fk FOREIGN KEY (_parent_id) REFERENCES public.pages(id) ON DELETE CASCADE;


--
-- TOC entry 4767 (class 2606 OID 446797)
-- Name: pages_blocks_cta_links pages_blocks_cta_links_parent_id_fk; Type: FK CONSTRAINT; Schema: public; Owner: postgres
--

ALTER TABLE ONLY public.pages_blocks_cta_links
    ADD CONSTRAINT pages_blocks_cta_links_parent_id_fk FOREIGN KEY (_parent_id) REFERENCES public.pages_blocks_cta(id) ON DELETE CASCADE;


--
-- TOC entry 4768 (class 2606 OID 446802)
-- Name: pages_blocks_cta pages_blocks_cta_media_id_media_id_fk; Type: FK CONSTRAINT; Schema: public; Owner: postgres
--

ALTER TABLE ONLY public.pages_blocks_cta
    ADD CONSTRAINT pages_blocks_cta_media_id_media_id_fk FOREIGN KEY (media_id) REFERENCES public.media(id) ON DELETE SET NULL;


--
-- TOC entry 4769 (class 2606 OID 446807)
-- Name: pages_blocks_cta pages_blocks_cta_parent_id_fk; Type: FK CONSTRAINT; Schema: public; Owner: postgres
--

ALTER TABLE ONLY public.pages_blocks_cta
    ADD CONSTRAINT pages_blocks_cta_parent_id_fk FOREIGN KEY (_parent_id) REFERENCES public.pages(id) ON DELETE CASCADE;


--
-- TOC entry 4776 (class 2606 OID 446852)
-- Name: pages_blocks_form_block pages_blocks_form_block_form_id_forms_id_fk; Type: FK CONSTRAINT; Schema: public; Owner: postgres
--

ALTER TABLE ONLY public.pages_blocks_form_block
    ADD CONSTRAINT pages_blocks_form_block_form_id_forms_id_fk FOREIGN KEY (form_id) REFERENCES public.forms(id) ON DELETE SET NULL;


--
-- TOC entry 4777 (class 2606 OID 446857)
-- Name: pages_blocks_form_block pages_blocks_form_block_parent_id_fk; Type: FK CONSTRAINT; Schema: public; Owner: postgres
--

ALTER TABLE ONLY public.pages_blocks_form_block
    ADD CONSTRAINT pages_blocks_form_block_parent_id_fk FOREIGN KEY (_parent_id) REFERENCES public.pages(id) ON DELETE CASCADE;


--
-- TOC entry 4888 (class 2606 OID 473941)
-- Name: pages_blocks_frequently_questions_block pages_blocks_frequently_questions_block_image_id_media_id_fk; Type: FK CONSTRAINT; Schema: public; Owner: postgres
--

ALTER TABLE ONLY public.pages_blocks_frequently_questions_block
    ADD CONSTRAINT pages_blocks_frequently_questions_block_image_id_media_id_fk FOREIGN KEY (image_id) REFERENCES public.media(id) ON DELETE SET NULL;


--
-- TOC entry 4889 (class 2606 OID 473946)
-- Name: pages_blocks_frequently_questions_block pages_blocks_frequently_questions_block_parent_id_fk; Type: FK CONSTRAINT; Schema: public; Owner: postgres
--

ALTER TABLE ONLY public.pages_blocks_frequently_questions_block
    ADD CONSTRAINT pages_blocks_frequently_questions_block_parent_id_fk FOREIGN KEY (_parent_id) REFERENCES public.pages(id) ON DELETE CASCADE;


--
-- TOC entry 4887 (class 2606 OID 473936)
-- Name: pages_blocks_frequently_questions_block_questions pages_blocks_frequently_questions_block_questions_parent_id_fk; Type: FK CONSTRAINT; Schema: public; Owner: postgres
--

ALTER TABLE ONLY public.pages_blocks_frequently_questions_block_questions
    ADD CONSTRAINT pages_blocks_frequently_questions_block_questions_parent_id_fk FOREIGN KEY (_parent_id) REFERENCES public.pages_blocks_frequently_questions_block(id) ON DELETE CASCADE;


--
-- TOC entry 4905 (class 2606 OID 487124)
-- Name: pages_blocks_list_content_blocks pages_blocks_list_content_blocks_media_id_media_id_fk; Type: FK CONSTRAINT; Schema: public; Owner: postgres
--

ALTER TABLE ONLY public.pages_blocks_list_content_blocks
    ADD CONSTRAINT pages_blocks_list_content_blocks_media_id_media_id_fk FOREIGN KEY (media_id) REFERENCES public.media(id) ON DELETE SET NULL;


--
-- TOC entry 4906 (class 2606 OID 487129)
-- Name: pages_blocks_list_content_blocks pages_blocks_list_content_blocks_parent_id_fk; Type: FK CONSTRAINT; Schema: public; Owner: postgres
--

ALTER TABLE ONLY public.pages_blocks_list_content_blocks
    ADD CONSTRAINT pages_blocks_list_content_blocks_parent_id_fk FOREIGN KEY (_parent_id) REFERENCES public.pages_blocks_list_content(id) ON DELETE CASCADE;


--
-- TOC entry 4774 (class 2606 OID 446842)
-- Name: pages_blocks_list_content pages_blocks_list_content_field_image_id_media_id_fk; Type: FK CONSTRAINT; Schema: public; Owner: postgres
--

ALTER TABLE ONLY public.pages_blocks_list_content
    ADD CONSTRAINT pages_blocks_list_content_field_image_id_media_id_fk FOREIGN KEY (field_image_id) REFERENCES public.media(id) ON DELETE SET NULL;


--
-- TOC entry 4775 (class 2606 OID 446847)
-- Name: pages_blocks_list_content pages_blocks_list_content_parent_id_fk; Type: FK CONSTRAINT; Schema: public; Owner: postgres
--

ALTER TABLE ONLY public.pages_blocks_list_content
    ADD CONSTRAINT pages_blocks_list_content_parent_id_fk FOREIGN KEY (_parent_id) REFERENCES public.pages(id) ON DELETE CASCADE;


--
-- TOC entry 4772 (class 2606 OID 446822)
-- Name: pages_blocks_media_block pages_blocks_media_block_media_id_media_id_fk; Type: FK CONSTRAINT; Schema: public; Owner: postgres
--

ALTER TABLE ONLY public.pages_blocks_media_block
    ADD CONSTRAINT pages_blocks_media_block_media_id_media_id_fk FOREIGN KEY (media_id) REFERENCES public.media(id) ON DELETE SET NULL;


--
-- TOC entry 4773 (class 2606 OID 446827)
-- Name: pages_blocks_media_block pages_blocks_media_block_parent_id_fk; Type: FK CONSTRAINT; Schema: public; Owner: postgres
--

ALTER TABLE ONLY public.pages_blocks_media_block
    ADD CONSTRAINT pages_blocks_media_block_parent_id_fk FOREIGN KEY (_parent_id) REFERENCES public.pages(id) ON DELETE CASCADE;


--
-- TOC entry 4886 (class 2606 OID 473931)
-- Name: pages_blocks_post_carousel_block pages_blocks_post_carousel_block_parent_id_fk; Type: FK CONSTRAINT; Schema: public; Owner: postgres
--

ALTER TABLE ONLY public.pages_blocks_post_carousel_block
    ADD CONSTRAINT pages_blocks_post_carousel_block_parent_id_fk FOREIGN KEY (_parent_id) REFERENCES public.pages(id) ON DELETE CASCADE;


--
-- TOC entry 4786 (class 2606 OID 446902)
-- Name: pages_blocks_quote_block pages_blocks_quote_block_image_id_media_id_fk; Type: FK CONSTRAINT; Schema: public; Owner: postgres
--

ALTER TABLE ONLY public.pages_blocks_quote_block
    ADD CONSTRAINT pages_blocks_quote_block_image_id_media_id_fk FOREIGN KEY (image_id) REFERENCES public.media(id) ON DELETE SET NULL;


--
-- TOC entry 4785 (class 2606 OID 446897)
-- Name: pages_blocks_quote_block_links pages_blocks_quote_block_links_parent_id_fk; Type: FK CONSTRAINT; Schema: public; Owner: postgres
--

ALTER TABLE ONLY public.pages_blocks_quote_block_links
    ADD CONSTRAINT pages_blocks_quote_block_links_parent_id_fk FOREIGN KEY (_parent_id) REFERENCES public.pages_blocks_quote_block(id) ON DELETE CASCADE;


--
-- TOC entry 4787 (class 2606 OID 446907)
-- Name: pages_blocks_quote_block pages_blocks_quote_block_parent_id_fk; Type: FK CONSTRAINT; Schema: public; Owner: postgres
--

ALTER TABLE ONLY public.pages_blocks_quote_block
    ADD CONSTRAINT pages_blocks_quote_block_parent_id_fk FOREIGN KEY (_parent_id) REFERENCES public.pages(id) ON DELETE CASCADE;


--
-- TOC entry 4903 (class 2606 OID 484603)
-- Name: pages_blocks_service_accordions pages_blocks_service_accordions_parent_id_fk; Type: FK CONSTRAINT; Schema: public; Owner: postgres
--

ALTER TABLE ONLY public.pages_blocks_service_accordions
    ADD CONSTRAINT pages_blocks_service_accordions_parent_id_fk FOREIGN KEY (_parent_id) REFERENCES public.pages_blocks_service(id) ON DELETE CASCADE;


--
-- TOC entry 4895 (class 2606 OID 474980)
-- Name: pages_blocks_service_list_block_blocks pages_blocks_service_list_block_blocks_media_id_media_id_fk; Type: FK CONSTRAINT; Schema: public; Owner: postgres
--

ALTER TABLE ONLY public.pages_blocks_service_list_block_blocks
    ADD CONSTRAINT pages_blocks_service_list_block_blocks_media_id_media_id_fk FOREIGN KEY (media_id) REFERENCES public.media(id) ON DELETE SET NULL;


--
-- TOC entry 4896 (class 2606 OID 474985)
-- Name: pages_blocks_service_list_block_blocks pages_blocks_service_list_block_blocks_parent_id_fk; Type: FK CONSTRAINT; Schema: public; Owner: postgres
--

ALTER TABLE ONLY public.pages_blocks_service_list_block_blocks
    ADD CONSTRAINT pages_blocks_service_list_block_blocks_parent_id_fk FOREIGN KEY (_parent_id) REFERENCES public.pages_blocks_service_list_block(id) ON DELETE CASCADE;


--
-- TOC entry 4897 (class 2606 OID 474990)
-- Name: pages_blocks_service_list_block pages_blocks_service_list_block_parent_id_fk; Type: FK CONSTRAINT; Schema: public; Owner: postgres
--

ALTER TABLE ONLY public.pages_blocks_service_list_block
    ADD CONSTRAINT pages_blocks_service_list_block_parent_id_fk FOREIGN KEY (_parent_id) REFERENCES public.pages(id) ON DELETE CASCADE;


--
-- TOC entry 4901 (class 2606 OID 475601)
-- Name: pages_blocks_service pages_blocks_service_parent_id_fk; Type: FK CONSTRAINT; Schema: public; Owner: postgres
--

ALTER TABLE ONLY public.pages_blocks_service
    ADD CONSTRAINT pages_blocks_service_parent_id_fk FOREIGN KEY (_parent_id) REFERENCES public.pages(id) ON DELETE CASCADE;


--
-- TOC entry 4781 (class 2606 OID 446877)
-- Name: pages_blocks_simple_list_content_blocks pages_blocks_simple_list_content_blocks_media_id_media_id_fk; Type: FK CONSTRAINT; Schema: public; Owner: postgres
--

ALTER TABLE ONLY public.pages_blocks_simple_list_content_blocks
    ADD CONSTRAINT pages_blocks_simple_list_content_blocks_media_id_media_id_fk FOREIGN KEY (media_id) REFERENCES public.media(id) ON DELETE SET NULL;


--
-- TOC entry 4782 (class 2606 OID 446882)
-- Name: pages_blocks_simple_list_content_blocks pages_blocks_simple_list_content_blocks_parent_id_fk; Type: FK CONSTRAINT; Schema: public; Owner: postgres
--

ALTER TABLE ONLY public.pages_blocks_simple_list_content_blocks
    ADD CONSTRAINT pages_blocks_simple_list_content_blocks_parent_id_fk FOREIGN KEY (_parent_id) REFERENCES public.pages_blocks_simple_list_content(id) ON DELETE CASCADE;


--
-- TOC entry 4783 (class 2606 OID 486740)
-- Name: pages_blocks_simple_list_content pages_blocks_simple_list_content_image_id_media_id_fk; Type: FK CONSTRAINT; Schema: public; Owner: postgres
--

ALTER TABLE ONLY public.pages_blocks_simple_list_content
    ADD CONSTRAINT pages_blocks_simple_list_content_image_id_media_id_fk FOREIGN KEY (image_id) REFERENCES public.media(id) ON DELETE SET NULL;


--
-- TOC entry 4784 (class 2606 OID 446892)
-- Name: pages_blocks_simple_list_content pages_blocks_simple_list_content_parent_id_fk; Type: FK CONSTRAINT; Schema: public; Owner: postgres
--

ALTER TABLE ONLY public.pages_blocks_simple_list_content
    ADD CONSTRAINT pages_blocks_simple_list_content_parent_id_fk FOREIGN KEY (_parent_id) REFERENCES public.pages(id) ON DELETE CASCADE;


--
-- TOC entry 4780 (class 2606 OID 446872)
-- Name: pages_blocks_social pages_blocks_social_parent_id_fk; Type: FK CONSTRAINT; Schema: public; Owner: postgres
--

ALTER TABLE ONLY public.pages_blocks_social
    ADD CONSTRAINT pages_blocks_social_parent_id_fk FOREIGN KEY (_parent_id) REFERENCES public.pages(id) ON DELETE CASCADE;


--
-- TOC entry 4778 (class 2606 OID 446862)
-- Name: pages_blocks_social_rrss pages_blocks_social_rrss_icon_id_media_id_fk; Type: FK CONSTRAINT; Schema: public; Owner: postgres
--

ALTER TABLE ONLY public.pages_blocks_social_rrss
    ADD CONSTRAINT pages_blocks_social_rrss_icon_id_media_id_fk FOREIGN KEY (icon_id) REFERENCES public.media(id) ON DELETE SET NULL;


--
-- TOC entry 4779 (class 2606 OID 446867)
-- Name: pages_blocks_social_rrss pages_blocks_social_rrss_parent_id_fk; Type: FK CONSTRAINT; Schema: public; Owner: postgres
--

ALTER TABLE ONLY public.pages_blocks_social_rrss
    ADD CONSTRAINT pages_blocks_social_rrss_parent_id_fk FOREIGN KEY (_parent_id) REFERENCES public.pages_blocks_social(id) ON DELETE CASCADE;


--
-- TOC entry 4766 (class 2606 OID 446792)
-- Name: pages_hero_links pages_hero_links_parent_id_fk; Type: FK CONSTRAINT; Schema: public; Owner: postgres
--

ALTER TABLE ONLY public.pages_hero_links
    ADD CONSTRAINT pages_hero_links_parent_id_fk FOREIGN KEY (_parent_id) REFERENCES public.pages(id) ON DELETE CASCADE;


--
-- TOC entry 4791 (class 2606 OID 446927)
-- Name: pages pages_hero_media_id_media_id_fk; Type: FK CONSTRAINT; Schema: public; Owner: postgres
--

ALTER TABLE ONLY public.pages
    ADD CONSTRAINT pages_hero_media_id_media_id_fk FOREIGN KEY (hero_media_id) REFERENCES public.media(id) ON DELETE SET NULL;


--
-- TOC entry 4792 (class 2606 OID 446932)
-- Name: pages pages_meta_image_id_media_id_fk; Type: FK CONSTRAINT; Schema: public; Owner: postgres
--

ALTER TABLE ONLY public.pages
    ADD CONSTRAINT pages_meta_image_id_media_id_fk FOREIGN KEY (meta_image_id) REFERENCES public.media(id) ON DELETE SET NULL;


--
-- TOC entry 4793 (class 2606 OID 446942)
-- Name: pages_rels pages_rels_pages_fk; Type: FK CONSTRAINT; Schema: public; Owner: postgres
--

ALTER TABLE ONLY public.pages_rels
    ADD CONSTRAINT pages_rels_pages_fk FOREIGN KEY (pages_id) REFERENCES public.pages(id) ON DELETE CASCADE;


--
-- TOC entry 4794 (class 2606 OID 446937)
-- Name: pages_rels pages_rels_parent_fk; Type: FK CONSTRAINT; Schema: public; Owner: postgres
--

ALTER TABLE ONLY public.pages_rels
    ADD CONSTRAINT pages_rels_parent_fk FOREIGN KEY (parent_id) REFERENCES public.pages(id) ON DELETE CASCADE;


--
-- TOC entry 4795 (class 2606 OID 486390)
-- Name: pages_rels pages_rels_posts_fk; Type: FK CONSTRAINT; Schema: public; Owner: postgres
--

ALTER TABLE ONLY public.pages_rels
    ADD CONSTRAINT pages_rels_posts_fk FOREIGN KEY (posts_id) REFERENCES public.posts(id) ON DELETE CASCADE;


--
-- TOC entry 4796 (class 2606 OID 513520)
-- Name: pages_rels pages_rels_services_fk; Type: FK CONSTRAINT; Schema: public; Owner: postgres
--

ALTER TABLE ONLY public.pages_rels
    ADD CONSTRAINT pages_rels_services_fk FOREIGN KEY (services_id) REFERENCES public.services(id) ON DELETE CASCADE;


--
-- TOC entry 4885 (class 2606 OID 448059)
-- Name: payload_jobs_log payload_jobs_log_parent_id_fk; Type: FK CONSTRAINT; Schema: public; Owner: postgres
--

ALTER TABLE ONLY public.payload_jobs_log
    ADD CONSTRAINT payload_jobs_log_parent_id_fk FOREIGN KEY (_parent_id) REFERENCES public.payload_jobs(id) ON DELETE CASCADE;


--
-- TOC entry 4842 (class 2606 OID 448110)
-- Name: payload_locked_documents_rels payload_locked_documents_rels_categories_fk; Type: FK CONSTRAINT; Schema: public; Owner: postgres
--

ALTER TABLE ONLY public.payload_locked_documents_rels
    ADD CONSTRAINT payload_locked_documents_rels_categories_fk FOREIGN KEY (categories_id) REFERENCES public.categories(id) ON DELETE CASCADE;


--
-- TOC entry 4843 (class 2606 OID 485570)
-- Name: payload_locked_documents_rels payload_locked_documents_rels_documents_fk; Type: FK CONSTRAINT; Schema: public; Owner: postgres
--

ALTER TABLE ONLY public.payload_locked_documents_rels
    ADD CONSTRAINT payload_locked_documents_rels_documents_fk FOREIGN KEY (documents_id) REFERENCES public.documents(id) ON DELETE CASCADE;


--
-- TOC entry 4844 (class 2606 OID 447207)
-- Name: payload_locked_documents_rels payload_locked_documents_rels_form_submissions_fk; Type: FK CONSTRAINT; Schema: public; Owner: postgres
--

ALTER TABLE ONLY public.payload_locked_documents_rels
    ADD CONSTRAINT payload_locked_documents_rels_form_submissions_fk FOREIGN KEY (form_submissions_id) REFERENCES public.form_submissions(id) ON DELETE CASCADE;


--
-- TOC entry 4845 (class 2606 OID 447202)
-- Name: payload_locked_documents_rels payload_locked_documents_rels_forms_fk; Type: FK CONSTRAINT; Schema: public; Owner: postgres
--

ALTER TABLE ONLY public.payload_locked_documents_rels
    ADD CONSTRAINT payload_locked_documents_rels_forms_fk FOREIGN KEY (forms_id) REFERENCES public.forms(id) ON DELETE CASCADE;


--
-- TOC entry 4846 (class 2606 OID 447182)
-- Name: payload_locked_documents_rels payload_locked_documents_rels_media_fk; Type: FK CONSTRAINT; Schema: public; Owner: postgres
--

ALTER TABLE ONLY public.payload_locked_documents_rels
    ADD CONSTRAINT payload_locked_documents_rels_media_fk FOREIGN KEY (media_id) REFERENCES public.media(id) ON DELETE CASCADE;


--
-- TOC entry 4847 (class 2606 OID 447192)
-- Name: payload_locked_documents_rels payload_locked_documents_rels_pages_fk; Type: FK CONSTRAINT; Schema: public; Owner: postgres
--

ALTER TABLE ONLY public.payload_locked_documents_rels
    ADD CONSTRAINT payload_locked_documents_rels_pages_fk FOREIGN KEY (pages_id) REFERENCES public.pages(id) ON DELETE CASCADE;


--
-- TOC entry 4848 (class 2606 OID 447172)
-- Name: payload_locked_documents_rels payload_locked_documents_rels_parent_fk; Type: FK CONSTRAINT; Schema: public; Owner: postgres
--

ALTER TABLE ONLY public.payload_locked_documents_rels
    ADD CONSTRAINT payload_locked_documents_rels_parent_fk FOREIGN KEY (parent_id) REFERENCES public.payload_locked_documents(id) ON DELETE CASCADE;


--
-- TOC entry 4849 (class 2606 OID 447187)
-- Name: payload_locked_documents_rels payload_locked_documents_rels_posts_fk; Type: FK CONSTRAINT; Schema: public; Owner: postgres
--

ALTER TABLE ONLY public.payload_locked_documents_rels
    ADD CONSTRAINT payload_locked_documents_rels_posts_fk FOREIGN KEY (posts_id) REFERENCES public.posts(id) ON DELETE CASCADE;


--
-- TOC entry 4850 (class 2606 OID 513535)
-- Name: payload_locked_documents_rels payload_locked_documents_rels_services_fk; Type: FK CONSTRAINT; Schema: public; Owner: postgres
--

ALTER TABLE ONLY public.payload_locked_documents_rels
    ADD CONSTRAINT payload_locked_documents_rels_services_fk FOREIGN KEY (services_id) REFERENCES public.services(id) ON DELETE CASCADE;


--
-- TOC entry 4851 (class 2606 OID 448334)
-- Name: payload_locked_documents_rels payload_locked_documents_rels_tags_fk; Type: FK CONSTRAINT; Schema: public; Owner: postgres
--

ALTER TABLE ONLY public.payload_locked_documents_rels
    ADD CONSTRAINT payload_locked_documents_rels_tags_fk FOREIGN KEY (tags_id) REFERENCES public.tags(id) ON DELETE CASCADE;


--
-- TOC entry 4852 (class 2606 OID 447177)
-- Name: payload_locked_documents_rels payload_locked_documents_rels_users_fk; Type: FK CONSTRAINT; Schema: public; Owner: postgres
--

ALTER TABLE ONLY public.payload_locked_documents_rels
    ADD CONSTRAINT payload_locked_documents_rels_users_fk FOREIGN KEY (users_id) REFERENCES public.users(id) ON DELETE CASCADE;


--
-- TOC entry 4853 (class 2606 OID 485979)
-- Name: payload_locked_documents_rels payload_locked_documents_rels_videos_fk; Type: FK CONSTRAINT; Schema: public; Owner: postgres
--

ALTER TABLE ONLY public.payload_locked_documents_rels
    ADD CONSTRAINT payload_locked_documents_rels_videos_fk FOREIGN KEY (videos_id) REFERENCES public.videos(id) ON DELETE CASCADE;


--
-- TOC entry 4854 (class 2606 OID 447212)
-- Name: payload_preferences_rels payload_preferences_rels_parent_fk; Type: FK CONSTRAINT; Schema: public; Owner: postgres
--

ALTER TABLE ONLY public.payload_preferences_rels
    ADD CONSTRAINT payload_preferences_rels_parent_fk FOREIGN KEY (parent_id) REFERENCES public.payload_preferences(id) ON DELETE CASCADE;


--
-- TOC entry 4855 (class 2606 OID 447217)
-- Name: payload_preferences_rels payload_preferences_rels_users_fk; Type: FK CONSTRAINT; Schema: public; Owner: postgres
--

ALTER TABLE ONLY public.payload_preferences_rels
    ADD CONSTRAINT payload_preferences_rels_users_fk FOREIGN KEY (users_id) REFERENCES public.users(id) ON DELETE CASCADE;


--
-- TOC entry 4764 (class 2606 OID 446787)
-- Name: posts posts_hero_image_id_media_id_fk; Type: FK CONSTRAINT; Schema: public; Owner: postgres
--

ALTER TABLE ONLY public.posts
    ADD CONSTRAINT posts_hero_image_id_media_id_fk FOREIGN KEY (hero_image_id) REFERENCES public.media(id) ON DELETE SET NULL;


--
-- TOC entry 4765 (class 2606 OID 448105)
-- Name: posts posts_meta_image_id_media_id_fk; Type: FK CONSTRAINT; Schema: public; Owner: postgres
--

ALTER TABLE ONLY public.posts
    ADD CONSTRAINT posts_meta_image_id_media_id_fk FOREIGN KEY (meta_image_id) REFERENCES public.media(id) ON DELETE SET NULL;


--
-- TOC entry 4870 (class 2606 OID 447994)
-- Name: posts_populated_authors posts_populated_authors_parent_id_fk; Type: FK CONSTRAINT; Schema: public; Owner: postgres
--

ALTER TABLE ONLY public.posts_populated_authors
    ADD CONSTRAINT posts_populated_authors_parent_id_fk FOREIGN KEY (_parent_id) REFERENCES public.posts(id) ON DELETE CASCADE;


--
-- TOC entry 4871 (class 2606 OID 448009)
-- Name: posts_rels posts_rels_categories_fk; Type: FK CONSTRAINT; Schema: public; Owner: postgres
--

ALTER TABLE ONLY public.posts_rels
    ADD CONSTRAINT posts_rels_categories_fk FOREIGN KEY (categories_id) REFERENCES public.categories(id) ON DELETE CASCADE;


--
-- TOC entry 4872 (class 2606 OID 447999)
-- Name: posts_rels posts_rels_parent_fk; Type: FK CONSTRAINT; Schema: public; Owner: postgres
--

ALTER TABLE ONLY public.posts_rels
    ADD CONSTRAINT posts_rels_parent_fk FOREIGN KEY (parent_id) REFERENCES public.posts(id) ON DELETE CASCADE;


--
-- TOC entry 4873 (class 2606 OID 448004)
-- Name: posts_rels posts_rels_posts_fk; Type: FK CONSTRAINT; Schema: public; Owner: postgres
--

ALTER TABLE ONLY public.posts_rels
    ADD CONSTRAINT posts_rels_posts_fk FOREIGN KEY (posts_id) REFERENCES public.posts(id) ON DELETE CASCADE;


--
-- TOC entry 4874 (class 2606 OID 448355)
-- Name: posts_rels posts_rels_tags_fk; Type: FK CONSTRAINT; Schema: public; Owner: postgres
--

ALTER TABLE ONLY public.posts_rels
    ADD CONSTRAINT posts_rels_tags_fk FOREIGN KEY (tags_id) REFERENCES public.tags(id) ON DELETE CASCADE;


--
-- TOC entry 4875 (class 2606 OID 448014)
-- Name: posts_rels posts_rels_users_fk; Type: FK CONSTRAINT; Schema: public; Owner: postgres
--

ALTER TABLE ONLY public.posts_rels
    ADD CONSTRAINT posts_rels_users_fk FOREIGN KEY (users_id) REFERENCES public.users(id) ON DELETE CASCADE;


--
-- TOC entry 4910 (class 2606 OID 513387)
-- Name: services_blocks_service_accordions services_blocks_service_accordions_parent_id_fk; Type: FK CONSTRAINT; Schema: public; Owner: postgres
--

ALTER TABLE ONLY public.services_blocks_service_accordions
    ADD CONSTRAINT services_blocks_service_accordions_parent_id_fk FOREIGN KEY (_parent_id) REFERENCES public.services_blocks_service(id) ON DELETE CASCADE;


--
-- TOC entry 4911 (class 2606 OID 513392)
-- Name: services_blocks_service services_blocks_service_parent_id_fk; Type: FK CONSTRAINT; Schema: public; Owner: postgres
--

ALTER TABLE ONLY public.services_blocks_service
    ADD CONSTRAINT services_blocks_service_parent_id_fk FOREIGN KEY (_parent_id) REFERENCES public.services(id) ON DELETE CASCADE;


--
-- TOC entry 4909 (class 2606 OID 513382)
-- Name: services_hero_links services_hero_links_parent_id_fk; Type: FK CONSTRAINT; Schema: public; Owner: postgres
--

ALTER TABLE ONLY public.services_hero_links
    ADD CONSTRAINT services_hero_links_parent_id_fk FOREIGN KEY (_parent_id) REFERENCES public.services(id) ON DELETE CASCADE;


--
-- TOC entry 4912 (class 2606 OID 513397)
-- Name: services services_hero_media_id_media_id_fk; Type: FK CONSTRAINT; Schema: public; Owner: postgres
--

ALTER TABLE ONLY public.services
    ADD CONSTRAINT services_hero_media_id_media_id_fk FOREIGN KEY (hero_media_id) REFERENCES public.media(id) ON DELETE SET NULL;


--
-- TOC entry 4913 (class 2606 OID 513402)
-- Name: services services_meta_image_id_media_id_fk; Type: FK CONSTRAINT; Schema: public; Owner: postgres
--

ALTER TABLE ONLY public.services
    ADD CONSTRAINT services_meta_image_id_media_id_fk FOREIGN KEY (meta_image_id) REFERENCES public.media(id) ON DELETE SET NULL;


--
-- TOC entry 4914 (class 2606 OID 513412)
-- Name: services_rels services_rels_pages_fk; Type: FK CONSTRAINT; Schema: public; Owner: postgres
--

ALTER TABLE ONLY public.services_rels
    ADD CONSTRAINT services_rels_pages_fk FOREIGN KEY (pages_id) REFERENCES public.pages(id) ON DELETE CASCADE;


--
-- TOC entry 4915 (class 2606 OID 513407)
-- Name: services_rels services_rels_parent_fk; Type: FK CONSTRAINT; Schema: public; Owner: postgres
--

ALTER TABLE ONLY public.services_rels
    ADD CONSTRAINT services_rels_parent_fk FOREIGN KEY (parent_id) REFERENCES public.services(id) ON DELETE CASCADE;


--
-- TOC entry 4916 (class 2606 OID 513417)
-- Name: services_rels services_rels_posts_fk; Type: FK CONSTRAINT; Schema: public; Owner: postgres
--

ALTER TABLE ONLY public.services_rels
    ADD CONSTRAINT services_rels_posts_fk FOREIGN KEY (posts_id) REFERENCES public.posts(id) ON DELETE CASCADE;


--
-- TOC entry 4917 (class 2606 OID 513422)
-- Name: services_rels services_rels_services_fk; Type: FK CONSTRAINT; Schema: public; Owner: postgres
--

ALTER TABLE ONLY public.services_rels
    ADD CONSTRAINT services_rels_services_fk FOREIGN KEY (services_id) REFERENCES public.services(id) ON DELETE CASCADE;


--
-- TOC entry 4763 (class 2606 OID 473998)
-- Name: users users_avatar_id_media_id_fk; Type: FK CONSTRAINT; Schema: public; Owner: postgres
--

ALTER TABLE ONLY public.users
    ADD CONSTRAINT users_avatar_id_media_id_fk FOREIGN KEY (avatar_id) REFERENCES public.media(id) ON DELETE SET NULL;


--
-- TOC entry 4894 (class 2606 OID 473971)
-- Name: users_roles users_roles_parent_fk; Type: FK CONSTRAINT; Schema: public; Owner: postgres
--

ALTER TABLE ONLY public.users_roles
    ADD CONSTRAINT users_roles_parent_fk FOREIGN KEY (parent_id) REFERENCES public.users(id) ON DELETE CASCADE;


--
-- TOC entry 4762 (class 2606 OID 446782)
-- Name: users_sessions users_sessions_parent_id_fk; Type: FK CONSTRAINT; Schema: public; Owner: postgres
--

ALTER TABLE ONLY public.users_sessions
    ADD CONSTRAINT users_sessions_parent_id_fk FOREIGN KEY (_parent_id) REFERENCES public.users(id) ON DELETE CASCADE;


-- Completed on 2025-12-19 10:23:26 CET

--
-- PostgreSQL database dump complete
--

\unrestrict 2vvgJrahAkRHcJelPrSvlXgjbzPUEp7yE0OORSFj9DfhwVezdS179gQW7CK2ceE

