--
-- PostgreSQL database dump
--

\restrict 4dc1BT25OrIQUepQePkmOR3wfNU9Wyg5g7oKWKYbnOcj84J6ysC0KXIiaFLVINu

-- Dumped from database version 17.6 (Debian 17.6-1.pgdg12+1)
-- Dumped by pg_dump version 17.6 (Debian 17.6-1.pgdg12+1)

SET statement_timeout = 0;
SET lock_timeout = 0;
SET idle_in_transaction_session_timeout = 0;
SET transaction_timeout = 0;
SET client_encoding = 'UTF8';
SET standard_conforming_strings = on;
SELECT pg_catalog.set_config('search_path', '', false);
SET check_function_bodies = false;
SET xmloption = content;
SET client_min_messages = warning;
SET row_security = off;

ALTER TABLE IF EXISTS ONLY public.users_sessions DROP CONSTRAINT IF EXISTS users_sessions_parent_id_fk;
ALTER TABLE IF EXISTS ONLY public.users_roles DROP CONSTRAINT IF EXISTS users_roles_parent_fk;
ALTER TABLE IF EXISTS ONLY public.users DROP CONSTRAINT IF EXISTS users_avatar_id_media_id_fk;
ALTER TABLE IF EXISTS ONLY public.posts_rels DROP CONSTRAINT IF EXISTS posts_rels_users_fk;
ALTER TABLE IF EXISTS ONLY public.posts_rels DROP CONSTRAINT IF EXISTS posts_rels_tags_fk;
ALTER TABLE IF EXISTS ONLY public.posts_rels DROP CONSTRAINT IF EXISTS posts_rels_posts_fk;
ALTER TABLE IF EXISTS ONLY public.posts_rels DROP CONSTRAINT IF EXISTS posts_rels_parent_fk;
ALTER TABLE IF EXISTS ONLY public.posts_rels DROP CONSTRAINT IF EXISTS posts_rels_categories_fk;
ALTER TABLE IF EXISTS ONLY public.posts_populated_authors DROP CONSTRAINT IF EXISTS posts_populated_authors_parent_id_fk;
ALTER TABLE IF EXISTS ONLY public.posts DROP CONSTRAINT IF EXISTS posts_meta_image_id_media_id_fk;
ALTER TABLE IF EXISTS ONLY public.posts DROP CONSTRAINT IF EXISTS posts_hero_image_id_media_id_fk;
ALTER TABLE IF EXISTS ONLY public.payload_preferences_rels DROP CONSTRAINT IF EXISTS payload_preferences_rels_users_fk;
ALTER TABLE IF EXISTS ONLY public.payload_preferences_rels DROP CONSTRAINT IF EXISTS payload_preferences_rels_parent_fk;
ALTER TABLE IF EXISTS ONLY public.payload_locked_documents_rels DROP CONSTRAINT IF EXISTS payload_locked_documents_rels_videos_fk;
ALTER TABLE IF EXISTS ONLY public.payload_locked_documents_rels DROP CONSTRAINT IF EXISTS payload_locked_documents_rels_users_fk;
ALTER TABLE IF EXISTS ONLY public.payload_locked_documents_rels DROP CONSTRAINT IF EXISTS payload_locked_documents_rels_tags_fk;
ALTER TABLE IF EXISTS ONLY public.payload_locked_documents_rels DROP CONSTRAINT IF EXISTS payload_locked_documents_rels_posts_fk;
ALTER TABLE IF EXISTS ONLY public.payload_locked_documents_rels DROP CONSTRAINT IF EXISTS payload_locked_documents_rels_parent_fk;
ALTER TABLE IF EXISTS ONLY public.payload_locked_documents_rels DROP CONSTRAINT IF EXISTS payload_locked_documents_rels_pages_fk;
ALTER TABLE IF EXISTS ONLY public.payload_locked_documents_rels DROP CONSTRAINT IF EXISTS payload_locked_documents_rels_media_fk;
ALTER TABLE IF EXISTS ONLY public.payload_locked_documents_rels DROP CONSTRAINT IF EXISTS payload_locked_documents_rels_forms_fk;
ALTER TABLE IF EXISTS ONLY public.payload_locked_documents_rels DROP CONSTRAINT IF EXISTS payload_locked_documents_rels_form_submissions_fk;
ALTER TABLE IF EXISTS ONLY public.payload_locked_documents_rels DROP CONSTRAINT IF EXISTS payload_locked_documents_rels_documents_fk;
ALTER TABLE IF EXISTS ONLY public.payload_locked_documents_rels DROP CONSTRAINT IF EXISTS payload_locked_documents_rels_categories_fk;
ALTER TABLE IF EXISTS ONLY public.payload_jobs_log DROP CONSTRAINT IF EXISTS payload_jobs_log_parent_id_fk;
ALTER TABLE IF EXISTS ONLY public.pages_rels DROP CONSTRAINT IF EXISTS pages_rels_posts_fk;
ALTER TABLE IF EXISTS ONLY public.pages_rels DROP CONSTRAINT IF EXISTS pages_rels_parent_fk;
ALTER TABLE IF EXISTS ONLY public.pages_rels DROP CONSTRAINT IF EXISTS pages_rels_pages_fk;
ALTER TABLE IF EXISTS ONLY public.pages DROP CONSTRAINT IF EXISTS pages_meta_image_id_media_id_fk;
ALTER TABLE IF EXISTS ONLY public.pages DROP CONSTRAINT IF EXISTS pages_hero_media_id_media_id_fk;
ALTER TABLE IF EXISTS ONLY public.pages_hero_links DROP CONSTRAINT IF EXISTS pages_hero_links_parent_id_fk;
ALTER TABLE IF EXISTS ONLY public.pages_blocks_social_rrss DROP CONSTRAINT IF EXISTS pages_blocks_social_rrss_parent_id_fk;
ALTER TABLE IF EXISTS ONLY public.pages_blocks_social_rrss DROP CONSTRAINT IF EXISTS pages_blocks_social_rrss_icon_id_media_id_fk;
ALTER TABLE IF EXISTS ONLY public.pages_blocks_social DROP CONSTRAINT IF EXISTS pages_blocks_social_parent_id_fk;
ALTER TABLE IF EXISTS ONLY public.pages_blocks_simple_list_content DROP CONSTRAINT IF EXISTS pages_blocks_simple_list_content_parent_id_fk;
ALTER TABLE IF EXISTS ONLY public.pages_blocks_simple_list_content DROP CONSTRAINT IF EXISTS pages_blocks_simple_list_content_image_id_media_id_fk;
ALTER TABLE IF EXISTS ONLY public.pages_blocks_simple_list_content_blocks DROP CONSTRAINT IF EXISTS pages_blocks_simple_list_content_blocks_parent_id_fk;
ALTER TABLE IF EXISTS ONLY public.pages_blocks_simple_list_content_blocks DROP CONSTRAINT IF EXISTS pages_blocks_simple_list_content_blocks_media_id_media_id_fk;
ALTER TABLE IF EXISTS ONLY public.pages_blocks_service DROP CONSTRAINT IF EXISTS pages_blocks_service_parent_id_fk;
ALTER TABLE IF EXISTS ONLY public.pages_blocks_service_list_block DROP CONSTRAINT IF EXISTS pages_blocks_service_list_block_parent_id_fk;
ALTER TABLE IF EXISTS ONLY public.pages_blocks_service_list_block_blocks DROP CONSTRAINT IF EXISTS pages_blocks_service_list_block_blocks_parent_id_fk;
ALTER TABLE IF EXISTS ONLY public.pages_blocks_service_list_block_blocks DROP CONSTRAINT IF EXISTS pages_blocks_service_list_block_blocks_media_id_media_id_fk;
ALTER TABLE IF EXISTS ONLY public.pages_blocks_service_accordions DROP CONSTRAINT IF EXISTS pages_blocks_service_accordions_parent_id_fk;
ALTER TABLE IF EXISTS ONLY public.pages_blocks_quote_block DROP CONSTRAINT IF EXISTS pages_blocks_quote_block_parent_id_fk;
ALTER TABLE IF EXISTS ONLY public.pages_blocks_quote_block_links DROP CONSTRAINT IF EXISTS pages_blocks_quote_block_links_parent_id_fk;
ALTER TABLE IF EXISTS ONLY public.pages_blocks_quote_block DROP CONSTRAINT IF EXISTS pages_blocks_quote_block_image_id_media_id_fk;
ALTER TABLE IF EXISTS ONLY public.pages_blocks_post_carousel_block DROP CONSTRAINT IF EXISTS pages_blocks_post_carousel_block_parent_id_fk;
ALTER TABLE IF EXISTS ONLY public.pages_blocks_media_block DROP CONSTRAINT IF EXISTS pages_blocks_media_block_parent_id_fk;
ALTER TABLE IF EXISTS ONLY public.pages_blocks_media_block DROP CONSTRAINT IF EXISTS pages_blocks_media_block_media_id_media_id_fk;
ALTER TABLE IF EXISTS ONLY public.pages_blocks_list_content DROP CONSTRAINT IF EXISTS pages_blocks_list_content_parent_id_fk;
ALTER TABLE IF EXISTS ONLY public.pages_blocks_list_content DROP CONSTRAINT IF EXISTS pages_blocks_list_content_field_image_id_media_id_fk;
ALTER TABLE IF EXISTS ONLY public.pages_blocks_list_content_blocks DROP CONSTRAINT IF EXISTS pages_blocks_list_content_blocks_parent_id_fk;
ALTER TABLE IF EXISTS ONLY public.pages_blocks_list_content_blocks DROP CONSTRAINT IF EXISTS pages_blocks_list_content_blocks_media_id_media_id_fk;
ALTER TABLE IF EXISTS ONLY public.pages_blocks_frequently_questions_block_questions DROP CONSTRAINT IF EXISTS pages_blocks_frequently_questions_block_questions_parent_id_fk;
ALTER TABLE IF EXISTS ONLY public.pages_blocks_frequently_questions_block DROP CONSTRAINT IF EXISTS pages_blocks_frequently_questions_block_parent_id_fk;
ALTER TABLE IF EXISTS ONLY public.pages_blocks_frequently_questions_block DROP CONSTRAINT IF EXISTS pages_blocks_frequently_questions_block_image_id_media_id_fk;
ALTER TABLE IF EXISTS ONLY public.pages_blocks_form_block DROP CONSTRAINT IF EXISTS pages_blocks_form_block_parent_id_fk;
ALTER TABLE IF EXISTS ONLY public.pages_blocks_form_block DROP CONSTRAINT IF EXISTS pages_blocks_form_block_form_id_forms_id_fk;
ALTER TABLE IF EXISTS ONLY public.pages_blocks_cta DROP CONSTRAINT IF EXISTS pages_blocks_cta_parent_id_fk;
ALTER TABLE IF EXISTS ONLY public.pages_blocks_cta DROP CONSTRAINT IF EXISTS pages_blocks_cta_media_id_media_id_fk;
ALTER TABLE IF EXISTS ONLY public.pages_blocks_cta_links DROP CONSTRAINT IF EXISTS pages_blocks_cta_links_parent_id_fk;
ALTER TABLE IF EXISTS ONLY public.pages_blocks_content DROP CONSTRAINT IF EXISTS pages_blocks_content_parent_id_fk;
ALTER TABLE IF EXISTS ONLY public.pages_blocks_content DROP CONSTRAINT IF EXISTS pages_blocks_content_image_id_media_id_fk;
ALTER TABLE IF EXISTS ONLY public.pages_blocks_box_content DROP CONSTRAINT IF EXISTS pages_blocks_box_content_parent_id_fk;
ALTER TABLE IF EXISTS ONLY public.pages_blocks_box_content_boxes DROP CONSTRAINT IF EXISTS pages_blocks_box_content_boxes_parent_id_fk;
ALTER TABLE IF EXISTS ONLY public.pages_blocks_box_content_boxes DROP CONSTRAINT IF EXISTS pages_blocks_box_content_boxes_media_id_media_id_fk;
ALTER TABLE IF EXISTS ONLY public.header_rels DROP CONSTRAINT IF EXISTS header_rels_posts_fk;
ALTER TABLE IF EXISTS ONLY public.header_rels DROP CONSTRAINT IF EXISTS header_rels_parent_fk;
ALTER TABLE IF EXISTS ONLY public.header_rels DROP CONSTRAINT IF EXISTS header_rels_pages_fk;
ALTER TABLE IF EXISTS ONLY public.header_nav_items DROP CONSTRAINT IF EXISTS header_nav_items_parent_id_fk;
ALTER TABLE IF EXISTS ONLY public.header_nav_items_nav_links DROP CONSTRAINT IF EXISTS header_nav_items_nav_links_parent_id_fk;
ALTER TABLE IF EXISTS ONLY public.header_nav_items_nav_links_items_sub_items DROP CONSTRAINT IF EXISTS header_nav_items_nav_links_items_sub_items_parent_id_fk;
ALTER TABLE IF EXISTS ONLY public.header_nav_items_nav_links_items_sub_items DROP CONSTRAINT IF EXISTS header_nav_items_nav_links_items_sub_items_image_id_media_id_fk;
ALTER TABLE IF EXISTS ONLY public.header_nav_items_nav_links_items DROP CONSTRAINT IF EXISTS header_nav_items_nav_links_items_parent_id_fk;
ALTER TABLE IF EXISTS ONLY public.forms_emails DROP CONSTRAINT IF EXISTS forms_emails_parent_id_fk;
ALTER TABLE IF EXISTS ONLY public.forms_blocks_textarea DROP CONSTRAINT IF EXISTS forms_blocks_textarea_parent_id_fk;
ALTER TABLE IF EXISTS ONLY public.forms_blocks_text DROP CONSTRAINT IF EXISTS forms_blocks_text_parent_id_fk;
ALTER TABLE IF EXISTS ONLY public.forms_blocks_select DROP CONSTRAINT IF EXISTS forms_blocks_select_parent_id_fk;
ALTER TABLE IF EXISTS ONLY public.forms_blocks_select_options DROP CONSTRAINT IF EXISTS forms_blocks_select_options_parent_id_fk;
ALTER TABLE IF EXISTS ONLY public.forms_blocks_radio DROP CONSTRAINT IF EXISTS forms_blocks_radio_parent_id_fk;
ALTER TABLE IF EXISTS ONLY public.forms_blocks_radio_options DROP CONSTRAINT IF EXISTS forms_blocks_radio_options_parent_id_fk;
ALTER TABLE IF EXISTS ONLY public.forms_blocks_radio_options DROP CONSTRAINT IF EXISTS forms_blocks_radio_options_image_id_media_id_fk;
ALTER TABLE IF EXISTS ONLY public.forms_blocks_message DROP CONSTRAINT IF EXISTS forms_blocks_message_parent_id_fk;
ALTER TABLE IF EXISTS ONLY public.forms_blocks_email DROP CONSTRAINT IF EXISTS forms_blocks_email_parent_id_fk;
ALTER TABLE IF EXISTS ONLY public.forms_blocks_checkbox DROP CONSTRAINT IF EXISTS forms_blocks_checkbox_parent_id_fk;
ALTER TABLE IF EXISTS ONLY public.form_submissions_submission_data DROP CONSTRAINT IF EXISTS form_submissions_submission_data_parent_id_fk;
ALTER TABLE IF EXISTS ONLY public.form_submissions DROP CONSTRAINT IF EXISTS form_submissions_form_id_forms_id_fk;
ALTER TABLE IF EXISTS ONLY public.footer_rels DROP CONSTRAINT IF EXISTS footer_rels_posts_fk;
ALTER TABLE IF EXISTS ONLY public.footer_rels DROP CONSTRAINT IF EXISTS footer_rels_parent_fk;
ALTER TABLE IF EXISTS ONLY public.footer_rels DROP CONSTRAINT IF EXISTS footer_rels_pages_fk;
ALTER TABLE IF EXISTS ONLY public.footer_nav_items DROP CONSTRAINT IF EXISTS footer_nav_items_parent_id_fk;
ALTER TABLE IF EXISTS ONLY public._posts_v_version_populated_authors DROP CONSTRAINT IF EXISTS _posts_v_version_populated_authors_parent_id_fk;
ALTER TABLE IF EXISTS ONLY public._posts_v DROP CONSTRAINT IF EXISTS _posts_v_version_meta_image_id_media_id_fk;
ALTER TABLE IF EXISTS ONLY public._posts_v DROP CONSTRAINT IF EXISTS _posts_v_version_hero_image_id_media_id_fk;
ALTER TABLE IF EXISTS ONLY public._posts_v_rels DROP CONSTRAINT IF EXISTS _posts_v_rels_users_fk;
ALTER TABLE IF EXISTS ONLY public._posts_v_rels DROP CONSTRAINT IF EXISTS _posts_v_rels_tags_fk;
ALTER TABLE IF EXISTS ONLY public._posts_v_rels DROP CONSTRAINT IF EXISTS _posts_v_rels_posts_fk;
ALTER TABLE IF EXISTS ONLY public._posts_v_rels DROP CONSTRAINT IF EXISTS _posts_v_rels_parent_fk;
ALTER TABLE IF EXISTS ONLY public._posts_v_rels DROP CONSTRAINT IF EXISTS _posts_v_rels_categories_fk;
ALTER TABLE IF EXISTS ONLY public._posts_v DROP CONSTRAINT IF EXISTS _posts_v_parent_id_posts_id_fk;
ALTER TABLE IF EXISTS ONLY public._pages_v DROP CONSTRAINT IF EXISTS _pages_v_version_meta_image_id_media_id_fk;
ALTER TABLE IF EXISTS ONLY public._pages_v DROP CONSTRAINT IF EXISTS _pages_v_version_hero_media_id_media_id_fk;
ALTER TABLE IF EXISTS ONLY public._pages_v_version_hero_links DROP CONSTRAINT IF EXISTS _pages_v_version_hero_links_parent_id_fk;
ALTER TABLE IF EXISTS ONLY public._pages_v_rels DROP CONSTRAINT IF EXISTS _pages_v_rels_posts_fk;
ALTER TABLE IF EXISTS ONLY public._pages_v_rels DROP CONSTRAINT IF EXISTS _pages_v_rels_parent_fk;
ALTER TABLE IF EXISTS ONLY public._pages_v_rels DROP CONSTRAINT IF EXISTS _pages_v_rels_pages_fk;
ALTER TABLE IF EXISTS ONLY public._pages_v DROP CONSTRAINT IF EXISTS _pages_v_parent_id_pages_id_fk;
ALTER TABLE IF EXISTS ONLY public._pages_v_blocks_social_rrss DROP CONSTRAINT IF EXISTS _pages_v_blocks_social_rrss_parent_id_fk;
ALTER TABLE IF EXISTS ONLY public._pages_v_blocks_social_rrss DROP CONSTRAINT IF EXISTS _pages_v_blocks_social_rrss_icon_id_media_id_fk;
ALTER TABLE IF EXISTS ONLY public._pages_v_blocks_social DROP CONSTRAINT IF EXISTS _pages_v_blocks_social_parent_id_fk;
ALTER TABLE IF EXISTS ONLY public._pages_v_blocks_simple_list_content DROP CONSTRAINT IF EXISTS _pages_v_blocks_simple_list_content_parent_id_fk;
ALTER TABLE IF EXISTS ONLY public._pages_v_blocks_simple_list_content DROP CONSTRAINT IF EXISTS _pages_v_blocks_simple_list_content_image_id_media_id_fk;
ALTER TABLE IF EXISTS ONLY public._pages_v_blocks_simple_list_content_blocks DROP CONSTRAINT IF EXISTS _pages_v_blocks_simple_list_content_blocks_parent_id_fk;
ALTER TABLE IF EXISTS ONLY public._pages_v_blocks_simple_list_content_blocks DROP CONSTRAINT IF EXISTS _pages_v_blocks_simple_list_content_blocks_media_id_media_id_fk;
ALTER TABLE IF EXISTS ONLY public._pages_v_blocks_service DROP CONSTRAINT IF EXISTS _pages_v_blocks_service_parent_id_fk;
ALTER TABLE IF EXISTS ONLY public._pages_v_blocks_service_list_block DROP CONSTRAINT IF EXISTS _pages_v_blocks_service_list_block_parent_id_fk;
ALTER TABLE IF EXISTS ONLY public._pages_v_blocks_service_list_block_blocks DROP CONSTRAINT IF EXISTS _pages_v_blocks_service_list_block_blocks_parent_id_fk;
ALTER TABLE IF EXISTS ONLY public._pages_v_blocks_service_list_block_blocks DROP CONSTRAINT IF EXISTS _pages_v_blocks_service_list_block_blocks_media_id_media_id_fk;
ALTER TABLE IF EXISTS ONLY public._pages_v_blocks_service_accordions DROP CONSTRAINT IF EXISTS _pages_v_blocks_service_accordions_parent_id_fk;
ALTER TABLE IF EXISTS ONLY public._pages_v_blocks_quote_block DROP CONSTRAINT IF EXISTS _pages_v_blocks_quote_block_parent_id_fk;
ALTER TABLE IF EXISTS ONLY public._pages_v_blocks_quote_block_links DROP CONSTRAINT IF EXISTS _pages_v_blocks_quote_block_links_parent_id_fk;
ALTER TABLE IF EXISTS ONLY public._pages_v_blocks_quote_block DROP CONSTRAINT IF EXISTS _pages_v_blocks_quote_block_image_id_media_id_fk;
ALTER TABLE IF EXISTS ONLY public._pages_v_blocks_post_carousel_block DROP CONSTRAINT IF EXISTS _pages_v_blocks_post_carousel_block_parent_id_fk;
ALTER TABLE IF EXISTS ONLY public._pages_v_blocks_media_block DROP CONSTRAINT IF EXISTS _pages_v_blocks_media_block_parent_id_fk;
ALTER TABLE IF EXISTS ONLY public._pages_v_blocks_media_block DROP CONSTRAINT IF EXISTS _pages_v_blocks_media_block_media_id_media_id_fk;
ALTER TABLE IF EXISTS ONLY public._pages_v_blocks_list_content DROP CONSTRAINT IF EXISTS _pages_v_blocks_list_content_parent_id_fk;
ALTER TABLE IF EXISTS ONLY public._pages_v_blocks_list_content DROP CONSTRAINT IF EXISTS _pages_v_blocks_list_content_field_image_id_media_id_fk;
ALTER TABLE IF EXISTS ONLY public._pages_v_blocks_list_content_blocks DROP CONSTRAINT IF EXISTS _pages_v_blocks_list_content_blocks_parent_id_fk;
ALTER TABLE IF EXISTS ONLY public._pages_v_blocks_list_content_blocks DROP CONSTRAINT IF EXISTS _pages_v_blocks_list_content_blocks_media_id_media_id_fk;
ALTER TABLE IF EXISTS ONLY public._pages_v_blocks_frequently_questions_block_questions DROP CONSTRAINT IF EXISTS _pages_v_blocks_frequently_questions_block_questions_parent_id_;
ALTER TABLE IF EXISTS ONLY public._pages_v_blocks_frequently_questions_block DROP CONSTRAINT IF EXISTS _pages_v_blocks_frequently_questions_block_parent_id_fk;
ALTER TABLE IF EXISTS ONLY public._pages_v_blocks_frequently_questions_block DROP CONSTRAINT IF EXISTS _pages_v_blocks_frequently_questions_block_image_id_media_id_fk;
ALTER TABLE IF EXISTS ONLY public._pages_v_blocks_form_block DROP CONSTRAINT IF EXISTS _pages_v_blocks_form_block_parent_id_fk;
ALTER TABLE IF EXISTS ONLY public._pages_v_blocks_form_block DROP CONSTRAINT IF EXISTS _pages_v_blocks_form_block_form_id_forms_id_fk;
ALTER TABLE IF EXISTS ONLY public._pages_v_blocks_cta DROP CONSTRAINT IF EXISTS _pages_v_blocks_cta_parent_id_fk;
ALTER TABLE IF EXISTS ONLY public._pages_v_blocks_cta DROP CONSTRAINT IF EXISTS _pages_v_blocks_cta_media_id_media_id_fk;
ALTER TABLE IF EXISTS ONLY public._pages_v_blocks_cta_links DROP CONSTRAINT IF EXISTS _pages_v_blocks_cta_links_parent_id_fk;
ALTER TABLE IF EXISTS ONLY public._pages_v_blocks_content DROP CONSTRAINT IF EXISTS _pages_v_blocks_content_parent_id_fk;
ALTER TABLE IF EXISTS ONLY public._pages_v_blocks_content DROP CONSTRAINT IF EXISTS _pages_v_blocks_content_image_id_media_id_fk;
ALTER TABLE IF EXISTS ONLY public._pages_v_blocks_box_content DROP CONSTRAINT IF EXISTS _pages_v_blocks_box_content_parent_id_fk;
ALTER TABLE IF EXISTS ONLY public._pages_v_blocks_box_content_boxes DROP CONSTRAINT IF EXISTS _pages_v_blocks_box_content_boxes_parent_id_fk;
ALTER TABLE IF EXISTS ONLY public._pages_v_blocks_box_content_boxes DROP CONSTRAINT IF EXISTS _pages_v_blocks_box_content_boxes_media_id_media_id_fk;
DROP INDEX IF EXISTS public.videos_updated_at_idx;
DROP INDEX IF EXISTS public.videos_filename_idx;
DROP INDEX IF EXISTS public.videos_created_at_idx;
DROP INDEX IF EXISTS public.users_updated_at_idx;
DROP INDEX IF EXISTS public.users_sessions_parent_id_idx;
DROP INDEX IF EXISTS public.users_sessions_order_idx;
DROP INDEX IF EXISTS public.users_roles_parent_idx;
DROP INDEX IF EXISTS public.users_roles_order_idx;
DROP INDEX IF EXISTS public.users_email_idx;
DROP INDEX IF EXISTS public.users_created_at_idx;
DROP INDEX IF EXISTS public.users_avatar_idx;
DROP INDEX IF EXISTS public.tags_updated_at_idx;
DROP INDEX IF EXISTS public.tags_slug_idx;
DROP INDEX IF EXISTS public.tags_created_at_idx;
DROP INDEX IF EXISTS public.posts_updated_at_idx;
DROP INDEX IF EXISTS public.posts_slug_idx;
DROP INDEX IF EXISTS public.posts_rels_users_id_idx;
DROP INDEX IF EXISTS public.posts_rels_tags_id_idx;
DROP INDEX IF EXISTS public.posts_rels_posts_id_idx;
DROP INDEX IF EXISTS public.posts_rels_path_idx;
DROP INDEX IF EXISTS public.posts_rels_parent_idx;
DROP INDEX IF EXISTS public.posts_rels_order_idx;
DROP INDEX IF EXISTS public.posts_rels_categories_id_idx;
DROP INDEX IF EXISTS public.posts_populated_authors_parent_id_idx;
DROP INDEX IF EXISTS public.posts_populated_authors_order_idx;
DROP INDEX IF EXISTS public.posts_meta_meta_image_idx;
DROP INDEX IF EXISTS public.posts_hero_image_idx;
DROP INDEX IF EXISTS public.posts_created_at_idx;
DROP INDEX IF EXISTS public.posts__status_idx;
DROP INDEX IF EXISTS public.payload_preferences_updated_at_idx;
DROP INDEX IF EXISTS public.payload_preferences_rels_users_id_idx;
DROP INDEX IF EXISTS public.payload_preferences_rels_path_idx;
DROP INDEX IF EXISTS public.payload_preferences_rels_parent_idx;
DROP INDEX IF EXISTS public.payload_preferences_rels_order_idx;
DROP INDEX IF EXISTS public.payload_preferences_key_idx;
DROP INDEX IF EXISTS public.payload_preferences_created_at_idx;
DROP INDEX IF EXISTS public.payload_migrations_updated_at_idx;
DROP INDEX IF EXISTS public.payload_migrations_created_at_idx;
DROP INDEX IF EXISTS public.payload_locked_documents_updated_at_idx;
DROP INDEX IF EXISTS public.payload_locked_documents_rels_videos_id_idx;
DROP INDEX IF EXISTS public.payload_locked_documents_rels_users_id_idx;
DROP INDEX IF EXISTS public.payload_locked_documents_rels_tags_id_idx;
DROP INDEX IF EXISTS public.payload_locked_documents_rels_posts_id_idx;
DROP INDEX IF EXISTS public.payload_locked_documents_rels_path_idx;
DROP INDEX IF EXISTS public.payload_locked_documents_rels_parent_idx;
DROP INDEX IF EXISTS public.payload_locked_documents_rels_pages_id_idx;
DROP INDEX IF EXISTS public.payload_locked_documents_rels_order_idx;
DROP INDEX IF EXISTS public.payload_locked_documents_rels_media_id_idx;
DROP INDEX IF EXISTS public.payload_locked_documents_rels_forms_id_idx;
DROP INDEX IF EXISTS public.payload_locked_documents_rels_form_submissions_id_idx;
DROP INDEX IF EXISTS public.payload_locked_documents_rels_documents_id_idx;
DROP INDEX IF EXISTS public.payload_locked_documents_rels_categories_id_idx;
DROP INDEX IF EXISTS public.payload_locked_documents_global_slug_idx;
DROP INDEX IF EXISTS public.payload_locked_documents_created_at_idx;
DROP INDEX IF EXISTS public.payload_kv_key_idx;
DROP INDEX IF EXISTS public.payload_jobs_wait_until_idx;
DROP INDEX IF EXISTS public.payload_jobs_updated_at_idx;
DROP INDEX IF EXISTS public.payload_jobs_total_tried_idx;
DROP INDEX IF EXISTS public.payload_jobs_task_slug_idx;
DROP INDEX IF EXISTS public.payload_jobs_queue_idx;
DROP INDEX IF EXISTS public.payload_jobs_processing_idx;
DROP INDEX IF EXISTS public.payload_jobs_log_parent_id_idx;
DROP INDEX IF EXISTS public.payload_jobs_log_order_idx;
DROP INDEX IF EXISTS public.payload_jobs_has_error_idx;
DROP INDEX IF EXISTS public.payload_jobs_created_at_idx;
DROP INDEX IF EXISTS public.payload_jobs_completed_at_idx;
DROP INDEX IF EXISTS public.pages_updated_at_idx;
DROP INDEX IF EXISTS public.pages_slug_idx;
DROP INDEX IF EXISTS public.pages_rels_posts_id_idx;
DROP INDEX IF EXISTS public.pages_rels_path_idx;
DROP INDEX IF EXISTS public.pages_rels_parent_idx;
DROP INDEX IF EXISTS public.pages_rels_pages_id_idx;
DROP INDEX IF EXISTS public.pages_rels_order_idx;
DROP INDEX IF EXISTS public.pages_meta_meta_image_idx;
DROP INDEX IF EXISTS public.pages_hero_links_parent_id_idx;
DROP INDEX IF EXISTS public.pages_hero_links_order_idx;
DROP INDEX IF EXISTS public.pages_hero_hero_media_idx;
DROP INDEX IF EXISTS public.pages_created_at_idx;
DROP INDEX IF EXISTS public.pages_blocks_social_rrss_parent_id_idx;
DROP INDEX IF EXISTS public.pages_blocks_social_rrss_order_idx;
DROP INDEX IF EXISTS public.pages_blocks_social_rrss_icon_idx;
DROP INDEX IF EXISTS public.pages_blocks_social_path_idx;
DROP INDEX IF EXISTS public.pages_blocks_social_parent_id_idx;
DROP INDEX IF EXISTS public.pages_blocks_social_order_idx;
DROP INDEX IF EXISTS public.pages_blocks_simple_list_content_path_idx;
DROP INDEX IF EXISTS public.pages_blocks_simple_list_content_parent_id_idx;
DROP INDEX IF EXISTS public.pages_blocks_simple_list_content_order_idx;
DROP INDEX IF EXISTS public.pages_blocks_simple_list_content_image_idx;
DROP INDEX IF EXISTS public.pages_blocks_simple_list_content_blocks_parent_id_idx;
DROP INDEX IF EXISTS public.pages_blocks_simple_list_content_blocks_order_idx;
DROP INDEX IF EXISTS public.pages_blocks_simple_list_content_blocks_media_idx;
DROP INDEX IF EXISTS public.pages_blocks_service_path_idx;
DROP INDEX IF EXISTS public.pages_blocks_service_parent_id_idx;
DROP INDEX IF EXISTS public.pages_blocks_service_order_idx;
DROP INDEX IF EXISTS public.pages_blocks_service_list_block_section_name_idx;
DROP INDEX IF EXISTS public.pages_blocks_service_list_block_path_idx;
DROP INDEX IF EXISTS public.pages_blocks_service_list_block_parent_id_idx;
DROP INDEX IF EXISTS public.pages_blocks_service_list_block_order_idx;
DROP INDEX IF EXISTS public.pages_blocks_service_list_block_blocks_parent_id_idx;
DROP INDEX IF EXISTS public.pages_blocks_service_list_block_blocks_order_idx;
DROP INDEX IF EXISTS public.pages_blocks_service_list_block_blocks_media_idx;
DROP INDEX IF EXISTS public.pages_blocks_service_accordions_parent_id_idx;
DROP INDEX IF EXISTS public.pages_blocks_service_accordions_order_idx;
DROP INDEX IF EXISTS public.pages_blocks_quote_block_section_name_idx;
DROP INDEX IF EXISTS public.pages_blocks_quote_block_path_idx;
DROP INDEX IF EXISTS public.pages_blocks_quote_block_parent_id_idx;
DROP INDEX IF EXISTS public.pages_blocks_quote_block_order_idx;
DROP INDEX IF EXISTS public.pages_blocks_quote_block_links_parent_id_idx;
DROP INDEX IF EXISTS public.pages_blocks_quote_block_links_order_idx;
DROP INDEX IF EXISTS public.pages_blocks_quote_block_image_idx;
DROP INDEX IF EXISTS public.pages_blocks_post_carousel_block_path_idx;
DROP INDEX IF EXISTS public.pages_blocks_post_carousel_block_parent_id_idx;
DROP INDEX IF EXISTS public.pages_blocks_post_carousel_block_order_idx;
DROP INDEX IF EXISTS public.pages_blocks_media_block_path_idx;
DROP INDEX IF EXISTS public.pages_blocks_media_block_parent_id_idx;
DROP INDEX IF EXISTS public.pages_blocks_media_block_order_idx;
DROP INDEX IF EXISTS public.pages_blocks_media_block_media_idx;
DROP INDEX IF EXISTS public.pages_blocks_list_content_section_name_idx;
DROP INDEX IF EXISTS public.pages_blocks_list_content_path_idx;
DROP INDEX IF EXISTS public.pages_blocks_list_content_parent_id_idx;
DROP INDEX IF EXISTS public.pages_blocks_list_content_order_idx;
DROP INDEX IF EXISTS public.pages_blocks_list_content_field_image_idx;
DROP INDEX IF EXISTS public.pages_blocks_list_content_blocks_parent_id_idx;
DROP INDEX IF EXISTS public.pages_blocks_list_content_blocks_order_idx;
DROP INDEX IF EXISTS public.pages_blocks_list_content_blocks_media_idx;
DROP INDEX IF EXISTS public.pages_blocks_frequently_questions_block_section_name_idx;
DROP INDEX IF EXISTS public.pages_blocks_frequently_questions_block_questions_parent_id_idx;
DROP INDEX IF EXISTS public.pages_blocks_frequently_questions_block_questions_order_idx;
DROP INDEX IF EXISTS public.pages_blocks_frequently_questions_block_path_idx;
DROP INDEX IF EXISTS public.pages_blocks_frequently_questions_block_parent_id_idx;
DROP INDEX IF EXISTS public.pages_blocks_frequently_questions_block_order_idx;
DROP INDEX IF EXISTS public.pages_blocks_frequently_questions_block_image_idx;
DROP INDEX IF EXISTS public.pages_blocks_form_block_path_idx;
DROP INDEX IF EXISTS public.pages_blocks_form_block_parent_id_idx;
DROP INDEX IF EXISTS public.pages_blocks_form_block_order_idx;
DROP INDEX IF EXISTS public.pages_blocks_form_block_form_idx;
DROP INDEX IF EXISTS public.pages_blocks_cta_path_idx;
DROP INDEX IF EXISTS public.pages_blocks_cta_parent_id_idx;
DROP INDEX IF EXISTS public.pages_blocks_cta_order_idx;
DROP INDEX IF EXISTS public.pages_blocks_cta_media_idx;
DROP INDEX IF EXISTS public.pages_blocks_cta_links_parent_id_idx;
DROP INDEX IF EXISTS public.pages_blocks_cta_links_order_idx;
DROP INDEX IF EXISTS public.pages_blocks_content_section_name_idx;
DROP INDEX IF EXISTS public.pages_blocks_content_path_idx;
DROP INDEX IF EXISTS public.pages_blocks_content_parent_id_idx;
DROP INDEX IF EXISTS public.pages_blocks_content_order_idx;
DROP INDEX IF EXISTS public.pages_blocks_content_image_idx;
DROP INDEX IF EXISTS public.pages_blocks_box_content_path_idx;
DROP INDEX IF EXISTS public.pages_blocks_box_content_parent_id_idx;
DROP INDEX IF EXISTS public.pages_blocks_box_content_order_idx;
DROP INDEX IF EXISTS public.pages_blocks_box_content_boxes_parent_id_idx;
DROP INDEX IF EXISTS public.pages_blocks_box_content_boxes_order_idx;
DROP INDEX IF EXISTS public.pages_blocks_box_content_boxes_media_idx;
DROP INDEX IF EXISTS public.pages__status_idx;
DROP INDEX IF EXISTS public.media_updated_at_idx;
DROP INDEX IF EXISTS public.media_filename_idx;
DROP INDEX IF EXISTS public.media_created_at_idx;
DROP INDEX IF EXISTS public.header_rels_posts_id_idx;
DROP INDEX IF EXISTS public.header_rels_path_idx;
DROP INDEX IF EXISTS public.header_rels_parent_idx;
DROP INDEX IF EXISTS public.header_rels_pages_id_idx;
DROP INDEX IF EXISTS public.header_rels_order_idx;
DROP INDEX IF EXISTS public.header_nav_items_parent_id_idx;
DROP INDEX IF EXISTS public.header_nav_items_order_idx;
DROP INDEX IF EXISTS public.header_nav_items_nav_links_parent_id_idx;
DROP INDEX IF EXISTS public.header_nav_items_nav_links_order_idx;
DROP INDEX IF EXISTS public.header_nav_items_nav_links_items_sub_items_parent_id_idx;
DROP INDEX IF EXISTS public.header_nav_items_nav_links_items_sub_items_order_idx;
DROP INDEX IF EXISTS public.header_nav_items_nav_links_items_sub_items_image_idx;
DROP INDEX IF EXISTS public.header_nav_items_nav_links_items_parent_id_idx;
DROP INDEX IF EXISTS public.header_nav_items_nav_links_items_order_idx;
DROP INDEX IF EXISTS public.forms_updated_at_idx;
DROP INDEX IF EXISTS public.forms_emails_parent_id_idx;
DROP INDEX IF EXISTS public.forms_emails_order_idx;
DROP INDEX IF EXISTS public.forms_created_at_idx;
DROP INDEX IF EXISTS public.forms_blocks_textarea_path_idx;
DROP INDEX IF EXISTS public.forms_blocks_textarea_parent_id_idx;
DROP INDEX IF EXISTS public.forms_blocks_textarea_order_idx;
DROP INDEX IF EXISTS public.forms_blocks_text_path_idx;
DROP INDEX IF EXISTS public.forms_blocks_text_parent_id_idx;
DROP INDEX IF EXISTS public.forms_blocks_text_order_idx;
DROP INDEX IF EXISTS public.forms_blocks_select_path_idx;
DROP INDEX IF EXISTS public.forms_blocks_select_parent_id_idx;
DROP INDEX IF EXISTS public.forms_blocks_select_order_idx;
DROP INDEX IF EXISTS public.forms_blocks_select_options_parent_id_idx;
DROP INDEX IF EXISTS public.forms_blocks_select_options_order_idx;
DROP INDEX IF EXISTS public.forms_blocks_radio_path_idx;
DROP INDEX IF EXISTS public.forms_blocks_radio_parent_id_idx;
DROP INDEX IF EXISTS public.forms_blocks_radio_order_idx;
DROP INDEX IF EXISTS public.forms_blocks_radio_options_parent_id_idx;
DROP INDEX IF EXISTS public.forms_blocks_radio_options_order_idx;
DROP INDEX IF EXISTS public.forms_blocks_radio_options_image_idx;
DROP INDEX IF EXISTS public.forms_blocks_message_path_idx;
DROP INDEX IF EXISTS public.forms_blocks_message_parent_id_idx;
DROP INDEX IF EXISTS public.forms_blocks_message_order_idx;
DROP INDEX IF EXISTS public.forms_blocks_email_path_idx;
DROP INDEX IF EXISTS public.forms_blocks_email_parent_id_idx;
DROP INDEX IF EXISTS public.forms_blocks_email_order_idx;
DROP INDEX IF EXISTS public.forms_blocks_checkbox_path_idx;
DROP INDEX IF EXISTS public.forms_blocks_checkbox_parent_id_idx;
DROP INDEX IF EXISTS public.forms_blocks_checkbox_order_idx;
DROP INDEX IF EXISTS public.form_submissions_updated_at_idx;
DROP INDEX IF EXISTS public.form_submissions_submission_data_parent_id_idx;
DROP INDEX IF EXISTS public.form_submissions_submission_data_order_idx;
DROP INDEX IF EXISTS public.form_submissions_form_idx;
DROP INDEX IF EXISTS public.form_submissions_created_at_idx;
DROP INDEX IF EXISTS public.footer_rels_posts_id_idx;
DROP INDEX IF EXISTS public.footer_rels_path_idx;
DROP INDEX IF EXISTS public.footer_rels_parent_idx;
DROP INDEX IF EXISTS public.footer_rels_pages_id_idx;
DROP INDEX IF EXISTS public.footer_rels_order_idx;
DROP INDEX IF EXISTS public.footer_nav_items_parent_id_idx;
DROP INDEX IF EXISTS public.footer_nav_items_order_idx;
DROP INDEX IF EXISTS public.documents_updated_at_idx;
DROP INDEX IF EXISTS public.documents_filename_idx;
DROP INDEX IF EXISTS public.documents_created_at_idx;
DROP INDEX IF EXISTS public.categories_updated_at_idx;
DROP INDEX IF EXISTS public.categories_slug_idx;
DROP INDEX IF EXISTS public.categories_created_at_idx;
DROP INDEX IF EXISTS public._posts_v_version_version_updated_at_idx;
DROP INDEX IF EXISTS public._posts_v_version_version_slug_idx;
DROP INDEX IF EXISTS public._posts_v_version_version_hero_image_idx;
DROP INDEX IF EXISTS public._posts_v_version_version_created_at_idx;
DROP INDEX IF EXISTS public._posts_v_version_version__status_idx;
DROP INDEX IF EXISTS public._posts_v_version_populated_authors_parent_id_idx;
DROP INDEX IF EXISTS public._posts_v_version_populated_authors_order_idx;
DROP INDEX IF EXISTS public._posts_v_version_meta_version_meta_image_idx;
DROP INDEX IF EXISTS public._posts_v_updated_at_idx;
DROP INDEX IF EXISTS public._posts_v_rels_users_id_idx;
DROP INDEX IF EXISTS public._posts_v_rels_tags_id_idx;
DROP INDEX IF EXISTS public._posts_v_rels_posts_id_idx;
DROP INDEX IF EXISTS public._posts_v_rels_path_idx;
DROP INDEX IF EXISTS public._posts_v_rels_parent_idx;
DROP INDEX IF EXISTS public._posts_v_rels_order_idx;
DROP INDEX IF EXISTS public._posts_v_rels_categories_id_idx;
DROP INDEX IF EXISTS public._posts_v_parent_idx;
DROP INDEX IF EXISTS public._posts_v_latest_idx;
DROP INDEX IF EXISTS public._posts_v_created_at_idx;
DROP INDEX IF EXISTS public._posts_v_autosave_idx;
DROP INDEX IF EXISTS public._pages_v_version_version_updated_at_idx;
DROP INDEX IF EXISTS public._pages_v_version_version_slug_idx;
DROP INDEX IF EXISTS public._pages_v_version_version_created_at_idx;
DROP INDEX IF EXISTS public._pages_v_version_version__status_idx;
DROP INDEX IF EXISTS public._pages_v_version_meta_version_meta_image_idx;
DROP INDEX IF EXISTS public._pages_v_version_hero_version_hero_media_idx;
DROP INDEX IF EXISTS public._pages_v_version_hero_links_parent_id_idx;
DROP INDEX IF EXISTS public._pages_v_version_hero_links_order_idx;
DROP INDEX IF EXISTS public._pages_v_updated_at_idx;
DROP INDEX IF EXISTS public._pages_v_rels_posts_id_idx;
DROP INDEX IF EXISTS public._pages_v_rels_path_idx;
DROP INDEX IF EXISTS public._pages_v_rels_parent_idx;
DROP INDEX IF EXISTS public._pages_v_rels_pages_id_idx;
DROP INDEX IF EXISTS public._pages_v_rels_order_idx;
DROP INDEX IF EXISTS public._pages_v_parent_idx;
DROP INDEX IF EXISTS public._pages_v_latest_idx;
DROP INDEX IF EXISTS public._pages_v_created_at_idx;
DROP INDEX IF EXISTS public._pages_v_blocks_social_rrss_parent_id_idx;
DROP INDEX IF EXISTS public._pages_v_blocks_social_rrss_order_idx;
DROP INDEX IF EXISTS public._pages_v_blocks_social_rrss_icon_idx;
DROP INDEX IF EXISTS public._pages_v_blocks_social_path_idx;
DROP INDEX IF EXISTS public._pages_v_blocks_social_parent_id_idx;
DROP INDEX IF EXISTS public._pages_v_blocks_social_order_idx;
DROP INDEX IF EXISTS public._pages_v_blocks_simple_list_content_path_idx;
DROP INDEX IF EXISTS public._pages_v_blocks_simple_list_content_parent_id_idx;
DROP INDEX IF EXISTS public._pages_v_blocks_simple_list_content_order_idx;
DROP INDEX IF EXISTS public._pages_v_blocks_simple_list_content_image_idx;
DROP INDEX IF EXISTS public._pages_v_blocks_simple_list_content_blocks_parent_id_idx;
DROP INDEX IF EXISTS public._pages_v_blocks_simple_list_content_blocks_order_idx;
DROP INDEX IF EXISTS public._pages_v_blocks_simple_list_content_blocks_media_idx;
DROP INDEX IF EXISTS public._pages_v_blocks_service_path_idx;
DROP INDEX IF EXISTS public._pages_v_blocks_service_parent_id_idx;
DROP INDEX IF EXISTS public._pages_v_blocks_service_order_idx;
DROP INDEX IF EXISTS public._pages_v_blocks_service_list_block_section_name_idx;
DROP INDEX IF EXISTS public._pages_v_blocks_service_list_block_path_idx;
DROP INDEX IF EXISTS public._pages_v_blocks_service_list_block_parent_id_idx;
DROP INDEX IF EXISTS public._pages_v_blocks_service_list_block_order_idx;
DROP INDEX IF EXISTS public._pages_v_blocks_service_list_block_blocks_parent_id_idx;
DROP INDEX IF EXISTS public._pages_v_blocks_service_list_block_blocks_order_idx;
DROP INDEX IF EXISTS public._pages_v_blocks_service_list_block_blocks_media_idx;
DROP INDEX IF EXISTS public._pages_v_blocks_service_accordions_parent_id_idx;
DROP INDEX IF EXISTS public._pages_v_blocks_service_accordions_order_idx;
DROP INDEX IF EXISTS public._pages_v_blocks_quote_block_section_name_idx;
DROP INDEX IF EXISTS public._pages_v_blocks_quote_block_path_idx;
DROP INDEX IF EXISTS public._pages_v_blocks_quote_block_parent_id_idx;
DROP INDEX IF EXISTS public._pages_v_blocks_quote_block_order_idx;
DROP INDEX IF EXISTS public._pages_v_blocks_quote_block_links_parent_id_idx;
DROP INDEX IF EXISTS public._pages_v_blocks_quote_block_links_order_idx;
DROP INDEX IF EXISTS public._pages_v_blocks_quote_block_image_idx;
DROP INDEX IF EXISTS public._pages_v_blocks_post_carousel_block_path_idx;
DROP INDEX IF EXISTS public._pages_v_blocks_post_carousel_block_parent_id_idx;
DROP INDEX IF EXISTS public._pages_v_blocks_post_carousel_block_order_idx;
DROP INDEX IF EXISTS public._pages_v_blocks_media_block_path_idx;
DROP INDEX IF EXISTS public._pages_v_blocks_media_block_parent_id_idx;
DROP INDEX IF EXISTS public._pages_v_blocks_media_block_order_idx;
DROP INDEX IF EXISTS public._pages_v_blocks_media_block_media_idx;
DROP INDEX IF EXISTS public._pages_v_blocks_list_content_section_name_idx;
DROP INDEX IF EXISTS public._pages_v_blocks_list_content_path_idx;
DROP INDEX IF EXISTS public._pages_v_blocks_list_content_parent_id_idx;
DROP INDEX IF EXISTS public._pages_v_blocks_list_content_order_idx;
DROP INDEX IF EXISTS public._pages_v_blocks_list_content_field_image_idx;
DROP INDEX IF EXISTS public._pages_v_blocks_list_content_blocks_parent_id_idx;
DROP INDEX IF EXISTS public._pages_v_blocks_list_content_blocks_order_idx;
DROP INDEX IF EXISTS public._pages_v_blocks_list_content_blocks_media_idx;
DROP INDEX IF EXISTS public._pages_v_blocks_frequently_questions_block_section_name_idx;
DROP INDEX IF EXISTS public._pages_v_blocks_frequently_questions_block_questions_parent_id_;
DROP INDEX IF EXISTS public._pages_v_blocks_frequently_questions_block_questions_order_idx;
DROP INDEX IF EXISTS public._pages_v_blocks_frequently_questions_block_path_idx;
DROP INDEX IF EXISTS public._pages_v_blocks_frequently_questions_block_parent_id_idx;
DROP INDEX IF EXISTS public._pages_v_blocks_frequently_questions_block_order_idx;
DROP INDEX IF EXISTS public._pages_v_blocks_frequently_questions_block_image_idx;
DROP INDEX IF EXISTS public._pages_v_blocks_form_block_path_idx;
DROP INDEX IF EXISTS public._pages_v_blocks_form_block_parent_id_idx;
DROP INDEX IF EXISTS public._pages_v_blocks_form_block_order_idx;
DROP INDEX IF EXISTS public._pages_v_blocks_form_block_form_idx;
DROP INDEX IF EXISTS public._pages_v_blocks_cta_path_idx;
DROP INDEX IF EXISTS public._pages_v_blocks_cta_parent_id_idx;
DROP INDEX IF EXISTS public._pages_v_blocks_cta_order_idx;
DROP INDEX IF EXISTS public._pages_v_blocks_cta_media_idx;
DROP INDEX IF EXISTS public._pages_v_blocks_cta_links_parent_id_idx;
DROP INDEX IF EXISTS public._pages_v_blocks_cta_links_order_idx;
DROP INDEX IF EXISTS public._pages_v_blocks_content_section_name_idx;
DROP INDEX IF EXISTS public._pages_v_blocks_content_path_idx;
DROP INDEX IF EXISTS public._pages_v_blocks_content_parent_id_idx;
DROP INDEX IF EXISTS public._pages_v_blocks_content_order_idx;
DROP INDEX IF EXISTS public._pages_v_blocks_content_image_idx;
DROP INDEX IF EXISTS public._pages_v_blocks_box_content_path_idx;
DROP INDEX IF EXISTS public._pages_v_blocks_box_content_parent_id_idx;
DROP INDEX IF EXISTS public._pages_v_blocks_box_content_order_idx;
DROP INDEX IF EXISTS public._pages_v_blocks_box_content_boxes_parent_id_idx;
DROP INDEX IF EXISTS public._pages_v_blocks_box_content_boxes_order_idx;
DROP INDEX IF EXISTS public._pages_v_blocks_box_content_boxes_media_idx;
DROP INDEX IF EXISTS public._pages_v_autosave_idx;
ALTER TABLE IF EXISTS ONLY public.videos DROP CONSTRAINT IF EXISTS videos_pkey;
ALTER TABLE IF EXISTS ONLY public.users_sessions DROP CONSTRAINT IF EXISTS users_sessions_pkey;
ALTER TABLE IF EXISTS ONLY public.users_roles DROP CONSTRAINT IF EXISTS users_roles_pkey;
ALTER TABLE IF EXISTS ONLY public.users DROP CONSTRAINT IF EXISTS users_pkey;
ALTER TABLE IF EXISTS ONLY public.tags DROP CONSTRAINT IF EXISTS tags_pkey;
ALTER TABLE IF EXISTS ONLY public.posts_rels DROP CONSTRAINT IF EXISTS posts_rels_pkey;
ALTER TABLE IF EXISTS ONLY public.posts_populated_authors DROP CONSTRAINT IF EXISTS posts_populated_authors_pkey;
ALTER TABLE IF EXISTS ONLY public.posts DROP CONSTRAINT IF EXISTS posts_pkey;
ALTER TABLE IF EXISTS ONLY public.payload_preferences_rels DROP CONSTRAINT IF EXISTS payload_preferences_rels_pkey;
ALTER TABLE IF EXISTS ONLY public.payload_preferences DROP CONSTRAINT IF EXISTS payload_preferences_pkey;
ALTER TABLE IF EXISTS ONLY public.payload_migrations DROP CONSTRAINT IF EXISTS payload_migrations_pkey;
ALTER TABLE IF EXISTS ONLY public.payload_locked_documents_rels DROP CONSTRAINT IF EXISTS payload_locked_documents_rels_pkey;
ALTER TABLE IF EXISTS ONLY public.payload_locked_documents DROP CONSTRAINT IF EXISTS payload_locked_documents_pkey;
ALTER TABLE IF EXISTS ONLY public.payload_kv DROP CONSTRAINT IF EXISTS payload_kv_pkey;
ALTER TABLE IF EXISTS ONLY public.payload_jobs DROP CONSTRAINT IF EXISTS payload_jobs_pkey;
ALTER TABLE IF EXISTS ONLY public.payload_jobs_log DROP CONSTRAINT IF EXISTS payload_jobs_log_pkey;
ALTER TABLE IF EXISTS ONLY public.pages_rels DROP CONSTRAINT IF EXISTS pages_rels_pkey;
ALTER TABLE IF EXISTS ONLY public.pages DROP CONSTRAINT IF EXISTS pages_pkey;
ALTER TABLE IF EXISTS ONLY public.pages_hero_links DROP CONSTRAINT IF EXISTS pages_hero_links_pkey;
ALTER TABLE IF EXISTS ONLY public.pages_blocks_social_rrss DROP CONSTRAINT IF EXISTS pages_blocks_social_rrss_pkey;
ALTER TABLE IF EXISTS ONLY public.pages_blocks_social DROP CONSTRAINT IF EXISTS pages_blocks_social_pkey;
ALTER TABLE IF EXISTS ONLY public.pages_blocks_simple_list_content DROP CONSTRAINT IF EXISTS pages_blocks_simple_list_content_pkey;
ALTER TABLE IF EXISTS ONLY public.pages_blocks_simple_list_content_blocks DROP CONSTRAINT IF EXISTS pages_blocks_simple_list_content_blocks_pkey;
ALTER TABLE IF EXISTS ONLY public.pages_blocks_service DROP CONSTRAINT IF EXISTS pages_blocks_service_pkey;
ALTER TABLE IF EXISTS ONLY public.pages_blocks_service_list_block DROP CONSTRAINT IF EXISTS pages_blocks_service_list_block_pkey;
ALTER TABLE IF EXISTS ONLY public.pages_blocks_service_list_block_blocks DROP CONSTRAINT IF EXISTS pages_blocks_service_list_block_blocks_pkey;
ALTER TABLE IF EXISTS ONLY public.pages_blocks_service_accordions DROP CONSTRAINT IF EXISTS pages_blocks_service_accordions_pkey;
ALTER TABLE IF EXISTS ONLY public.pages_blocks_quote_block DROP CONSTRAINT IF EXISTS pages_blocks_quote_block_pkey;
ALTER TABLE IF EXISTS ONLY public.pages_blocks_quote_block_links DROP CONSTRAINT IF EXISTS pages_blocks_quote_block_links_pkey;
ALTER TABLE IF EXISTS ONLY public.pages_blocks_post_carousel_block DROP CONSTRAINT IF EXISTS pages_blocks_post_carousel_block_pkey;
ALTER TABLE IF EXISTS ONLY public.pages_blocks_media_block DROP CONSTRAINT IF EXISTS pages_blocks_media_block_pkey;
ALTER TABLE IF EXISTS ONLY public.pages_blocks_list_content DROP CONSTRAINT IF EXISTS pages_blocks_list_content_pkey;
ALTER TABLE IF EXISTS ONLY public.pages_blocks_list_content_blocks DROP CONSTRAINT IF EXISTS pages_blocks_list_content_blocks_pkey;
ALTER TABLE IF EXISTS ONLY public.pages_blocks_frequently_questions_block_questions DROP CONSTRAINT IF EXISTS pages_blocks_frequently_questions_block_questions_pkey;
ALTER TABLE IF EXISTS ONLY public.pages_blocks_frequently_questions_block DROP CONSTRAINT IF EXISTS pages_blocks_frequently_questions_block_pkey;
ALTER TABLE IF EXISTS ONLY public.pages_blocks_form_block DROP CONSTRAINT IF EXISTS pages_blocks_form_block_pkey;
ALTER TABLE IF EXISTS ONLY public.pages_blocks_cta DROP CONSTRAINT IF EXISTS pages_blocks_cta_pkey;
ALTER TABLE IF EXISTS ONLY public.pages_blocks_cta_links DROP CONSTRAINT IF EXISTS pages_blocks_cta_links_pkey;
ALTER TABLE IF EXISTS ONLY public.pages_blocks_content DROP CONSTRAINT IF EXISTS pages_blocks_content_pkey;
ALTER TABLE IF EXISTS ONLY public.pages_blocks_box_content DROP CONSTRAINT IF EXISTS pages_blocks_box_content_pkey;
ALTER TABLE IF EXISTS ONLY public.pages_blocks_box_content_boxes DROP CONSTRAINT IF EXISTS pages_blocks_box_content_boxes_pkey;
ALTER TABLE IF EXISTS ONLY public.media DROP CONSTRAINT IF EXISTS media_pkey;
ALTER TABLE IF EXISTS ONLY public.header_rels DROP CONSTRAINT IF EXISTS header_rels_pkey;
ALTER TABLE IF EXISTS ONLY public.header DROP CONSTRAINT IF EXISTS header_pkey;
ALTER TABLE IF EXISTS ONLY public.header_nav_items DROP CONSTRAINT IF EXISTS header_nav_items_pkey;
ALTER TABLE IF EXISTS ONLY public.header_nav_items_nav_links DROP CONSTRAINT IF EXISTS header_nav_items_nav_links_pkey;
ALTER TABLE IF EXISTS ONLY public.header_nav_items_nav_links_items_sub_items DROP CONSTRAINT IF EXISTS header_nav_items_nav_links_items_sub_items_pkey;
ALTER TABLE IF EXISTS ONLY public.header_nav_items_nav_links_items DROP CONSTRAINT IF EXISTS header_nav_items_nav_links_items_pkey;
ALTER TABLE IF EXISTS ONLY public.forms DROP CONSTRAINT IF EXISTS forms_pkey;
ALTER TABLE IF EXISTS ONLY public.forms_emails DROP CONSTRAINT IF EXISTS forms_emails_pkey;
ALTER TABLE IF EXISTS ONLY public.forms_blocks_textarea DROP CONSTRAINT IF EXISTS forms_blocks_textarea_pkey;
ALTER TABLE IF EXISTS ONLY public.forms_blocks_text DROP CONSTRAINT IF EXISTS forms_blocks_text_pkey;
ALTER TABLE IF EXISTS ONLY public.forms_blocks_select DROP CONSTRAINT IF EXISTS forms_blocks_select_pkey;
ALTER TABLE IF EXISTS ONLY public.forms_blocks_select_options DROP CONSTRAINT IF EXISTS forms_blocks_select_options_pkey;
ALTER TABLE IF EXISTS ONLY public.forms_blocks_radio DROP CONSTRAINT IF EXISTS forms_blocks_radio_pkey;
ALTER TABLE IF EXISTS ONLY public.forms_blocks_radio_options DROP CONSTRAINT IF EXISTS forms_blocks_radio_options_pkey;
ALTER TABLE IF EXISTS ONLY public.forms_blocks_message DROP CONSTRAINT IF EXISTS forms_blocks_message_pkey;
ALTER TABLE IF EXISTS ONLY public.forms_blocks_email DROP CONSTRAINT IF EXISTS forms_blocks_email_pkey;
ALTER TABLE IF EXISTS ONLY public.forms_blocks_checkbox DROP CONSTRAINT IF EXISTS forms_blocks_checkbox_pkey;
ALTER TABLE IF EXISTS ONLY public.form_submissions_submission_data DROP CONSTRAINT IF EXISTS form_submissions_submission_data_pkey;
ALTER TABLE IF EXISTS ONLY public.form_submissions DROP CONSTRAINT IF EXISTS form_submissions_pkey;
ALTER TABLE IF EXISTS ONLY public.footer_rels DROP CONSTRAINT IF EXISTS footer_rels_pkey;
ALTER TABLE IF EXISTS ONLY public.footer DROP CONSTRAINT IF EXISTS footer_pkey;
ALTER TABLE IF EXISTS ONLY public.footer_nav_items DROP CONSTRAINT IF EXISTS footer_nav_items_pkey;
ALTER TABLE IF EXISTS ONLY public.documents DROP CONSTRAINT IF EXISTS documents_pkey;
ALTER TABLE IF EXISTS ONLY public.categories DROP CONSTRAINT IF EXISTS categories_pkey;
ALTER TABLE IF EXISTS ONLY public._posts_v_version_populated_authors DROP CONSTRAINT IF EXISTS _posts_v_version_populated_authors_pkey;
ALTER TABLE IF EXISTS ONLY public._posts_v_rels DROP CONSTRAINT IF EXISTS _posts_v_rels_pkey;
ALTER TABLE IF EXISTS ONLY public._posts_v DROP CONSTRAINT IF EXISTS _posts_v_pkey;
ALTER TABLE IF EXISTS ONLY public._pages_v_version_hero_links DROP CONSTRAINT IF EXISTS _pages_v_version_hero_links_pkey;
ALTER TABLE IF EXISTS ONLY public._pages_v_rels DROP CONSTRAINT IF EXISTS _pages_v_rels_pkey;
ALTER TABLE IF EXISTS ONLY public._pages_v DROP CONSTRAINT IF EXISTS _pages_v_pkey;
ALTER TABLE IF EXISTS ONLY public._pages_v_blocks_social_rrss DROP CONSTRAINT IF EXISTS _pages_v_blocks_social_rrss_pkey;
ALTER TABLE IF EXISTS ONLY public._pages_v_blocks_social DROP CONSTRAINT IF EXISTS _pages_v_blocks_social_pkey;
ALTER TABLE IF EXISTS ONLY public._pages_v_blocks_simple_list_content DROP CONSTRAINT IF EXISTS _pages_v_blocks_simple_list_content_pkey;
ALTER TABLE IF EXISTS ONLY public._pages_v_blocks_simple_list_content_blocks DROP CONSTRAINT IF EXISTS _pages_v_blocks_simple_list_content_blocks_pkey;
ALTER TABLE IF EXISTS ONLY public._pages_v_blocks_service DROP CONSTRAINT IF EXISTS _pages_v_blocks_service_pkey;
ALTER TABLE IF EXISTS ONLY public._pages_v_blocks_service_list_block DROP CONSTRAINT IF EXISTS _pages_v_blocks_service_list_block_pkey;
ALTER TABLE IF EXISTS ONLY public._pages_v_blocks_service_list_block_blocks DROP CONSTRAINT IF EXISTS _pages_v_blocks_service_list_block_blocks_pkey;
ALTER TABLE IF EXISTS ONLY public._pages_v_blocks_service_accordions DROP CONSTRAINT IF EXISTS _pages_v_blocks_service_accordions_pkey;
ALTER TABLE IF EXISTS ONLY public._pages_v_blocks_quote_block DROP CONSTRAINT IF EXISTS _pages_v_blocks_quote_block_pkey;
ALTER TABLE IF EXISTS ONLY public._pages_v_blocks_quote_block_links DROP CONSTRAINT IF EXISTS _pages_v_blocks_quote_block_links_pkey;
ALTER TABLE IF EXISTS ONLY public._pages_v_blocks_post_carousel_block DROP CONSTRAINT IF EXISTS _pages_v_blocks_post_carousel_block_pkey;
ALTER TABLE IF EXISTS ONLY public._pages_v_blocks_media_block DROP CONSTRAINT IF EXISTS _pages_v_blocks_media_block_pkey;
ALTER TABLE IF EXISTS ONLY public._pages_v_blocks_list_content DROP CONSTRAINT IF EXISTS _pages_v_blocks_list_content_pkey;
ALTER TABLE IF EXISTS ONLY public._pages_v_blocks_list_content_blocks DROP CONSTRAINT IF EXISTS _pages_v_blocks_list_content_blocks_pkey;
ALTER TABLE IF EXISTS ONLY public._pages_v_blocks_frequently_questions_block_questions DROP CONSTRAINT IF EXISTS _pages_v_blocks_frequently_questions_block_questions_pkey;
ALTER TABLE IF EXISTS ONLY public._pages_v_blocks_frequently_questions_block DROP CONSTRAINT IF EXISTS _pages_v_blocks_frequently_questions_block_pkey;
ALTER TABLE IF EXISTS ONLY public._pages_v_blocks_form_block DROP CONSTRAINT IF EXISTS _pages_v_blocks_form_block_pkey;
ALTER TABLE IF EXISTS ONLY public._pages_v_blocks_cta DROP CONSTRAINT IF EXISTS _pages_v_blocks_cta_pkey;
ALTER TABLE IF EXISTS ONLY public._pages_v_blocks_cta_links DROP CONSTRAINT IF EXISTS _pages_v_blocks_cta_links_pkey;
ALTER TABLE IF EXISTS ONLY public._pages_v_blocks_content DROP CONSTRAINT IF EXISTS _pages_v_blocks_content_pkey;
ALTER TABLE IF EXISTS ONLY public._pages_v_blocks_box_content DROP CONSTRAINT IF EXISTS _pages_v_blocks_box_content_pkey;
ALTER TABLE IF EXISTS ONLY public._pages_v_blocks_box_content_boxes DROP CONSTRAINT IF EXISTS _pages_v_blocks_box_content_boxes_pkey;
ALTER TABLE IF EXISTS public.videos ALTER COLUMN id DROP DEFAULT;
ALTER TABLE IF EXISTS public.users_roles ALTER COLUMN id DROP DEFAULT;
ALTER TABLE IF EXISTS public.users ALTER COLUMN id DROP DEFAULT;
ALTER TABLE IF EXISTS public.tags ALTER COLUMN id DROP DEFAULT;
ALTER TABLE IF EXISTS public.posts_rels ALTER COLUMN id DROP DEFAULT;
ALTER TABLE IF EXISTS public.posts ALTER COLUMN id DROP DEFAULT;
ALTER TABLE IF EXISTS public.payload_preferences_rels ALTER COLUMN id DROP DEFAULT;
ALTER TABLE IF EXISTS public.payload_preferences ALTER COLUMN id DROP DEFAULT;
ALTER TABLE IF EXISTS public.payload_migrations ALTER COLUMN id DROP DEFAULT;
ALTER TABLE IF EXISTS public.payload_locked_documents_rels ALTER COLUMN id DROP DEFAULT;
ALTER TABLE IF EXISTS public.payload_locked_documents ALTER COLUMN id DROP DEFAULT;
ALTER TABLE IF EXISTS public.payload_kv ALTER COLUMN id DROP DEFAULT;
ALTER TABLE IF EXISTS public.payload_jobs ALTER COLUMN id DROP DEFAULT;
ALTER TABLE IF EXISTS public.pages_rels ALTER COLUMN id DROP DEFAULT;
ALTER TABLE IF EXISTS public.pages ALTER COLUMN id DROP DEFAULT;
ALTER TABLE IF EXISTS public.media ALTER COLUMN id DROP DEFAULT;
ALTER TABLE IF EXISTS public.header_rels ALTER COLUMN id DROP DEFAULT;
ALTER TABLE IF EXISTS public.header ALTER COLUMN id DROP DEFAULT;
ALTER TABLE IF EXISTS public.forms ALTER COLUMN id DROP DEFAULT;
ALTER TABLE IF EXISTS public.form_submissions ALTER COLUMN id DROP DEFAULT;
ALTER TABLE IF EXISTS public.footer_rels ALTER COLUMN id DROP DEFAULT;
ALTER TABLE IF EXISTS public.footer ALTER COLUMN id DROP DEFAULT;
ALTER TABLE IF EXISTS public.documents ALTER COLUMN id DROP DEFAULT;
ALTER TABLE IF EXISTS public.categories ALTER COLUMN id DROP DEFAULT;
ALTER TABLE IF EXISTS public._posts_v_version_populated_authors ALTER COLUMN id DROP DEFAULT;
ALTER TABLE IF EXISTS public._posts_v_rels ALTER COLUMN id DROP DEFAULT;
ALTER TABLE IF EXISTS public._posts_v ALTER COLUMN id DROP DEFAULT;
ALTER TABLE IF EXISTS public._pages_v_version_hero_links ALTER COLUMN id DROP DEFAULT;
ALTER TABLE IF EXISTS public._pages_v_rels ALTER COLUMN id DROP DEFAULT;
ALTER TABLE IF EXISTS public._pages_v_blocks_social_rrss ALTER COLUMN id DROP DEFAULT;
ALTER TABLE IF EXISTS public._pages_v_blocks_social ALTER COLUMN id DROP DEFAULT;
ALTER TABLE IF EXISTS public._pages_v_blocks_simple_list_content_blocks ALTER COLUMN id DROP DEFAULT;
ALTER TABLE IF EXISTS public._pages_v_blocks_simple_list_content ALTER COLUMN id DROP DEFAULT;
ALTER TABLE IF EXISTS public._pages_v_blocks_service_list_block_blocks ALTER COLUMN id DROP DEFAULT;
ALTER TABLE IF EXISTS public._pages_v_blocks_service_list_block ALTER COLUMN id DROP DEFAULT;
ALTER TABLE IF EXISTS public._pages_v_blocks_service_accordions ALTER COLUMN id DROP DEFAULT;
ALTER TABLE IF EXISTS public._pages_v_blocks_service ALTER COLUMN id DROP DEFAULT;
ALTER TABLE IF EXISTS public._pages_v_blocks_quote_block_links ALTER COLUMN id DROP DEFAULT;
ALTER TABLE IF EXISTS public._pages_v_blocks_quote_block ALTER COLUMN id DROP DEFAULT;
ALTER TABLE IF EXISTS public._pages_v_blocks_post_carousel_block ALTER COLUMN id DROP DEFAULT;
ALTER TABLE IF EXISTS public._pages_v_blocks_media_block ALTER COLUMN id DROP DEFAULT;
ALTER TABLE IF EXISTS public._pages_v_blocks_list_content_blocks ALTER COLUMN id DROP DEFAULT;
ALTER TABLE IF EXISTS public._pages_v_blocks_list_content ALTER COLUMN id DROP DEFAULT;
ALTER TABLE IF EXISTS public._pages_v_blocks_frequently_questions_block_questions ALTER COLUMN id DROP DEFAULT;
ALTER TABLE IF EXISTS public._pages_v_blocks_frequently_questions_block ALTER COLUMN id DROP DEFAULT;
ALTER TABLE IF EXISTS public._pages_v_blocks_form_block ALTER COLUMN id DROP DEFAULT;
ALTER TABLE IF EXISTS public._pages_v_blocks_cta_links ALTER COLUMN id DROP DEFAULT;
ALTER TABLE IF EXISTS public._pages_v_blocks_cta ALTER COLUMN id DROP DEFAULT;
ALTER TABLE IF EXISTS public._pages_v_blocks_content ALTER COLUMN id DROP DEFAULT;
ALTER TABLE IF EXISTS public._pages_v_blocks_box_content_boxes ALTER COLUMN id DROP DEFAULT;
ALTER TABLE IF EXISTS public._pages_v_blocks_box_content ALTER COLUMN id DROP DEFAULT;
ALTER TABLE IF EXISTS public._pages_v ALTER COLUMN id DROP DEFAULT;
DROP SEQUENCE IF EXISTS public.videos_id_seq;
DROP TABLE IF EXISTS public.videos;
DROP TABLE IF EXISTS public.users_sessions;
DROP SEQUENCE IF EXISTS public.users_roles_id_seq;
DROP TABLE IF EXISTS public.users_roles;
DROP SEQUENCE IF EXISTS public.users_id_seq;
DROP TABLE IF EXISTS public.users;
DROP SEQUENCE IF EXISTS public.tags_id_seq;
DROP TABLE IF EXISTS public.tags;
DROP SEQUENCE IF EXISTS public.posts_rels_id_seq;
DROP TABLE IF EXISTS public.posts_rels;
DROP TABLE IF EXISTS public.posts_populated_authors;
DROP SEQUENCE IF EXISTS public.posts_id_seq;
DROP TABLE IF EXISTS public.posts;
DROP SEQUENCE IF EXISTS public.payload_preferences_rels_id_seq;
DROP TABLE IF EXISTS public.payload_preferences_rels;
DROP SEQUENCE IF EXISTS public.payload_preferences_id_seq;
DROP TABLE IF EXISTS public.payload_preferences;
DROP SEQUENCE IF EXISTS public.payload_migrations_id_seq;
DROP TABLE IF EXISTS public.payload_migrations;
DROP SEQUENCE IF EXISTS public.payload_locked_documents_rels_id_seq;
DROP TABLE IF EXISTS public.payload_locked_documents_rels;
DROP SEQUENCE IF EXISTS public.payload_locked_documents_id_seq;
DROP TABLE IF EXISTS public.payload_locked_documents;
DROP SEQUENCE IF EXISTS public.payload_kv_id_seq;
DROP TABLE IF EXISTS public.payload_kv;
DROP TABLE IF EXISTS public.payload_jobs_log;
DROP SEQUENCE IF EXISTS public.payload_jobs_id_seq;
DROP TABLE IF EXISTS public.payload_jobs;
DROP SEQUENCE IF EXISTS public.pages_rels_id_seq;
DROP TABLE IF EXISTS public.pages_rels;
DROP SEQUENCE IF EXISTS public.pages_id_seq;
DROP TABLE IF EXISTS public.pages_hero_links;
DROP TABLE IF EXISTS public.pages_blocks_social_rrss;
DROP TABLE IF EXISTS public.pages_blocks_social;
DROP TABLE IF EXISTS public.pages_blocks_simple_list_content_blocks;
DROP TABLE IF EXISTS public.pages_blocks_simple_list_content;
DROP TABLE IF EXISTS public.pages_blocks_service_list_block_blocks;
DROP TABLE IF EXISTS public.pages_blocks_service_list_block;
DROP TABLE IF EXISTS public.pages_blocks_service_accordions;
DROP TABLE IF EXISTS public.pages_blocks_service;
DROP TABLE IF EXISTS public.pages_blocks_quote_block_links;
DROP TABLE IF EXISTS public.pages_blocks_quote_block;
DROP TABLE IF EXISTS public.pages_blocks_post_carousel_block;
DROP TABLE IF EXISTS public.pages_blocks_media_block;
DROP TABLE IF EXISTS public.pages_blocks_list_content_blocks;
DROP TABLE IF EXISTS public.pages_blocks_list_content;
DROP TABLE IF EXISTS public.pages_blocks_frequently_questions_block_questions;
DROP TABLE IF EXISTS public.pages_blocks_frequently_questions_block;
DROP TABLE IF EXISTS public.pages_blocks_form_block;
DROP TABLE IF EXISTS public.pages_blocks_cta_links;
DROP TABLE IF EXISTS public.pages_blocks_cta;
DROP TABLE IF EXISTS public.pages_blocks_content;
DROP TABLE IF EXISTS public.pages_blocks_box_content_boxes;
DROP TABLE IF EXISTS public.pages_blocks_box_content;
DROP TABLE IF EXISTS public.pages;
DROP SEQUENCE IF EXISTS public.media_id_seq;
DROP TABLE IF EXISTS public.media;
DROP SEQUENCE IF EXISTS public.header_rels_id_seq;
DROP TABLE IF EXISTS public.header_rels;
DROP TABLE IF EXISTS public.header_nav_items_nav_links_items_sub_items;
DROP TABLE IF EXISTS public.header_nav_items_nav_links_items;
DROP TABLE IF EXISTS public.header_nav_items_nav_links;
DROP TABLE IF EXISTS public.header_nav_items;
DROP SEQUENCE IF EXISTS public.header_id_seq;
DROP TABLE IF EXISTS public.header;
DROP SEQUENCE IF EXISTS public.forms_id_seq;
DROP TABLE IF EXISTS public.forms_emails;
DROP TABLE IF EXISTS public.forms_blocks_textarea;
DROP TABLE IF EXISTS public.forms_blocks_text;
DROP TABLE IF EXISTS public.forms_blocks_select_options;
DROP TABLE IF EXISTS public.forms_blocks_select;
DROP TABLE IF EXISTS public.forms_blocks_radio_options;
DROP TABLE IF EXISTS public.forms_blocks_radio;
DROP TABLE IF EXISTS public.forms_blocks_message;
DROP TABLE IF EXISTS public.forms_blocks_email;
DROP TABLE IF EXISTS public.forms_blocks_checkbox;
DROP TABLE IF EXISTS public.forms;
DROP TABLE IF EXISTS public.form_submissions_submission_data;
DROP SEQUENCE IF EXISTS public.form_submissions_id_seq;
DROP TABLE IF EXISTS public.form_submissions;
DROP SEQUENCE IF EXISTS public.footer_rels_id_seq;
DROP TABLE IF EXISTS public.footer_rels;
DROP TABLE IF EXISTS public.footer_nav_items;
DROP SEQUENCE IF EXISTS public.footer_id_seq;
DROP TABLE IF EXISTS public.footer;
DROP SEQUENCE IF EXISTS public.documents_id_seq;
DROP TABLE IF EXISTS public.documents;
DROP SEQUENCE IF EXISTS public.categories_id_seq;
DROP TABLE IF EXISTS public.categories;
DROP SEQUENCE IF EXISTS public._posts_v_version_populated_authors_id_seq;
DROP TABLE IF EXISTS public._posts_v_version_populated_authors;
DROP SEQUENCE IF EXISTS public._posts_v_rels_id_seq;
DROP TABLE IF EXISTS public._posts_v_rels;
DROP SEQUENCE IF EXISTS public._posts_v_id_seq;
DROP TABLE IF EXISTS public._posts_v;
DROP SEQUENCE IF EXISTS public._pages_v_version_hero_links_id_seq;
DROP TABLE IF EXISTS public._pages_v_version_hero_links;
DROP SEQUENCE IF EXISTS public._pages_v_rels_id_seq;
DROP TABLE IF EXISTS public._pages_v_rels;
DROP SEQUENCE IF EXISTS public._pages_v_id_seq;
DROP SEQUENCE IF EXISTS public._pages_v_blocks_social_rrss_id_seq;
DROP TABLE IF EXISTS public._pages_v_blocks_social_rrss;
DROP SEQUENCE IF EXISTS public._pages_v_blocks_social_id_seq;
DROP TABLE IF EXISTS public._pages_v_blocks_social;
DROP SEQUENCE IF EXISTS public._pages_v_blocks_simple_list_content_id_seq;
DROP SEQUENCE IF EXISTS public._pages_v_blocks_simple_list_content_blocks_id_seq;
DROP TABLE IF EXISTS public._pages_v_blocks_simple_list_content_blocks;
DROP TABLE IF EXISTS public._pages_v_blocks_simple_list_content;
DROP SEQUENCE IF EXISTS public._pages_v_blocks_service_list_block_id_seq;
DROP SEQUENCE IF EXISTS public._pages_v_blocks_service_list_block_blocks_id_seq;
DROP TABLE IF EXISTS public._pages_v_blocks_service_list_block_blocks;
DROP TABLE IF EXISTS public._pages_v_blocks_service_list_block;
DROP SEQUENCE IF EXISTS public._pages_v_blocks_service_id_seq;
DROP SEQUENCE IF EXISTS public._pages_v_blocks_service_accordions_id_seq;
DROP TABLE IF EXISTS public._pages_v_blocks_service_accordions;
DROP TABLE IF EXISTS public._pages_v_blocks_service;
DROP SEQUENCE IF EXISTS public._pages_v_blocks_quote_block_links_id_seq;
DROP TABLE IF EXISTS public._pages_v_blocks_quote_block_links;
DROP SEQUENCE IF EXISTS public._pages_v_blocks_quote_block_id_seq;
DROP TABLE IF EXISTS public._pages_v_blocks_quote_block;
DROP SEQUENCE IF EXISTS public._pages_v_blocks_post_carousel_block_id_seq;
DROP TABLE IF EXISTS public._pages_v_blocks_post_carousel_block;
DROP SEQUENCE IF EXISTS public._pages_v_blocks_media_block_id_seq;
DROP TABLE IF EXISTS public._pages_v_blocks_media_block;
DROP SEQUENCE IF EXISTS public._pages_v_blocks_list_content_id_seq;
DROP SEQUENCE IF EXISTS public._pages_v_blocks_list_content_blocks_id_seq;
DROP TABLE IF EXISTS public._pages_v_blocks_list_content_blocks;
DROP TABLE IF EXISTS public._pages_v_blocks_list_content;
DROP SEQUENCE IF EXISTS public._pages_v_blocks_frequently_questions_block_questions_id_seq;
DROP TABLE IF EXISTS public._pages_v_blocks_frequently_questions_block_questions;
DROP SEQUENCE IF EXISTS public._pages_v_blocks_frequently_questions_block_id_seq;
DROP TABLE IF EXISTS public._pages_v_blocks_frequently_questions_block;
DROP SEQUENCE IF EXISTS public._pages_v_blocks_form_block_id_seq;
DROP TABLE IF EXISTS public._pages_v_blocks_form_block;
DROP SEQUENCE IF EXISTS public._pages_v_blocks_cta_links_id_seq;
DROP TABLE IF EXISTS public._pages_v_blocks_cta_links;
DROP SEQUENCE IF EXISTS public._pages_v_blocks_cta_id_seq;
DROP TABLE IF EXISTS public._pages_v_blocks_cta;
DROP SEQUENCE IF EXISTS public._pages_v_blocks_content_id_seq;
DROP TABLE IF EXISTS public._pages_v_blocks_content;
DROP SEQUENCE IF EXISTS public._pages_v_blocks_box_content_id_seq;
DROP SEQUENCE IF EXISTS public._pages_v_blocks_box_content_boxes_id_seq;
DROP TABLE IF EXISTS public._pages_v_blocks_box_content_boxes;
DROP TABLE IF EXISTS public._pages_v_blocks_box_content;
DROP TABLE IF EXISTS public._pages_v;
DROP TYPE IF EXISTS public.enum_users_roles;
DROP TYPE IF EXISTS public.enum_posts_status;
DROP TYPE IF EXISTS public.enum_payload_jobs_task_slug;
DROP TYPE IF EXISTS public.enum_payload_jobs_log_task_slug;
DROP TYPE IF EXISTS public.enum_payload_jobs_log_state;
DROP TYPE IF EXISTS public.enum_pages_status;
DROP TYPE IF EXISTS public.enum_pages_hero_separator_type;
DROP TYPE IF EXISTS public.enum_pages_hero_links_link_type;
DROP TYPE IF EXISTS public.enum_pages_hero_links_link_appearance;
DROP TYPE IF EXISTS public.enum_pages_hero_dark_mode;
DROP TYPE IF EXISTS public.enum_pages_blocks_social_rrss_link_type;
DROP TYPE IF EXISTS public.enum_pages_blocks_simple_list_content_separator_type;
DROP TYPE IF EXISTS public.enum_pages_blocks_simple_list_content_dark_mode;
DROP TYPE IF EXISTS public.enum_pages_blocks_simple_list_content_blocks_color;
DROP TYPE IF EXISTS public.enum_pages_blocks_service_separator_type;
DROP TYPE IF EXISTS public.enum_pages_blocks_service_list_block_separator_type;
DROP TYPE IF EXISTS public.enum_pages_blocks_service_list_block_dark_mode;
DROP TYPE IF EXISTS public.enum_pages_blocks_service_list_block_blocks_link_type;
DROP TYPE IF EXISTS public.enum_pages_blocks_service_list_block_blocks_link_appearance;
DROP TYPE IF EXISTS public.enum_pages_blocks_service_dark_mode;
DROP TYPE IF EXISTS public.enum_pages_blocks_quote_block_separator_type;
DROP TYPE IF EXISTS public.enum_pages_blocks_quote_block_links_link_type;
DROP TYPE IF EXISTS public.enum_pages_blocks_quote_block_links_link_appearance;
DROP TYPE IF EXISTS public.enum_pages_blocks_post_carousel_block_separator_type;
DROP TYPE IF EXISTS public.enum_pages_blocks_post_carousel_block_dark_mode;
DROP TYPE IF EXISTS public.enum_pages_blocks_list_content_separator_type;
DROP TYPE IF EXISTS public.enum_pages_blocks_list_content_dark_mode;
DROP TYPE IF EXISTS public.enum_pages_blocks_list_content_blocks_link_type;
DROP TYPE IF EXISTS public.enum_pages_blocks_list_content_blocks_link_appearance;
DROP TYPE IF EXISTS public.enum_pages_blocks_list_content_blocks_color;
DROP TYPE IF EXISTS public.enum_pages_blocks_form_block_separator_type;
DROP TYPE IF EXISTS public.enum_pages_blocks_form_block_dark_mode;
DROP TYPE IF EXISTS public.enum_pages_blocks_cta_separator_type;
DROP TYPE IF EXISTS public.enum_pages_blocks_cta_links_link_type;
DROP TYPE IF EXISTS public.enum_pages_blocks_cta_links_link_appearance;
DROP TYPE IF EXISTS public.enum_pages_blocks_cta_dark_mode;
DROP TYPE IF EXISTS public.enum_pages_blocks_content_separator_type;
DROP TYPE IF EXISTS public.enum_pages_blocks_content_link_type;
DROP TYPE IF EXISTS public.enum_pages_blocks_content_link_appearance;
DROP TYPE IF EXISTS public.enum_pages_blocks_content_dark_mode;
DROP TYPE IF EXISTS public.enum_header_nav_items_nav_links_items_sub_items_link_type;
DROP TYPE IF EXISTS public.enum_header_nav_items_nav_links_items_link_type;
DROP TYPE IF EXISTS public.enum_forms_confirmation_type;
DROP TYPE IF EXISTS public.enum_footer_separator_type;
DROP TYPE IF EXISTS public.enum_footer_nav_items_link_type;
DROP TYPE IF EXISTS public.enum_footer_dark_mode;
DROP TYPE IF EXISTS public.enum__posts_v_version_status;
DROP TYPE IF EXISTS public.enum__pages_v_version_status;
DROP TYPE IF EXISTS public.enum__pages_v_version_hero_separator_type;
DROP TYPE IF EXISTS public.enum__pages_v_version_hero_links_link_type;
DROP TYPE IF EXISTS public.enum__pages_v_version_hero_links_link_appearance;
DROP TYPE IF EXISTS public.enum__pages_v_version_hero_dark_mode;
DROP TYPE IF EXISTS public.enum__pages_v_blocks_social_rrss_link_type;
DROP TYPE IF EXISTS public.enum__pages_v_blocks_simple_list_content_separator_type;
DROP TYPE IF EXISTS public.enum__pages_v_blocks_simple_list_content_dark_mode;
DROP TYPE IF EXISTS public.enum__pages_v_blocks_simple_list_content_blocks_color;
DROP TYPE IF EXISTS public.enum__pages_v_blocks_service_separator_type;
DROP TYPE IF EXISTS public.enum__pages_v_blocks_service_list_block_separator_type;
DROP TYPE IF EXISTS public.enum__pages_v_blocks_service_list_block_dark_mode;
DROP TYPE IF EXISTS public.enum__pages_v_blocks_service_list_block_blocks_link_type;
DROP TYPE IF EXISTS public.enum__pages_v_blocks_service_list_block_blocks_link_appearance;
DROP TYPE IF EXISTS public.enum__pages_v_blocks_service_dark_mode;
DROP TYPE IF EXISTS public.enum__pages_v_blocks_quote_block_separator_type;
DROP TYPE IF EXISTS public.enum__pages_v_blocks_quote_block_links_link_type;
DROP TYPE IF EXISTS public.enum__pages_v_blocks_quote_block_links_link_appearance;
DROP TYPE IF EXISTS public.enum__pages_v_blocks_post_carousel_block_separator_type;
DROP TYPE IF EXISTS public.enum__pages_v_blocks_post_carousel_block_dark_mode;
DROP TYPE IF EXISTS public.enum__pages_v_blocks_list_content_separator_type;
DROP TYPE IF EXISTS public.enum__pages_v_blocks_list_content_dark_mode;
DROP TYPE IF EXISTS public.enum__pages_v_blocks_list_content_blocks_link_type;
DROP TYPE IF EXISTS public.enum__pages_v_blocks_list_content_blocks_link_appearance;
DROP TYPE IF EXISTS public.enum__pages_v_blocks_list_content_blocks_color;
DROP TYPE IF EXISTS public.enum__pages_v_blocks_form_block_separator_type;
DROP TYPE IF EXISTS public.enum__pages_v_blocks_form_block_dark_mode;
DROP TYPE IF EXISTS public.enum__pages_v_blocks_cta_separator_type;
DROP TYPE IF EXISTS public.enum__pages_v_blocks_cta_links_link_type;
DROP TYPE IF EXISTS public.enum__pages_v_blocks_cta_links_link_appearance;
DROP TYPE IF EXISTS public.enum__pages_v_blocks_cta_dark_mode;
DROP TYPE IF EXISTS public.enum__pages_v_blocks_content_separator_type;
DROP TYPE IF EXISTS public.enum__pages_v_blocks_content_link_type;
DROP TYPE IF EXISTS public.enum__pages_v_blocks_content_link_appearance;
DROP TYPE IF EXISTS public.enum__pages_v_blocks_content_dark_mode;
--
-- Name: enum__pages_v_blocks_content_dark_mode; Type: TYPE; Schema: public; Owner: -
--

CREATE TYPE public.enum__pages_v_blocks_content_dark_mode AS ENUM (
    'blue',
    'dark'
);


--
-- Name: enum__pages_v_blocks_content_link_appearance; Type: TYPE; Schema: public; Owner: -
--

CREATE TYPE public.enum__pages_v_blocks_content_link_appearance AS ENUM (
    'default',
    'outline'
);


--
-- Name: enum__pages_v_blocks_content_link_type; Type: TYPE; Schema: public; Owner: -
--

CREATE TYPE public.enum__pages_v_blocks_content_link_type AS ENUM (
    'reference',
    'custom',
    'calendly'
);


--
-- Name: enum__pages_v_blocks_content_separator_type; Type: TYPE; Schema: public; Owner: -
--

CREATE TYPE public.enum__pages_v_blocks_content_separator_type AS ENUM (
    'separatorYellow',
    'separatorWhite',
    'separatorBackground'
);


--
-- Name: enum__pages_v_blocks_cta_dark_mode; Type: TYPE; Schema: public; Owner: -
--

CREATE TYPE public.enum__pages_v_blocks_cta_dark_mode AS ENUM (
    'blue',
    'dark'
);


--
-- Name: enum__pages_v_blocks_cta_links_link_appearance; Type: TYPE; Schema: public; Owner: -
--

CREATE TYPE public.enum__pages_v_blocks_cta_links_link_appearance AS ENUM (
    'default',
    'outline'
);


--
-- Name: enum__pages_v_blocks_cta_links_link_type; Type: TYPE; Schema: public; Owner: -
--

CREATE TYPE public.enum__pages_v_blocks_cta_links_link_type AS ENUM (
    'reference',
    'custom',
    'calendly'
);


--
-- Name: enum__pages_v_blocks_cta_separator_type; Type: TYPE; Schema: public; Owner: -
--

CREATE TYPE public.enum__pages_v_blocks_cta_separator_type AS ENUM (
    'separatorYellow',
    'separatorWhite',
    'separatorBackground'
);


--
-- Name: enum__pages_v_blocks_form_block_dark_mode; Type: TYPE; Schema: public; Owner: -
--

CREATE TYPE public.enum__pages_v_blocks_form_block_dark_mode AS ENUM (
    'blue',
    'dark'
);


--
-- Name: enum__pages_v_blocks_form_block_separator_type; Type: TYPE; Schema: public; Owner: -
--

CREATE TYPE public.enum__pages_v_blocks_form_block_separator_type AS ENUM (
    'separatorYellow',
    'separatorWhite',
    'separatorBackground'
);


--
-- Name: enum__pages_v_blocks_list_content_blocks_color; Type: TYPE; Schema: public; Owner: -
--

CREATE TYPE public.enum__pages_v_blocks_list_content_blocks_color AS ENUM (
    'transparent',
    'green',
    'yellow',
    'red'
);


--
-- Name: enum__pages_v_blocks_list_content_blocks_link_appearance; Type: TYPE; Schema: public; Owner: -
--

CREATE TYPE public.enum__pages_v_blocks_list_content_blocks_link_appearance AS ENUM (
    'default',
    'outline'
);


--
-- Name: enum__pages_v_blocks_list_content_blocks_link_type; Type: TYPE; Schema: public; Owner: -
--

CREATE TYPE public.enum__pages_v_blocks_list_content_blocks_link_type AS ENUM (
    'reference',
    'custom',
    'calendly'
);


--
-- Name: enum__pages_v_blocks_list_content_dark_mode; Type: TYPE; Schema: public; Owner: -
--

CREATE TYPE public.enum__pages_v_blocks_list_content_dark_mode AS ENUM (
    'blue',
    'dark'
);


--
-- Name: enum__pages_v_blocks_list_content_separator_type; Type: TYPE; Schema: public; Owner: -
--

CREATE TYPE public.enum__pages_v_blocks_list_content_separator_type AS ENUM (
    'separatorYellow',
    'separatorWhite',
    'separatorBackground',
    'separatorDark'
);


--
-- Name: enum__pages_v_blocks_post_carousel_block_dark_mode; Type: TYPE; Schema: public; Owner: -
--

CREATE TYPE public.enum__pages_v_blocks_post_carousel_block_dark_mode AS ENUM (
    'blue',
    'dark'
);


--
-- Name: enum__pages_v_blocks_post_carousel_block_separator_type; Type: TYPE; Schema: public; Owner: -
--

CREATE TYPE public.enum__pages_v_blocks_post_carousel_block_separator_type AS ENUM (
    'separatorYellow',
    'separatorWhite',
    'separatorBackground'
);


--
-- Name: enum__pages_v_blocks_quote_block_links_link_appearance; Type: TYPE; Schema: public; Owner: -
--

CREATE TYPE public.enum__pages_v_blocks_quote_block_links_link_appearance AS ENUM (
    'default',
    'outline'
);


--
-- Name: enum__pages_v_blocks_quote_block_links_link_type; Type: TYPE; Schema: public; Owner: -
--

CREATE TYPE public.enum__pages_v_blocks_quote_block_links_link_type AS ENUM (
    'reference',
    'custom',
    'calendly'
);


--
-- Name: enum__pages_v_blocks_quote_block_separator_type; Type: TYPE; Schema: public; Owner: -
--

CREATE TYPE public.enum__pages_v_blocks_quote_block_separator_type AS ENUM (
    'separatorYellow',
    'separatorWhite',
    'separatorBackground'
);


--
-- Name: enum__pages_v_blocks_service_dark_mode; Type: TYPE; Schema: public; Owner: -
--

CREATE TYPE public.enum__pages_v_blocks_service_dark_mode AS ENUM (
    'blue',
    'dark'
);


--
-- Name: enum__pages_v_blocks_service_list_block_blocks_link_appearance; Type: TYPE; Schema: public; Owner: -
--

CREATE TYPE public.enum__pages_v_blocks_service_list_block_blocks_link_appearance AS ENUM (
    'default',
    'outline'
);


--
-- Name: enum__pages_v_blocks_service_list_block_blocks_link_type; Type: TYPE; Schema: public; Owner: -
--

CREATE TYPE public.enum__pages_v_blocks_service_list_block_blocks_link_type AS ENUM (
    'reference',
    'custom',
    'calendly'
);


--
-- Name: enum__pages_v_blocks_service_list_block_dark_mode; Type: TYPE; Schema: public; Owner: -
--

CREATE TYPE public.enum__pages_v_blocks_service_list_block_dark_mode AS ENUM (
    'blue',
    'dark'
);


--
-- Name: enum__pages_v_blocks_service_list_block_separator_type; Type: TYPE; Schema: public; Owner: -
--

CREATE TYPE public.enum__pages_v_blocks_service_list_block_separator_type AS ENUM (
    'separatorYellow',
    'separatorWhite',
    'separatorBackground'
);


--
-- Name: enum__pages_v_blocks_service_separator_type; Type: TYPE; Schema: public; Owner: -
--

CREATE TYPE public.enum__pages_v_blocks_service_separator_type AS ENUM (
    'separatorYellow',
    'separatorWhite',
    'separatorBackground'
);


--
-- Name: enum__pages_v_blocks_simple_list_content_blocks_color; Type: TYPE; Schema: public; Owner: -
--

CREATE TYPE public.enum__pages_v_blocks_simple_list_content_blocks_color AS ENUM (
    'transparent',
    'green',
    'yellow',
    'red'
);


--
-- Name: enum__pages_v_blocks_simple_list_content_dark_mode; Type: TYPE; Schema: public; Owner: -
--

CREATE TYPE public.enum__pages_v_blocks_simple_list_content_dark_mode AS ENUM (
    'blue',
    'dark'
);


--
-- Name: enum__pages_v_blocks_simple_list_content_separator_type; Type: TYPE; Schema: public; Owner: -
--

CREATE TYPE public.enum__pages_v_blocks_simple_list_content_separator_type AS ENUM (
    'separatorYellow',
    'separatorWhite',
    'separatorBackground'
);


--
-- Name: enum__pages_v_blocks_social_rrss_link_type; Type: TYPE; Schema: public; Owner: -
--

CREATE TYPE public.enum__pages_v_blocks_social_rrss_link_type AS ENUM (
    'reference',
    'custom',
    'calendly'
);


--
-- Name: enum__pages_v_version_hero_dark_mode; Type: TYPE; Schema: public; Owner: -
--

CREATE TYPE public.enum__pages_v_version_hero_dark_mode AS ENUM (
    'blue',
    'dark'
);


--
-- Name: enum__pages_v_version_hero_links_link_appearance; Type: TYPE; Schema: public; Owner: -
--

CREATE TYPE public.enum__pages_v_version_hero_links_link_appearance AS ENUM (
    'default',
    'outline'
);


--
-- Name: enum__pages_v_version_hero_links_link_type; Type: TYPE; Schema: public; Owner: -
--

CREATE TYPE public.enum__pages_v_version_hero_links_link_type AS ENUM (
    'reference',
    'custom',
    'calendly'
);


--
-- Name: enum__pages_v_version_hero_separator_type; Type: TYPE; Schema: public; Owner: -
--

CREATE TYPE public.enum__pages_v_version_hero_separator_type AS ENUM (
    'separatorYellow',
    'separatorWhite',
    'separatorBackground'
);


--
-- Name: enum__pages_v_version_status; Type: TYPE; Schema: public; Owner: -
--

CREATE TYPE public.enum__pages_v_version_status AS ENUM (
    'draft',
    'published'
);


--
-- Name: enum__posts_v_version_status; Type: TYPE; Schema: public; Owner: -
--

CREATE TYPE public.enum__posts_v_version_status AS ENUM (
    'draft',
    'published'
);


--
-- Name: enum_footer_dark_mode; Type: TYPE; Schema: public; Owner: -
--

CREATE TYPE public.enum_footer_dark_mode AS ENUM (
    'blue',
    'dark'
);


--
-- Name: enum_footer_nav_items_link_type; Type: TYPE; Schema: public; Owner: -
--

CREATE TYPE public.enum_footer_nav_items_link_type AS ENUM (
    'reference',
    'custom',
    'calendly'
);


--
-- Name: enum_footer_separator_type; Type: TYPE; Schema: public; Owner: -
--

CREATE TYPE public.enum_footer_separator_type AS ENUM (
    'separatorYellow',
    'separatorWhite',
    'separatorBackground'
);


--
-- Name: enum_forms_confirmation_type; Type: TYPE; Schema: public; Owner: -
--

CREATE TYPE public.enum_forms_confirmation_type AS ENUM (
    'message',
    'redirect'
);


--
-- Name: enum_header_nav_items_nav_links_items_link_type; Type: TYPE; Schema: public; Owner: -
--

CREATE TYPE public.enum_header_nav_items_nav_links_items_link_type AS ENUM (
    'reference',
    'custom',
    'calendly'
);


--
-- Name: enum_header_nav_items_nav_links_items_sub_items_link_type; Type: TYPE; Schema: public; Owner: -
--

CREATE TYPE public.enum_header_nav_items_nav_links_items_sub_items_link_type AS ENUM (
    'reference',
    'custom',
    'calendly'
);


--
-- Name: enum_pages_blocks_content_dark_mode; Type: TYPE; Schema: public; Owner: -
--

CREATE TYPE public.enum_pages_blocks_content_dark_mode AS ENUM (
    'blue',
    'dark'
);


--
-- Name: enum_pages_blocks_content_link_appearance; Type: TYPE; Schema: public; Owner: -
--

CREATE TYPE public.enum_pages_blocks_content_link_appearance AS ENUM (
    'default',
    'outline'
);


--
-- Name: enum_pages_blocks_content_link_type; Type: TYPE; Schema: public; Owner: -
--

CREATE TYPE public.enum_pages_blocks_content_link_type AS ENUM (
    'reference',
    'custom',
    'calendly'
);


--
-- Name: enum_pages_blocks_content_separator_type; Type: TYPE; Schema: public; Owner: -
--

CREATE TYPE public.enum_pages_blocks_content_separator_type AS ENUM (
    'separatorYellow',
    'separatorWhite',
    'separatorBackground'
);


--
-- Name: enum_pages_blocks_cta_dark_mode; Type: TYPE; Schema: public; Owner: -
--

CREATE TYPE public.enum_pages_blocks_cta_dark_mode AS ENUM (
    'blue',
    'dark'
);


--
-- Name: enum_pages_blocks_cta_links_link_appearance; Type: TYPE; Schema: public; Owner: -
--

CREATE TYPE public.enum_pages_blocks_cta_links_link_appearance AS ENUM (
    'default',
    'outline'
);


--
-- Name: enum_pages_blocks_cta_links_link_type; Type: TYPE; Schema: public; Owner: -
--

CREATE TYPE public.enum_pages_blocks_cta_links_link_type AS ENUM (
    'reference',
    'custom',
    'calendly'
);


--
-- Name: enum_pages_blocks_cta_separator_type; Type: TYPE; Schema: public; Owner: -
--

CREATE TYPE public.enum_pages_blocks_cta_separator_type AS ENUM (
    'separatorYellow',
    'separatorWhite',
    'separatorBackground'
);


--
-- Name: enum_pages_blocks_form_block_dark_mode; Type: TYPE; Schema: public; Owner: -
--

CREATE TYPE public.enum_pages_blocks_form_block_dark_mode AS ENUM (
    'blue',
    'dark'
);


--
-- Name: enum_pages_blocks_form_block_separator_type; Type: TYPE; Schema: public; Owner: -
--

CREATE TYPE public.enum_pages_blocks_form_block_separator_type AS ENUM (
    'separatorYellow',
    'separatorWhite',
    'separatorBackground'
);


--
-- Name: enum_pages_blocks_list_content_blocks_color; Type: TYPE; Schema: public; Owner: -
--

CREATE TYPE public.enum_pages_blocks_list_content_blocks_color AS ENUM (
    'transparent',
    'green',
    'yellow',
    'red'
);


--
-- Name: enum_pages_blocks_list_content_blocks_link_appearance; Type: TYPE; Schema: public; Owner: -
--

CREATE TYPE public.enum_pages_blocks_list_content_blocks_link_appearance AS ENUM (
    'default',
    'outline'
);


--
-- Name: enum_pages_blocks_list_content_blocks_link_type; Type: TYPE; Schema: public; Owner: -
--

CREATE TYPE public.enum_pages_blocks_list_content_blocks_link_type AS ENUM (
    'reference',
    'custom',
    'calendly'
);


--
-- Name: enum_pages_blocks_list_content_dark_mode; Type: TYPE; Schema: public; Owner: -
--

CREATE TYPE public.enum_pages_blocks_list_content_dark_mode AS ENUM (
    'blue',
    'dark'
);


--
-- Name: enum_pages_blocks_list_content_separator_type; Type: TYPE; Schema: public; Owner: -
--

CREATE TYPE public.enum_pages_blocks_list_content_separator_type AS ENUM (
    'separatorYellow',
    'separatorWhite',
    'separatorBackground',
    'separatorDark'
);


--
-- Name: enum_pages_blocks_post_carousel_block_dark_mode; Type: TYPE; Schema: public; Owner: -
--

CREATE TYPE public.enum_pages_blocks_post_carousel_block_dark_mode AS ENUM (
    'blue',
    'dark'
);


--
-- Name: enum_pages_blocks_post_carousel_block_separator_type; Type: TYPE; Schema: public; Owner: -
--

CREATE TYPE public.enum_pages_blocks_post_carousel_block_separator_type AS ENUM (
    'separatorYellow',
    'separatorWhite',
    'separatorBackground'
);


--
-- Name: enum_pages_blocks_quote_block_links_link_appearance; Type: TYPE; Schema: public; Owner: -
--

CREATE TYPE public.enum_pages_blocks_quote_block_links_link_appearance AS ENUM (
    'default',
    'outline'
);


--
-- Name: enum_pages_blocks_quote_block_links_link_type; Type: TYPE; Schema: public; Owner: -
--

CREATE TYPE public.enum_pages_blocks_quote_block_links_link_type AS ENUM (
    'reference',
    'custom',
    'calendly'
);


--
-- Name: enum_pages_blocks_quote_block_separator_type; Type: TYPE; Schema: public; Owner: -
--

CREATE TYPE public.enum_pages_blocks_quote_block_separator_type AS ENUM (
    'separatorYellow',
    'separatorWhite',
    'separatorBackground'
);


--
-- Name: enum_pages_blocks_service_dark_mode; Type: TYPE; Schema: public; Owner: -
--

CREATE TYPE public.enum_pages_blocks_service_dark_mode AS ENUM (
    'blue',
    'dark'
);


--
-- Name: enum_pages_blocks_service_list_block_blocks_link_appearance; Type: TYPE; Schema: public; Owner: -
--

CREATE TYPE public.enum_pages_blocks_service_list_block_blocks_link_appearance AS ENUM (
    'default',
    'outline'
);


--
-- Name: enum_pages_blocks_service_list_block_blocks_link_type; Type: TYPE; Schema: public; Owner: -
--

CREATE TYPE public.enum_pages_blocks_service_list_block_blocks_link_type AS ENUM (
    'reference',
    'custom',
    'calendly'
);


--
-- Name: enum_pages_blocks_service_list_block_dark_mode; Type: TYPE; Schema: public; Owner: -
--

CREATE TYPE public.enum_pages_blocks_service_list_block_dark_mode AS ENUM (
    'blue',
    'dark'
);


--
-- Name: enum_pages_blocks_service_list_block_separator_type; Type: TYPE; Schema: public; Owner: -
--

CREATE TYPE public.enum_pages_blocks_service_list_block_separator_type AS ENUM (
    'separatorYellow',
    'separatorWhite',
    'separatorBackground'
);


--
-- Name: enum_pages_blocks_service_separator_type; Type: TYPE; Schema: public; Owner: -
--

CREATE TYPE public.enum_pages_blocks_service_separator_type AS ENUM (
    'separatorYellow',
    'separatorWhite',
    'separatorBackground'
);


--
-- Name: enum_pages_blocks_simple_list_content_blocks_color; Type: TYPE; Schema: public; Owner: -
--

CREATE TYPE public.enum_pages_blocks_simple_list_content_blocks_color AS ENUM (
    'transparent',
    'green',
    'yellow',
    'red'
);


--
-- Name: enum_pages_blocks_simple_list_content_dark_mode; Type: TYPE; Schema: public; Owner: -
--

CREATE TYPE public.enum_pages_blocks_simple_list_content_dark_mode AS ENUM (
    'blue',
    'dark'
);


--
-- Name: enum_pages_blocks_simple_list_content_separator_type; Type: TYPE; Schema: public; Owner: -
--

CREATE TYPE public.enum_pages_blocks_simple_list_content_separator_type AS ENUM (
    'separatorYellow',
    'separatorWhite',
    'separatorBackground'
);


--
-- Name: enum_pages_blocks_social_rrss_link_type; Type: TYPE; Schema: public; Owner: -
--

CREATE TYPE public.enum_pages_blocks_social_rrss_link_type AS ENUM (
    'reference',
    'custom',
    'calendly'
);


--
-- Name: enum_pages_hero_dark_mode; Type: TYPE; Schema: public; Owner: -
--

CREATE TYPE public.enum_pages_hero_dark_mode AS ENUM (
    'blue',
    'dark'
);


--
-- Name: enum_pages_hero_links_link_appearance; Type: TYPE; Schema: public; Owner: -
--

CREATE TYPE public.enum_pages_hero_links_link_appearance AS ENUM (
    'default',
    'outline'
);


--
-- Name: enum_pages_hero_links_link_type; Type: TYPE; Schema: public; Owner: -
--

CREATE TYPE public.enum_pages_hero_links_link_type AS ENUM (
    'reference',
    'custom',
    'calendly'
);


--
-- Name: enum_pages_hero_separator_type; Type: TYPE; Schema: public; Owner: -
--

CREATE TYPE public.enum_pages_hero_separator_type AS ENUM (
    'separatorYellow',
    'separatorWhite',
    'separatorBackground'
);


--
-- Name: enum_pages_status; Type: TYPE; Schema: public; Owner: -
--

CREATE TYPE public.enum_pages_status AS ENUM (
    'draft',
    'published'
);


--
-- Name: enum_payload_jobs_log_state; Type: TYPE; Schema: public; Owner: -
--

CREATE TYPE public.enum_payload_jobs_log_state AS ENUM (
    'failed',
    'succeeded'
);


--
-- Name: enum_payload_jobs_log_task_slug; Type: TYPE; Schema: public; Owner: -
--

CREATE TYPE public.enum_payload_jobs_log_task_slug AS ENUM (
    'inline',
    'schedulePublish'
);


--
-- Name: enum_payload_jobs_task_slug; Type: TYPE; Schema: public; Owner: -
--

CREATE TYPE public.enum_payload_jobs_task_slug AS ENUM (
    'inline',
    'schedulePublish'
);


--
-- Name: enum_posts_status; Type: TYPE; Schema: public; Owner: -
--

CREATE TYPE public.enum_posts_status AS ENUM (
    'draft',
    'published'
);


--
-- Name: enum_users_roles; Type: TYPE; Schema: public; Owner: -
--

CREATE TYPE public.enum_users_roles AS ENUM (
    'admin',
    'user',
    'guest'
);


SET default_tablespace = '';

SET default_table_access_method = heap;

--
-- Name: _pages_v; Type: TABLE; Schema: public; Owner: -
--

CREATE TABLE public._pages_v (
    id integer NOT NULL,
    parent_id integer,
    version_title character varying,
    version_hero_title character varying,
    version_hero_media_id integer,
    version_hero_rich_text jsonb,
    version_meta_title character varying,
    version_meta_image_id integer,
    version_meta_description character varying,
    version_published_at timestamp(3) with time zone,
    version_slug character varying,
    version_slug_lock boolean DEFAULT true,
    version_updated_at timestamp(3) with time zone,
    version_created_at timestamp(3) with time zone,
    version__status public.enum__pages_v_version_status DEFAULT 'draft'::public.enum__pages_v_version_status,
    created_at timestamp(3) with time zone DEFAULT now() NOT NULL,
    updated_at timestamp(3) with time zone DEFAULT now() NOT NULL,
    latest boolean,
    autosave boolean,
    version_hero_remove_svg boolean,
    version_hero_is_reverse boolean DEFAULT false,
    version_hero_bottom numeric DEFAULT 100,
    version_hero_separator_type public.enum__pages_v_version_hero_separator_type,
    version_hero_dark_mode public.enum__pages_v_version_hero_dark_mode
);


--
-- Name: _pages_v_blocks_box_content; Type: TABLE; Schema: public; Owner: -
--

CREATE TABLE public._pages_v_blocks_box_content (
    _order integer NOT NULL,
    _parent_id integer NOT NULL,
    _path text NOT NULL,
    id integer NOT NULL,
    _uuid character varying,
    block_name character varying
);


--
-- Name: _pages_v_blocks_box_content_boxes; Type: TABLE; Schema: public; Owner: -
--

CREATE TABLE public._pages_v_blocks_box_content_boxes (
    _order integer NOT NULL,
    _parent_id integer NOT NULL,
    id integer NOT NULL,
    title character varying,
    rich_text character varying,
    media_id integer,
    _uuid character varying,
    enable_title boolean
);


--
-- Name: _pages_v_blocks_box_content_boxes_id_seq; Type: SEQUENCE; Schema: public; Owner: -
--

CREATE SEQUENCE public._pages_v_blocks_box_content_boxes_id_seq
    AS integer
    START WITH 1
    INCREMENT BY 1
    NO MINVALUE
    NO MAXVALUE
    CACHE 1;


--
-- Name: _pages_v_blocks_box_content_boxes_id_seq; Type: SEQUENCE OWNED BY; Schema: public; Owner: -
--

ALTER SEQUENCE public._pages_v_blocks_box_content_boxes_id_seq OWNED BY public._pages_v_blocks_box_content_boxes.id;


--
-- Name: _pages_v_blocks_box_content_id_seq; Type: SEQUENCE; Schema: public; Owner: -
--

CREATE SEQUENCE public._pages_v_blocks_box_content_id_seq
    AS integer
    START WITH 1
    INCREMENT BY 1
    NO MINVALUE
    NO MAXVALUE
    CACHE 1;


--
-- Name: _pages_v_blocks_box_content_id_seq; Type: SEQUENCE OWNED BY; Schema: public; Owner: -
--

ALTER SEQUENCE public._pages_v_blocks_box_content_id_seq OWNED BY public._pages_v_blocks_box_content.id;


--
-- Name: _pages_v_blocks_content; Type: TABLE; Schema: public; Owner: -
--

CREATE TABLE public._pages_v_blocks_content (
    _order integer NOT NULL,
    _parent_id integer NOT NULL,
    _path text NOT NULL,
    id integer NOT NULL,
    enable_title boolean,
    title character varying,
    enable_image boolean,
    image_id integer,
    enable_background_image boolean,
    enable_rich_text boolean,
    rich_text jsonb,
    enable_link boolean,
    link_type public.enum__pages_v_blocks_content_link_type DEFAULT 'reference'::public.enum__pages_v_blocks_content_link_type,
    link_new_tab boolean,
    link_url character varying,
    link_label character varying,
    link_appearance public.enum__pages_v_blocks_content_link_appearance DEFAULT 'default'::public.enum__pages_v_blocks_content_link_appearance,
    is_reverse boolean DEFAULT false,
    bottom numeric DEFAULT 100,
    separator_type public.enum__pages_v_blocks_content_separator_type,
    section_name character varying,
    _uuid character varying,
    block_name character varying,
    dark_mode public.enum__pages_v_blocks_content_dark_mode
);


--
-- Name: _pages_v_blocks_content_id_seq; Type: SEQUENCE; Schema: public; Owner: -
--

CREATE SEQUENCE public._pages_v_blocks_content_id_seq
    AS integer
    START WITH 1
    INCREMENT BY 1
    NO MINVALUE
    NO MAXVALUE
    CACHE 1;


--
-- Name: _pages_v_blocks_content_id_seq; Type: SEQUENCE OWNED BY; Schema: public; Owner: -
--

ALTER SEQUENCE public._pages_v_blocks_content_id_seq OWNED BY public._pages_v_blocks_content.id;


--
-- Name: _pages_v_blocks_cta; Type: TABLE; Schema: public; Owner: -
--

CREATE TABLE public._pages_v_blocks_cta (
    _order integer NOT NULL,
    _parent_id integer NOT NULL,
    _path text NOT NULL,
    id integer NOT NULL,
    media_id integer,
    rich_text jsonb,
    is_reverse boolean DEFAULT false,
    bottom numeric DEFAULT 100,
    section_name character varying,
    _uuid character varying,
    block_name character varying,
    enable_background_image boolean,
    separator_type public.enum__pages_v_blocks_cta_separator_type,
    dark_mode public.enum__pages_v_blocks_cta_dark_mode
);


--
-- Name: _pages_v_blocks_cta_id_seq; Type: SEQUENCE; Schema: public; Owner: -
--

CREATE SEQUENCE public._pages_v_blocks_cta_id_seq
    AS integer
    START WITH 1
    INCREMENT BY 1
    NO MINVALUE
    NO MAXVALUE
    CACHE 1;


--
-- Name: _pages_v_blocks_cta_id_seq; Type: SEQUENCE OWNED BY; Schema: public; Owner: -
--

ALTER SEQUENCE public._pages_v_blocks_cta_id_seq OWNED BY public._pages_v_blocks_cta.id;


--
-- Name: _pages_v_blocks_cta_links; Type: TABLE; Schema: public; Owner: -
--

CREATE TABLE public._pages_v_blocks_cta_links (
    _order integer NOT NULL,
    _parent_id integer NOT NULL,
    id integer NOT NULL,
    link_type public.enum__pages_v_blocks_cta_links_link_type DEFAULT 'reference'::public.enum__pages_v_blocks_cta_links_link_type,
    link_new_tab boolean,
    link_url character varying,
    link_label character varying,
    link_appearance public.enum__pages_v_blocks_cta_links_link_appearance DEFAULT 'default'::public.enum__pages_v_blocks_cta_links_link_appearance,
    _uuid character varying
);


--
-- Name: _pages_v_blocks_cta_links_id_seq; Type: SEQUENCE; Schema: public; Owner: -
--

CREATE SEQUENCE public._pages_v_blocks_cta_links_id_seq
    AS integer
    START WITH 1
    INCREMENT BY 1
    NO MINVALUE
    NO MAXVALUE
    CACHE 1;


--
-- Name: _pages_v_blocks_cta_links_id_seq; Type: SEQUENCE OWNED BY; Schema: public; Owner: -
--

ALTER SEQUENCE public._pages_v_blocks_cta_links_id_seq OWNED BY public._pages_v_blocks_cta_links.id;


--
-- Name: _pages_v_blocks_form_block; Type: TABLE; Schema: public; Owner: -
--

CREATE TABLE public._pages_v_blocks_form_block (
    _order integer NOT NULL,
    _parent_id integer NOT NULL,
    _path text NOT NULL,
    id integer NOT NULL,
    enable_header_text boolean,
    header_text jsonb,
    enable_companion_text boolean,
    companion_text jsonb,
    form_id integer,
    is_reverse boolean DEFAULT false,
    bottom numeric DEFAULT 100,
    _uuid character varying,
    block_name character varying,
    dark_mode public.enum__pages_v_blocks_form_block_dark_mode,
    separator_type public.enum__pages_v_blocks_form_block_separator_type,
    enable_background_image boolean
);


--
-- Name: _pages_v_blocks_form_block_id_seq; Type: SEQUENCE; Schema: public; Owner: -
--

CREATE SEQUENCE public._pages_v_blocks_form_block_id_seq
    AS integer
    START WITH 1
    INCREMENT BY 1
    NO MINVALUE
    NO MAXVALUE
    CACHE 1;


--
-- Name: _pages_v_blocks_form_block_id_seq; Type: SEQUENCE OWNED BY; Schema: public; Owner: -
--

ALTER SEQUENCE public._pages_v_blocks_form_block_id_seq OWNED BY public._pages_v_blocks_form_block.id;


--
-- Name: _pages_v_blocks_frequently_questions_block; Type: TABLE; Schema: public; Owner: -
--

CREATE TABLE public._pages_v_blocks_frequently_questions_block (
    _order integer NOT NULL,
    _parent_id integer NOT NULL,
    _path text NOT NULL,
    id integer NOT NULL,
    enable_title boolean,
    title character varying,
    enable_text boolean,
    content jsonb,
    enable_image boolean,
    image_id integer,
    section_name character varying,
    _uuid character varying,
    block_name character varying
);


--
-- Name: _pages_v_blocks_frequently_questions_block_id_seq; Type: SEQUENCE; Schema: public; Owner: -
--

CREATE SEQUENCE public._pages_v_blocks_frequently_questions_block_id_seq
    AS integer
    START WITH 1
    INCREMENT BY 1
    NO MINVALUE
    NO MAXVALUE
    CACHE 1;


--
-- Name: _pages_v_blocks_frequently_questions_block_id_seq; Type: SEQUENCE OWNED BY; Schema: public; Owner: -
--

ALTER SEQUENCE public._pages_v_blocks_frequently_questions_block_id_seq OWNED BY public._pages_v_blocks_frequently_questions_block.id;


--
-- Name: _pages_v_blocks_frequently_questions_block_questions; Type: TABLE; Schema: public; Owner: -
--

CREATE TABLE public._pages_v_blocks_frequently_questions_block_questions (
    _order integer NOT NULL,
    _parent_id integer NOT NULL,
    id integer NOT NULL,
    question character varying,
    answer character varying,
    _uuid character varying
);


--
-- Name: _pages_v_blocks_frequently_questions_block_questions_id_seq; Type: SEQUENCE; Schema: public; Owner: -
--

CREATE SEQUENCE public._pages_v_blocks_frequently_questions_block_questions_id_seq
    AS integer
    START WITH 1
    INCREMENT BY 1
    NO MINVALUE
    NO MAXVALUE
    CACHE 1;


--
-- Name: _pages_v_blocks_frequently_questions_block_questions_id_seq; Type: SEQUENCE OWNED BY; Schema: public; Owner: -
--

ALTER SEQUENCE public._pages_v_blocks_frequently_questions_block_questions_id_seq OWNED BY public._pages_v_blocks_frequently_questions_block_questions.id;


--
-- Name: _pages_v_blocks_list_content; Type: TABLE; Schema: public; Owner: -
--

CREATE TABLE public._pages_v_blocks_list_content (
    _order integer NOT NULL,
    _parent_id integer NOT NULL,
    _path text NOT NULL,
    id integer NOT NULL,
    enable_title boolean,
    title character varying,
    enable_sub_title boolean,
    sub_title jsonb,
    enable_background_image boolean,
    enable_image boolean,
    field_image_id integer,
    is_reverse boolean DEFAULT false,
    bottom numeric DEFAULT 100,
    separator_type public.enum__pages_v_blocks_list_content_separator_type,
    section_name character varying,
    _uuid character varying,
    block_name character varying,
    dark_mode public.enum__pages_v_blocks_list_content_dark_mode
);


--
-- Name: _pages_v_blocks_list_content_blocks; Type: TABLE; Schema: public; Owner: -
--

CREATE TABLE public._pages_v_blocks_list_content_blocks (
    _order integer NOT NULL,
    _parent_id integer NOT NULL,
    id integer NOT NULL,
    enable_filed_title boolean,
    field_title character varying,
    enable_icon boolean,
    media_id integer,
    enable_rich_text boolean,
    rich_text jsonb,
    enable_link boolean,
    link_type public.enum__pages_v_blocks_list_content_blocks_link_type DEFAULT 'reference'::public.enum__pages_v_blocks_list_content_blocks_link_type,
    link_new_tab boolean,
    link_url character varying,
    link_label character varying,
    link_appearance public.enum__pages_v_blocks_list_content_blocks_link_appearance DEFAULT 'default'::public.enum__pages_v_blocks_list_content_blocks_link_appearance,
    color public.enum__pages_v_blocks_list_content_blocks_color DEFAULT 'transparent'::public.enum__pages_v_blocks_list_content_blocks_color,
    _uuid character varying
);


--
-- Name: _pages_v_blocks_list_content_blocks_id_seq; Type: SEQUENCE; Schema: public; Owner: -
--

CREATE SEQUENCE public._pages_v_blocks_list_content_blocks_id_seq
    AS integer
    START WITH 1
    INCREMENT BY 1
    NO MINVALUE
    NO MAXVALUE
    CACHE 1;


--
-- Name: _pages_v_blocks_list_content_blocks_id_seq; Type: SEQUENCE OWNED BY; Schema: public; Owner: -
--

ALTER SEQUENCE public._pages_v_blocks_list_content_blocks_id_seq OWNED BY public._pages_v_blocks_list_content_blocks.id;


--
-- Name: _pages_v_blocks_list_content_id_seq; Type: SEQUENCE; Schema: public; Owner: -
--

CREATE SEQUENCE public._pages_v_blocks_list_content_id_seq
    AS integer
    START WITH 1
    INCREMENT BY 1
    NO MINVALUE
    NO MAXVALUE
    CACHE 1;


--
-- Name: _pages_v_blocks_list_content_id_seq; Type: SEQUENCE OWNED BY; Schema: public; Owner: -
--

ALTER SEQUENCE public._pages_v_blocks_list_content_id_seq OWNED BY public._pages_v_blocks_list_content.id;


--
-- Name: _pages_v_blocks_media_block; Type: TABLE; Schema: public; Owner: -
--

CREATE TABLE public._pages_v_blocks_media_block (
    _order integer NOT NULL,
    _parent_id integer NOT NULL,
    _path text NOT NULL,
    id integer NOT NULL,
    media_id integer,
    section_name character varying,
    _uuid character varying,
    block_name character varying
);


--
-- Name: _pages_v_blocks_media_block_id_seq; Type: SEQUENCE; Schema: public; Owner: -
--

CREATE SEQUENCE public._pages_v_blocks_media_block_id_seq
    AS integer
    START WITH 1
    INCREMENT BY 1
    NO MINVALUE
    NO MAXVALUE
    CACHE 1;


--
-- Name: _pages_v_blocks_media_block_id_seq; Type: SEQUENCE OWNED BY; Schema: public; Owner: -
--

ALTER SEQUENCE public._pages_v_blocks_media_block_id_seq OWNED BY public._pages_v_blocks_media_block.id;


--
-- Name: _pages_v_blocks_post_carousel_block; Type: TABLE; Schema: public; Owner: -
--

CREATE TABLE public._pages_v_blocks_post_carousel_block (
    _order integer NOT NULL,
    _parent_id integer NOT NULL,
    _path text NOT NULL,
    id integer NOT NULL,
    is_reverse boolean DEFAULT false,
    bottom numeric DEFAULT 100,
    separator_type public.enum__pages_v_blocks_post_carousel_block_separator_type,
    _uuid character varying,
    block_name character varying,
    enable_background_image boolean,
    dark_mode public.enum__pages_v_blocks_post_carousel_block_dark_mode
);


--
-- Name: _pages_v_blocks_post_carousel_block_id_seq; Type: SEQUENCE; Schema: public; Owner: -
--

CREATE SEQUENCE public._pages_v_blocks_post_carousel_block_id_seq
    AS integer
    START WITH 1
    INCREMENT BY 1
    NO MINVALUE
    NO MAXVALUE
    CACHE 1;


--
-- Name: _pages_v_blocks_post_carousel_block_id_seq; Type: SEQUENCE OWNED BY; Schema: public; Owner: -
--

ALTER SEQUENCE public._pages_v_blocks_post_carousel_block_id_seq OWNED BY public._pages_v_blocks_post_carousel_block.id;


--
-- Name: _pages_v_blocks_quote_block; Type: TABLE; Schema: public; Owner: -
--

CREATE TABLE public._pages_v_blocks_quote_block (
    _order integer NOT NULL,
    _parent_id integer NOT NULL,
    _path text NOT NULL,
    id integer NOT NULL,
    rich_text jsonb,
    enable_image boolean,
    image_id integer,
    is_reverse boolean DEFAULT false,
    bottom numeric DEFAULT 100,
    separator_type public.enum__pages_v_blocks_quote_block_separator_type,
    section_name character varying,
    _uuid character varying,
    block_name character varying
);


--
-- Name: _pages_v_blocks_quote_block_id_seq; Type: SEQUENCE; Schema: public; Owner: -
--

CREATE SEQUENCE public._pages_v_blocks_quote_block_id_seq
    AS integer
    START WITH 1
    INCREMENT BY 1
    NO MINVALUE
    NO MAXVALUE
    CACHE 1;


--
-- Name: _pages_v_blocks_quote_block_id_seq; Type: SEQUENCE OWNED BY; Schema: public; Owner: -
--

ALTER SEQUENCE public._pages_v_blocks_quote_block_id_seq OWNED BY public._pages_v_blocks_quote_block.id;


--
-- Name: _pages_v_blocks_quote_block_links; Type: TABLE; Schema: public; Owner: -
--

CREATE TABLE public._pages_v_blocks_quote_block_links (
    _order integer NOT NULL,
    _parent_id integer NOT NULL,
    id integer NOT NULL,
    link_type public.enum__pages_v_blocks_quote_block_links_link_type DEFAULT 'reference'::public.enum__pages_v_blocks_quote_block_links_link_type,
    link_new_tab boolean,
    link_url character varying,
    link_label character varying,
    link_appearance public.enum__pages_v_blocks_quote_block_links_link_appearance DEFAULT 'default'::public.enum__pages_v_blocks_quote_block_links_link_appearance,
    _uuid character varying
);


--
-- Name: _pages_v_blocks_quote_block_links_id_seq; Type: SEQUENCE; Schema: public; Owner: -
--

CREATE SEQUENCE public._pages_v_blocks_quote_block_links_id_seq
    AS integer
    START WITH 1
    INCREMENT BY 1
    NO MINVALUE
    NO MAXVALUE
    CACHE 1;


--
-- Name: _pages_v_blocks_quote_block_links_id_seq; Type: SEQUENCE OWNED BY; Schema: public; Owner: -
--

ALTER SEQUENCE public._pages_v_blocks_quote_block_links_id_seq OWNED BY public._pages_v_blocks_quote_block_links.id;


--
-- Name: _pages_v_blocks_service; Type: TABLE; Schema: public; Owner: -
--

CREATE TABLE public._pages_v_blocks_service (
    _order integer NOT NULL,
    _parent_id integer NOT NULL,
    _path text NOT NULL,
    id integer NOT NULL,
    title character varying,
    enable_background_image boolean,
    is_reverse boolean DEFAULT false,
    bottom numeric DEFAULT 100,
    separator_type public.enum__pages_v_blocks_service_separator_type,
    section_name character varying,
    _uuid character varying,
    block_name character varying,
    rich_text jsonb,
    dark_mode public.enum__pages_v_blocks_service_dark_mode
);


--
-- Name: _pages_v_blocks_service_accordions; Type: TABLE; Schema: public; Owner: -
--

CREATE TABLE public._pages_v_blocks_service_accordions (
    _order integer NOT NULL,
    _parent_id integer NOT NULL,
    id integer NOT NULL,
    title character varying,
    content jsonb,
    _uuid character varying
);


--
-- Name: _pages_v_blocks_service_accordions_id_seq; Type: SEQUENCE; Schema: public; Owner: -
--

CREATE SEQUENCE public._pages_v_blocks_service_accordions_id_seq
    AS integer
    START WITH 1
    INCREMENT BY 1
    NO MINVALUE
    NO MAXVALUE
    CACHE 1;


--
-- Name: _pages_v_blocks_service_accordions_id_seq; Type: SEQUENCE OWNED BY; Schema: public; Owner: -
--

ALTER SEQUENCE public._pages_v_blocks_service_accordions_id_seq OWNED BY public._pages_v_blocks_service_accordions.id;


--
-- Name: _pages_v_blocks_service_id_seq; Type: SEQUENCE; Schema: public; Owner: -
--

CREATE SEQUENCE public._pages_v_blocks_service_id_seq
    AS integer
    START WITH 1
    INCREMENT BY 1
    NO MINVALUE
    NO MAXVALUE
    CACHE 1;


--
-- Name: _pages_v_blocks_service_id_seq; Type: SEQUENCE OWNED BY; Schema: public; Owner: -
--

ALTER SEQUENCE public._pages_v_blocks_service_id_seq OWNED BY public._pages_v_blocks_service.id;


--
-- Name: _pages_v_blocks_service_list_block; Type: TABLE; Schema: public; Owner: -
--

CREATE TABLE public._pages_v_blocks_service_list_block (
    _order integer NOT NULL,
    _parent_id integer NOT NULL,
    _path text NOT NULL,
    id integer NOT NULL,
    enable_title boolean,
    title character varying,
    enable_background_image boolean,
    is_reverse boolean DEFAULT false,
    bottom numeric DEFAULT 100,
    separator_type public.enum__pages_v_blocks_service_list_block_separator_type,
    section_name character varying,
    _uuid character varying,
    block_name character varying,
    dark_mode public.enum__pages_v_blocks_service_list_block_dark_mode
);


--
-- Name: _pages_v_blocks_service_list_block_blocks; Type: TABLE; Schema: public; Owner: -
--

CREATE TABLE public._pages_v_blocks_service_list_block_blocks (
    _order integer NOT NULL,
    _parent_id integer NOT NULL,
    id integer NOT NULL,
    enable_filed_title boolean,
    field_title character varying,
    enable_icon boolean,
    media_id integer,
    enable_rich_text boolean,
    rich_text jsonb,
    _uuid character varying,
    link_type public.enum__pages_v_blocks_service_list_block_blocks_link_type DEFAULT 'reference'::public.enum__pages_v_blocks_service_list_block_blocks_link_type,
    link_new_tab boolean,
    link_url character varying,
    link_label character varying,
    link_appearance public.enum__pages_v_blocks_service_list_block_blocks_link_appearance DEFAULT 'default'::public.enum__pages_v_blocks_service_list_block_blocks_link_appearance
);


--
-- Name: _pages_v_blocks_service_list_block_blocks_id_seq; Type: SEQUENCE; Schema: public; Owner: -
--

CREATE SEQUENCE public._pages_v_blocks_service_list_block_blocks_id_seq
    AS integer
    START WITH 1
    INCREMENT BY 1
    NO MINVALUE
    NO MAXVALUE
    CACHE 1;


--
-- Name: _pages_v_blocks_service_list_block_blocks_id_seq; Type: SEQUENCE OWNED BY; Schema: public; Owner: -
--

ALTER SEQUENCE public._pages_v_blocks_service_list_block_blocks_id_seq OWNED BY public._pages_v_blocks_service_list_block_blocks.id;


--
-- Name: _pages_v_blocks_service_list_block_id_seq; Type: SEQUENCE; Schema: public; Owner: -
--

CREATE SEQUENCE public._pages_v_blocks_service_list_block_id_seq
    AS integer
    START WITH 1
    INCREMENT BY 1
    NO MINVALUE
    NO MAXVALUE
    CACHE 1;


--
-- Name: _pages_v_blocks_service_list_block_id_seq; Type: SEQUENCE OWNED BY; Schema: public; Owner: -
--

ALTER SEQUENCE public._pages_v_blocks_service_list_block_id_seq OWNED BY public._pages_v_blocks_service_list_block.id;


--
-- Name: _pages_v_blocks_simple_list_content; Type: TABLE; Schema: public; Owner: -
--

CREATE TABLE public._pages_v_blocks_simple_list_content (
    _order integer NOT NULL,
    _parent_id integer NOT NULL,
    _path text NOT NULL,
    id integer NOT NULL,
    enable_title boolean,
    title character varying,
    enable_background_image boolean,
    is_reverse boolean DEFAULT false,
    bottom numeric DEFAULT 100,
    separator_type public.enum__pages_v_blocks_simple_list_content_separator_type,
    section_name character varying,
    _uuid character varying,
    block_name character varying,
    dark_mode public.enum__pages_v_blocks_simple_list_content_dark_mode,
    image_id integer
);


--
-- Name: _pages_v_blocks_simple_list_content_blocks; Type: TABLE; Schema: public; Owner: -
--

CREATE TABLE public._pages_v_blocks_simple_list_content_blocks (
    _order integer NOT NULL,
    _parent_id integer NOT NULL,
    id integer NOT NULL,
    enable_icon boolean,
    media_id integer,
    enable_rich_text boolean,
    rich_text jsonb,
    color public.enum__pages_v_blocks_simple_list_content_blocks_color DEFAULT 'transparent'::public.enum__pages_v_blocks_simple_list_content_blocks_color,
    _uuid character varying
);


--
-- Name: _pages_v_blocks_simple_list_content_blocks_id_seq; Type: SEQUENCE; Schema: public; Owner: -
--

CREATE SEQUENCE public._pages_v_blocks_simple_list_content_blocks_id_seq
    AS integer
    START WITH 1
    INCREMENT BY 1
    NO MINVALUE
    NO MAXVALUE
    CACHE 1;


--
-- Name: _pages_v_blocks_simple_list_content_blocks_id_seq; Type: SEQUENCE OWNED BY; Schema: public; Owner: -
--

ALTER SEQUENCE public._pages_v_blocks_simple_list_content_blocks_id_seq OWNED BY public._pages_v_blocks_simple_list_content_blocks.id;


--
-- Name: _pages_v_blocks_simple_list_content_id_seq; Type: SEQUENCE; Schema: public; Owner: -
--

CREATE SEQUENCE public._pages_v_blocks_simple_list_content_id_seq
    AS integer
    START WITH 1
    INCREMENT BY 1
    NO MINVALUE
    NO MAXVALUE
    CACHE 1;


--
-- Name: _pages_v_blocks_simple_list_content_id_seq; Type: SEQUENCE OWNED BY; Schema: public; Owner: -
--

ALTER SEQUENCE public._pages_v_blocks_simple_list_content_id_seq OWNED BY public._pages_v_blocks_simple_list_content.id;


--
-- Name: _pages_v_blocks_social; Type: TABLE; Schema: public; Owner: -
--

CREATE TABLE public._pages_v_blocks_social (
    _order integer NOT NULL,
    _parent_id integer NOT NULL,
    _path text NOT NULL,
    id integer NOT NULL,
    _uuid character varying,
    block_name character varying
);


--
-- Name: _pages_v_blocks_social_id_seq; Type: SEQUENCE; Schema: public; Owner: -
--

CREATE SEQUENCE public._pages_v_blocks_social_id_seq
    AS integer
    START WITH 1
    INCREMENT BY 1
    NO MINVALUE
    NO MAXVALUE
    CACHE 1;


--
-- Name: _pages_v_blocks_social_id_seq; Type: SEQUENCE OWNED BY; Schema: public; Owner: -
--

ALTER SEQUENCE public._pages_v_blocks_social_id_seq OWNED BY public._pages_v_blocks_social.id;


--
-- Name: _pages_v_blocks_social_rrss; Type: TABLE; Schema: public; Owner: -
--

CREATE TABLE public._pages_v_blocks_social_rrss (
    _order integer NOT NULL,
    _parent_id integer NOT NULL,
    id integer NOT NULL,
    title character varying,
    link_type public.enum__pages_v_blocks_social_rrss_link_type DEFAULT 'reference'::public.enum__pages_v_blocks_social_rrss_link_type,
    link_new_tab boolean,
    link_url character varying,
    link_label character varying,
    icon_id integer,
    _uuid character varying
);


--
-- Name: _pages_v_blocks_social_rrss_id_seq; Type: SEQUENCE; Schema: public; Owner: -
--

CREATE SEQUENCE public._pages_v_blocks_social_rrss_id_seq
    AS integer
    START WITH 1
    INCREMENT BY 1
    NO MINVALUE
    NO MAXVALUE
    CACHE 1;


--
-- Name: _pages_v_blocks_social_rrss_id_seq; Type: SEQUENCE OWNED BY; Schema: public; Owner: -
--

ALTER SEQUENCE public._pages_v_blocks_social_rrss_id_seq OWNED BY public._pages_v_blocks_social_rrss.id;


--
-- Name: _pages_v_id_seq; Type: SEQUENCE; Schema: public; Owner: -
--

CREATE SEQUENCE public._pages_v_id_seq
    AS integer
    START WITH 1
    INCREMENT BY 1
    NO MINVALUE
    NO MAXVALUE
    CACHE 1;


--
-- Name: _pages_v_id_seq; Type: SEQUENCE OWNED BY; Schema: public; Owner: -
--

ALTER SEQUENCE public._pages_v_id_seq OWNED BY public._pages_v.id;


--
-- Name: _pages_v_rels; Type: TABLE; Schema: public; Owner: -
--

CREATE TABLE public._pages_v_rels (
    id integer NOT NULL,
    "order" integer,
    parent_id integer NOT NULL,
    path character varying NOT NULL,
    pages_id integer,
    posts_id integer
);


--
-- Name: _pages_v_rels_id_seq; Type: SEQUENCE; Schema: public; Owner: -
--

CREATE SEQUENCE public._pages_v_rels_id_seq
    AS integer
    START WITH 1
    INCREMENT BY 1
    NO MINVALUE
    NO MAXVALUE
    CACHE 1;


--
-- Name: _pages_v_rels_id_seq; Type: SEQUENCE OWNED BY; Schema: public; Owner: -
--

ALTER SEQUENCE public._pages_v_rels_id_seq OWNED BY public._pages_v_rels.id;


--
-- Name: _pages_v_version_hero_links; Type: TABLE; Schema: public; Owner: -
--

CREATE TABLE public._pages_v_version_hero_links (
    _order integer NOT NULL,
    _parent_id integer NOT NULL,
    id integer NOT NULL,
    link_type public.enum__pages_v_version_hero_links_link_type DEFAULT 'reference'::public.enum__pages_v_version_hero_links_link_type,
    link_new_tab boolean,
    link_url character varying,
    link_label character varying,
    link_appearance public.enum__pages_v_version_hero_links_link_appearance DEFAULT 'default'::public.enum__pages_v_version_hero_links_link_appearance,
    _uuid character varying
);


--
-- Name: _pages_v_version_hero_links_id_seq; Type: SEQUENCE; Schema: public; Owner: -
--

CREATE SEQUENCE public._pages_v_version_hero_links_id_seq
    AS integer
    START WITH 1
    INCREMENT BY 1
    NO MINVALUE
    NO MAXVALUE
    CACHE 1;


--
-- Name: _pages_v_version_hero_links_id_seq; Type: SEQUENCE OWNED BY; Schema: public; Owner: -
--

ALTER SEQUENCE public._pages_v_version_hero_links_id_seq OWNED BY public._pages_v_version_hero_links.id;


--
-- Name: _posts_v; Type: TABLE; Schema: public; Owner: -
--

CREATE TABLE public._posts_v (
    id integer NOT NULL,
    parent_id integer,
    version_title character varying,
    version_hero_image_id integer,
    version_content jsonb,
    version_meta_title character varying,
    version_meta_image_id integer,
    version_meta_description character varying,
    version_published_at timestamp(3) with time zone,
    version_slug character varying,
    version_slug_lock boolean DEFAULT true,
    version_updated_at timestamp(3) with time zone,
    version_created_at timestamp(3) with time zone,
    version__status public.enum__posts_v_version_status DEFAULT 'draft'::public.enum__posts_v_version_status,
    created_at timestamp(3) with time zone DEFAULT now() NOT NULL,
    updated_at timestamp(3) with time zone DEFAULT now() NOT NULL,
    latest boolean,
    autosave boolean
);


--
-- Name: _posts_v_id_seq; Type: SEQUENCE; Schema: public; Owner: -
--

CREATE SEQUENCE public._posts_v_id_seq
    AS integer
    START WITH 1
    INCREMENT BY 1
    NO MINVALUE
    NO MAXVALUE
    CACHE 1;


--
-- Name: _posts_v_id_seq; Type: SEQUENCE OWNED BY; Schema: public; Owner: -
--

ALTER SEQUENCE public._posts_v_id_seq OWNED BY public._posts_v.id;


--
-- Name: _posts_v_rels; Type: TABLE; Schema: public; Owner: -
--

CREATE TABLE public._posts_v_rels (
    id integer NOT NULL,
    "order" integer,
    parent_id integer NOT NULL,
    path character varying NOT NULL,
    posts_id integer,
    categories_id integer,
    users_id integer,
    tags_id integer
);


--
-- Name: _posts_v_rels_id_seq; Type: SEQUENCE; Schema: public; Owner: -
--

CREATE SEQUENCE public._posts_v_rels_id_seq
    AS integer
    START WITH 1
    INCREMENT BY 1
    NO MINVALUE
    NO MAXVALUE
    CACHE 1;


--
-- Name: _posts_v_rels_id_seq; Type: SEQUENCE OWNED BY; Schema: public; Owner: -
--

ALTER SEQUENCE public._posts_v_rels_id_seq OWNED BY public._posts_v_rels.id;


--
-- Name: _posts_v_version_populated_authors; Type: TABLE; Schema: public; Owner: -
--

CREATE TABLE public._posts_v_version_populated_authors (
    _order integer NOT NULL,
    _parent_id integer NOT NULL,
    id integer NOT NULL,
    _uuid character varying,
    name character varying
);


--
-- Name: _posts_v_version_populated_authors_id_seq; Type: SEQUENCE; Schema: public; Owner: -
--

CREATE SEQUENCE public._posts_v_version_populated_authors_id_seq
    AS integer
    START WITH 1
    INCREMENT BY 1
    NO MINVALUE
    NO MAXVALUE
    CACHE 1;


--
-- Name: _posts_v_version_populated_authors_id_seq; Type: SEQUENCE OWNED BY; Schema: public; Owner: -
--

ALTER SEQUENCE public._posts_v_version_populated_authors_id_seq OWNED BY public._posts_v_version_populated_authors.id;


--
-- Name: categories; Type: TABLE; Schema: public; Owner: -
--

CREATE TABLE public.categories (
    id integer NOT NULL,
    title character varying NOT NULL,
    slug character varying,
    slug_lock boolean DEFAULT true,
    updated_at timestamp(3) with time zone DEFAULT now() NOT NULL,
    created_at timestamp(3) with time zone DEFAULT now() NOT NULL
);


--
-- Name: categories_id_seq; Type: SEQUENCE; Schema: public; Owner: -
--

CREATE SEQUENCE public.categories_id_seq
    AS integer
    START WITH 1
    INCREMENT BY 1
    NO MINVALUE
    NO MAXVALUE
    CACHE 1;


--
-- Name: categories_id_seq; Type: SEQUENCE OWNED BY; Schema: public; Owner: -
--

ALTER SEQUENCE public.categories_id_seq OWNED BY public.categories.id;


--
-- Name: documents; Type: TABLE; Schema: public; Owner: -
--

CREATE TABLE public.documents (
    id integer NOT NULL,
    title character varying NOT NULL,
    description character varying,
    updated_at timestamp(3) with time zone DEFAULT now() NOT NULL,
    created_at timestamp(3) with time zone DEFAULT now() NOT NULL,
    url character varying,
    thumbnail_u_r_l character varying,
    filename character varying,
    mime_type character varying,
    filesize numeric,
    width numeric,
    height numeric,
    focal_x numeric,
    focal_y numeric,
    prefix character varying DEFAULT 'documents'::character varying,
    doc_url character varying
);


--
-- Name: documents_id_seq; Type: SEQUENCE; Schema: public; Owner: -
--

CREATE SEQUENCE public.documents_id_seq
    AS integer
    START WITH 1
    INCREMENT BY 1
    NO MINVALUE
    NO MAXVALUE
    CACHE 1;


--
-- Name: documents_id_seq; Type: SEQUENCE OWNED BY; Schema: public; Owner: -
--

ALTER SEQUENCE public.documents_id_seq OWNED BY public.documents.id;


--
-- Name: footer; Type: TABLE; Schema: public; Owner: -
--

CREATE TABLE public.footer (
    id integer NOT NULL,
    updated_at timestamp(3) with time zone,
    created_at timestamp(3) with time zone,
    is_reverse boolean DEFAULT false,
    bottom numeric DEFAULT 100,
    separator_type public.enum_footer_separator_type,
    enable_background_image boolean,
    dark_mode public.enum_footer_dark_mode
);


--
-- Name: footer_id_seq; Type: SEQUENCE; Schema: public; Owner: -
--

CREATE SEQUENCE public.footer_id_seq
    AS integer
    START WITH 1
    INCREMENT BY 1
    NO MINVALUE
    NO MAXVALUE
    CACHE 1;


--
-- Name: footer_id_seq; Type: SEQUENCE OWNED BY; Schema: public; Owner: -
--

ALTER SEQUENCE public.footer_id_seq OWNED BY public.footer.id;


--
-- Name: footer_nav_items; Type: TABLE; Schema: public; Owner: -
--

CREATE TABLE public.footer_nav_items (
    _order integer NOT NULL,
    _parent_id integer NOT NULL,
    id character varying NOT NULL,
    link_type public.enum_footer_nav_items_link_type DEFAULT 'reference'::public.enum_footer_nav_items_link_type,
    link_new_tab boolean,
    link_url character varying,
    link_label character varying NOT NULL
);


--
-- Name: footer_rels; Type: TABLE; Schema: public; Owner: -
--

CREATE TABLE public.footer_rels (
    id integer NOT NULL,
    "order" integer,
    parent_id integer NOT NULL,
    path character varying NOT NULL,
    pages_id integer,
    posts_id integer
);


--
-- Name: footer_rels_id_seq; Type: SEQUENCE; Schema: public; Owner: -
--

CREATE SEQUENCE public.footer_rels_id_seq
    AS integer
    START WITH 1
    INCREMENT BY 1
    NO MINVALUE
    NO MAXVALUE
    CACHE 1;


--
-- Name: footer_rels_id_seq; Type: SEQUENCE OWNED BY; Schema: public; Owner: -
--

ALTER SEQUENCE public.footer_rels_id_seq OWNED BY public.footer_rels.id;


--
-- Name: form_submissions; Type: TABLE; Schema: public; Owner: -
--

CREATE TABLE public.form_submissions (
    id integer NOT NULL,
    form_id integer NOT NULL,
    updated_at timestamp(3) with time zone DEFAULT now() NOT NULL,
    created_at timestamp(3) with time zone DEFAULT now() NOT NULL
);


--
-- Name: form_submissions_id_seq; Type: SEQUENCE; Schema: public; Owner: -
--

CREATE SEQUENCE public.form_submissions_id_seq
    AS integer
    START WITH 1
    INCREMENT BY 1
    NO MINVALUE
    NO MAXVALUE
    CACHE 1;


--
-- Name: form_submissions_id_seq; Type: SEQUENCE OWNED BY; Schema: public; Owner: -
--

ALTER SEQUENCE public.form_submissions_id_seq OWNED BY public.form_submissions.id;


--
-- Name: form_submissions_submission_data; Type: TABLE; Schema: public; Owner: -
--

CREATE TABLE public.form_submissions_submission_data (
    _order integer NOT NULL,
    _parent_id integer NOT NULL,
    id character varying NOT NULL,
    field character varying NOT NULL,
    value character varying NOT NULL
);


--
-- Name: forms; Type: TABLE; Schema: public; Owner: -
--

CREATE TABLE public.forms (
    id integer NOT NULL,
    title character varying NOT NULL,
    submit_button_label character varying,
    confirmation_type public.enum_forms_confirmation_type DEFAULT 'message'::public.enum_forms_confirmation_type,
    confirmation_message jsonb,
    redirect_url character varying,
    slug character varying NOT NULL,
    updated_at timestamp(3) with time zone DEFAULT now() NOT NULL,
    created_at timestamp(3) with time zone DEFAULT now() NOT NULL
);


--
-- Name: forms_blocks_checkbox; Type: TABLE; Schema: public; Owner: -
--

CREATE TABLE public.forms_blocks_checkbox (
    _order integer NOT NULL,
    _parent_id integer NOT NULL,
    _path text NOT NULL,
    id character varying NOT NULL,
    name character varying NOT NULL,
    label character varying,
    width numeric,
    required boolean,
    default_value boolean,
    block_name character varying
);


--
-- Name: forms_blocks_email; Type: TABLE; Schema: public; Owner: -
--

CREATE TABLE public.forms_blocks_email (
    _order integer NOT NULL,
    _parent_id integer NOT NULL,
    _path text NOT NULL,
    id character varying NOT NULL,
    name character varying NOT NULL,
    label character varying,
    width numeric,
    required boolean,
    block_name character varying
);


--
-- Name: forms_blocks_message; Type: TABLE; Schema: public; Owner: -
--

CREATE TABLE public.forms_blocks_message (
    _order integer NOT NULL,
    _parent_id integer NOT NULL,
    _path text NOT NULL,
    id character varying NOT NULL,
    message jsonb,
    block_name character varying
);


--
-- Name: forms_blocks_radio; Type: TABLE; Schema: public; Owner: -
--

CREATE TABLE public.forms_blocks_radio (
    _order integer NOT NULL,
    _parent_id integer NOT NULL,
    _path text NOT NULL,
    id character varying NOT NULL,
    block_name character varying
);


--
-- Name: forms_blocks_radio_options; Type: TABLE; Schema: public; Owner: -
--

CREATE TABLE public.forms_blocks_radio_options (
    _order integer NOT NULL,
    _parent_id character varying NOT NULL,
    id character varying NOT NULL,
    label character varying NOT NULL,
    value character varying NOT NULL,
    image_id integer
);


--
-- Name: forms_blocks_select; Type: TABLE; Schema: public; Owner: -
--

CREATE TABLE public.forms_blocks_select (
    _order integer NOT NULL,
    _parent_id integer NOT NULL,
    _path text NOT NULL,
    id character varying NOT NULL,
    name character varying NOT NULL,
    label character varying,
    width numeric,
    default_value character varying,
    placeholder character varying,
    required boolean,
    block_name character varying
);


--
-- Name: forms_blocks_select_options; Type: TABLE; Schema: public; Owner: -
--

CREATE TABLE public.forms_blocks_select_options (
    _order integer NOT NULL,
    _parent_id character varying NOT NULL,
    id character varying NOT NULL,
    label character varying NOT NULL,
    value character varying NOT NULL
);


--
-- Name: forms_blocks_text; Type: TABLE; Schema: public; Owner: -
--

CREATE TABLE public.forms_blocks_text (
    _order integer NOT NULL,
    _parent_id integer NOT NULL,
    _path text NOT NULL,
    id character varying NOT NULL,
    name character varying NOT NULL,
    label character varying,
    width numeric,
    default_value character varying,
    required boolean,
    block_name character varying
);


--
-- Name: forms_blocks_textarea; Type: TABLE; Schema: public; Owner: -
--

CREATE TABLE public.forms_blocks_textarea (
    _order integer NOT NULL,
    _parent_id integer NOT NULL,
    _path text NOT NULL,
    id character varying NOT NULL,
    name character varying NOT NULL,
    label character varying,
    width numeric,
    default_value character varying,
    required boolean,
    block_name character varying
);


--
-- Name: forms_emails; Type: TABLE; Schema: public; Owner: -
--

CREATE TABLE public.forms_emails (
    _order integer NOT NULL,
    _parent_id integer NOT NULL,
    id character varying NOT NULL,
    email_to character varying,
    cc character varying,
    bcc character varying,
    reply_to character varying,
    email_from character varying,
    subject character varying DEFAULT 'You''ve received a new message.'::character varying NOT NULL,
    message jsonb
);


--
-- Name: forms_id_seq; Type: SEQUENCE; Schema: public; Owner: -
--

CREATE SEQUENCE public.forms_id_seq
    AS integer
    START WITH 1
    INCREMENT BY 1
    NO MINVALUE
    NO MAXVALUE
    CACHE 1;


--
-- Name: forms_id_seq; Type: SEQUENCE OWNED BY; Schema: public; Owner: -
--

ALTER SEQUENCE public.forms_id_seq OWNED BY public.forms.id;


--
-- Name: header; Type: TABLE; Schema: public; Owner: -
--

CREATE TABLE public.header (
    id integer NOT NULL,
    updated_at timestamp(3) with time zone,
    created_at timestamp(3) with time zone
);


--
-- Name: header_id_seq; Type: SEQUENCE; Schema: public; Owner: -
--

CREATE SEQUENCE public.header_id_seq
    AS integer
    START WITH 1
    INCREMENT BY 1
    NO MINVALUE
    NO MAXVALUE
    CACHE 1;


--
-- Name: header_id_seq; Type: SEQUENCE OWNED BY; Schema: public; Owner: -
--

ALTER SEQUENCE public.header_id_seq OWNED BY public.header.id;


--
-- Name: header_nav_items; Type: TABLE; Schema: public; Owner: -
--

CREATE TABLE public.header_nav_items (
    _order integer NOT NULL,
    _parent_id integer NOT NULL,
    id character varying NOT NULL
);


--
-- Name: header_nav_items_nav_links; Type: TABLE; Schema: public; Owner: -
--

CREATE TABLE public.header_nav_items_nav_links (
    _order integer NOT NULL,
    _parent_id character varying NOT NULL,
    id character varying NOT NULL
);


--
-- Name: header_nav_items_nav_links_items; Type: TABLE; Schema: public; Owner: -
--

CREATE TABLE public.header_nav_items_nav_links_items (
    _order integer NOT NULL,
    _parent_id character varying NOT NULL,
    id character varying NOT NULL,
    title character varying NOT NULL,
    link_type public.enum_header_nav_items_nav_links_items_link_type DEFAULT 'reference'::public.enum_header_nav_items_nav_links_items_link_type,
    link_new_tab boolean,
    link_url character varying
);


--
-- Name: header_nav_items_nav_links_items_sub_items; Type: TABLE; Schema: public; Owner: -
--

CREATE TABLE public.header_nav_items_nav_links_items_sub_items (
    _order integer NOT NULL,
    _parent_id character varying NOT NULL,
    id character varying NOT NULL,
    title character varying NOT NULL,
    description character varying NOT NULL,
    enable_image boolean,
    image_id integer,
    link_type public.enum_header_nav_items_nav_links_items_sub_items_link_type DEFAULT 'reference'::public.enum_header_nav_items_nav_links_items_sub_items_link_type,
    link_new_tab boolean,
    link_url character varying
);


--
-- Name: header_rels; Type: TABLE; Schema: public; Owner: -
--

CREATE TABLE public.header_rels (
    id integer NOT NULL,
    "order" integer,
    parent_id integer NOT NULL,
    path character varying NOT NULL,
    pages_id integer,
    posts_id integer
);


--
-- Name: header_rels_id_seq; Type: SEQUENCE; Schema: public; Owner: -
--

CREATE SEQUENCE public.header_rels_id_seq
    AS integer
    START WITH 1
    INCREMENT BY 1
    NO MINVALUE
    NO MAXVALUE
    CACHE 1;


--
-- Name: header_rels_id_seq; Type: SEQUENCE OWNED BY; Schema: public; Owner: -
--

ALTER SEQUENCE public.header_rels_id_seq OWNED BY public.header_rels.id;


--
-- Name: media; Type: TABLE; Schema: public; Owner: -
--

CREATE TABLE public.media (
    id integer NOT NULL,
    alt character varying,
    updated_at timestamp(3) with time zone DEFAULT now() NOT NULL,
    created_at timestamp(3) with time zone DEFAULT now() NOT NULL,
    url character varying,
    thumbnail_u_r_l character varying,
    filename character varying,
    mime_type character varying,
    filesize numeric,
    width numeric,
    height numeric,
    focal_x numeric,
    focal_y numeric,
    prefix character varying DEFAULT 'images'::character varying,
    unpic_url character varying
);


--
-- Name: media_id_seq; Type: SEQUENCE; Schema: public; Owner: -
--

CREATE SEQUENCE public.media_id_seq
    AS integer
    START WITH 1
    INCREMENT BY 1
    NO MINVALUE
    NO MAXVALUE
    CACHE 1;


--
-- Name: media_id_seq; Type: SEQUENCE OWNED BY; Schema: public; Owner: -
--

ALTER SEQUENCE public.media_id_seq OWNED BY public.media.id;


--
-- Name: pages; Type: TABLE; Schema: public; Owner: -
--

CREATE TABLE public.pages (
    id integer NOT NULL,
    title character varying,
    hero_title character varying,
    hero_media_id integer,
    hero_rich_text jsonb,
    meta_title character varying,
    meta_image_id integer,
    meta_description character varying,
    published_at timestamp(3) with time zone,
    slug character varying,
    slug_lock boolean DEFAULT true,
    updated_at timestamp(3) with time zone DEFAULT now() NOT NULL,
    created_at timestamp(3) with time zone DEFAULT now() NOT NULL,
    _status public.enum_pages_status DEFAULT 'draft'::public.enum_pages_status,
    hero_remove_svg boolean,
    hero_is_reverse boolean DEFAULT false,
    hero_bottom numeric DEFAULT 100,
    hero_separator_type public.enum_pages_hero_separator_type,
    hero_dark_mode public.enum_pages_hero_dark_mode
);


--
-- Name: pages_blocks_box_content; Type: TABLE; Schema: public; Owner: -
--

CREATE TABLE public.pages_blocks_box_content (
    _order integer NOT NULL,
    _parent_id integer NOT NULL,
    _path text NOT NULL,
    id character varying NOT NULL,
    block_name character varying
);


--
-- Name: pages_blocks_box_content_boxes; Type: TABLE; Schema: public; Owner: -
--

CREATE TABLE public.pages_blocks_box_content_boxes (
    _order integer NOT NULL,
    _parent_id character varying NOT NULL,
    id character varying NOT NULL,
    title character varying,
    rich_text character varying,
    media_id integer,
    enable_title boolean
);


--
-- Name: pages_blocks_content; Type: TABLE; Schema: public; Owner: -
--

CREATE TABLE public.pages_blocks_content (
    _order integer NOT NULL,
    _parent_id integer NOT NULL,
    _path text NOT NULL,
    id character varying NOT NULL,
    enable_title boolean,
    title character varying,
    enable_image boolean,
    image_id integer,
    enable_background_image boolean,
    enable_rich_text boolean,
    rich_text jsonb,
    enable_link boolean,
    link_type public.enum_pages_blocks_content_link_type DEFAULT 'reference'::public.enum_pages_blocks_content_link_type,
    link_new_tab boolean,
    link_url character varying,
    link_label character varying,
    link_appearance public.enum_pages_blocks_content_link_appearance DEFAULT 'default'::public.enum_pages_blocks_content_link_appearance,
    is_reverse boolean DEFAULT false,
    bottom numeric DEFAULT 100,
    separator_type public.enum_pages_blocks_content_separator_type,
    section_name character varying,
    block_name character varying,
    dark_mode public.enum_pages_blocks_content_dark_mode
);


--
-- Name: pages_blocks_cta; Type: TABLE; Schema: public; Owner: -
--

CREATE TABLE public.pages_blocks_cta (
    _order integer NOT NULL,
    _parent_id integer NOT NULL,
    _path text NOT NULL,
    id character varying NOT NULL,
    media_id integer,
    rich_text jsonb,
    is_reverse boolean DEFAULT false,
    bottom numeric DEFAULT 100,
    section_name character varying,
    block_name character varying,
    enable_background_image boolean,
    separator_type public.enum_pages_blocks_cta_separator_type,
    dark_mode public.enum_pages_blocks_cta_dark_mode
);


--
-- Name: pages_blocks_cta_links; Type: TABLE; Schema: public; Owner: -
--

CREATE TABLE public.pages_blocks_cta_links (
    _order integer NOT NULL,
    _parent_id character varying NOT NULL,
    id character varying NOT NULL,
    link_type public.enum_pages_blocks_cta_links_link_type DEFAULT 'reference'::public.enum_pages_blocks_cta_links_link_type,
    link_new_tab boolean,
    link_url character varying,
    link_label character varying,
    link_appearance public.enum_pages_blocks_cta_links_link_appearance DEFAULT 'default'::public.enum_pages_blocks_cta_links_link_appearance
);


--
-- Name: pages_blocks_form_block; Type: TABLE; Schema: public; Owner: -
--

CREATE TABLE public.pages_blocks_form_block (
    _order integer NOT NULL,
    _parent_id integer NOT NULL,
    _path text NOT NULL,
    id character varying NOT NULL,
    enable_header_text boolean,
    header_text jsonb,
    enable_companion_text boolean,
    companion_text jsonb,
    form_id integer,
    is_reverse boolean DEFAULT false,
    bottom numeric DEFAULT 100,
    block_name character varying,
    dark_mode public.enum_pages_blocks_form_block_dark_mode,
    separator_type public.enum_pages_blocks_form_block_separator_type,
    enable_background_image boolean
);


--
-- Name: pages_blocks_frequently_questions_block; Type: TABLE; Schema: public; Owner: -
--

CREATE TABLE public.pages_blocks_frequently_questions_block (
    _order integer NOT NULL,
    _parent_id integer NOT NULL,
    _path text NOT NULL,
    id character varying NOT NULL,
    enable_title boolean,
    title character varying,
    enable_text boolean,
    content jsonb,
    enable_image boolean,
    image_id integer,
    section_name character varying,
    block_name character varying
);


--
-- Name: pages_blocks_frequently_questions_block_questions; Type: TABLE; Schema: public; Owner: -
--

CREATE TABLE public.pages_blocks_frequently_questions_block_questions (
    _order integer NOT NULL,
    _parent_id character varying NOT NULL,
    id character varying NOT NULL,
    question character varying,
    answer character varying
);


--
-- Name: pages_blocks_list_content; Type: TABLE; Schema: public; Owner: -
--

CREATE TABLE public.pages_blocks_list_content (
    _order integer NOT NULL,
    _parent_id integer NOT NULL,
    _path text NOT NULL,
    id character varying NOT NULL,
    enable_title boolean,
    title character varying,
    enable_sub_title boolean,
    sub_title jsonb,
    enable_background_image boolean,
    enable_image boolean,
    field_image_id integer,
    is_reverse boolean DEFAULT false,
    bottom numeric DEFAULT 100,
    separator_type public.enum_pages_blocks_list_content_separator_type,
    section_name character varying,
    block_name character varying,
    dark_mode public.enum_pages_blocks_list_content_dark_mode
);


--
-- Name: pages_blocks_list_content_blocks; Type: TABLE; Schema: public; Owner: -
--

CREATE TABLE public.pages_blocks_list_content_blocks (
    _order integer NOT NULL,
    _parent_id character varying NOT NULL,
    id character varying NOT NULL,
    enable_filed_title boolean,
    field_title character varying,
    enable_icon boolean,
    media_id integer,
    enable_rich_text boolean,
    rich_text jsonb,
    enable_link boolean,
    link_type public.enum_pages_blocks_list_content_blocks_link_type DEFAULT 'reference'::public.enum_pages_blocks_list_content_blocks_link_type,
    link_new_tab boolean,
    link_url character varying,
    link_label character varying,
    link_appearance public.enum_pages_blocks_list_content_blocks_link_appearance DEFAULT 'default'::public.enum_pages_blocks_list_content_blocks_link_appearance,
    color public.enum_pages_blocks_list_content_blocks_color DEFAULT 'transparent'::public.enum_pages_blocks_list_content_blocks_color
);


--
-- Name: pages_blocks_media_block; Type: TABLE; Schema: public; Owner: -
--

CREATE TABLE public.pages_blocks_media_block (
    _order integer NOT NULL,
    _parent_id integer NOT NULL,
    _path text NOT NULL,
    id character varying NOT NULL,
    media_id integer,
    section_name character varying,
    block_name character varying
);


--
-- Name: pages_blocks_post_carousel_block; Type: TABLE; Schema: public; Owner: -
--

CREATE TABLE public.pages_blocks_post_carousel_block (
    _order integer NOT NULL,
    _parent_id integer NOT NULL,
    _path text NOT NULL,
    id character varying NOT NULL,
    is_reverse boolean DEFAULT false,
    bottom numeric DEFAULT 100,
    separator_type public.enum_pages_blocks_post_carousel_block_separator_type,
    block_name character varying,
    enable_background_image boolean,
    dark_mode public.enum_pages_blocks_post_carousel_block_dark_mode
);


--
-- Name: pages_blocks_quote_block; Type: TABLE; Schema: public; Owner: -
--

CREATE TABLE public.pages_blocks_quote_block (
    _order integer NOT NULL,
    _parent_id integer NOT NULL,
    _path text NOT NULL,
    id character varying NOT NULL,
    rich_text jsonb,
    enable_image boolean,
    image_id integer,
    is_reverse boolean DEFAULT false,
    bottom numeric DEFAULT 100,
    separator_type public.enum_pages_blocks_quote_block_separator_type,
    section_name character varying,
    block_name character varying
);


--
-- Name: pages_blocks_quote_block_links; Type: TABLE; Schema: public; Owner: -
--

CREATE TABLE public.pages_blocks_quote_block_links (
    _order integer NOT NULL,
    _parent_id character varying NOT NULL,
    id character varying NOT NULL,
    link_type public.enum_pages_blocks_quote_block_links_link_type DEFAULT 'reference'::public.enum_pages_blocks_quote_block_links_link_type,
    link_new_tab boolean,
    link_url character varying,
    link_label character varying,
    link_appearance public.enum_pages_blocks_quote_block_links_link_appearance DEFAULT 'default'::public.enum_pages_blocks_quote_block_links_link_appearance
);


--
-- Name: pages_blocks_service; Type: TABLE; Schema: public; Owner: -
--

CREATE TABLE public.pages_blocks_service (
    _order integer NOT NULL,
    _parent_id integer NOT NULL,
    _path text NOT NULL,
    id character varying NOT NULL,
    title character varying,
    enable_background_image boolean,
    is_reverse boolean DEFAULT false,
    bottom numeric DEFAULT 100,
    separator_type public.enum_pages_blocks_service_separator_type,
    section_name character varying,
    block_name character varying,
    rich_text jsonb,
    dark_mode public.enum_pages_blocks_service_dark_mode
);


--
-- Name: pages_blocks_service_accordions; Type: TABLE; Schema: public; Owner: -
--

CREATE TABLE public.pages_blocks_service_accordions (
    _order integer NOT NULL,
    _parent_id character varying NOT NULL,
    id character varying NOT NULL,
    title character varying,
    content jsonb
);


--
-- Name: pages_blocks_service_list_block; Type: TABLE; Schema: public; Owner: -
--

CREATE TABLE public.pages_blocks_service_list_block (
    _order integer NOT NULL,
    _parent_id integer NOT NULL,
    _path text NOT NULL,
    id character varying NOT NULL,
    enable_title boolean,
    title character varying,
    enable_background_image boolean,
    is_reverse boolean DEFAULT false,
    bottom numeric DEFAULT 100,
    separator_type public.enum_pages_blocks_service_list_block_separator_type,
    section_name character varying,
    block_name character varying,
    dark_mode public.enum_pages_blocks_service_list_block_dark_mode
);


--
-- Name: pages_blocks_service_list_block_blocks; Type: TABLE; Schema: public; Owner: -
--

CREATE TABLE public.pages_blocks_service_list_block_blocks (
    _order integer NOT NULL,
    _parent_id character varying NOT NULL,
    id character varying NOT NULL,
    enable_filed_title boolean,
    field_title character varying,
    enable_icon boolean,
    media_id integer,
    enable_rich_text boolean,
    rich_text jsonb,
    link_type public.enum_pages_blocks_service_list_block_blocks_link_type DEFAULT 'reference'::public.enum_pages_blocks_service_list_block_blocks_link_type,
    link_new_tab boolean,
    link_url character varying,
    link_label character varying,
    link_appearance public.enum_pages_blocks_service_list_block_blocks_link_appearance DEFAULT 'default'::public.enum_pages_blocks_service_list_block_blocks_link_appearance
);


--
-- Name: pages_blocks_simple_list_content; Type: TABLE; Schema: public; Owner: -
--

CREATE TABLE public.pages_blocks_simple_list_content (
    _order integer NOT NULL,
    _parent_id integer NOT NULL,
    _path text NOT NULL,
    id character varying NOT NULL,
    enable_title boolean,
    title character varying,
    enable_background_image boolean,
    is_reverse boolean DEFAULT false,
    bottom numeric DEFAULT 100,
    separator_type public.enum_pages_blocks_simple_list_content_separator_type,
    section_name character varying,
    block_name character varying,
    dark_mode public.enum_pages_blocks_simple_list_content_dark_mode,
    image_id integer
);


--
-- Name: pages_blocks_simple_list_content_blocks; Type: TABLE; Schema: public; Owner: -
--

CREATE TABLE public.pages_blocks_simple_list_content_blocks (
    _order integer NOT NULL,
    _parent_id character varying NOT NULL,
    id character varying NOT NULL,
    enable_icon boolean,
    media_id integer,
    enable_rich_text boolean,
    rich_text jsonb,
    color public.enum_pages_blocks_simple_list_content_blocks_color DEFAULT 'transparent'::public.enum_pages_blocks_simple_list_content_blocks_color
);


--
-- Name: pages_blocks_social; Type: TABLE; Schema: public; Owner: -
--

CREATE TABLE public.pages_blocks_social (
    _order integer NOT NULL,
    _parent_id integer NOT NULL,
    _path text NOT NULL,
    id character varying NOT NULL,
    block_name character varying
);


--
-- Name: pages_blocks_social_rrss; Type: TABLE; Schema: public; Owner: -
--

CREATE TABLE public.pages_blocks_social_rrss (
    _order integer NOT NULL,
    _parent_id character varying NOT NULL,
    id character varying NOT NULL,
    title character varying,
    link_type public.enum_pages_blocks_social_rrss_link_type DEFAULT 'reference'::public.enum_pages_blocks_social_rrss_link_type,
    link_new_tab boolean,
    link_url character varying,
    link_label character varying,
    icon_id integer
);


--
-- Name: pages_hero_links; Type: TABLE; Schema: public; Owner: -
--

CREATE TABLE public.pages_hero_links (
    _order integer NOT NULL,
    _parent_id integer NOT NULL,
    id character varying NOT NULL,
    link_type public.enum_pages_hero_links_link_type DEFAULT 'reference'::public.enum_pages_hero_links_link_type,
    link_new_tab boolean,
    link_url character varying,
    link_label character varying,
    link_appearance public.enum_pages_hero_links_link_appearance DEFAULT 'default'::public.enum_pages_hero_links_link_appearance
);


--
-- Name: pages_id_seq; Type: SEQUENCE; Schema: public; Owner: -
--

CREATE SEQUENCE public.pages_id_seq
    AS integer
    START WITH 1
    INCREMENT BY 1
    NO MINVALUE
    NO MAXVALUE
    CACHE 1;


--
-- Name: pages_id_seq; Type: SEQUENCE OWNED BY; Schema: public; Owner: -
--

ALTER SEQUENCE public.pages_id_seq OWNED BY public.pages.id;


--
-- Name: pages_rels; Type: TABLE; Schema: public; Owner: -
--

CREATE TABLE public.pages_rels (
    id integer NOT NULL,
    "order" integer,
    parent_id integer NOT NULL,
    path character varying NOT NULL,
    pages_id integer,
    posts_id integer
);


--
-- Name: pages_rels_id_seq; Type: SEQUENCE; Schema: public; Owner: -
--

CREATE SEQUENCE public.pages_rels_id_seq
    AS integer
    START WITH 1
    INCREMENT BY 1
    NO MINVALUE
    NO MAXVALUE
    CACHE 1;


--
-- Name: pages_rels_id_seq; Type: SEQUENCE OWNED BY; Schema: public; Owner: -
--

ALTER SEQUENCE public.pages_rels_id_seq OWNED BY public.pages_rels.id;


--
-- Name: payload_jobs; Type: TABLE; Schema: public; Owner: -
--

CREATE TABLE public.payload_jobs (
    id integer NOT NULL,
    input jsonb,
    completed_at timestamp(3) with time zone,
    total_tried numeric DEFAULT 0,
    has_error boolean DEFAULT false,
    error jsonb,
    task_slug public.enum_payload_jobs_task_slug,
    queue character varying DEFAULT 'default'::character varying,
    wait_until timestamp(3) with time zone,
    processing boolean DEFAULT false,
    updated_at timestamp(3) with time zone DEFAULT now() NOT NULL,
    created_at timestamp(3) with time zone DEFAULT now() NOT NULL
);


--
-- Name: payload_jobs_id_seq; Type: SEQUENCE; Schema: public; Owner: -
--

CREATE SEQUENCE public.payload_jobs_id_seq
    AS integer
    START WITH 1
    INCREMENT BY 1
    NO MINVALUE
    NO MAXVALUE
    CACHE 1;


--
-- Name: payload_jobs_id_seq; Type: SEQUENCE OWNED BY; Schema: public; Owner: -
--

ALTER SEQUENCE public.payload_jobs_id_seq OWNED BY public.payload_jobs.id;


--
-- Name: payload_jobs_log; Type: TABLE; Schema: public; Owner: -
--

CREATE TABLE public.payload_jobs_log (
    _order integer NOT NULL,
    _parent_id integer NOT NULL,
    id character varying NOT NULL,
    executed_at timestamp(3) with time zone NOT NULL,
    completed_at timestamp(3) with time zone NOT NULL,
    task_slug public.enum_payload_jobs_log_task_slug NOT NULL,
    task_i_d character varying NOT NULL,
    input jsonb,
    output jsonb,
    state public.enum_payload_jobs_log_state NOT NULL,
    error jsonb
);


--
-- Name: payload_kv; Type: TABLE; Schema: public; Owner: -
--

CREATE TABLE public.payload_kv (
    id integer NOT NULL,
    key character varying NOT NULL,
    data jsonb NOT NULL
);


--
-- Name: payload_kv_id_seq; Type: SEQUENCE; Schema: public; Owner: -
--

CREATE SEQUENCE public.payload_kv_id_seq
    AS integer
    START WITH 1
    INCREMENT BY 1
    NO MINVALUE
    NO MAXVALUE
    CACHE 1;


--
-- Name: payload_kv_id_seq; Type: SEQUENCE OWNED BY; Schema: public; Owner: -
--

ALTER SEQUENCE public.payload_kv_id_seq OWNED BY public.payload_kv.id;


--
-- Name: payload_locked_documents; Type: TABLE; Schema: public; Owner: -
--

CREATE TABLE public.payload_locked_documents (
    id integer NOT NULL,
    global_slug character varying,
    updated_at timestamp(3) with time zone DEFAULT now() NOT NULL,
    created_at timestamp(3) with time zone DEFAULT now() NOT NULL
);


--
-- Name: payload_locked_documents_id_seq; Type: SEQUENCE; Schema: public; Owner: -
--

CREATE SEQUENCE public.payload_locked_documents_id_seq
    AS integer
    START WITH 1
    INCREMENT BY 1
    NO MINVALUE
    NO MAXVALUE
    CACHE 1;


--
-- Name: payload_locked_documents_id_seq; Type: SEQUENCE OWNED BY; Schema: public; Owner: -
--

ALTER SEQUENCE public.payload_locked_documents_id_seq OWNED BY public.payload_locked_documents.id;


--
-- Name: payload_locked_documents_rels; Type: TABLE; Schema: public; Owner: -
--

CREATE TABLE public.payload_locked_documents_rels (
    id integer NOT NULL,
    "order" integer,
    parent_id integer NOT NULL,
    path character varying NOT NULL,
    users_id integer,
    media_id integer,
    posts_id integer,
    pages_id integer,
    forms_id integer,
    form_submissions_id integer,
    categories_id integer,
    tags_id integer,
    documents_id integer,
    videos_id integer
);


--
-- Name: payload_locked_documents_rels_id_seq; Type: SEQUENCE; Schema: public; Owner: -
--

CREATE SEQUENCE public.payload_locked_documents_rels_id_seq
    AS integer
    START WITH 1
    INCREMENT BY 1
    NO MINVALUE
    NO MAXVALUE
    CACHE 1;


--
-- Name: payload_locked_documents_rels_id_seq; Type: SEQUENCE OWNED BY; Schema: public; Owner: -
--

ALTER SEQUENCE public.payload_locked_documents_rels_id_seq OWNED BY public.payload_locked_documents_rels.id;


--
-- Name: payload_migrations; Type: TABLE; Schema: public; Owner: -
--

CREATE TABLE public.payload_migrations (
    id integer NOT NULL,
    name character varying,
    batch numeric,
    updated_at timestamp(3) with time zone DEFAULT now() NOT NULL,
    created_at timestamp(3) with time zone DEFAULT now() NOT NULL
);


--
-- Name: payload_migrations_id_seq; Type: SEQUENCE; Schema: public; Owner: -
--

CREATE SEQUENCE public.payload_migrations_id_seq
    AS integer
    START WITH 1
    INCREMENT BY 1
    NO MINVALUE
    NO MAXVALUE
    CACHE 1;


--
-- Name: payload_migrations_id_seq; Type: SEQUENCE OWNED BY; Schema: public; Owner: -
--

ALTER SEQUENCE public.payload_migrations_id_seq OWNED BY public.payload_migrations.id;


--
-- Name: payload_preferences; Type: TABLE; Schema: public; Owner: -
--

CREATE TABLE public.payload_preferences (
    id integer NOT NULL,
    key character varying,
    value jsonb,
    updated_at timestamp(3) with time zone DEFAULT now() NOT NULL,
    created_at timestamp(3) with time zone DEFAULT now() NOT NULL
);


--
-- Name: payload_preferences_id_seq; Type: SEQUENCE; Schema: public; Owner: -
--

CREATE SEQUENCE public.payload_preferences_id_seq
    AS integer
    START WITH 1
    INCREMENT BY 1
    NO MINVALUE
    NO MAXVALUE
    CACHE 1;


--
-- Name: payload_preferences_id_seq; Type: SEQUENCE OWNED BY; Schema: public; Owner: -
--

ALTER SEQUENCE public.payload_preferences_id_seq OWNED BY public.payload_preferences.id;


--
-- Name: payload_preferences_rels; Type: TABLE; Schema: public; Owner: -
--

CREATE TABLE public.payload_preferences_rels (
    id integer NOT NULL,
    "order" integer,
    parent_id integer NOT NULL,
    path character varying NOT NULL,
    users_id integer
);


--
-- Name: payload_preferences_rels_id_seq; Type: SEQUENCE; Schema: public; Owner: -
--

CREATE SEQUENCE public.payload_preferences_rels_id_seq
    AS integer
    START WITH 1
    INCREMENT BY 1
    NO MINVALUE
    NO MAXVALUE
    CACHE 1;


--
-- Name: payload_preferences_rels_id_seq; Type: SEQUENCE OWNED BY; Schema: public; Owner: -
--

ALTER SEQUENCE public.payload_preferences_rels_id_seq OWNED BY public.payload_preferences_rels.id;


--
-- Name: posts; Type: TABLE; Schema: public; Owner: -
--

CREATE TABLE public.posts (
    id integer NOT NULL,
    title character varying,
    hero_image_id integer,
    content jsonb,
    slug character varying,
    updated_at timestamp(3) with time zone DEFAULT now() NOT NULL,
    created_at timestamp(3) with time zone DEFAULT now() NOT NULL,
    meta_title character varying,
    meta_image_id integer,
    meta_description character varying,
    published_at timestamp(3) with time zone,
    slug_lock boolean DEFAULT true,
    _status public.enum_posts_status DEFAULT 'draft'::public.enum_posts_status
);


--
-- Name: posts_id_seq; Type: SEQUENCE; Schema: public; Owner: -
--

CREATE SEQUENCE public.posts_id_seq
    AS integer
    START WITH 1
    INCREMENT BY 1
    NO MINVALUE
    NO MAXVALUE
    CACHE 1;


--
-- Name: posts_id_seq; Type: SEQUENCE OWNED BY; Schema: public; Owner: -
--

ALTER SEQUENCE public.posts_id_seq OWNED BY public.posts.id;


--
-- Name: posts_populated_authors; Type: TABLE; Schema: public; Owner: -
--

CREATE TABLE public.posts_populated_authors (
    _order integer NOT NULL,
    _parent_id integer NOT NULL,
    id character varying NOT NULL,
    name character varying
);


--
-- Name: posts_rels; Type: TABLE; Schema: public; Owner: -
--

CREATE TABLE public.posts_rels (
    id integer NOT NULL,
    "order" integer,
    parent_id integer NOT NULL,
    path character varying NOT NULL,
    posts_id integer,
    categories_id integer,
    users_id integer,
    tags_id integer
);


--
-- Name: posts_rels_id_seq; Type: SEQUENCE; Schema: public; Owner: -
--

CREATE SEQUENCE public.posts_rels_id_seq
    AS integer
    START WITH 1
    INCREMENT BY 1
    NO MINVALUE
    NO MAXVALUE
    CACHE 1;


--
-- Name: posts_rels_id_seq; Type: SEQUENCE OWNED BY; Schema: public; Owner: -
--

ALTER SEQUENCE public.posts_rels_id_seq OWNED BY public.posts_rels.id;


--
-- Name: tags; Type: TABLE; Schema: public; Owner: -
--

CREATE TABLE public.tags (
    id integer NOT NULL,
    title character varying NOT NULL,
    slug character varying,
    slug_lock boolean DEFAULT true,
    updated_at timestamp(3) with time zone DEFAULT now() NOT NULL,
    created_at timestamp(3) with time zone DEFAULT now() NOT NULL
);


--
-- Name: tags_id_seq; Type: SEQUENCE; Schema: public; Owner: -
--

CREATE SEQUENCE public.tags_id_seq
    AS integer
    START WITH 1
    INCREMENT BY 1
    NO MINVALUE
    NO MAXVALUE
    CACHE 1;


--
-- Name: tags_id_seq; Type: SEQUENCE OWNED BY; Schema: public; Owner: -
--

ALTER SEQUENCE public.tags_id_seq OWNED BY public.tags.id;


--
-- Name: users; Type: TABLE; Schema: public; Owner: -
--

CREATE TABLE public.users (
    id integer NOT NULL,
    updated_at timestamp(3) with time zone DEFAULT now() NOT NULL,
    created_at timestamp(3) with time zone DEFAULT now() NOT NULL,
    email character varying NOT NULL,
    reset_password_token character varying,
    reset_password_expiration timestamp(3) with time zone,
    salt character varying,
    hash character varying,
    login_attempts numeric DEFAULT 0,
    lock_until timestamp(3) with time zone,
    name character varying NOT NULL,
    avatar_id integer
);


--
-- Name: users_id_seq; Type: SEQUENCE; Schema: public; Owner: -
--

CREATE SEQUENCE public.users_id_seq
    AS integer
    START WITH 1
    INCREMENT BY 1
    NO MINVALUE
    NO MAXVALUE
    CACHE 1;


--
-- Name: users_id_seq; Type: SEQUENCE OWNED BY; Schema: public; Owner: -
--

ALTER SEQUENCE public.users_id_seq OWNED BY public.users.id;


--
-- Name: users_roles; Type: TABLE; Schema: public; Owner: -
--

CREATE TABLE public.users_roles (
    "order" integer NOT NULL,
    parent_id integer NOT NULL,
    value public.enum_users_roles,
    id integer NOT NULL
);


--
-- Name: users_roles_id_seq; Type: SEQUENCE; Schema: public; Owner: -
--

CREATE SEQUENCE public.users_roles_id_seq
    AS integer
    START WITH 1
    INCREMENT BY 1
    NO MINVALUE
    NO MAXVALUE
    CACHE 1;


--
-- Name: users_roles_id_seq; Type: SEQUENCE OWNED BY; Schema: public; Owner: -
--

ALTER SEQUENCE public.users_roles_id_seq OWNED BY public.users_roles.id;


--
-- Name: users_sessions; Type: TABLE; Schema: public; Owner: -
--

CREATE TABLE public.users_sessions (
    _order integer NOT NULL,
    _parent_id integer NOT NULL,
    id character varying NOT NULL,
    created_at timestamp(3) with time zone,
    expires_at timestamp(3) with time zone NOT NULL
);


--
-- Name: videos; Type: TABLE; Schema: public; Owner: -
--

CREATE TABLE public.videos (
    id integer NOT NULL,
    title character varying NOT NULL,
    duration numeric,
    prefix character varying DEFAULT 'videos'::character varying,
    updated_at timestamp(3) with time zone DEFAULT now() NOT NULL,
    created_at timestamp(3) with time zone DEFAULT now() NOT NULL,
    url character varying,
    thumbnail_u_r_l character varying,
    filename character varying,
    mime_type character varying,
    filesize numeric,
    width numeric,
    height numeric,
    focal_x numeric,
    focal_y numeric
);


--
-- Name: videos_id_seq; Type: SEQUENCE; Schema: public; Owner: -
--

CREATE SEQUENCE public.videos_id_seq
    AS integer
    START WITH 1
    INCREMENT BY 1
    NO MINVALUE
    NO MAXVALUE
    CACHE 1;


--
-- Name: videos_id_seq; Type: SEQUENCE OWNED BY; Schema: public; Owner: -
--

ALTER SEQUENCE public.videos_id_seq OWNED BY public.videos.id;


--
-- Name: _pages_v id; Type: DEFAULT; Schema: public; Owner: -
--

ALTER TABLE ONLY public._pages_v ALTER COLUMN id SET DEFAULT nextval('public._pages_v_id_seq'::regclass);


--
-- Name: _pages_v_blocks_box_content id; Type: DEFAULT; Schema: public; Owner: -
--

ALTER TABLE ONLY public._pages_v_blocks_box_content ALTER COLUMN id SET DEFAULT nextval('public._pages_v_blocks_box_content_id_seq'::regclass);


--
-- Name: _pages_v_blocks_box_content_boxes id; Type: DEFAULT; Schema: public; Owner: -
--

ALTER TABLE ONLY public._pages_v_blocks_box_content_boxes ALTER COLUMN id SET DEFAULT nextval('public._pages_v_blocks_box_content_boxes_id_seq'::regclass);


--
-- Name: _pages_v_blocks_content id; Type: DEFAULT; Schema: public; Owner: -
--

ALTER TABLE ONLY public._pages_v_blocks_content ALTER COLUMN id SET DEFAULT nextval('public._pages_v_blocks_content_id_seq'::regclass);


--
-- Name: _pages_v_blocks_cta id; Type: DEFAULT; Schema: public; Owner: -
--

ALTER TABLE ONLY public._pages_v_blocks_cta ALTER COLUMN id SET DEFAULT nextval('public._pages_v_blocks_cta_id_seq'::regclass);


--
-- Name: _pages_v_blocks_cta_links id; Type: DEFAULT; Schema: public; Owner: -
--

ALTER TABLE ONLY public._pages_v_blocks_cta_links ALTER COLUMN id SET DEFAULT nextval('public._pages_v_blocks_cta_links_id_seq'::regclass);


--
-- Name: _pages_v_blocks_form_block id; Type: DEFAULT; Schema: public; Owner: -
--

ALTER TABLE ONLY public._pages_v_blocks_form_block ALTER COLUMN id SET DEFAULT nextval('public._pages_v_blocks_form_block_id_seq'::regclass);


--
-- Name: _pages_v_blocks_frequently_questions_block id; Type: DEFAULT; Schema: public; Owner: -
--

ALTER TABLE ONLY public._pages_v_blocks_frequently_questions_block ALTER COLUMN id SET DEFAULT nextval('public._pages_v_blocks_frequently_questions_block_id_seq'::regclass);


--
-- Name: _pages_v_blocks_frequently_questions_block_questions id; Type: DEFAULT; Schema: public; Owner: -
--

ALTER TABLE ONLY public._pages_v_blocks_frequently_questions_block_questions ALTER COLUMN id SET DEFAULT nextval('public._pages_v_blocks_frequently_questions_block_questions_id_seq'::regclass);


--
-- Name: _pages_v_blocks_list_content id; Type: DEFAULT; Schema: public; Owner: -
--

ALTER TABLE ONLY public._pages_v_blocks_list_content ALTER COLUMN id SET DEFAULT nextval('public._pages_v_blocks_list_content_id_seq'::regclass);


--
-- Name: _pages_v_blocks_list_content_blocks id; Type: DEFAULT; Schema: public; Owner: -
--

ALTER TABLE ONLY public._pages_v_blocks_list_content_blocks ALTER COLUMN id SET DEFAULT nextval('public._pages_v_blocks_list_content_blocks_id_seq'::regclass);


--
-- Name: _pages_v_blocks_media_block id; Type: DEFAULT; Schema: public; Owner: -
--

ALTER TABLE ONLY public._pages_v_blocks_media_block ALTER COLUMN id SET DEFAULT nextval('public._pages_v_blocks_media_block_id_seq'::regclass);


--
-- Name: _pages_v_blocks_post_carousel_block id; Type: DEFAULT; Schema: public; Owner: -
--

ALTER TABLE ONLY public._pages_v_blocks_post_carousel_block ALTER COLUMN id SET DEFAULT nextval('public._pages_v_blocks_post_carousel_block_id_seq'::regclass);


--
-- Name: _pages_v_blocks_quote_block id; Type: DEFAULT; Schema: public; Owner: -
--

ALTER TABLE ONLY public._pages_v_blocks_quote_block ALTER COLUMN id SET DEFAULT nextval('public._pages_v_blocks_quote_block_id_seq'::regclass);


--
-- Name: _pages_v_blocks_quote_block_links id; Type: DEFAULT; Schema: public; Owner: -
--

ALTER TABLE ONLY public._pages_v_blocks_quote_block_links ALTER COLUMN id SET DEFAULT nextval('public._pages_v_blocks_quote_block_links_id_seq'::regclass);


--
-- Name: _pages_v_blocks_service id; Type: DEFAULT; Schema: public; Owner: -
--

ALTER TABLE ONLY public._pages_v_blocks_service ALTER COLUMN id SET DEFAULT nextval('public._pages_v_blocks_service_id_seq'::regclass);


--
-- Name: _pages_v_blocks_service_accordions id; Type: DEFAULT; Schema: public; Owner: -
--

ALTER TABLE ONLY public._pages_v_blocks_service_accordions ALTER COLUMN id SET DEFAULT nextval('public._pages_v_blocks_service_accordions_id_seq'::regclass);


--
-- Name: _pages_v_blocks_service_list_block id; Type: DEFAULT; Schema: public; Owner: -
--

ALTER TABLE ONLY public._pages_v_blocks_service_list_block ALTER COLUMN id SET DEFAULT nextval('public._pages_v_blocks_service_list_block_id_seq'::regclass);


--
-- Name: _pages_v_blocks_service_list_block_blocks id; Type: DEFAULT; Schema: public; Owner: -
--

ALTER TABLE ONLY public._pages_v_blocks_service_list_block_blocks ALTER COLUMN id SET DEFAULT nextval('public._pages_v_blocks_service_list_block_blocks_id_seq'::regclass);


--
-- Name: _pages_v_blocks_simple_list_content id; Type: DEFAULT; Schema: public; Owner: -
--

ALTER TABLE ONLY public._pages_v_blocks_simple_list_content ALTER COLUMN id SET DEFAULT nextval('public._pages_v_blocks_simple_list_content_id_seq'::regclass);


--
-- Name: _pages_v_blocks_simple_list_content_blocks id; Type: DEFAULT; Schema: public; Owner: -
--

ALTER TABLE ONLY public._pages_v_blocks_simple_list_content_blocks ALTER COLUMN id SET DEFAULT nextval('public._pages_v_blocks_simple_list_content_blocks_id_seq'::regclass);


--
-- Name: _pages_v_blocks_social id; Type: DEFAULT; Schema: public; Owner: -
--

ALTER TABLE ONLY public._pages_v_blocks_social ALTER COLUMN id SET DEFAULT nextval('public._pages_v_blocks_social_id_seq'::regclass);


--
-- Name: _pages_v_blocks_social_rrss id; Type: DEFAULT; Schema: public; Owner: -
--

ALTER TABLE ONLY public._pages_v_blocks_social_rrss ALTER COLUMN id SET DEFAULT nextval('public._pages_v_blocks_social_rrss_id_seq'::regclass);


--
-- Name: _pages_v_rels id; Type: DEFAULT; Schema: public; Owner: -
--

ALTER TABLE ONLY public._pages_v_rels ALTER COLUMN id SET DEFAULT nextval('public._pages_v_rels_id_seq'::regclass);


--
-- Name: _pages_v_version_hero_links id; Type: DEFAULT; Schema: public; Owner: -
--

ALTER TABLE ONLY public._pages_v_version_hero_links ALTER COLUMN id SET DEFAULT nextval('public._pages_v_version_hero_links_id_seq'::regclass);


--
-- Name: _posts_v id; Type: DEFAULT; Schema: public; Owner: -
--

ALTER TABLE ONLY public._posts_v ALTER COLUMN id SET DEFAULT nextval('public._posts_v_id_seq'::regclass);


--
-- Name: _posts_v_rels id; Type: DEFAULT; Schema: public; Owner: -
--

ALTER TABLE ONLY public._posts_v_rels ALTER COLUMN id SET DEFAULT nextval('public._posts_v_rels_id_seq'::regclass);


--
-- Name: _posts_v_version_populated_authors id; Type: DEFAULT; Schema: public; Owner: -
--

ALTER TABLE ONLY public._posts_v_version_populated_authors ALTER COLUMN id SET DEFAULT nextval('public._posts_v_version_populated_authors_id_seq'::regclass);


--
-- Name: categories id; Type: DEFAULT; Schema: public; Owner: -
--

ALTER TABLE ONLY public.categories ALTER COLUMN id SET DEFAULT nextval('public.categories_id_seq'::regclass);


--
-- Name: documents id; Type: DEFAULT; Schema: public; Owner: -
--

ALTER TABLE ONLY public.documents ALTER COLUMN id SET DEFAULT nextval('public.documents_id_seq'::regclass);


--
-- Name: footer id; Type: DEFAULT; Schema: public; Owner: -
--

ALTER TABLE ONLY public.footer ALTER COLUMN id SET DEFAULT nextval('public.footer_id_seq'::regclass);


--
-- Name: footer_rels id; Type: DEFAULT; Schema: public; Owner: -
--

ALTER TABLE ONLY public.footer_rels ALTER COLUMN id SET DEFAULT nextval('public.footer_rels_id_seq'::regclass);


--
-- Name: form_submissions id; Type: DEFAULT; Schema: public; Owner: -
--

ALTER TABLE ONLY public.form_submissions ALTER COLUMN id SET DEFAULT nextval('public.form_submissions_id_seq'::regclass);


--
-- Name: forms id; Type: DEFAULT; Schema: public; Owner: -
--

ALTER TABLE ONLY public.forms ALTER COLUMN id SET DEFAULT nextval('public.forms_id_seq'::regclass);


--
-- Name: header id; Type: DEFAULT; Schema: public; Owner: -
--

ALTER TABLE ONLY public.header ALTER COLUMN id SET DEFAULT nextval('public.header_id_seq'::regclass);


--
-- Name: header_rels id; Type: DEFAULT; Schema: public; Owner: -
--

ALTER TABLE ONLY public.header_rels ALTER COLUMN id SET DEFAULT nextval('public.header_rels_id_seq'::regclass);


--
-- Name: media id; Type: DEFAULT; Schema: public; Owner: -
--

ALTER TABLE ONLY public.media ALTER COLUMN id SET DEFAULT nextval('public.media_id_seq'::regclass);


--
-- Name: pages id; Type: DEFAULT; Schema: public; Owner: -
--

ALTER TABLE ONLY public.pages ALTER COLUMN id SET DEFAULT nextval('public.pages_id_seq'::regclass);


--
-- Name: pages_rels id; Type: DEFAULT; Schema: public; Owner: -
--

ALTER TABLE ONLY public.pages_rels ALTER COLUMN id SET DEFAULT nextval('public.pages_rels_id_seq'::regclass);


--
-- Name: payload_jobs id; Type: DEFAULT; Schema: public; Owner: -
--

ALTER TABLE ONLY public.payload_jobs ALTER COLUMN id SET DEFAULT nextval('public.payload_jobs_id_seq'::regclass);


--
-- Name: payload_kv id; Type: DEFAULT; Schema: public; Owner: -
--

ALTER TABLE ONLY public.payload_kv ALTER COLUMN id SET DEFAULT nextval('public.payload_kv_id_seq'::regclass);


--
-- Name: payload_locked_documents id; Type: DEFAULT; Schema: public; Owner: -
--

ALTER TABLE ONLY public.payload_locked_documents ALTER COLUMN id SET DEFAULT nextval('public.payload_locked_documents_id_seq'::regclass);


--
-- Name: payload_locked_documents_rels id; Type: DEFAULT; Schema: public; Owner: -
--

ALTER TABLE ONLY public.payload_locked_documents_rels ALTER COLUMN id SET DEFAULT nextval('public.payload_locked_documents_rels_id_seq'::regclass);


--
-- Name: payload_migrations id; Type: DEFAULT; Schema: public; Owner: -
--

ALTER TABLE ONLY public.payload_migrations ALTER COLUMN id SET DEFAULT nextval('public.payload_migrations_id_seq'::regclass);


--
-- Name: payload_preferences id; Type: DEFAULT; Schema: public; Owner: -
--

ALTER TABLE ONLY public.payload_preferences ALTER COLUMN id SET DEFAULT nextval('public.payload_preferences_id_seq'::regclass);


--
-- Name: payload_preferences_rels id; Type: DEFAULT; Schema: public; Owner: -
--

ALTER TABLE ONLY public.payload_preferences_rels ALTER COLUMN id SET DEFAULT nextval('public.payload_preferences_rels_id_seq'::regclass);


--
-- Name: posts id; Type: DEFAULT; Schema: public; Owner: -
--

ALTER TABLE ONLY public.posts ALTER COLUMN id SET DEFAULT nextval('public.posts_id_seq'::regclass);


--
-- Name: posts_rels id; Type: DEFAULT; Schema: public; Owner: -
--

ALTER TABLE ONLY public.posts_rels ALTER COLUMN id SET DEFAULT nextval('public.posts_rels_id_seq'::regclass);


--
-- Name: tags id; Type: DEFAULT; Schema: public; Owner: -
--

ALTER TABLE ONLY public.tags ALTER COLUMN id SET DEFAULT nextval('public.tags_id_seq'::regclass);


--
-- Name: users id; Type: DEFAULT; Schema: public; Owner: -
--

ALTER TABLE ONLY public.users ALTER COLUMN id SET DEFAULT nextval('public.users_id_seq'::regclass);


--
-- Name: users_roles id; Type: DEFAULT; Schema: public; Owner: -
--

ALTER TABLE ONLY public.users_roles ALTER COLUMN id SET DEFAULT nextval('public.users_roles_id_seq'::regclass);


--
-- Name: videos id; Type: DEFAULT; Schema: public; Owner: -
--

ALTER TABLE ONLY public.videos ALTER COLUMN id SET DEFAULT nextval('public.videos_id_seq'::regclass);


--
-- Data for Name: _pages_v; Type: TABLE DATA; Schema: public; Owner: -
--

COPY public._pages_v (id, parent_id, version_title, version_hero_title, version_hero_media_id, version_hero_rich_text, version_meta_title, version_meta_image_id, version_meta_description, version_published_at, version_slug, version_slug_lock, version_updated_at, version_created_at, version__status, created_at, updated_at, latest, autosave, version_hero_remove_svg, version_hero_is_reverse, version_hero_bottom, version_hero_separator_type, version_hero_dark_mode) FROM stdin;
844	7	Asesoramiento familiar	 Hola, soy Ane, asesora y formadora educativa. Te doy la bienvenida a este espacio educativo y familiar. 	55	{"root": {"type": "root", "format": "", "indent": 0, "version": 1, "children": [{"type": "paragraph", "format": "", "indent": 0, "version": 1, "children": [{"mode": "normal", "text": "No saber por dnde empezar?", "type": "text", "style": "", "detail": 0, "format": 0, "version": 1}], "direction": "ltr", "textStyle": "", "textFormat": 0}, {"type": "paragraph", "format": "", "indent": 0, "version": 1, "children": [{"mode": "normal", "text": "Reserva una cita y empezamos.", "type": "text", "style": "", "detail": 0, "format": 0, "version": 1}], "direction": "ltr", "textStyle": "", "textFormat": 0}], "direction": null}}	\N	\N	\N	2025-11-11 14:31:44.097+01	asesoramiento-familiar	t	2025-12-10 12:38:05.198+01	2025-11-11 14:31:29.156+01	published	2025-12-10 12:38:05.218+01	2025-12-10 12:38:05.218+01	t	f	\N	f	100	\N	\N
765	2	Sobre-m	 Hola, soy Ane, asesora y formadora educativa. Te doy la bienvenida a este espacio educativo y familiar.	55	{"root": {"type": "root", "format": "", "indent": 0, "version": 1, "children": [{"type": "paragraph", "format": "", "indent": 0, "version": 1, "children": [{"mode": "normal", "text": "No saber por dnde empezar?", "type": "text", "style": "", "detail": 0, "format": 0, "version": 1}], "direction": "ltr", "textStyle": "", "textFormat": 0}, {"type": "paragraph", "format": "", "indent": 0, "version": 1, "children": [{"mode": "normal", "text": "Reserva una cita y empezamos.", "type": "text", "style": "", "detail": 0, "format": 0, "version": 1}], "direction": "ltr", "textStyle": "", "textFormat": 0}], "direction": null}}	\N	\N	\N	2025-10-24 12:10:55.52+02	sobre-mi	t	2025-12-04 19:11:14.173+01	2025-10-24 12:10:34.006+02	published	2025-12-04 19:11:14.196+01	2025-12-04 19:11:14.196+01	f	f	\N	f	100	\N	\N
870	4	Servicios	 Hola, soy Ane, asesora y formadora educativa. Te doy la bienvenida a este espacio educativo y familiar. 	55	{"root": {"type": "root", "format": "", "indent": 0, "version": 1, "children": [{"type": "paragraph", "format": "", "indent": 0, "version": 1, "children": [{"mode": "normal", "text": "No saber por dnde empezar?", "type": "text", "style": "", "detail": 0, "format": 0, "version": 1}], "direction": "ltr", "textStyle": "", "textFormat": 0}, {"type": "paragraph", "format": "", "indent": 0, "version": 1, "children": [{"mode": "normal", "text": "Reserva una cita y empezamos.", "type": "text", "style": "", "detail": 0, "format": 0, "version": 1}], "direction": "ltr", "textStyle": "", "textFormat": 0}], "direction": null}}	\N	\N	\N	2025-10-29 20:50:22.342+01	services	t	2025-12-11 17:29:04.263+01	2025-10-29 20:50:12.47+01	published	2025-12-11 17:29:04.287+01	2025-12-11 17:29:04.287+01	f	f	\N	f	0	\N	\N
586	8	Asesoramiento educativo	Hola, soy Ane, asesora, consultora y formadora educativa. Te doy la  bienvenida a tu espacio educativo y familiar de confianza.	72	{"root": {"type": "root", "format": "", "indent": 0, "version": 1, "children": [{"type": "paragraph", "format": "", "indent": 0, "version": 1, "children": [{"mode": "normal", "text": "No saber por dnde empezar?", "type": "text", "style": "", "detail": 0, "format": 0, "version": 1}], "direction": "ltr", "textStyle": "", "textFormat": 0}, {"type": "paragraph", "format": "", "indent": 0, "version": 1, "children": [{"mode": "normal", "text": "Reserva una cita y empezamos.", "type": "text", "style": "", "detail": 0, "format": 0, "version": 1}], "direction": "ltr", "textStyle": "", "textFormat": 0}], "direction": null}}	\N	\N	\N	2025-11-14 12:10:06.921+01	asesoramiento-educativa	t	2025-11-26 12:41:22.506+01	2025-11-14 12:09:53.393+01	published	2025-11-26 12:41:22.529+01	2025-11-26 12:41:22.529+01	f	f	\N	f	100	\N	\N
859	9	Contacto	Hola, soy Ane, asesora y formadora educativa. Te doy la  bienvenida a este espacio educativo y familiar.	\N	{"root": {"type": "root", "format": "", "indent": 0, "version": 1, "children": [{"type": "paragraph", "format": "", "indent": 0, "version": 1, "children": [{"mode": "normal", "text": "No sabes por dnde empezar?", "type": "text", "style": "", "detail": 0, "format": 0, "version": 1}], "direction": "ltr", "textStyle": "", "textFormat": 0}, {"type": "paragraph", "format": "", "indent": 0, "version": 1, "children": [{"mode": "normal", "text": "Reserva una cita y empezamos.", "type": "text", "style": "", "detail": 0, "format": 0, "version": 1}], "direction": "ltr", "textStyle": "", "textFormat": 0}], "direction": null}}	\N	\N	\N	2025-12-11 08:28:00.909+01	contacto	t	2025-12-11 11:42:13.559+01	2025-12-11 08:27:47.689+01	published	2025-12-11 11:42:13.58+01	2025-12-11 11:42:13.58+01	f	f	t	f	100	\N	\N
64	3	\N	\N	\N	\N	\N	\N	\N	\N	\N	t	2025-10-24 13:29:29.342+02	2025-10-24 13:29:29.342+02	draft	2025-10-24 13:29:29.35+02	2025-10-24 13:29:29.35+02	f	f	\N	f	100	\N	\N
587	8	Asesoramiento educativo	Hola, soy Ane, asesora, consultora y formadora educativa. Te doy la  bienvenida a tu espacio educativo y familiar de confianza.	\N	{"root": {"type": "root", "format": "", "indent": 0, "version": 1, "children": [{"type": "paragraph", "format": "", "indent": 0, "version": 1, "children": [{"mode": "normal", "text": "No saber por dnde empezar?", "type": "text", "style": "", "detail": 0, "format": 0, "version": 1}], "direction": "ltr", "textStyle": "", "textFormat": 0}, {"type": "paragraph", "format": "", "indent": 0, "version": 1, "children": [{"mode": "normal", "text": "Reserva una cita y empezamos.", "type": "text", "style": "", "detail": 0, "format": 0, "version": 1}], "direction": "ltr", "textStyle": "", "textFormat": 0}], "direction": null}}	\N	\N	\N	2025-11-14 12:10:06.921+01	asesoramiento-educativa	t	2025-11-26 12:41:31.083+01	2025-11-14 12:09:53.393+01	draft	2025-11-26 12:41:31.083+01	2025-11-26 12:41:31.083+01	f	t	\N	f	100	\N	\N
766	2	Sobre-m	 Hola, soy Ane, asesora y formadora educativa. Te doy la bienvenida a este espacio educativo y familiar.	55	{"root": {"type": "root", "format": "", "indent": 0, "version": 1, "children": [{"type": "paragraph", "format": "", "indent": 0, "version": 1, "children": [{"mode": "normal", "text": "No saber por dnde empezar?", "type": "text", "style": "", "detail": 0, "format": 0, "version": 1}], "direction": "ltr", "textStyle": "", "textFormat": 0}, {"type": "paragraph", "format": "", "indent": 0, "version": 1, "children": [{"mode": "normal", "text": "Reserva una cita y empezamos.", "type": "text", "style": "", "detail": 0, "format": 0, "version": 1}], "direction": "ltr", "textStyle": "", "textFormat": 0}], "direction": null}}	\N	\N	\N	2025-10-24 12:10:55.52+02	sobre-mi	t	2025-12-04 19:11:27.848+01	2025-10-24 12:10:34.006+02	published	2025-12-04 19:11:27.87+01	2025-12-04 19:11:27.87+01	f	f	\N	f	100	\N	\N
830	4	Servicios	 Hola, soy Ane, asesora y formadora educativa. Te doy la bienvenida a este espacio educativo y familiar. 	55	{"root": {"type": "root", "format": "", "indent": 0, "version": 1, "children": [{"type": "paragraph", "format": "", "indent": 0, "version": 1, "children": [{"mode": "normal", "text": "No saber por dnde empezar?", "type": "text", "style": "", "detail": 0, "format": 0, "version": 1}], "direction": "ltr", "textStyle": "", "textFormat": 0}, {"type": "paragraph", "format": "", "indent": 0, "version": 1, "children": [{"mode": "normal", "text": "Reserva una cita y empezamos.", "type": "text", "style": "", "detail": 0, "format": 0, "version": 1}], "direction": "ltr", "textStyle": "", "textFormat": 0}], "direction": null}}	\N	\N	\N	2025-10-29 20:50:22.342+01	services	t	2025-12-05 19:40:36.605+01	2025-10-29 20:50:12.47+01	published	2025-12-05 19:40:36.632+01	2025-12-05 19:40:36.632+01	f	f	\N	f	100	\N	\N
67	3	Blog	blog	\N	{"root": {"type": "root", "format": "", "indent": 0, "version": 1, "children": [{"type": "paragraph", "format": "", "indent": 0, "version": 1, "children": [{"mode": "normal", "text": "blog", "type": "text", "style": "", "detail": 0, "format": 0, "version": 1}], "direction": null, "textStyle": "", "textFormat": 0}], "direction": null}}	\N	\N	\N	2025-10-24 13:29:40.167+02	blog	f	2025-10-27 08:30:50.147+01	2025-10-24 13:29:29.342+02	published	2025-10-27 08:30:50.16+01	2025-10-27 08:30:50.16+01	f	f	\N	f	100	\N	\N
65	3	Blog	blog	\N	{"root": {"type": "root", "format": "", "indent": 0, "version": 1, "children": [{"type": "paragraph", "format": "", "indent": 0, "version": 1, "children": [{"mode": "normal", "text": "blog", "type": "text", "style": "", "detail": 0, "format": 0, "version": 1}], "direction": null, "textStyle": "", "textFormat": 0}], "direction": null}}	\N	\N	\N	2025-10-24 13:29:40.167+02	\N	t	2025-10-24 13:30:08.495+02	2025-10-24 13:29:29.342+02	draft	2025-10-24 13:29:40.167+02	2025-10-24 13:30:08.495+02	f	t	\N	f	100	\N	\N
606	7	Asesoramiento familiar	 Hola, soy Ane, asesora y formadora educativa. Te doy la bienvenida a este espacio educativo y familiar. 	55	{"root": {"type": "root", "format": "", "indent": 0, "version": 1, "children": [{"type": "paragraph", "format": "", "indent": 0, "version": 1, "children": [{"mode": "normal", "text": "No saber por dnde empezar?", "type": "text", "style": "", "detail": 0, "format": 0, "version": 1}], "direction": "ltr", "textStyle": "", "textFormat": 0}, {"type": "paragraph", "format": "", "indent": 0, "version": 1, "children": [{"mode": "normal", "text": "Reserva una cita y empezamos.", "type": "text", "style": "", "detail": 0, "format": 0, "version": 1}], "direction": "ltr", "textStyle": "", "textFormat": 0}], "direction": null}}	\N	\N	\N	2025-11-11 14:31:44.097+01	asesoramiento-familiar	t	2025-11-27 12:12:43.123+01	2025-11-11 14:31:29.156+01	published	2025-11-27 12:12:43.142+01	2025-11-27 12:12:43.142+01	f	f	\N	f	100	\N	\N
767	2	Sobre-m	 Hola, soy Ane, asesora y formadora educativa. Te doy la bienvenida a este espacio educativo y familiar.	55	{"root": {"type": "root", "format": "", "indent": 0, "version": 1, "children": [{"type": "paragraph", "format": "", "indent": 0, "version": 1, "children": [{"mode": "normal", "text": "No saber por dnde empezar?", "type": "text", "style": "", "detail": 0, "format": 0, "version": 1}], "direction": "ltr", "textStyle": "", "textFormat": 0}, {"type": "paragraph", "format": "", "indent": 0, "version": 1, "children": [{"mode": "normal", "text": "Reserva una cita y empezamos.", "type": "text", "style": "", "detail": 0, "format": 0, "version": 1}], "direction": "ltr", "textStyle": "", "textFormat": 0}], "direction": null}}	\N	\N	\N	2025-10-24 12:10:55.52+02	sobre-mi	t	2025-12-04 19:12:08.282+01	2025-10-24 12:10:34.006+02	published	2025-12-04 19:12:08.314+01	2025-12-04 19:12:08.314+01	f	f	\N	f	100	\N	\N
861	9	Contacto	Hola, soy Ane, asesora y formadora educativa. Te doy la  bienvenida a este espacio educativo y familiar.	123	{"root": {"type": "root", "format": "", "indent": 0, "version": 1, "children": [{"type": "paragraph", "format": "", "indent": 0, "version": 1, "children": [{"mode": "normal", "text": "No sabes por dnde empezar?", "type": "text", "style": "", "detail": 0, "format": 0, "version": 1}], "direction": "ltr", "textStyle": "", "textFormat": 0}, {"type": "paragraph", "format": "", "indent": 0, "version": 1, "children": [{"mode": "normal", "text": "Reserva una cita y empezamos.", "type": "text", "style": "", "detail": 0, "format": 0, "version": 1}], "direction": "ltr", "textStyle": "", "textFormat": 0}], "direction": null}}	\N	\N	\N	2025-12-11 08:28:00.909+01	contacto	t	2025-12-11 17:00:21.709+01	2025-12-11 08:27:47.689+01	published	2025-12-11 17:00:21.726+01	2025-12-11 17:00:21.726+01	f	f	t	f	100	\N	\N
871	4	Servicios	 Hola, soy Ane, asesora y formadora educativa. Te doy la bienvenida a este espacio educativo y familiar. 	55	{"root": {"type": "root", "format": "", "indent": 0, "version": 1, "children": [{"type": "paragraph", "format": "", "indent": 0, "version": 1, "children": [{"mode": "normal", "text": "No saber por dnde empezar?", "type": "text", "style": "", "detail": 0, "format": 0, "version": 1}], "direction": "ltr", "textStyle": "", "textFormat": 0}, {"type": "paragraph", "format": "", "indent": 0, "version": 1, "children": [{"mode": "normal", "text": "Reserva una cita y empezamos.", "type": "text", "style": "", "detail": 0, "format": 0, "version": 1}], "direction": "ltr", "textStyle": "", "textFormat": 0}], "direction": null}}	\N	\N	\N	2025-10-29 20:50:22.342+01	services	t	2025-12-11 17:29:26.696+01	2025-10-29 20:50:12.47+01	published	2025-12-11 17:29:26.717+01	2025-12-11 17:29:26.717+01	f	f	\N	f	0	\N	dark
607	7	Asesoramiento familiar	 Hola, soy Ane, asesora y formadora educativa. Te doy la bienvenida a este espacio educativo y familiar. 	55	{"root": {"type": "root", "format": "", "indent": 0, "version": 1, "children": [{"type": "paragraph", "format": "", "indent": 0, "version": 1, "children": [{"mode": "normal", "text": "No saber por dnde empezar?", "type": "text", "style": "", "detail": 0, "format": 0, "version": 1}], "direction": "ltr", "textStyle": "", "textFormat": 0}, {"type": "paragraph", "format": "", "indent": 0, "version": 1, "children": [{"mode": "normal", "text": "Reserva una cita y empezamos.", "type": "text", "style": "", "detail": 0, "format": 0, "version": 1}], "direction": "ltr", "textStyle": "", "textFormat": 0}], "direction": null}}	\N	\N	\N	2025-11-11 14:31:44.097+01	asesoramiento-familiar	t	2025-11-27 12:13:25.18+01	2025-11-11 14:31:29.156+01	published	2025-11-27 12:13:25.205+01	2025-11-27 12:13:25.205+01	f	f	\N	f	100	\N	\N
872	4	Servicios	 Hola, soy Ane, asesora y formadora educativa. Te doy la bienvenida a este espacio educativo y familiar. 	55	{"root": {"type": "root", "format": "", "indent": 0, "version": 1, "children": [{"type": "paragraph", "format": "", "indent": 0, "version": 1, "children": [{"mode": "normal", "text": "No saber por dnde empezar?", "type": "text", "style": "", "detail": 0, "format": 0, "version": 1}], "direction": "ltr", "textStyle": "", "textFormat": 0}, {"type": "paragraph", "format": "", "indent": 0, "version": 1, "children": [{"mode": "normal", "text": "Reserva una cita y empezamos.", "type": "text", "style": "", "detail": 0, "format": 0, "version": 1}], "direction": "ltr", "textStyle": "", "textFormat": 0}], "direction": null}}	\N	\N	\N	2025-10-29 20:50:22.342+01	services	t	2025-12-11 17:29:42.232+01	2025-10-29 20:50:12.47+01	published	2025-12-11 17:29:42.257+01	2025-12-11 17:29:42.257+01	f	f	\N	f	0	\N	blue
588	8	Asesoramiento educativo	Hola, soy Ane, asesora, consultora y formadora educativa. Te doy la  bienvenida a tu espacio educativo y familiar de confianza.	55	{"root": {"type": "root", "format": "", "indent": 0, "version": 1, "children": [{"type": "paragraph", "format": "", "indent": 0, "version": 1, "children": [{"mode": "normal", "text": "No saber por dnde empezar?", "type": "text", "style": "", "detail": 0, "format": 0, "version": 1}], "direction": "ltr", "textStyle": "", "textFormat": 0}, {"type": "paragraph", "format": "", "indent": 0, "version": 1, "children": [{"mode": "normal", "text": "Reserva una cita y empezamos.", "type": "text", "style": "", "detail": 0, "format": 0, "version": 1}], "direction": "ltr", "textStyle": "", "textFormat": 0}], "direction": null}}	\N	\N	\N	2025-11-14 12:10:06.921+01	asesoramiento-educativa	t	2025-11-26 12:41:32.99+01	2025-11-14 12:09:53.393+01	published	2025-11-26 12:41:33.002+01	2025-11-26 12:41:33.002+01	f	f	\N	f	100	\N	\N
848	1	Home	Hola, soy Ane, asesora y formadora educativa. Te doy la  bienvenida a este espacio educativo y familiar.	55	{"root": {"type": "root", "format": "", "indent": 0, "version": 1, "children": [{"type": "paragraph", "format": "", "indent": 0, "version": 1, "children": [{"mode": "normal", "text": "No sabes por dnde empezar?", "type": "text", "style": "", "detail": 0, "format": 0, "version": 1}], "direction": "ltr", "textStyle": "", "textFormat": 0}, {"type": "paragraph", "format": "", "indent": 0, "version": 1, "children": [{"mode": "normal", "text": "Reserva una cita y empezamos.", "type": "text", "style": "", "detail": 0, "format": 0, "version": 1}], "direction": "ltr", "textStyle": "", "textFormat": 0}], "direction": null}}	Educar Sano | Asesora educativa para familias y docentes	91	Si quieres acompaamiento prctico, humano y con conciencia social, aqu encontrars las herramientas y el apoyo que necesitas.	2025-10-21 16:21:03.158+02	home	t	2025-12-11 08:31:08.757+01	2025-10-21 16:20:48.836+02	published	2025-12-11 08:31:08.797+01	2025-12-11 08:31:08.797+01	f	f	\N	f	100	\N	\N
769	2	Sobre-m	 Hola, soy Ane, asesora y formadora educativa. Te doy la bienvenida a este espacio educativo y familiar.	55	{"root": {"type": "root", "format": "", "indent": 0, "version": 1, "children": [{"type": "paragraph", "format": "", "indent": 0, "version": 1, "children": [{"mode": "normal", "text": "No saber por dnde empezar?", "type": "text", "style": "", "detail": 0, "format": 0, "version": 1}], "direction": "ltr", "textStyle": "", "textFormat": 0}, {"type": "paragraph", "format": "", "indent": 0, "version": 1, "children": [{"mode": "normal", "text": "Reserva una cita y empezamos.", "type": "text", "style": "", "detail": 0, "format": 0, "version": 1}], "direction": "ltr", "textStyle": "", "textFormat": 0}], "direction": null}}	\N	\N	\N	2025-10-24 12:10:55.52+02	sobre-mi	t	2025-12-04 19:20:43.755+01	2025-10-24 12:10:34.006+02	published	2025-12-04 19:20:43.781+01	2025-12-04 19:20:43.781+01	f	f	\N	f	100	\N	\N
873	2	Sobre-m	 Hola, soy Ane, asesora y formadora educativa. Te doy la bienvenida a este espacio educativo y familiar.	55	{"root": {"type": "root", "format": "", "indent": 0, "version": 1, "children": [{"type": "paragraph", "format": "", "indent": 0, "version": 1, "children": [{"mode": "normal", "text": "No saber por dnde empezar?", "type": "text", "style": "", "detail": 0, "format": 0, "version": 1}], "direction": "ltr", "textStyle": "", "textFormat": 0}, {"type": "paragraph", "format": "", "indent": 0, "version": 1, "children": [{"mode": "normal", "text": "Reserva una cita y empezamos.", "type": "text", "style": "", "detail": 0, "format": 0, "version": 1}], "direction": "ltr", "textStyle": "", "textFormat": 0}], "direction": null}}	\N	\N	\N	2025-10-24 12:10:55.52+02	sobre-mi	t	2025-12-11 17:30:32.548+01	2025-10-24 12:10:34.006+02	published	2025-12-11 17:30:32.578+01	2025-12-11 17:30:32.578+01	t	f	\N	f	0	\N	dark
764	2	Sobre-m	 Hola, soy Ane, asesora y formadora educativa. Te doy la bienvenida a este espacio educativo y familiar.	55	{"root": {"type": "root", "format": "", "indent": 0, "version": 1, "children": [{"type": "paragraph", "format": "", "indent": 0, "version": 1, "children": [{"mode": "normal", "text": "No saber por dnde empezar?", "type": "text", "style": "", "detail": 0, "format": 0, "version": 1}], "direction": "ltr", "textStyle": "", "textFormat": 0}, {"type": "paragraph", "format": "", "indent": 0, "version": 1, "children": [{"mode": "normal", "text": "Reserva una cita y empezamos.", "type": "text", "style": "", "detail": 0, "format": 0, "version": 1}], "direction": "ltr", "textStyle": "", "textFormat": 0}], "direction": null}}	\N	\N	\N	2025-10-24 12:10:55.52+02	sobre-mi	t	2025-12-04 19:10:06.525+01	2025-10-24 12:10:34.006+02	published	2025-12-04 19:10:06.559+01	2025-12-04 19:10:06.559+01	f	f	\N	f	100	\N	\N
768	2	Sobre-m	 Hola, soy Ane, asesora y formadora educativa. Te doy la bienvenida a este espacio educativo y familiar.	55	{"root": {"type": "root", "format": "", "indent": 0, "version": 1, "children": [{"type": "paragraph", "format": "", "indent": 0, "version": 1, "children": [{"mode": "normal", "text": "No saber por dnde empezar?", "type": "text", "style": "", "detail": 0, "format": 0, "version": 1}], "direction": "ltr", "textStyle": "", "textFormat": 0}, {"type": "paragraph", "format": "", "indent": 0, "version": 1, "children": [{"mode": "normal", "text": "Reserva una cita y empezamos.", "type": "text", "style": "", "detail": 0, "format": 0, "version": 1}], "direction": "ltr", "textStyle": "", "textFormat": 0}], "direction": null}}	\N	\N	\N	2025-10-24 12:10:55.52+02	sobre-mi	t	2025-12-04 19:20:14.424+01	2025-10-24 12:10:34.006+02	published	2025-12-04 19:20:14.447+01	2025-12-04 19:20:14.447+01	f	f	\N	f	100	\N	\N
393	8	Asesoramiento educativa	Hola, soy Ane, asesora, consultora y formadora educativa. Te doy la  bienvenida a tu espacio educativo y familiar de confianza.	\N	{"root": {"type": "root", "format": "", "indent": 0, "version": 1, "children": [{"type": "paragraph", "format": "", "indent": 0, "version": 1, "children": [{"mode": "normal", "text": "No saber por dnde empezar?", "type": "text", "style": "", "detail": 0, "format": 0, "version": 1}], "direction": "ltr", "textStyle": "", "textFormat": 0}, {"type": "paragraph", "format": "", "indent": 0, "version": 1, "children": [{"mode": "normal", "text": "Reserva una cita y empezamos.", "type": "text", "style": "", "detail": 0, "format": 0, "version": 1}], "direction": "ltr", "textStyle": "", "textFormat": 0}], "direction": null}}	\N	\N	\N	2025-11-14 12:10:06.921+01	asesoramiento-educativa	t	2025-11-14 19:45:11.526+01	2025-11-14 12:09:53.393+01	published	2025-11-14 19:45:11.549+01	2025-11-14 19:45:11.549+01	f	f	\N	f	100	\N	\N
589	8	Asesoramiento educativo	 Hola, soy Ane, asesora y formadora educativa. Te doy la bienvenida a este espacio educativo y familiar. 	55	{"root": {"type": "root", "format": "", "indent": 0, "version": 1, "children": [{"type": "paragraph", "format": "", "indent": 0, "version": 1, "children": [{"mode": "normal", "text": "No saber por dnde empezar?", "type": "text", "style": "", "detail": 0, "format": 0, "version": 1}], "direction": "ltr", "textStyle": "", "textFormat": 0}, {"type": "paragraph", "format": "", "indent": 0, "version": 1, "children": [{"mode": "normal", "text": "Reserva una cita y empezamos.", "type": "text", "style": "", "detail": 0, "format": 0, "version": 1}], "direction": "ltr", "textStyle": "", "textFormat": 0}], "direction": null}}	\N	\N	\N	2025-11-14 12:10:06.921+01	asesoramiento-educativa	t	2025-11-26 12:42:11.439+01	2025-11-14 12:09:53.393+01	published	2025-11-26 12:42:11.457+01	2025-11-26 12:42:11.457+01	t	f	\N	f	100	\N	\N
391	8	Asesoramiento educativa	Hola, soy Ane, asesora, consultora y formadora educativa. Te doy la  bienvenida a tu espacio educativo y familiar de confianza.	\N	{"root": {"type": "root", "format": "", "indent": 0, "version": 1, "children": [{"type": "paragraph", "format": "", "indent": 0, "version": 1, "children": [{"mode": "normal", "text": "No saber por dnde empezar?", "type": "text", "style": "", "detail": 0, "format": 0, "version": 1}], "direction": "ltr", "textStyle": "", "textFormat": 0}, {"type": "paragraph", "format": "", "indent": 0, "version": 1, "children": [{"mode": "normal", "text": "Reserva una cita y empezamos.", "type": "text", "style": "", "detail": 0, "format": 0, "version": 1}], "direction": "ltr", "textStyle": "", "textFormat": 0}], "direction": null}}	\N	\N	\N	2025-11-14 12:10:06.921+01	asesoramiento-educativa	t	2025-11-14 17:57:20.385+01	2025-11-14 12:09:53.393+01	published	2025-11-14 17:57:20.414+01	2025-11-14 17:57:20.414+01	f	f	\N	f	100	\N	\N
585	8	Asesoramiento educativa	Hola, soy Ane, asesora, consultora y formadora educativa. Te doy la  bienvenida a tu espacio educativo y familiar de confianza.	72	{"root": {"type": "root", "format": "", "indent": 0, "version": 1, "children": [{"type": "paragraph", "format": "", "indent": 0, "version": 1, "children": [{"mode": "normal", "text": "No saber por dnde empezar?", "type": "text", "style": "", "detail": 0, "format": 0, "version": 1}], "direction": "ltr", "textStyle": "", "textFormat": 0}, {"type": "paragraph", "format": "", "indent": 0, "version": 1, "children": [{"mode": "normal", "text": "Reserva una cita y empezamos.", "type": "text", "style": "", "detail": 0, "format": 0, "version": 1}], "direction": "ltr", "textStyle": "", "textFormat": 0}], "direction": null}}	\N	\N	\N	2025-11-14 12:10:06.921+01	asesoramiento-educativa	t	2025-11-26 12:40:21.927+01	2025-11-14 12:09:53.393+01	published	2025-11-26 12:40:21.946+01	2025-11-26 12:40:21.946+01	f	f	\N	f	100	\N	\N
829	4	Servicios	 Hola, soy Ane, asesora y formadora educativa. Te doy la bienvenida a este espacio educativo y familiar. 	55	{"root": {"type": "root", "format": "", "indent": 0, "version": 1, "children": [{"type": "paragraph", "format": "", "indent": 0, "version": 1, "children": [{"mode": "normal", "text": "No saber por dnde empezar?", "type": "text", "style": "", "detail": 0, "format": 0, "version": 1}], "direction": "ltr", "textStyle": "", "textFormat": 0}, {"type": "paragraph", "format": "", "indent": 0, "version": 1, "children": [{"mode": "normal", "text": "Reserva una cita y empezamos.", "type": "text", "style": "", "detail": 0, "format": 0, "version": 1}], "direction": "ltr", "textStyle": "", "textFormat": 0}], "direction": null}}	\N	\N	\N	2025-10-29 20:50:22.342+01	services	t	2025-12-05 19:40:17.602+01	2025-10-29 20:50:12.47+01	published	2025-12-05 19:40:17.636+01	2025-12-05 19:40:17.636+01	f	f	\N	f	100	\N	\N
874	4	Servicios	 Hola, soy Ane, asesora y formadora educativa. Te doy la bienvenida a este espacio educativo y familiar. 	55	{"root": {"type": "root", "format": "", "indent": 0, "version": 1, "children": [{"type": "paragraph", "format": "", "indent": 0, "version": 1, "children": [{"mode": "normal", "text": "No saber por dnde empezar?", "type": "text", "style": "", "detail": 0, "format": 0, "version": 1}], "direction": "ltr", "textStyle": "", "textFormat": 0}, {"type": "paragraph", "format": "", "indent": 0, "version": 1, "children": [{"mode": "normal", "text": "Reserva una cita y empezamos.", "type": "text", "style": "", "detail": 0, "format": 0, "version": 1}], "direction": "ltr", "textStyle": "", "textFormat": 0}], "direction": null}}	\N	\N	\N	2025-10-29 20:50:22.342+01	services	t	2025-12-11 17:30:56.207+01	2025-10-29 20:50:12.47+01	published	2025-12-11 17:30:56.229+01	2025-12-11 17:30:56.229+01	t	f	\N	f	0	\N	dark
828	4	Servicios	 Hola, soy Ane, asesora y formadora educativa. Te doy la bienvenida a este espacio educativo y familiar. 	55	{"root": {"type": "root", "format": "", "indent": 0, "version": 1, "children": [{"type": "paragraph", "format": "", "indent": 0, "version": 1, "children": [{"mode": "normal", "text": "No saber por dnde empezar?", "type": "text", "style": "", "detail": 0, "format": 0, "version": 1}], "direction": "ltr", "textStyle": "", "textFormat": 0}, {"type": "paragraph", "format": "", "indent": 0, "version": 1, "children": [{"mode": "normal", "text": "Reserva una cita y empezamos.", "type": "text", "style": "", "detail": 0, "format": 0, "version": 1}], "direction": "ltr", "textStyle": "", "textFormat": 0}], "direction": null}}	\N	\N	\N	2025-10-29 20:50:22.342+01	services	t	2025-12-05 19:39:43.402+01	2025-10-29 20:50:12.47+01	published	2025-12-05 19:39:43.425+01	2025-12-05 19:39:43.425+01	f	f	\N	f	100	\N	\N
658	3	Blog	blog	\N	{"root": {"type": "root", "format": "", "indent": 0, "version": 1, "children": [{"type": "paragraph", "format": "", "indent": 0, "version": 1, "children": [{"mode": "normal", "text": "blog", "type": "text", "style": "", "detail": 0, "format": 0, "version": 1}], "direction": null, "textStyle": "", "textFormat": 0}], "direction": null}}	\N	\N	\N	2025-10-24 13:29:40.167+02	blog	f	2025-11-29 21:38:39.982+01	2025-10-24 13:29:29.342+02	draft	2025-11-29 21:31:55.915+01	2025-11-29 21:38:39.982+01	f	t	\N	f	100	\N	\N
771	2	Sobre-m	 Hola, soy Ane, asesora y formadora educativa. Te doy la bienvenida a este espacio educativo y familiar.	55	{"root": {"type": "root", "format": "", "indent": 0, "version": 1, "children": [{"type": "paragraph", "format": "", "indent": 0, "version": 1, "children": [{"mode": "normal", "text": "No saber por dnde empezar?", "type": "text", "style": "", "detail": 0, "format": 0, "version": 1}], "direction": "ltr", "textStyle": "", "textFormat": 0}, {"type": "paragraph", "format": "", "indent": 0, "version": 1, "children": [{"mode": "normal", "text": "Reserva una cita y empezamos.", "type": "text", "style": "", "detail": 0, "format": 0, "version": 1}], "direction": "ltr", "textStyle": "", "textFormat": 0}], "direction": null}}	\N	\N	\N	2025-10-24 12:10:55.52+02	sobre-mi	t	2025-12-04 19:24:51.594+01	2025-10-24 12:10:34.006+02	published	2025-12-04 19:24:51.623+01	2025-12-04 19:24:51.623+01	f	f	\N	f	100	\N	\N
826	4	Servicios	 Hola, soy Ane, asesora y formadora educativa. Te doy la bienvenida a este espacio educativo y familiar. 	55	{"root": {"type": "root", "format": "", "indent": 0, "version": 1, "children": [{"type": "paragraph", "format": "", "indent": 0, "version": 1, "children": [{"mode": "normal", "text": "No saber por dnde empezar?", "type": "text", "style": "", "detail": 0, "format": 0, "version": 1}], "direction": "ltr", "textStyle": "", "textFormat": 0}, {"type": "paragraph", "format": "", "indent": 0, "version": 1, "children": [{"mode": "normal", "text": "Reserva una cita y empezamos.", "type": "text", "style": "", "detail": 0, "format": 0, "version": 1}], "direction": "ltr", "textStyle": "", "textFormat": 0}], "direction": null}}	\N	\N	\N	2025-10-29 20:50:22.342+01	services	t	2025-12-05 19:37:44.606+01	2025-10-29 20:50:12.47+01	published	2025-12-05 19:37:44.636+01	2025-12-05 19:37:44.636+01	f	f	\N	f	100	\N	\N
831	4	Servicios	 Hola, soy Ane, asesora y formadora educativa. Te doy la bienvenida a este espacio educativo y familiar. 	55	{"root": {"type": "root", "format": "", "indent": 0, "version": 1, "children": [{"type": "paragraph", "format": "", "indent": 0, "version": 1, "children": [{"mode": "normal", "text": "No saber por dnde empezar?", "type": "text", "style": "", "detail": 0, "format": 0, "version": 1}], "direction": "ltr", "textStyle": "", "textFormat": 0}, {"type": "paragraph", "format": "", "indent": 0, "version": 1, "children": [{"mode": "normal", "text": "Reserva una cita y empezamos.", "type": "text", "style": "", "detail": 0, "format": 0, "version": 1}], "direction": "ltr", "textStyle": "", "textFormat": 0}], "direction": null}}	\N	\N	\N	2025-10-29 20:50:22.342+01	services	t	2025-12-05 19:41:01.073+01	2025-10-29 20:50:12.47+01	published	2025-12-05 19:41:01.108+01	2025-12-05 19:41:01.108+01	f	f	\N	f	100	\N	\N
659	3	Blog	blog	72	{"root": {"type": "root", "format": "", "indent": 0, "version": 1, "children": [{"type": "paragraph", "format": "", "indent": 0, "version": 1, "children": [{"mode": "normal", "text": "blog", "type": "text", "style": "", "detail": 0, "format": 0, "version": 1}], "direction": null, "textStyle": "", "textFormat": 0}], "direction": null}}	\N	\N	\N	2025-10-24 13:29:40.167+02	blog	f	2025-11-29 21:38:43.04+01	2025-10-24 13:29:29.342+02	published	2025-11-29 21:38:43.056+01	2025-11-29 21:38:43.056+01	f	f	\N	f	100	\N	\N
66	3	Blog	blog	\N	{"root": {"type": "root", "format": "", "indent": 0, "version": 1, "children": [{"type": "paragraph", "format": "", "indent": 0, "version": 1, "children": [{"mode": "normal", "text": "blog", "type": "text", "style": "", "detail": 0, "format": 0, "version": 1}], "direction": null, "textStyle": "", "textFormat": 0}], "direction": null}}	\N	\N	\N	2025-10-24 13:29:40.167+02	\N	t	2025-10-24 13:30:25.773+02	2025-10-24 13:29:29.342+02	published	2025-10-24 13:30:25.783+02	2025-10-24 13:30:25.783+02	f	f	\N	f	100	\N	\N
392	8	Asesoramiento educativa	Hola, soy Ane, asesora, consultora y formadora educativa. Te doy la  bienvenida a tu espacio educativo y familiar de confianza.	\N	{"root": {"type": "root", "format": "", "indent": 0, "version": 1, "children": [{"type": "paragraph", "format": "", "indent": 0, "version": 1, "children": [{"mode": "normal", "text": "No saber por dnde empezar?", "type": "text", "style": "", "detail": 0, "format": 0, "version": 1}], "direction": "ltr", "textStyle": "", "textFormat": 0}, {"type": "paragraph", "format": "", "indent": 0, "version": 1, "children": [{"mode": "normal", "text": "Reserva una cita y empezamos.", "type": "text", "style": "", "detail": 0, "format": 0, "version": 1}], "direction": "ltr", "textStyle": "", "textFormat": 0}], "direction": null}}	\N	\N	\N	2025-11-14 12:10:06.921+01	asesoramiento-educativa	t	2025-11-14 19:45:00.997+01	2025-11-14 12:09:53.393+01	draft	2025-11-14 17:57:25.85+01	2025-11-14 19:45:00.997+01	f	t	\N	f	100	\N	\N
827	4	Servicios	 Hola, soy Ane, asesora y formadora educativa. Te doy la bienvenida a este espacio educativo y familiar. 	55	{"root": {"type": "root", "format": "", "indent": 0, "version": 1, "children": [{"type": "paragraph", "format": "", "indent": 0, "version": 1, "children": [{"mode": "normal", "text": "No saber por dnde empezar?", "type": "text", "style": "", "detail": 0, "format": 0, "version": 1}], "direction": "ltr", "textStyle": "", "textFormat": 0}, {"type": "paragraph", "format": "", "indent": 0, "version": 1, "children": [{"mode": "normal", "text": "Reserva una cita y empezamos.", "type": "text", "style": "", "detail": 0, "format": 0, "version": 1}], "direction": "ltr", "textStyle": "", "textFormat": 0}], "direction": null}}	\N	\N	\N	2025-10-29 20:50:22.342+01	services	t	2025-12-05 19:39:35.014+01	2025-10-29 20:50:12.47+01	draft	2025-12-05 19:39:35.014+01	2025-12-05 19:39:35.014+01	f	t	\N	f	100	\N	\N
660	3	Blog	blog	71	{"root": {"type": "root", "format": "", "indent": 0, "version": 1, "children": [{"type": "paragraph", "format": "", "indent": 0, "version": 1, "children": [{"mode": "normal", "text": "blog", "type": "text", "style": "", "detail": 0, "format": 0, "version": 1}], "direction": null, "textStyle": "", "textFormat": 0}], "direction": null}}	\N	\N	\N	2025-10-24 13:29:40.167+02	blog	f	2025-11-29 21:40:52.092+01	2025-10-24 13:29:29.342+02	draft	2025-11-29 21:39:21.832+01	2025-11-29 21:40:52.092+01	t	t	\N	f	100	\N	\N
609	7	Asesoramiento familiar	 Hola, soy Ane, asesora y formadora educativa. Te doy la bienvenida a este espacio educativo y familiar. 	55	{"root": {"type": "root", "format": "", "indent": 0, "version": 1, "children": [{"type": "paragraph", "format": "", "indent": 0, "version": 1, "children": [{"mode": "normal", "text": "No saber por dnde empezar?", "type": "text", "style": "", "detail": 0, "format": 0, "version": 1}], "direction": "ltr", "textStyle": "", "textFormat": 0}, {"type": "paragraph", "format": "", "indent": 0, "version": 1, "children": [{"mode": "normal", "text": "Reserva una cita y empezamos.", "type": "text", "style": "", "detail": 0, "format": 0, "version": 1}], "direction": "ltr", "textStyle": "", "textFormat": 0}], "direction": null}}	\N	\N	\N	2025-11-11 14:31:44.097+01	asesoramiento-familiar	t	2025-11-27 12:14:38.429+01	2025-11-11 14:31:29.156+01	published	2025-11-27 12:14:38.455+01	2025-11-27 12:14:38.455+01	f	f	\N	f	100	\N	\N
608	7	Asesoramiento familiar	 Hola, soy Ane, asesora y formadora educativa. Te doy la bienvenida a este espacio educativo y familiar. 	55	{"root": {"type": "root", "format": "", "indent": 0, "version": 1, "children": [{"type": "paragraph", "format": "", "indent": 0, "version": 1, "children": [{"mode": "normal", "text": "No saber por dnde empezar?", "type": "text", "style": "", "detail": 0, "format": 0, "version": 1}], "direction": "ltr", "textStyle": "", "textFormat": 0}, {"type": "paragraph", "format": "", "indent": 0, "version": 1, "children": [{"mode": "normal", "text": "Reserva una cita y empezamos.", "type": "text", "style": "", "detail": 0, "format": 0, "version": 1}], "direction": "ltr", "textStyle": "", "textFormat": 0}], "direction": null}}	\N	\N	\N	2025-11-11 14:31:44.097+01	asesoramiento-familiar	t	2025-11-27 12:14:07.64+01	2025-11-11 14:31:29.156+01	draft	2025-11-27 12:14:07.64+01	2025-11-27 12:14:07.64+01	f	f	\N	f	100	\N	\N
863	9	Contacto	Hola, soy Ane, asesora y formadora educativa. Te doy la  bienvenida a este espacio educativo y familiar.	123	{"root": {"type": "root", "format": "", "indent": 0, "version": 1, "children": [{"type": "paragraph", "format": "", "indent": 0, "version": 1, "children": [{"mode": "normal", "text": "No sabes por dnde empezar?", "type": "text", "style": "", "detail": 0, "format": 0, "version": 1}], "direction": "ltr", "textStyle": "", "textFormat": 0}, {"type": "paragraph", "format": "", "indent": 0, "version": 1, "children": [{"mode": "normal", "text": "Reserva una cita y empezamos.", "type": "text", "style": "", "detail": 0, "format": 0, "version": 1}], "direction": "ltr", "textStyle": "", "textFormat": 0}], "direction": null}}	\N	\N	\N	2025-12-11 08:28:00.909+01	contacto	t	2025-12-11 17:25:06.671+01	2025-12-11 08:27:47.689+01	published	2025-12-11 17:25:06.693+01	2025-12-11 17:25:06.693+01	f	f	t	f	100	separatorYellow	\N
840	1	Home	Hola, soy Ane, asesora y formadora educativa. Te doy la  bienvenida a este espacio educativo y familiar.	55	{"root": {"type": "root", "format": "", "indent": 0, "version": 1, "children": [{"type": "paragraph", "format": "", "indent": 0, "version": 1, "children": [{"mode": "normal", "text": "No sabes por dnde empezar?", "type": "text", "style": "", "detail": 0, "format": 0, "version": 1}], "direction": "ltr", "textStyle": "", "textFormat": 0}, {"type": "paragraph", "format": "", "indent": 0, "version": 1, "children": [{"mode": "normal", "text": "Reserva una cita y empezamos.", "type": "text", "style": "", "detail": 0, "format": 0, "version": 1}], "direction": "ltr", "textStyle": "", "textFormat": 0}], "direction": null}}	Educar Sano | Asesora educativa para familias y docentes	91	Si quieres acompaamiento prctico, humano y con conciencia social, aqu encontrars las herramientas y el apoyo que necesitas.	2025-10-21 16:21:03.158+02	home	t	2025-12-05 20:20:03.834+01	2025-10-21 16:20:48.836+02	published	2025-12-05 20:20:03.873+01	2025-12-05 20:20:03.873+01	f	f	\N	f	100	\N	\N
839	1	Home	Hola, soy Ane, asesora y formadora educativa. Te doy la  bienvenida a este espacio educativo y familiar.	55	{"root": {"type": "root", "format": "", "indent": 0, "version": 1, "children": [{"type": "paragraph", "format": "", "indent": 0, "version": 1, "children": [{"mode": "normal", "text": "No sabes por dnde empezar?", "type": "text", "style": "", "detail": 0, "format": 0, "version": 1}], "direction": "ltr", "textStyle": "", "textFormat": 0}, {"type": "paragraph", "format": "", "indent": 0, "version": 1, "children": [{"mode": "normal", "text": "Reserva una cita y empezamos.", "type": "text", "style": "", "detail": 0, "format": 0, "version": 1}], "direction": "ltr", "textStyle": "", "textFormat": 0}], "direction": null}}	Educar Sano | Asesora educativa para familias y docentes	91	Si quieres acompaamiento prctico, humano y con conciencia social, aqu encontrars las herramientas y el apoyo que necesitas.	2025-10-21 16:21:03.158+02	home	t	2025-12-05 20:19:06.812+01	2025-10-21 16:20:48.836+02	published	2025-12-05 20:19:06.845+01	2025-12-05 20:19:06.845+01	f	f	\N	f	100	\N	\N
611	7	Asesoramiento familiar	 Hola, soy Ane, asesora y formadora educativa. Te doy la bienvenida a este espacio educativo y familiar. 	55	{"root": {"type": "root", "format": "", "indent": 0, "version": 1, "children": [{"type": "paragraph", "format": "", "indent": 0, "version": 1, "children": [{"mode": "normal", "text": "No saber por dnde empezar?", "type": "text", "style": "", "detail": 0, "format": 0, "version": 1}], "direction": "ltr", "textStyle": "", "textFormat": 0}, {"type": "paragraph", "format": "", "indent": 0, "version": 1, "children": [{"mode": "normal", "text": "Reserva una cita y empezamos.", "type": "text", "style": "", "detail": 0, "format": 0, "version": 1}], "direction": "ltr", "textStyle": "", "textFormat": 0}], "direction": null}}	\N	\N	\N	2025-11-11 14:31:44.097+01	asesoramiento-familiar	t	2025-11-27 12:16:04.458+01	2025-11-11 14:31:29.156+01	published	2025-11-27 12:16:04.481+01	2025-11-27 12:16:04.481+01	f	f	\N	f	100	\N	\N
858	9	Contacto	Hola, soy Ane, asesora y formadora educativa. Te doy la  bienvenida a este espacio educativo y familiar.	\N	{"root": {"type": "root", "format": "", "indent": 0, "version": 1, "children": [{"type": "paragraph", "format": "", "indent": 0, "version": 1, "children": [{"mode": "normal", "text": "No sabes por dnde empezar?", "type": "text", "style": "", "detail": 0, "format": 0, "version": 1}], "direction": "ltr", "textStyle": "", "textFormat": 0}, {"type": "paragraph", "format": "", "indent": 0, "version": 1, "children": [{"mode": "normal", "text": "Reserva una cita y empezamos.", "type": "text", "style": "", "detail": 0, "format": 0, "version": 1}], "direction": "ltr", "textStyle": "", "textFormat": 0}], "direction": null}}	\N	\N	\N	2025-12-11 08:28:00.909+01	contacto	t	2025-12-11 11:37:45.05+01	2025-12-11 08:27:47.689+01	draft	2025-12-11 11:37:45.05+01	2025-12-11 11:37:45.05+01	f	t	t	f	100	\N	\N
612	7	Asesoramiento familiar	 Hola, soy Ane, asesora y formadora educativa. Te doy la bienvenida a este espacio educativo y familiar. 	55	{"root": {"type": "root", "format": "", "indent": 0, "version": 1, "children": [{"type": "paragraph", "format": "", "indent": 0, "version": 1, "children": [{"mode": "normal", "text": "No saber por dnde empezar?", "type": "text", "style": "", "detail": 0, "format": 0, "version": 1}], "direction": "ltr", "textStyle": "", "textFormat": 0}, {"type": "paragraph", "format": "", "indent": 0, "version": 1, "children": [{"mode": "normal", "text": "Reserva una cita y empezamos.", "type": "text", "style": "", "detail": 0, "format": 0, "version": 1}], "direction": "ltr", "textStyle": "", "textFormat": 0}], "direction": null}}	\N	\N	\N	2025-11-11 14:31:44.097+01	asesoramiento-familiar	t	2025-11-27 12:22:43.06+01	2025-11-11 14:31:29.156+01	published	2025-11-27 12:22:43.088+01	2025-11-27 12:22:43.088+01	f	f	\N	f	100	\N	\N
610	7	Asesoramiento familiar	 Hola, soy Ane, asesora y formadora educativa. Te doy la bienvenida a este espacio educativo y familiar. 	55	{"root": {"type": "root", "format": "", "indent": 0, "version": 1, "children": [{"type": "paragraph", "format": "", "indent": 0, "version": 1, "children": [{"mode": "normal", "text": "No saber por dnde empezar?", "type": "text", "style": "", "detail": 0, "format": 0, "version": 1}], "direction": "ltr", "textStyle": "", "textFormat": 0}, {"type": "paragraph", "format": "", "indent": 0, "version": 1, "children": [{"mode": "normal", "text": "Reserva una cita y empezamos.", "type": "text", "style": "", "detail": 0, "format": 0, "version": 1}], "direction": "ltr", "textStyle": "", "textFormat": 0}], "direction": null}}	\N	\N	\N	2025-11-11 14:31:44.097+01	asesoramiento-familiar	t	2025-11-27 12:15:14.359+01	2025-11-11 14:31:29.156+01	published	2025-11-27 12:15:14.388+01	2025-11-27 12:15:14.388+01	f	f	\N	f	100	\N	\N
865	9	Contacto	Hola, soy Ane, asesora y formadora educativa. Te doy la  bienvenida a este espacio educativo y familiar.	123	{"root": {"type": "root", "format": "", "indent": 0, "version": 1, "children": [{"type": "paragraph", "format": "", "indent": 0, "version": 1, "children": [{"mode": "normal", "text": "No sabes por dnde empezar?", "type": "text", "style": "", "detail": 0, "format": 0, "version": 1}], "direction": "ltr", "textStyle": "", "textFormat": 0}, {"type": "paragraph", "format": "", "indent": 0, "version": 1, "children": [{"mode": "normal", "text": "Reserva una cita y empezamos.", "type": "text", "style": "", "detail": 0, "format": 0, "version": 1}], "direction": "ltr", "textStyle": "", "textFormat": 0}], "direction": null}}	\N	\N	\N	2025-12-11 08:28:00.909+01	contacto	t	2025-12-11 17:25:49.585+01	2025-12-11 08:27:47.689+01	published	2025-12-11 17:25:49.604+01	2025-12-11 17:25:49.604+01	f	f	t	f	0	separatorYellow	blue
864	9	Contacto	Hola, soy Ane, asesora y formadora educativa. Te doy la  bienvenida a este espacio educativo y familiar.	123	{"root": {"type": "root", "format": "", "indent": 0, "version": 1, "children": [{"type": "paragraph", "format": "", "indent": 0, "version": 1, "children": [{"mode": "normal", "text": "No sabes por dnde empezar?", "type": "text", "style": "", "detail": 0, "format": 0, "version": 1}], "direction": "ltr", "textStyle": "", "textFormat": 0}, {"type": "paragraph", "format": "", "indent": 0, "version": 1, "children": [{"mode": "normal", "text": "Reserva una cita y empezamos.", "type": "text", "style": "", "detail": 0, "format": 0, "version": 1}], "direction": "ltr", "textStyle": "", "textFormat": 0}], "direction": null}}	\N	\N	\N	2025-12-11 08:28:00.909+01	contacto	t	2025-12-11 17:25:21.999+01	2025-12-11 08:27:47.689+01	published	2025-12-11 17:25:22.018+01	2025-12-11 17:25:22.018+01	f	f	t	f	0	separatorYellow	\N
390	8	Asesoramiento educativa	Hola, soy Ane, asesora, consultora y formadora educativa. Te doy la  bienvenida a tu espacio educativo y familiar de confianza.	\N	{"root": {"type": "root", "format": "", "indent": 0, "version": 1, "children": [{"type": "paragraph", "format": "", "indent": 0, "version": 1, "children": [{"mode": "normal", "text": "No saber por dnde empezar?", "type": "text", "style": "", "detail": 0, "format": 0, "version": 1}], "direction": "ltr", "textStyle": "", "textFormat": 0}, {"type": "paragraph", "format": "", "indent": 0, "version": 1, "children": [{"mode": "normal", "text": "Reserva una cita y empezamos.", "type": "text", "style": "", "detail": 0, "format": 0, "version": 1}], "direction": "ltr", "textStyle": "", "textFormat": 0}], "direction": null}}	\N	\N	\N	2025-11-14 12:10:06.921+01	asesoramiento-educativa	t	2025-11-14 17:57:11.527+01	2025-11-14 12:09:53.393+01	draft	2025-11-14 17:54:44.437+01	2025-11-14 17:57:11.527+01	f	t	\N	f	100	\N	\N
860	9	Contacto	Hola, soy Ane, asesora y formadora educativa. Te doy la  bienvenida a este espacio educativo y familiar.	123	{"root": {"type": "root", "format": "", "indent": 0, "version": 1, "children": [{"type": "paragraph", "format": "", "indent": 0, "version": 1, "children": [{"mode": "normal", "text": "No sabes por dnde empezar?", "type": "text", "style": "", "detail": 0, "format": 0, "version": 1}], "direction": "ltr", "textStyle": "", "textFormat": 0}, {"type": "paragraph", "format": "", "indent": 0, "version": 1, "children": [{"mode": "normal", "text": "Reserva una cita y empezamos.", "type": "text", "style": "", "detail": 0, "format": 0, "version": 1}], "direction": "ltr", "textStyle": "", "textFormat": 0}], "direction": null}}	\N	\N	\N	2025-12-11 08:28:00.909+01	contacto	t	2025-12-11 17:00:20.572+01	2025-12-11 08:27:47.689+01	draft	2025-12-11 16:59:39.569+01	2025-12-11 17:00:20.572+01	f	t	t	f	100	\N	\N
841	1	Home	Hola, soy Ane, asesora y formadora educativa. Te doy la  bienvenida a este espacio educativo y familiar.	55	{"root": {"type": "root", "format": "", "indent": 0, "version": 1, "children": [{"type": "paragraph", "format": "", "indent": 0, "version": 1, "children": [{"mode": "normal", "text": "No sabes por dnde empezar?", "type": "text", "style": "", "detail": 0, "format": 0, "version": 1}], "direction": "ltr", "textStyle": "", "textFormat": 0}, {"type": "paragraph", "format": "", "indent": 0, "version": 1, "children": [{"mode": "normal", "text": "Reserva una cita y empezamos.", "type": "text", "style": "", "detail": 0, "format": 0, "version": 1}], "direction": "ltr", "textStyle": "", "textFormat": 0}], "direction": null}}	Educar Sano | Asesora educativa para familias y docentes	91	Si quieres acompaamiento prctico, humano y con conciencia social, aqu encontrars las herramientas y el apoyo que necesitas.	2025-10-21 16:21:03.158+02	home	t	2025-12-05 20:20:31.653+01	2025-10-21 16:20:48.836+02	published	2025-12-05 20:20:31.692+01	2025-12-05 20:20:31.692+01	f	f	\N	f	100	\N	\N
584	8	Asesoramiento educativa	Hola, soy Ane, asesora, consultora y formadora educativa. Te doy la  bienvenida a tu espacio educativo y familiar de confianza.	\N	{"root": {"type": "root", "format": "", "indent": 0, "version": 1, "children": [{"type": "paragraph", "format": "", "indent": 0, "version": 1, "children": [{"mode": "normal", "text": "No saber por dnde empezar?", "type": "text", "style": "", "detail": 0, "format": 0, "version": 1}], "direction": "ltr", "textStyle": "", "textFormat": 0}, {"type": "paragraph", "format": "", "indent": 0, "version": 1, "children": [{"mode": "normal", "text": "Reserva una cita y empezamos.", "type": "text", "style": "", "detail": 0, "format": 0, "version": 1}], "direction": "ltr", "textStyle": "", "textFormat": 0}], "direction": null}}	\N	\N	\N	2025-11-14 12:10:06.921+01	asesoramiento-educativa	t	2025-11-26 12:38:01.816+01	2025-11-14 12:09:53.393+01	draft	2025-11-26 12:38:01.816+01	2025-11-26 12:38:01.816+01	f	t	\N	f	100	\N	\N
866	9	Contacto	Hola, soy Ane, asesora y formadora educativa. Te doy la  bienvenida a este espacio educativo y familiar.	123	{"root": {"type": "root", "format": "", "indent": 0, "version": 1, "children": [{"type": "paragraph", "format": "", "indent": 0, "version": 1, "children": [{"mode": "normal", "text": "No sabes por dnde empezar?", "type": "text", "style": "", "detail": 0, "format": 0, "version": 1}], "direction": "ltr", "textStyle": "", "textFormat": 0}, {"type": "paragraph", "format": "", "indent": 0, "version": 1, "children": [{"mode": "normal", "text": "Reserva una cita y empezamos.", "type": "text", "style": "", "detail": 0, "format": 0, "version": 1}], "direction": "ltr", "textStyle": "", "textFormat": 0}], "direction": null}}	\N	\N	\N	2025-12-11 08:28:00.909+01	contacto	t	2025-12-11 17:26:04.171+01	2025-12-11 08:27:47.689+01	published	2025-12-11 17:26:04.19+01	2025-12-11 17:26:04.19+01	f	f	t	f	0	separatorYellow	dark
835	1	Home	Hola, soy Ane, asesora y formadora educativa. Te doy la  bienvenida a este espacio educativo y familiar.	55	{"root": {"type": "root", "format": "", "indent": 0, "version": 1, "children": [{"type": "paragraph", "format": "", "indent": 0, "version": 1, "children": [{"mode": "normal", "text": "No sabes por dnde empezar?", "type": "text", "style": "", "detail": 0, "format": 0, "version": 1}], "direction": "ltr", "textStyle": "", "textFormat": 0}, {"type": "paragraph", "format": "", "indent": 0, "version": 1, "children": [{"mode": "normal", "text": "Reserva una cita y empezamos.", "type": "text", "style": "", "detail": 0, "format": 0, "version": 1}], "direction": "ltr", "textStyle": "", "textFormat": 0}], "direction": null}}	Educar Sano | Asesora educativa para familias y docentes	91	Si quieres acompaamiento prctico, humano y con conciencia social, aqu encontrars las herramientas y el apoyo que necesitas.	2025-10-21 16:21:03.158+02	home	t	2025-12-05 20:00:43.721+01	2025-10-21 16:20:48.836+02	published	2025-12-05 20:00:43.752+01	2025-12-05 20:00:43.752+01	f	f	\N	f	100	\N	\N
838	1	Home	Hola, soy Ane, asesora y formadora educativa. Te doy la  bienvenida a este espacio educativo y familiar.	55	{"root": {"type": "root", "format": "", "indent": 0, "version": 1, "children": [{"type": "paragraph", "format": "", "indent": 0, "version": 1, "children": [{"mode": "normal", "text": "No sabes por dnde empezar?", "type": "text", "style": "", "detail": 0, "format": 0, "version": 1}], "direction": "ltr", "textStyle": "", "textFormat": 0}, {"type": "paragraph", "format": "", "indent": 0, "version": 1, "children": [{"mode": "normal", "text": "Reserva una cita y empezamos.", "type": "text", "style": "", "detail": 0, "format": 0, "version": 1}], "direction": "ltr", "textStyle": "", "textFormat": 0}], "direction": null}}	Educar Sano | Asesora educativa para familias y docentes	91	Si quieres acompaamiento prctico, humano y con conciencia social, aqu encontrars las herramientas y el apoyo que necesitas.	2025-10-21 16:21:03.158+02	home	t	2025-12-05 20:14:51.321+01	2025-10-21 16:20:48.836+02	published	2025-12-05 20:14:51.364+01	2025-12-05 20:14:51.364+01	f	f	\N	f	100	\N	\N
867	9	Contacto	Hola, soy Ane, asesora y formadora educativa. Te doy la  bienvenida a este espacio educativo y familiar.	123	{"root": {"type": "root", "format": "", "indent": 0, "version": 1, "children": [{"type": "paragraph", "format": "", "indent": 0, "version": 1, "children": [{"mode": "normal", "text": "No sabes por dnde empezar?", "type": "text", "style": "", "detail": 0, "format": 0, "version": 1}], "direction": "ltr", "textStyle": "", "textFormat": 0}, {"type": "paragraph", "format": "", "indent": 0, "version": 1, "children": [{"mode": "normal", "text": "Reserva una cita y empezamos.", "type": "text", "style": "", "detail": 0, "format": 0, "version": 1}], "direction": "ltr", "textStyle": "", "textFormat": 0}], "direction": null}}	\N	\N	\N	2025-12-11 08:28:00.909+01	contacto	t	2025-12-11 17:27:13.23+01	2025-12-11 08:27:47.689+01	published	2025-12-11 17:27:13.249+01	2025-12-11 17:27:13.249+01	t	f	t	f	0	separatorYellow	dark
862	9	Contacto	Hola, soy Ane, asesora y formadora educativa. Te doy la  bienvenida a este espacio educativo y familiar.	123	{"root": {"type": "root", "format": "", "indent": 0, "version": 1, "children": [{"type": "paragraph", "format": "", "indent": 0, "version": 1, "children": [{"mode": "normal", "text": "No sabes por dnde empezar?", "type": "text", "style": "", "detail": 0, "format": 0, "version": 1}], "direction": "ltr", "textStyle": "", "textFormat": 0}, {"type": "paragraph", "format": "", "indent": 0, "version": 1, "children": [{"mode": "normal", "text": "Reserva una cita y empezamos.", "type": "text", "style": "", "detail": 0, "format": 0, "version": 1}], "direction": "ltr", "textStyle": "", "textFormat": 0}], "direction": null}}	\N	\N	\N	2025-12-11 08:28:00.909+01	contacto	t	2025-12-11 17:19:54.583+01	2025-12-11 08:27:47.689+01	published	2025-12-11 17:19:54.599+01	2025-12-11 17:19:54.599+01	f	f	t	f	100	\N	\N
837	1	Home	Hola, soy Ane, asesora y formadora educativa. Te doy la  bienvenida a este espacio educativo y familiar.	55	{"root": {"type": "root", "format": "", "indent": 0, "version": 1, "children": [{"type": "paragraph", "format": "", "indent": 0, "version": 1, "children": [{"mode": "normal", "text": "No sabes por dnde empezar?", "type": "text", "style": "", "detail": 0, "format": 0, "version": 1}], "direction": "ltr", "textStyle": "", "textFormat": 0}, {"type": "paragraph", "format": "", "indent": 0, "version": 1, "children": [{"mode": "normal", "text": "Reserva una cita y empezamos.", "type": "text", "style": "", "detail": 0, "format": 0, "version": 1}], "direction": "ltr", "textStyle": "", "textFormat": 0}], "direction": null}}	Educar Sano | Asesora educativa para familias y docentes	91	Si quieres acompaamiento prctico, humano y con conciencia social, aqu encontrars las herramientas y el apoyo que necesitas.	2025-10-21 16:21:03.158+02	home	t	2025-12-05 20:02:18.101+01	2025-10-21 16:20:48.836+02	published	2025-12-05 20:02:18.136+01	2025-12-05 20:02:18.136+01	f	f	\N	f	100	\N	\N
842	7	Asesoramiento familiar	 Hola, soy Ane, asesora y formadora educativa. Te doy la bienvenida a este espacio educativo y familiar. 	55	{"root": {"type": "root", "format": "", "indent": 0, "version": 1, "children": [{"type": "paragraph", "format": "", "indent": 0, "version": 1, "children": [{"mode": "normal", "text": "No saber por dnde empezar?", "type": "text", "style": "", "detail": 0, "format": 0, "version": 1}], "direction": "ltr", "textStyle": "", "textFormat": 0}, {"type": "paragraph", "format": "", "indent": 0, "version": 1, "children": [{"mode": "normal", "text": "Reserva una cita y empezamos.", "type": "text", "style": "", "detail": 0, "format": 0, "version": 1}], "direction": "ltr", "textStyle": "", "textFormat": 0}], "direction": null}}	\N	\N	\N	2025-11-11 14:31:44.097+01	asesoramiento-familiar	t	2025-12-10 12:34:15.38+01	2025-11-11 14:31:29.156+01	draft	2025-12-10 12:33:53.629+01	2025-12-10 12:34:15.38+01	f	t	\N	f	100	\N	\N
868	1	Home	Hola, soy Ane, asesora y formadora educativa. Te doy la  bienvenida a este espacio educativo y familiar.	55	{"root": {"type": "root", "format": "", "indent": 0, "version": 1, "children": [{"type": "paragraph", "format": "", "indent": 0, "version": 1, "children": [{"mode": "normal", "text": "No sabes por dnde empezar?", "type": "text", "style": "", "detail": 0, "format": 0, "version": 1}], "direction": "ltr", "textStyle": "", "textFormat": 0}, {"type": "paragraph", "format": "", "indent": 0, "version": 1, "children": [{"mode": "normal", "text": "Reserva una cita y empezamos.", "type": "text", "style": "", "detail": 0, "format": 0, "version": 1}], "direction": "ltr", "textStyle": "", "textFormat": 0}], "direction": null}}	Educar Sano | Asesora educativa para familias y docentes	91	Si quieres acompaamiento prctico, humano y con conciencia social, aqu encontrars las herramientas y el apoyo que necesitas.	2025-10-21 16:21:03.158+02	home	t	2025-12-11 17:28:15.491+01	2025-10-21 16:20:48.836+02	published	2025-12-11 17:28:15.529+01	2025-12-11 17:28:15.529+01	t	f	\N	f	0	\N	\N
847	1	Home	Hola, soy Ane, asesora y formadora educativa. Te doy la  bienvenida a este espacio educativo y familiar.	55	{"root": {"type": "root", "format": "", "indent": 0, "version": 1, "children": [{"type": "paragraph", "format": "", "indent": 0, "version": 1, "children": [{"mode": "normal", "text": "No sabes por dnde empezar?", "type": "text", "style": "", "detail": 0, "format": 0, "version": 1}], "direction": "ltr", "textStyle": "", "textFormat": 0}, {"type": "paragraph", "format": "", "indent": 0, "version": 1, "children": [{"mode": "normal", "text": "Reserva una cita y empezamos.", "type": "text", "style": "", "detail": 0, "format": 0, "version": 1}], "direction": "ltr", "textStyle": "", "textFormat": 0}], "direction": null}}	Educar Sano | Asesora educativa para familias y docentes	91	Si quieres acompaamiento prctico, humano y con conciencia social, aqu encontrars las herramientas y el apoyo que necesitas.	2025-10-21 16:21:03.158+02	home	t	2025-12-11 08:31:05.562+01	2025-10-21 16:20:48.836+02	draft	2025-12-11 08:31:05.562+01	2025-12-11 08:31:05.562+01	f	t	\N	f	100	\N	\N
836	1	Home	Hola, soy Ane, asesora y formadora educativa. Te doy la  bienvenida a este espacio educativo y familiar.	55	{"root": {"type": "root", "format": "", "indent": 0, "version": 1, "children": [{"type": "paragraph", "format": "", "indent": 0, "version": 1, "children": [{"mode": "normal", "text": "No sabes por dnde empezar?", "type": "text", "style": "", "detail": 0, "format": 0, "version": 1}], "direction": "ltr", "textStyle": "", "textFormat": 0}, {"type": "paragraph", "format": "", "indent": 0, "version": 1, "children": [{"mode": "normal", "text": "Reserva una cita y empezamos.", "type": "text", "style": "", "detail": 0, "format": 0, "version": 1}], "direction": "ltr", "textStyle": "", "textFormat": 0}], "direction": null}}	Educar Sano | Asesora educativa para familias y docentes	91	Si quieres acompaamiento prctico, humano y con conciencia social, aqu encontrars las herramientas y el apoyo que necesitas.	2025-10-21 16:21:03.158+02	home	t	2025-12-05 20:01:50.652+01	2025-10-21 16:20:48.836+02	published	2025-12-05 20:01:50.696+01	2025-12-05 20:01:50.696+01	f	f	\N	f	100	\N	\N
843	7	Asesoramiento familiar	 Hola, soy Ane, asesora y formadora educativa. Te doy la bienvenida a este espacio educativo y familiar. 	55	{"root": {"type": "root", "format": "", "indent": 0, "version": 1, "children": [{"type": "paragraph", "format": "", "indent": 0, "version": 1, "children": [{"mode": "normal", "text": "No saber por dnde empezar?", "type": "text", "style": "", "detail": 0, "format": 0, "version": 1}], "direction": "ltr", "textStyle": "", "textFormat": 0}, {"type": "paragraph", "format": "", "indent": 0, "version": 1, "children": [{"mode": "normal", "text": "Reserva una cita y empezamos.", "type": "text", "style": "", "detail": 0, "format": 0, "version": 1}], "direction": "ltr", "textStyle": "", "textFormat": 0}], "direction": null}}	\N	\N	\N	2025-11-11 14:31:44.097+01	asesoramiento-familiar	t	2025-12-10 12:34:23.468+01	2025-11-11 14:31:29.156+01	published	2025-12-10 12:34:23.494+01	2025-12-10 12:34:23.494+01	f	f	\N	f	100	\N	\N
869	2	Sobre-m	 Hola, soy Ane, asesora y formadora educativa. Te doy la bienvenida a este espacio educativo y familiar.	55	{"root": {"type": "root", "format": "", "indent": 0, "version": 1, "children": [{"type": "paragraph", "format": "", "indent": 0, "version": 1, "children": [{"mode": "normal", "text": "No saber por dnde empezar?", "type": "text", "style": "", "detail": 0, "format": 0, "version": 1}], "direction": "ltr", "textStyle": "", "textFormat": 0}, {"type": "paragraph", "format": "", "indent": 0, "version": 1, "children": [{"mode": "normal", "text": "Reserva una cita y empezamos.", "type": "text", "style": "", "detail": 0, "format": 0, "version": 1}], "direction": "ltr", "textStyle": "", "textFormat": 0}], "direction": null}}	\N	\N	\N	2025-10-24 12:10:55.52+02	sobre-mi	t	2025-12-11 17:28:46.706+01	2025-10-24 12:10:34.006+02	published	2025-12-11 17:28:46.727+01	2025-12-11 17:28:46.727+01	f	f	\N	f	0	\N	\N
770	2	Sobre-m	 Hola, soy Ane, asesora y formadora educativa. Te doy la bienvenida a este espacio educativo y familiar.	55	{"root": {"type": "root", "format": "", "indent": 0, "version": 1, "children": [{"type": "paragraph", "format": "", "indent": 0, "version": 1, "children": [{"mode": "normal", "text": "No saber por dnde empezar?", "type": "text", "style": "", "detail": 0, "format": 0, "version": 1}], "direction": "ltr", "textStyle": "", "textFormat": 0}, {"type": "paragraph", "format": "", "indent": 0, "version": 1, "children": [{"mode": "normal", "text": "Reserva una cita y empezamos.", "type": "text", "style": "", "detail": 0, "format": 0, "version": 1}], "direction": "ltr", "textStyle": "", "textFormat": 0}], "direction": null}}	\N	\N	\N	2025-10-24 12:10:55.52+02	sobre-mi	t	2025-12-04 19:23:26.708+01	2025-10-24 12:10:34.006+02	published	2025-12-04 19:23:26.736+01	2025-12-04 19:23:26.736+01	f	f	\N	f	100	\N	\N
\.


--
-- Data for Name: _pages_v_blocks_box_content; Type: TABLE DATA; Schema: public; Owner: -
--

COPY public._pages_v_blocks_box_content (_order, _parent_id, _path, id, _uuid, block_name) FROM stdin;
1	835	version.layout	540	68f7abd08feb57d8b268329d	Cajas
1	836	version.layout	541	68f7abd08feb57d8b268329d	Cajas
1	837	version.layout	542	68f7abd08feb57d8b268329d	Cajas
1	838	version.layout	543	68f7abd08feb57d8b268329d	Cajas
1	839	version.layout	544	68f7abd08feb57d8b268329d	Cajas
1	840	version.layout	545	68f7abd08feb57d8b268329d	Cajas
1	841	version.layout	546	68f7abd08feb57d8b268329d	Cajas
1	847	version.layout	547	68f7abd08feb57d8b268329d	Cajas
1	848	version.layout	548	68f7abd08feb57d8b268329d	Cajas
1	868	version.layout	549	68f7abd08feb57d8b268329d	Cajas
\.


--
-- Data for Name: _pages_v_blocks_box_content_boxes; Type: TABLE DATA; Schema: public; Owner: -
--

COPY public._pages_v_blocks_box_content_boxes (_order, _parent_id, id, title, rich_text, media_id, _uuid, enable_title) FROM stdin;
1	540	1597		mensaje desde una caja del frontend para saber cosas	56	68f7abd78feb57d8b268329f	f
2	540	1598		Mensaje desde una caja del frontend para saber cosas	57	68f7ac218feb57d8b26832a1	f
3	540	1599		mensaje desde una caja del frontend para saber cosas	58	68f7ac5321f76af3880c857b	f
1	542	1603		mensaje desde una caja del frontend para saber cosas	56	68f7abd78feb57d8b268329f	f
2	542	1604		Mensaje desde una caja del frontend para saber cosas	57	68f7ac218feb57d8b26832a1	f
3	542	1605		mensaje desde una caja del frontend para saber cosas	58	68f7ac5321f76af3880c857b	f
1	544	1609		mensaje desde una caja del frontend para saber cosas	56	68f7abd78feb57d8b268329f	f
2	544	1610		Mensaje desde una caja del frontend para saber cosas	57	68f7ac218feb57d8b26832a1	f
3	544	1611		mensaje desde una caja del frontend para saber cosas	58	68f7ac5321f76af3880c857b	f
1	546	1615		mensaje desde una caja del frontend para saber cosas	56	68f7abd78feb57d8b268329f	f
2	546	1616		Mensaje desde una caja del frontend para saber cosas	57	68f7ac218feb57d8b26832a1	f
3	546	1617		mensaje desde una caja del frontend para saber cosas	58	68f7ac5321f76af3880c857b	f
1	547	1618		mensaje desde una caja del frontend para saber cosas	56	68f7abd78feb57d8b268329f	f
2	547	1619		Mensaje desde una caja del frontend para saber cosas	57	68f7ac218feb57d8b26832a1	f
3	547	1620		mensaje desde una caja del frontend para saber cosas	58	68f7ac5321f76af3880c857b	f
1	548	1621		mensaje desde una caja del frontend para saber cosas	56	68f7abd78feb57d8b268329f	f
2	548	1622		Mensaje desde una caja del frontend para saber cosas	57	68f7ac218feb57d8b26832a1	f
3	548	1623		mensaje desde una caja del frontend para saber cosas	58	68f7ac5321f76af3880c857b	f
1	549	1624		mensaje desde una caja del frontend para saber cosas	56	68f7abd78feb57d8b268329f	f
2	549	1625		Mensaje desde una caja del frontend para saber cosas	57	68f7ac218feb57d8b26832a1	f
3	549	1626		mensaje desde una caja del frontend para saber cosas	58	68f7ac5321f76af3880c857b	f
1	541	1600		mensaje desde una caja del frontend para saber cosas	56	68f7abd78feb57d8b268329f	f
2	541	1601		Mensaje desde una caja del frontend para saber cosas	57	68f7ac218feb57d8b26832a1	f
3	541	1602		mensaje desde una caja del frontend para saber cosas	58	68f7ac5321f76af3880c857b	f
1	543	1606		mensaje desde una caja del frontend para saber cosas	56	68f7abd78feb57d8b268329f	f
2	543	1607		Mensaje desde una caja del frontend para saber cosas	57	68f7ac218feb57d8b26832a1	f
3	543	1608		mensaje desde una caja del frontend para saber cosas	58	68f7ac5321f76af3880c857b	f
1	545	1612		mensaje desde una caja del frontend para saber cosas	56	68f7abd78feb57d8b268329f	f
2	545	1613		Mensaje desde una caja del frontend para saber cosas	57	68f7ac218feb57d8b26832a1	f
3	545	1614		mensaje desde una caja del frontend para saber cosas	58	68f7ac5321f76af3880c857b	f
\.


--
-- Data for Name: _pages_v_blocks_content; Type: TABLE DATA; Schema: public; Owner: -
--

COPY public._pages_v_blocks_content (_order, _parent_id, _path, id, enable_title, title, enable_image, image_id, enable_background_image, enable_rich_text, rich_text, enable_link, link_type, link_new_tab, link_url, link_label, link_appearance, is_reverse, bottom, separator_type, section_name, _uuid, block_name, dark_mode) FROM stdin;
1	658	version.layout	4474	\N	\N	\N	\N	\N	t	{"root": {"type": "root", "format": "", "indent": 0, "version": 1, "children": [{"type": "paragraph", "format": "", "indent": 0, "version": 1, "children": [{"mode": "normal", "text": "blog", "type": "text", "style": "", "detail": 0, "format": 0, "version": 1}], "direction": null, "textStyle": "", "textFormat": 0}], "direction": null}}	\N	reference	\N	\N	\N	default	f	100	\N	\N	68fb63476a0fc7515f7981a0	\N	\N
1	659	version.layout	4475	\N	\N	\N	\N	\N	t	{"root": {"type": "root", "format": "", "indent": 0, "version": 1, "children": [{"type": "paragraph", "format": "", "indent": 0, "version": 1, "children": [{"mode": "normal", "text": "blog", "type": "text", "style": "", "detail": 0, "format": 0, "version": 1}], "direction": null, "textStyle": "", "textFormat": 0}], "direction": null}}	\N	reference	\N	\N	\N	default	f	100	\N	\N	68fb63476a0fc7515f7981a0	\N	\N
1	66	version.layout	347	\N	\N	\N	\N	\N	t	{"root": {"type": "root", "format": "", "indent": 0, "version": 1, "children": [{"type": "paragraph", "format": "", "indent": 0, "version": 1, "children": [{"mode": "normal", "text": "blog", "type": "text", "style": "", "detail": 0, "format": 0, "version": 1}], "direction": null, "textStyle": "", "textFormat": 0}], "direction": null}}	\N	reference	\N	\N	\N	default	f	100	\N	\N	68fb63476a0fc7515f7981a0	\N	\N
1	67	version.layout	348	\N	\N	\N	\N	\N	t	{"root": {"type": "root", "format": "", "indent": 0, "version": 1, "children": [{"type": "paragraph", "format": "", "indent": 0, "version": 1, "children": [{"mode": "normal", "text": "blog", "type": "text", "style": "", "detail": 0, "format": 0, "version": 1}], "direction": null, "textStyle": "", "textFormat": 0}], "direction": null}}	\N	reference	\N	\N	\N	default	f	100	\N	\N	68fb63476a0fc7515f7981a0	\N	\N
1	660	version.layout	4477	\N	\N	\N	\N	\N	t	{"root": {"type": "root", "format": "", "indent": 0, "version": 1, "children": [{"type": "paragraph", "format": "", "indent": 0, "version": 1, "children": [{"mode": "normal", "text": "blog", "type": "text", "style": "", "detail": 0, "format": 0, "version": 1}], "direction": null, "textStyle": "", "textFormat": 0}], "direction": null}}	\N	reference	\N	\N	\N	default	f	100	\N	\N	68fb63476a0fc7515f7981a0	\N	\N
2	835	version.layout	4920	f	\N	\N	\N	\N	t	{"root": {"type": "root", "format": "", "indent": 0, "version": 1, "children": [{"type": "paragraph", "format": "", "indent": 0, "version": 1, "children": [{"mode": "normal", "text": "Te sientes solo/a en tu camino educativo o familiar?", "type": "text", "style": "", "detail": 0, "format": 0, "version": 1}], "direction": "ltr", "textStyle": "", "textFormat": 0}, {"type": "paragraph", "format": "", "indent": 0, "version": 1, "children": [{"mode": "normal", "text": "Quieres que tus hijos o alumnos desarrollen ", "type": "text", "style": "", "detail": 0, "format": 0, "version": 1}, {"mode": "normal", "text": "herramientas para la vida", "type": "text", "style": "", "detail": 0, "format": 1, "version": 1}, {"mode": "normal", "text": "?", "type": "text", "style": "", "detail": 0, "format": 0, "version": 1}], "direction": "ltr", "textStyle": "", "textFormat": 0}, {"type": "paragraph", "format": "", "indent": 0, "version": 1, "children": [{"mode": "normal", "text": "Buscas ", "type": "text", "style": "", "detail": 0, "format": 0, "version": 1}, {"mode": "normal", "text": "estrategias y recursos", "type": "text", "style": "", "detail": 0, "format": 1, "version": 1}, {"mode": "normal", "text": " para un aula o hogar ms humano y creativo?", "type": "text", "style": "", "detail": 0, "format": 0, "version": 1}], "direction": "ltr", "textStyle": "", "textFormat": 0}, {"type": "paragraph", "format": "", "indent": 0, "version": 1, "children": [{"mode": "normal", "text": "Quieres ", "type": "text", "style": "", "detail": 0, "format": 0, "version": 1}, {"mode": "normal", "text": "volver a creer en la educacin", "type": "text", "style": "", "detail": 0, "format": 1, "version": 1}, {"mode": "normal", "text": " y motivarte cada da?", "type": "text", "style": "", "detail": 0, "format": 0, "version": 1}], "direction": "ltr", "textStyle": "", "textFormat": 0}, {"type": "paragraph", "format": "", "indent": 0, "version": 1, "children": [{"mode": "normal", "text": "Sientes que tu entorno educativo o familiar no est funcionando como te gustara y buscas un nuevo enfoque?", "type": "text", "style": "", "detail": 0, "format": 0, "version": 1}], "direction": "ltr", "textStyle": "", "textFormat": 0}, {"type": "paragraph", "format": "", "indent": 0, "version": 1, "children": [{"mode": "normal", "text": "Te gustara ensear y acompaar desde una educacin ms ", "type": "text", "style": "", "detail": 0, "format": 0, "version": 1}, {"mode": "normal", "text": "consciente, respetuosa y socialmente responsable", "type": "text", "style": "", "detail": 0, "format": 1, "version": 1}, {"mode": "normal", "text": "?", "type": "text", "style": "", "detail": 0, "format": 0, "version": 1}], "direction": "ltr", "textStyle": "", "textFormat": 0}, {"type": "block", "fields": {"id": "68f798b375fb0ceeb6989752", "style": "info", "content": {"root": {"type": "root", "format": "", "indent": 0, "version": 1, "children": [{"type": "paragraph", "format": "", "indent": 0, "version": 1, "children": [{"mode": "normal", "text": "En Educar Sano ofrezco asesora, orientacin, formacin y herramientas prcticas a familias, educadores e instituciones educativas, para transformar la educacin en un espacio ms humano, eficaz y socialmente responsable.", "type": "text", "style": "", "detail": 0, "format": 0, "version": 1}], "direction": null, "textStyle": "", "textFormat": 0}], "direction": null}}, "blockName": "Banner", "blockType": "banner"}, "format": "", "version": 2}, {"type": "quote", "format": "", "indent": 0, "version": 1, "children": [{"mode": "normal", "text": "Transforma la educacin en un espacio humano, consciente y conectado con la sociedad. ", "type": "text", "style": "", "detail": 0, "format": 0, "version": 1}, {"mode": "normal", "text": "Yo te acompao en el camino.", "type": "text", "style": "", "detail": 0, "format": 1, "version": 1}], "direction": null}], "direction": null}}	\N	reference	\N	\N	\N	default	t	-88	separatorWhite	homeQuestions	68f79891431c43bc53390a61	Preguntas	dark
3	835	version.layout	4921	t	Sobre m	t	69	t	t	{"root": {"type": "root", "format": "", "indent": 0, "version": 1, "children": [{"type": "paragraph", "format": "", "indent": 0, "version": 1, "children": [{"mode": "normal", "text": "Soy Ane, diplomada en Educacin Primaria y con ms de veinte aos de experiencia acompaando a ni@s y familias. ", "type": "text", "style": "", "detail": 0, "format": 0, "version": 1}], "direction": "ltr", "textStyle": "", "textFormat": 0}, {"type": "paragraph", "format": "", "indent": 0, "version": 1, "children": [{"mode": "normal", "text": "He vivido de cerca las dificultades del mundo educativo:", "type": "text", "style": "", "detail": 0, "format": 0, "version": 1}], "direction": "ltr", "textStyle": "", "textFormat": 0}, {"tag": "ul", "type": "list", "start": 1, "format": "", "indent": 0, "version": 1, "children": [{"type": "listitem", "value": 1, "format": "", "indent": 0, "version": 1, "children": [{"mode": "normal", "text": "Falta de recursos", "type": "text", "style": "", "detail": 0, "format": 0, "version": 1}], "direction": "ltr"}, {"type": "listitem", "value": 2, "format": "", "indent": 0, "version": 1, "children": [{"mode": "normal", "text": "Falta de gestin de la convivencia ", "type": "text", "style": "", "detail": 0, "format": 0, "version": 1}], "direction": "ltr"}, {"type": "listitem", "value": 3, "format": "", "indent": 0, "version": 1, "children": [{"mode": "normal", "text": "Escasa atencin al bienestar docente y familiar ", "type": "text", "style": "", "detail": 0, "format": 0, "version": 1}], "direction": "ltr"}], "listType": "bullet", "direction": "ltr"}, {"type": "paragraph", "format": "", "indent": 0, "version": 1, "children": [{"mode": "normal", "text": "Educar Sano nace de la necesidad de entender la compleja realidad de hoy, humanizar la educacin y convertir los entornos familiares y educativos en espacios de bienestar comn.", "type": "text", "style": "", "detail": 0, "format": 0, "version": 1}], "direction": "ltr", "textStyle": "", "textFormat": 0}, {"type": "paragraph", "format": "", "indent": 0, "version": 1, "children": [{"mode": "normal", "text": "Por eso me dedico a la asesora, consultora y formacin educativa, ofreciendo un acompaamiento humano, prctico y consciente que devuelve a la educacin su papel transformador.", "type": "text", "style": "", "detail": 0, "format": 0, "version": 1}], "direction": "ltr", "textStyle": "", "textFormat": 0}], "direction": null}}	t	reference	\N	\N	Conoce mi historia completa	default	t	-90	separatorBackground	homeAbout	68f798e6431c43bc53390a63	Sobre-m	blue
2	836	version.layout	4922	f	\N	\N	\N	\N	t	{"root": {"type": "root", "format": "", "indent": 0, "version": 1, "children": [{"type": "paragraph", "format": "", "indent": 0, "version": 1, "children": [{"mode": "normal", "text": "Te sientes solo/a en tu camino educativo o familiar?", "type": "text", "style": "", "detail": 0, "format": 0, "version": 1}], "direction": "ltr", "textStyle": "", "textFormat": 0}, {"type": "paragraph", "format": "", "indent": 0, "version": 1, "children": [{"mode": "normal", "text": "Quieres que tus hijos o alumnos desarrollen ", "type": "text", "style": "", "detail": 0, "format": 0, "version": 1}, {"mode": "normal", "text": "herramientas para la vida", "type": "text", "style": "", "detail": 0, "format": 1, "version": 1}, {"mode": "normal", "text": "?", "type": "text", "style": "", "detail": 0, "format": 0, "version": 1}], "direction": "ltr", "textStyle": "", "textFormat": 0}, {"type": "paragraph", "format": "", "indent": 0, "version": 1, "children": [{"mode": "normal", "text": "Buscas ", "type": "text", "style": "", "detail": 0, "format": 0, "version": 1}, {"mode": "normal", "text": "estrategias y recursos", "type": "text", "style": "", "detail": 0, "format": 1, "version": 1}, {"mode": "normal", "text": " para un aula o hogar ms humano y creativo?", "type": "text", "style": "", "detail": 0, "format": 0, "version": 1}], "direction": "ltr", "textStyle": "", "textFormat": 0}, {"type": "paragraph", "format": "", "indent": 0, "version": 1, "children": [{"mode": "normal", "text": "Quieres ", "type": "text", "style": "", "detail": 0, "format": 0, "version": 1}, {"mode": "normal", "text": "volver a creer en la educacin", "type": "text", "style": "", "detail": 0, "format": 1, "version": 1}, {"mode": "normal", "text": " y motivarte cada da?", "type": "text", "style": "", "detail": 0, "format": 0, "version": 1}], "direction": "ltr", "textStyle": "", "textFormat": 0}, {"type": "paragraph", "format": "", "indent": 0, "version": 1, "children": [{"mode": "normal", "text": "Sientes que tu entorno educativo o familiar no est funcionando como te gustara y buscas un nuevo enfoque?", "type": "text", "style": "", "detail": 0, "format": 0, "version": 1}], "direction": "ltr", "textStyle": "", "textFormat": 0}, {"type": "paragraph", "format": "", "indent": 0, "version": 1, "children": [{"mode": "normal", "text": "Te gustara ensear y acompaar desde una educacin ms ", "type": "text", "style": "", "detail": 0, "format": 0, "version": 1}, {"mode": "normal", "text": "consciente, respetuosa y socialmente responsable", "type": "text", "style": "", "detail": 0, "format": 1, "version": 1}, {"mode": "normal", "text": "?", "type": "text", "style": "", "detail": 0, "format": 0, "version": 1}], "direction": "ltr", "textStyle": "", "textFormat": 0}, {"type": "block", "fields": {"id": "68f798b375fb0ceeb6989752", "style": "info", "content": {"root": {"type": "root", "format": "", "indent": 0, "version": 1, "children": [{"type": "paragraph", "format": "", "indent": 0, "version": 1, "children": [{"mode": "normal", "text": "En Educar Sano ofrezco asesora, orientacin, formacin y herramientas prcticas a familias, educadores e instituciones educativas, para transformar la educacin en un espacio ms humano, eficaz y socialmente responsable.", "type": "text", "style": "", "detail": 0, "format": 0, "version": 1}], "direction": null, "textStyle": "", "textFormat": 0}], "direction": null}}, "blockName": "Banner", "blockType": "banner"}, "format": "", "version": 2}, {"type": "quote", "format": "", "indent": 0, "version": 1, "children": [{"mode": "normal", "text": "Transforma la educacin en un espacio humano, consciente y conectado con la sociedad. ", "type": "text", "style": "", "detail": 0, "format": 0, "version": 1}, {"mode": "normal", "text": "Yo te acompao en el camino.", "type": "text", "style": "", "detail": 0, "format": 1, "version": 1}], "direction": null}], "direction": null}}	\N	reference	\N	\N	\N	default	t	-88	separatorWhite	homeQuestions	68f79891431c43bc53390a61	Preguntas	dark
4	390	version.layout	3584	t	\N	\N	\N	\N	t	{"root": {"type": "root", "format": "", "indent": 0, "version": 1, "children": [{"type": "paragraph", "format": "", "indent": 0, "version": 1, "children": [{"mode": "normal", "text": "MODALIDAD: ", "type": "text", "style": "", "detail": 0, "format": 0, "version": 1}], "direction": null, "textStyle": "", "textFormat": 0}, {"type": "paragraph", "format": "", "indent": 0, "version": 1, "children": [{"mode": "normal", "text": "Modalidad online, ideal para quienes prefieren la flexibilidad y comodidad de conectarse desde cualquier lugar.", "type": "text", "style": "", "detail": 0, "format": 0, "version": 1}], "direction": null, "textStyle": "", "textFormat": 0}, {"type": "paragraph", "format": "", "indent": 0, "version": 1, "children": [{"mode": "normal", "text": "Asesoramiento familiar a domicilio, para acompaar a las familias en su entorno cotidiano, facilitando un espacio cercano y cmodo.", "type": "text", "style": "", "detail": 0, "format": 0, "version": 1}], "direction": null, "textStyle": "", "textFormat": 0}, {"type": "block", "fields": {"id": "69175f4062d1c76ef7ad68a1", "prices": [{"id": "69175f4ddbe6a6ac0c07fa96", "link": {"url": "https://calendly.com/educarsano", "type": "calendly", "label": "agendar cita", "appearance": "default"}}], "blockName": "Price", "blockType": "pricesBlock"}, "format": "", "version": 2}, {"type": "paragraph", "format": "", "indent": 0, "version": 1, "children": [], "direction": null, "textStyle": "", "textFormat": 0}], "direction": null}}	\N	reference	\N	\N	\N	default	f	100	\N	s-service-info	69172248d570572d554a1125	Modalidad-Precio	\N
5	390	version.layout	3585	\N	\N	\N	\N	\N	t	{"root": {"type": "root", "format": "", "indent": 0, "version": 1, "children": [{"type": "block", "fields": {"id": "69175d8562d1c76ef7ad68a0", "prices": [{"id": "69175d9cdbe6a6ac0c07fa90", "link": {"url": "https://calendly.com/educarsano", "type": "calendly", "label": "agendar cita", "appearance": "default"}, "price": 60, "features": [{"id": "69175dd1dbe6a6ac0c07fa92", "feature": "Sesin de 60 minutos"}, {"id": "69175e21dbe6a6ac0c07fa94", "feature": "trabajar un tema concreto o dar seguimiento a procesos a largo plazo."}]}], "blockName": "price", "blockType": "pricesBlock"}, "format": "", "version": 2}, {"type": "paragraph", "format": "", "indent": 0, "version": 1, "children": [], "direction": null, "textStyle": "", "textFormat": 0}], "direction": null}}	\N	reference	\N	\N	\N	default	f	100	\N	\N	69175d6fdbe6a6ac0c07fa8e	Precio	\N
4	391	version.layout	3586	t	\N	\N	\N	\N	t	{"root": {"type": "root", "format": "", "indent": 0, "version": 1, "children": [{"type": "paragraph", "format": "", "indent": 0, "version": 1, "children": [{"mode": "normal", "text": "MODALIDAD: ", "type": "text", "style": "", "detail": 0, "format": 0, "version": 1}], "direction": null, "textStyle": "", "textFormat": 0}, {"type": "paragraph", "format": "", "indent": 0, "version": 1, "children": [{"mode": "normal", "text": "Modalidad online, ideal para quienes prefieren la flexibilidad y comodidad de conectarse desde cualquier lugar.", "type": "text", "style": "", "detail": 0, "format": 0, "version": 1}], "direction": null, "textStyle": "", "textFormat": 0}, {"type": "paragraph", "format": "", "indent": 0, "version": 1, "children": [{"mode": "normal", "text": "Asesoramiento familiar a domicilio, para acompaar a las familias en su entorno cotidiano, facilitando un espacio cercano y cmodo.", "type": "text", "style": "", "detail": 0, "format": 0, "version": 1}], "direction": null, "textStyle": "", "textFormat": 0}, {"type": "block", "fields": {"id": "69175f4062d1c76ef7ad68a1", "prices": [{"id": "69175f4ddbe6a6ac0c07fa96", "link": {"url": "https://calendly.com/educarsano", "type": "calendly", "label": "agendar cita", "appearance": "default"}, "price": 60}], "blockName": "Price", "blockType": "pricesBlock"}, "format": "", "version": 2}, {"type": "paragraph", "format": "", "indent": 0, "version": 1, "children": [], "direction": null, "textStyle": "", "textFormat": 0}], "direction": null}, "prices": [{"price": null}]}	\N	reference	\N	\N	\N	default	f	100	\N	s-service-info	69172248d570572d554a1125	Modalidad-Precio	\N
5	391	version.layout	3587	\N	\N	\N	\N	\N	t	{"root": {"type": "root", "format": "", "indent": 0, "version": 1, "children": [{"type": "block", "fields": {"id": "69175d8562d1c76ef7ad68a0", "prices": [{"id": "69175d9cdbe6a6ac0c07fa90", "link": {"url": "https://calendly.com/educarsano", "type": "calendly", "label": "agendar cita", "appearance": "default"}, "price": 60, "features": [{"id": "69175dd1dbe6a6ac0c07fa92", "feature": "Sesin de 60 minutos"}, {"id": "69175e21dbe6a6ac0c07fa94", "feature": "trabajar un tema concreto o dar seguimiento a procesos a largo plazo."}]}], "blockName": "price", "blockType": "pricesBlock"}, "format": "", "version": 2}, {"type": "paragraph", "format": "", "indent": 0, "version": 1, "children": [], "direction": null, "textStyle": "", "textFormat": 0}], "direction": null}}	\N	reference	\N	\N	\N	default	f	100	\N	\N	69175d6fdbe6a6ac0c07fa8e	Precio	\N
3	836	version.layout	4923	t	Sobre m	t	69	t	t	{"root": {"type": "root", "format": "", "indent": 0, "version": 1, "children": [{"type": "paragraph", "format": "", "indent": 0, "version": 1, "children": [{"mode": "normal", "text": "Soy Ane, diplomada en Educacin Primaria y con ms de veinte aos de experiencia acompaando a ni@s y familias. ", "type": "text", "style": "", "detail": 0, "format": 0, "version": 1}], "direction": "ltr", "textStyle": "", "textFormat": 0}, {"type": "paragraph", "format": "", "indent": 0, "version": 1, "children": [{"mode": "normal", "text": "He vivido de cerca las dificultades del mundo educativo:", "type": "text", "style": "", "detail": 0, "format": 0, "version": 1}], "direction": "ltr", "textStyle": "", "textFormat": 0}, {"tag": "ul", "type": "list", "start": 1, "format": "", "indent": 0, "version": 1, "children": [{"type": "listitem", "value": 1, "format": "", "indent": 0, "version": 1, "children": [{"mode": "normal", "text": "Falta de recursos", "type": "text", "style": "", "detail": 0, "format": 0, "version": 1}], "direction": "ltr"}, {"type": "listitem", "value": 2, "format": "", "indent": 0, "version": 1, "children": [{"mode": "normal", "text": "Falta de gestin de la convivencia ", "type": "text", "style": "", "detail": 0, "format": 0, "version": 1}], "direction": "ltr"}, {"type": "listitem", "value": 3, "format": "", "indent": 0, "version": 1, "children": [{"mode": "normal", "text": "Escasa atencin al bienestar docente y familiar ", "type": "text", "style": "", "detail": 0, "format": 0, "version": 1}], "direction": "ltr"}], "listType": "bullet", "direction": "ltr"}, {"type": "paragraph", "format": "", "indent": 0, "version": 1, "children": [{"mode": "normal", "text": "Educar Sano nace de la necesidad de entender la compleja realidad de hoy, humanizar la educacin y convertir los entornos familiares y educativos en espacios de bienestar comn.", "type": "text", "style": "", "detail": 0, "format": 0, "version": 1}], "direction": "ltr", "textStyle": "", "textFormat": 0}, {"type": "paragraph", "format": "", "indent": 0, "version": 1, "children": [{"mode": "normal", "text": "Por eso me dedico a la asesora, consultora y formacin educativa, ofreciendo un acompaamiento humano, prctico y consciente que devuelve a la educacin su papel transformador.", "type": "text", "style": "", "detail": 0, "format": 0, "version": 1}], "direction": "ltr", "textStyle": "", "textFormat": 0}], "direction": null}}	t	reference	\N	\N	Conoce mi historia completa	default	t	-90	separatorBackground	homeAbout	68f798e6431c43bc53390a63	Sobre-m	blue
4	392	version.layout	3592	t	\N	\N	\N	\N	t	{"root": {"type": "root", "format": "", "indent": 0, "version": 1, "children": [{"type": "paragraph", "format": "", "indent": 0, "version": 1, "children": [{"mode": "normal", "text": "MODALIDAD: ", "type": "text", "style": "", "detail": 0, "format": 0, "version": 1}], "direction": null, "textStyle": "", "textFormat": 0}, {"type": "paragraph", "format": "", "indent": 0, "version": 1, "children": [{"mode": "normal", "text": "Modalidad online, ideal para quienes prefieren la flexibilidad y comodidad de conectarse desde cualquier lugar.", "type": "text", "style": "", "detail": 0, "format": 0, "version": 1}], "direction": null, "textStyle": "", "textFormat": 0}, {"type": "paragraph", "format": "", "indent": 0, "version": 1, "children": [{"mode": "normal", "text": "Asesoramiento familiar a domicilio, para acompaar a las familias en su entorno cotidiano, facilitando un espacio cercano y cmodo.", "type": "text", "style": "", "detail": 0, "format": 0, "version": 1}], "direction": null, "textStyle": "", "textFormat": 0}, {"type": "block", "fields": {"id": "69175f4062d1c76ef7ad68a1", "prices": [{"id": "69175f4ddbe6a6ac0c07fa96", "link": {"url": "https://calendly.com/educarsano", "type": "calendly", "label": "agendar cita", "appearance": "default"}, "price": 60, "features": [{"id": "69177895dbe6a6ac0c07fa9a", "feature": "Sesin de 60 minutos"}, {"id": "691778a7dbe6a6ac0c07fa9c"}]}], "blockName": "Price", "blockType": "pricesBlock"}, "format": "", "version": 2}, {"type": "paragraph", "format": "", "indent": 0, "version": 1, "children": [], "direction": null, "textStyle": "", "textFormat": 0}], "direction": null}}	\N	reference	\N	\N	\N	default	f	100	\N	s-service-info	69172248d570572d554a1125	Modalidad-Precio	\N
5	392	version.layout	3593	\N	\N	\N	\N	\N	t	{"root": {"type": "root", "format": "", "indent": 0, "version": 1, "children": [{"type": "block", "fields": {"id": "69175d8562d1c76ef7ad68a0", "prices": [{"id": "69175d9cdbe6a6ac0c07fa90", "link": {"url": "https://calendly.com/educarsano", "type": "calendly", "label": "agendar cita", "appearance": "default"}, "price": 60, "features": [{"id": "69175dd1dbe6a6ac0c07fa92", "feature": "Sesin de 60 minutos"}, {"id": "69175e21dbe6a6ac0c07fa94", "feature": "trabajar un tema concreto o dar seguimiento a procesos a largo plazo."}]}], "blockName": "price", "blockType": "pricesBlock"}, "format": "", "version": 2}, {"type": "paragraph", "format": "", "indent": 0, "version": 1, "children": [], "direction": null, "textStyle": "", "textFormat": 0}], "direction": null}}	\N	reference	\N	\N	\N	default	f	100	\N	\N	69175d6fdbe6a6ac0c07fa8e	Precio	\N
4	393	version.layout	3594	t	\N	\N	\N	\N	t	{"root": {"type": "root", "format": "", "indent": 0, "version": 1, "children": [{"type": "paragraph", "format": "", "indent": 0, "version": 1, "children": [{"mode": "normal", "text": "MODALIDAD: ", "type": "text", "style": "", "detail": 0, "format": 0, "version": 1}], "direction": null, "textStyle": "", "textFormat": 0}, {"type": "paragraph", "format": "", "indent": 0, "version": 1, "children": [{"mode": "normal", "text": "Modalidad online, ideal para quienes prefieren la flexibilidad y comodidad de conectarse desde cualquier lugar.", "type": "text", "style": "", "detail": 0, "format": 0, "version": 1}], "direction": null, "textStyle": "", "textFormat": 0}, {"type": "paragraph", "format": "", "indent": 0, "version": 1, "children": [{"mode": "normal", "text": "Asesoramiento familiar a domicilio, para acompaar a las familias en su entorno cotidiano, facilitando un espacio cercano y cmodo.", "type": "text", "style": "", "detail": 0, "format": 0, "version": 1}], "direction": null, "textStyle": "", "textFormat": 0}, {"type": "block", "fields": {"id": "69175f4062d1c76ef7ad68a1", "prices": [{"id": "69175f4ddbe6a6ac0c07fa96", "link": {"url": "https://calendly.com/educarsano", "type": "calendly", "label": "agendar cita", "appearance": "default"}, "price": 60, "features": [{"id": "69177895dbe6a6ac0c07fa9a", "feature": "Sesin de 60 minutos"}, {"id": "691778a7dbe6a6ac0c07fa9c", "feature": "trabajar un tema concreto o dar seguimiento a procesos a largo plazo."}]}], "blockName": "Price", "blockType": "pricesBlock"}, "format": "", "version": 2}, {"type": "paragraph", "format": "", "indent": 0, "version": 1, "children": [], "direction": null, "textStyle": "", "textFormat": 0}], "direction": null}}	\N	reference	\N	\N	\N	default	f	100	\N	s-service-info	69172248d570572d554a1125	Modalidad-Precio	\N
5	393	version.layout	3595	\N	\N	\N	\N	\N	t	{"root": {"type": "root", "format": "", "indent": 0, "version": 1, "children": [{"type": "block", "fields": {"id": "69175d8562d1c76ef7ad68a0", "prices": [{"id": "69175d9cdbe6a6ac0c07fa90", "link": {"url": "https://calendly.com/educarsano", "type": "calendly", "label": "agendar cita", "appearance": "default"}, "price": 60, "features": [{"id": "69175dd1dbe6a6ac0c07fa92", "feature": "Sesin de 60 minutos"}, {"id": "69175e21dbe6a6ac0c07fa94", "feature": "trabajar un tema concreto o dar seguimiento a procesos a largo plazo."}]}], "blockName": "price", "blockType": "pricesBlock"}, "format": "", "version": 2}, {"type": "paragraph", "format": "", "indent": 0, "version": 1, "children": [], "direction": null, "textStyle": "", "textFormat": 0}], "direction": null}}	\N	reference	\N	\N	\N	default	f	100	\N	\N	69175d6fdbe6a6ac0c07fa8e	Precio	\N
2	837	version.layout	4924	f	\N	\N	\N	\N	t	{"root": {"type": "root", "format": "", "indent": 0, "version": 1, "children": [{"type": "paragraph", "format": "", "indent": 0, "version": 1, "children": [{"mode": "normal", "text": "Te sientes solo/a en tu camino educativo o familiar?", "type": "text", "style": "", "detail": 0, "format": 0, "version": 1}], "direction": "ltr", "textStyle": "", "textFormat": 0}, {"type": "paragraph", "format": "", "indent": 0, "version": 1, "children": [{"mode": "normal", "text": "Quieres que tus hijos o alumnos desarrollen ", "type": "text", "style": "", "detail": 0, "format": 0, "version": 1}, {"mode": "normal", "text": "herramientas para la vida", "type": "text", "style": "", "detail": 0, "format": 1, "version": 1}, {"mode": "normal", "text": "?", "type": "text", "style": "", "detail": 0, "format": 0, "version": 1}], "direction": "ltr", "textStyle": "", "textFormat": 0}, {"type": "paragraph", "format": "", "indent": 0, "version": 1, "children": [{"mode": "normal", "text": "Buscas ", "type": "text", "style": "", "detail": 0, "format": 0, "version": 1}, {"mode": "normal", "text": "estrategias y recursos", "type": "text", "style": "", "detail": 0, "format": 1, "version": 1}, {"mode": "normal", "text": " para un aula o hogar ms humano y creativo?", "type": "text", "style": "", "detail": 0, "format": 0, "version": 1}], "direction": "ltr", "textStyle": "", "textFormat": 0}, {"type": "paragraph", "format": "", "indent": 0, "version": 1, "children": [{"mode": "normal", "text": "Quieres ", "type": "text", "style": "", "detail": 0, "format": 0, "version": 1}, {"mode": "normal", "text": "volver a creer en la educacin", "type": "text", "style": "", "detail": 0, "format": 1, "version": 1}, {"mode": "normal", "text": " y motivarte cada da?", "type": "text", "style": "", "detail": 0, "format": 0, "version": 1}], "direction": "ltr", "textStyle": "", "textFormat": 0}, {"type": "paragraph", "format": "", "indent": 0, "version": 1, "children": [{"mode": "normal", "text": "Sientes que tu entorno educativo o familiar no est funcionando como te gustara y buscas un nuevo enfoque?", "type": "text", "style": "", "detail": 0, "format": 0, "version": 1}], "direction": "ltr", "textStyle": "", "textFormat": 0}, {"type": "paragraph", "format": "", "indent": 0, "version": 1, "children": [{"mode": "normal", "text": "Te gustara ensear y acompaar desde una educacin ms ", "type": "text", "style": "", "detail": 0, "format": 0, "version": 1}, {"mode": "normal", "text": "consciente, respetuosa y socialmente responsable", "type": "text", "style": "", "detail": 0, "format": 1, "version": 1}, {"mode": "normal", "text": "?", "type": "text", "style": "", "detail": 0, "format": 0, "version": 1}], "direction": "ltr", "textStyle": "", "textFormat": 0}, {"type": "block", "fields": {"id": "68f798b375fb0ceeb6989752", "style": "info", "content": {"root": {"type": "root", "format": "", "indent": 0, "version": 1, "children": [{"type": "paragraph", "format": "", "indent": 0, "version": 1, "children": [{"mode": "normal", "text": "En Educar Sano ofrezco asesora, orientacin, formacin y herramientas prcticas a familias, educadores e instituciones educativas, para transformar la educacin en un espacio ms humano, eficaz y socialmente responsable.", "type": "text", "style": "", "detail": 0, "format": 0, "version": 1}], "direction": null, "textStyle": "", "textFormat": 0}], "direction": null}}, "blockName": "Banner", "blockType": "banner"}, "format": "", "version": 2}, {"type": "quote", "format": "", "indent": 0, "version": 1, "children": [{"mode": "normal", "text": "Transforma la educacin en un espacio humano, consciente y conectado con la sociedad. ", "type": "text", "style": "", "detail": 0, "format": 0, "version": 1}, {"mode": "normal", "text": "Yo te acompao en el camino.", "type": "text", "style": "", "detail": 0, "format": 1, "version": 1}], "direction": null}], "direction": null}}	\N	reference	\N	\N	\N	default	t	-88	separatorWhite	homeQuestions	68f79891431c43bc53390a61	Preguntas	dark
3	837	version.layout	4925	t	Sobre m	t	69	t	t	{"root": {"type": "root", "format": "", "indent": 0, "version": 1, "children": [{"type": "paragraph", "format": "", "indent": 0, "version": 1, "children": [{"mode": "normal", "text": "Soy Ane, diplomada en Educacin Primaria y con ms de veinte aos de experiencia acompaando a ni@s y familias. ", "type": "text", "style": "", "detail": 0, "format": 0, "version": 1}], "direction": "ltr", "textStyle": "", "textFormat": 0}, {"type": "paragraph", "format": "", "indent": 0, "version": 1, "children": [{"mode": "normal", "text": "He vivido de cerca las dificultades del mundo educativo:", "type": "text", "style": "", "detail": 0, "format": 0, "version": 1}], "direction": "ltr", "textStyle": "", "textFormat": 0}, {"tag": "ul", "type": "list", "start": 1, "format": "", "indent": 0, "version": 1, "children": [{"type": "listitem", "value": 1, "format": "", "indent": 0, "version": 1, "children": [{"mode": "normal", "text": "Falta de recursos", "type": "text", "style": "", "detail": 0, "format": 0, "version": 1}], "direction": "ltr"}, {"type": "listitem", "value": 2, "format": "", "indent": 0, "version": 1, "children": [{"mode": "normal", "text": "Falta de gestin de la convivencia ", "type": "text", "style": "", "detail": 0, "format": 0, "version": 1}], "direction": "ltr"}, {"type": "listitem", "value": 3, "format": "", "indent": 0, "version": 1, "children": [{"mode": "normal", "text": "Escasa atencin al bienestar docente y familiar ", "type": "text", "style": "", "detail": 0, "format": 0, "version": 1}], "direction": "ltr"}], "listType": "bullet", "direction": "ltr"}, {"type": "paragraph", "format": "", "indent": 0, "version": 1, "children": [{"mode": "normal", "text": "Educar Sano nace de la necesidad de entender la compleja realidad de hoy, humanizar la educacin y convertir los entornos familiares y educativos en espacios de bienestar comn.", "type": "text", "style": "", "detail": 0, "format": 0, "version": 1}], "direction": "ltr", "textStyle": "", "textFormat": 0}, {"type": "paragraph", "format": "", "indent": 0, "version": 1, "children": [{"mode": "normal", "text": "Por eso me dedico a la asesora, consultora y formacin educativa, ofreciendo un acompaamiento humano, prctico y consciente que devuelve a la educacin su papel transformador.", "type": "text", "style": "", "detail": 0, "format": 0, "version": 1}], "direction": "ltr", "textStyle": "", "textFormat": 0}], "direction": null}}	t	reference	\N	\N	Conoce mi historia completa	default	t	-90	separatorBackground	homeAbout	68f798e6431c43bc53390a63	Sobre-m	blue
2	838	version.layout	4926	f	\N	\N	\N	\N	t	{"root": {"type": "root", "format": "", "indent": 0, "version": 1, "children": [{"type": "paragraph", "format": "", "indent": 0, "version": 1, "children": [{"mode": "normal", "text": "Te sientes solo/a en tu camino educativo o familiar?", "type": "text", "style": "", "detail": 0, "format": 0, "version": 1}], "direction": "ltr", "textStyle": "", "textFormat": 0}, {"type": "paragraph", "format": "", "indent": 0, "version": 1, "children": [{"mode": "normal", "text": "Quieres que tus hijos o alumnos desarrollen ", "type": "text", "style": "", "detail": 0, "format": 0, "version": 1}, {"mode": "normal", "text": "herramientas para la vida", "type": "text", "style": "", "detail": 0, "format": 1, "version": 1}, {"mode": "normal", "text": "?", "type": "text", "style": "", "detail": 0, "format": 0, "version": 1}], "direction": "ltr", "textStyle": "", "textFormat": 0}, {"type": "paragraph", "format": "", "indent": 0, "version": 1, "children": [{"mode": "normal", "text": "Buscas ", "type": "text", "style": "", "detail": 0, "format": 0, "version": 1}, {"mode": "normal", "text": "estrategias y recursos", "type": "text", "style": "", "detail": 0, "format": 1, "version": 1}, {"mode": "normal", "text": " para un aula o hogar ms humano y creativo?", "type": "text", "style": "", "detail": 0, "format": 0, "version": 1}], "direction": "ltr", "textStyle": "", "textFormat": 0}, {"type": "paragraph", "format": "", "indent": 0, "version": 1, "children": [{"mode": "normal", "text": "Quieres ", "type": "text", "style": "", "detail": 0, "format": 0, "version": 1}, {"mode": "normal", "text": "volver a creer en la educacin", "type": "text", "style": "", "detail": 0, "format": 1, "version": 1}, {"mode": "normal", "text": " y motivarte cada da?", "type": "text", "style": "", "detail": 0, "format": 0, "version": 1}], "direction": "ltr", "textStyle": "", "textFormat": 0}, {"type": "paragraph", "format": "", "indent": 0, "version": 1, "children": [{"mode": "normal", "text": "Sientes que tu entorno educativo o familiar no est funcionando como te gustara y buscas un nuevo enfoque?", "type": "text", "style": "", "detail": 0, "format": 0, "version": 1}], "direction": "ltr", "textStyle": "", "textFormat": 0}, {"type": "paragraph", "format": "", "indent": 0, "version": 1, "children": [{"mode": "normal", "text": "Te gustara ensear y acompaar desde una educacin ms ", "type": "text", "style": "", "detail": 0, "format": 0, "version": 1}, {"mode": "normal", "text": "consciente, respetuosa y socialmente responsable", "type": "text", "style": "", "detail": 0, "format": 1, "version": 1}, {"mode": "normal", "text": "?", "type": "text", "style": "", "detail": 0, "format": 0, "version": 1}], "direction": "ltr", "textStyle": "", "textFormat": 0}, {"type": "block", "fields": {"id": "68f798b375fb0ceeb6989752", "style": "info", "content": {"root": {"type": "root", "format": "", "indent": 0, "version": 1, "children": [{"type": "paragraph", "format": "", "indent": 0, "version": 1, "children": [{"mode": "normal", "text": "En Educar Sano ofrezco asesora, orientacin, formacin y herramientas prcticas a familias, educadores e instituciones educativas, para transformar la educacin en un espacio ms humano, eficaz y socialmente responsable.", "type": "text", "style": "", "detail": 0, "format": 0, "version": 1}], "direction": null, "textStyle": "", "textFormat": 0}], "direction": null}}, "blockName": "Banner", "blockType": "banner"}, "format": "", "version": 2}, {"type": "quote", "format": "", "indent": 0, "version": 1, "children": [{"mode": "normal", "text": "Transforma la educacin en un espacio humano, consciente y conectado con la sociedad. ", "type": "text", "style": "", "detail": 0, "format": 0, "version": 1}, {"mode": "normal", "text": "Yo te acompao en el camino.", "type": "text", "style": "", "detail": 0, "format": 1, "version": 1}], "direction": null}], "direction": null}}	\N	reference	\N	\N	\N	default	t	-88	separatorWhite	homeQuestions	68f79891431c43bc53390a61	Preguntas	dark
3	838	version.layout	4927	t	Sobre m	t	69	t	t	{"root": {"type": "root", "format": "", "indent": 0, "version": 1, "children": [{"type": "paragraph", "format": "", "indent": 0, "version": 1, "children": [{"mode": "normal", "text": "Soy Ane, diplomada en Educacin Primaria y con ms de veinte aos de experiencia acompaando a ni@s y familias. ", "type": "text", "style": "", "detail": 0, "format": 0, "version": 1}], "direction": "ltr", "textStyle": "", "textFormat": 0}, {"type": "paragraph", "format": "", "indent": 0, "version": 1, "children": [{"mode": "normal", "text": "He vivido de cerca las dificultades del mundo educativo:", "type": "text", "style": "", "detail": 0, "format": 0, "version": 1}], "direction": "ltr", "textStyle": "", "textFormat": 0}, {"tag": "ul", "type": "list", "start": 1, "format": "", "indent": 0, "version": 1, "children": [{"type": "listitem", "value": 1, "format": "", "indent": 0, "version": 1, "children": [{"mode": "normal", "text": "Falta de recursos", "type": "text", "style": "", "detail": 0, "format": 0, "version": 1}], "direction": "ltr"}, {"type": "listitem", "value": 2, "format": "", "indent": 0, "version": 1, "children": [{"mode": "normal", "text": "Falta de gestin de la convivencia ", "type": "text", "style": "", "detail": 0, "format": 0, "version": 1}], "direction": "ltr"}, {"type": "listitem", "value": 3, "format": "", "indent": 0, "version": 1, "children": [{"mode": "normal", "text": "Escasa atencin al bienestar docente y familiar ", "type": "text", "style": "", "detail": 0, "format": 0, "version": 1}], "direction": "ltr"}], "listType": "bullet", "direction": "ltr"}, {"type": "paragraph", "format": "", "indent": 0, "version": 1, "children": [{"mode": "normal", "text": "Educar Sano nace de la necesidad de entender la compleja realidad de hoy, humanizar la educacin y convertir los entornos familiares y educativos en espacios de bienestar comn.", "type": "text", "style": "", "detail": 0, "format": 0, "version": 1}], "direction": "ltr", "textStyle": "", "textFormat": 0}, {"type": "paragraph", "format": "", "indent": 0, "version": 1, "children": [{"mode": "normal", "text": "Por eso me dedico a la asesora, consultora y formacin educativa, ofreciendo un acompaamiento humano, prctico y consciente que devuelve a la educacin su papel transformador.", "type": "text", "style": "", "detail": 0, "format": 0, "version": 1}], "direction": "ltr", "textStyle": "", "textFormat": 0}], "direction": null}}	t	reference	\N	\N	Conoce mi historia completa	default	t	-90	separatorBackground	homeAbout	68f798e6431c43bc53390a63	Sobre-m	blue
2	839	version.layout	4928	f	\N	\N	\N	\N	t	{"root": {"type": "root", "format": "", "indent": 0, "version": 1, "children": [{"type": "paragraph", "format": "", "indent": 0, "version": 1, "children": [{"mode": "normal", "text": "Te sientes solo/a en tu camino educativo o familiar?", "type": "text", "style": "", "detail": 0, "format": 0, "version": 1}], "direction": "ltr", "textStyle": "", "textFormat": 0}, {"type": "paragraph", "format": "", "indent": 0, "version": 1, "children": [{"mode": "normal", "text": "Quieres que tus hijos o alumnos desarrollen ", "type": "text", "style": "", "detail": 0, "format": 0, "version": 1}, {"mode": "normal", "text": "herramientas para la vida", "type": "text", "style": "", "detail": 0, "format": 1, "version": 1}, {"mode": "normal", "text": "?", "type": "text", "style": "", "detail": 0, "format": 0, "version": 1}], "direction": "ltr", "textStyle": "", "textFormat": 0}, {"type": "paragraph", "format": "", "indent": 0, "version": 1, "children": [{"mode": "normal", "text": "Buscas ", "type": "text", "style": "", "detail": 0, "format": 0, "version": 1}, {"mode": "normal", "text": "estrategias y recursos", "type": "text", "style": "", "detail": 0, "format": 1, "version": 1}, {"mode": "normal", "text": " para un aula o hogar ms humano y creativo?", "type": "text", "style": "", "detail": 0, "format": 0, "version": 1}], "direction": "ltr", "textStyle": "", "textFormat": 0}, {"type": "paragraph", "format": "", "indent": 0, "version": 1, "children": [{"mode": "normal", "text": "Quieres ", "type": "text", "style": "", "detail": 0, "format": 0, "version": 1}, {"mode": "normal", "text": "volver a creer en la educacin", "type": "text", "style": "", "detail": 0, "format": 1, "version": 1}, {"mode": "normal", "text": " y motivarte cada da?", "type": "text", "style": "", "detail": 0, "format": 0, "version": 1}], "direction": "ltr", "textStyle": "", "textFormat": 0}, {"type": "paragraph", "format": "", "indent": 0, "version": 1, "children": [{"mode": "normal", "text": "Sientes que tu entorno educativo o familiar no est funcionando como te gustara y buscas un nuevo enfoque?", "type": "text", "style": "", "detail": 0, "format": 0, "version": 1}], "direction": "ltr", "textStyle": "", "textFormat": 0}, {"type": "paragraph", "format": "", "indent": 0, "version": 1, "children": [{"mode": "normal", "text": "Te gustara ensear y acompaar desde una educacin ms ", "type": "text", "style": "", "detail": 0, "format": 0, "version": 1}, {"mode": "normal", "text": "consciente, respetuosa y socialmente responsable", "type": "text", "style": "", "detail": 0, "format": 1, "version": 1}, {"mode": "normal", "text": "?", "type": "text", "style": "", "detail": 0, "format": 0, "version": 1}], "direction": "ltr", "textStyle": "", "textFormat": 0}, {"type": "block", "fields": {"id": "68f798b375fb0ceeb6989752", "style": "info", "content": {"root": {"type": "root", "format": "", "indent": 0, "version": 1, "children": [{"type": "paragraph", "format": "", "indent": 0, "version": 1, "children": [{"mode": "normal", "text": "En Educar Sano ofrezco asesora, orientacin, formacin y herramientas prcticas a familias, educadores e instituciones educativas, para transformar la educacin en un espacio ms humano, eficaz y socialmente responsable.", "type": "text", "style": "", "detail": 0, "format": 0, "version": 1}], "direction": null, "textStyle": "", "textFormat": 0}], "direction": null}}, "blockName": "Banner", "blockType": "banner"}, "format": "", "version": 2}, {"type": "quote", "format": "", "indent": 0, "version": 1, "children": [{"mode": "normal", "text": "Transforma la educacin en un espacio humano, consciente y conectado con la sociedad. ", "type": "text", "style": "", "detail": 0, "format": 0, "version": 1}, {"mode": "normal", "text": "Yo te acompao en el camino.", "type": "text", "style": "", "detail": 0, "format": 1, "version": 1}], "direction": null}], "direction": null}}	\N	reference	\N	\N	\N	default	t	-88	separatorWhite	homeQuestions	68f79891431c43bc53390a61	Preguntas	dark
3	839	version.layout	4929	t	Sobre m	t	69	t	t	{"root": {"type": "root", "format": "", "indent": 0, "version": 1, "children": [{"type": "paragraph", "format": "", "indent": 0, "version": 1, "children": [{"mode": "normal", "text": "Soy Ane, diplomada en Educacin Primaria y con ms de veinte aos de experiencia acompaando a ni@s y familias. ", "type": "text", "style": "", "detail": 0, "format": 0, "version": 1}], "direction": "ltr", "textStyle": "", "textFormat": 0}, {"type": "paragraph", "format": "", "indent": 0, "version": 1, "children": [{"mode": "normal", "text": "He vivido de cerca las dificultades del mundo educativo:", "type": "text", "style": "", "detail": 0, "format": 0, "version": 1}], "direction": "ltr", "textStyle": "", "textFormat": 0}, {"tag": "ul", "type": "list", "start": 1, "format": "", "indent": 0, "version": 1, "children": [{"type": "listitem", "value": 1, "format": "", "indent": 0, "version": 1, "children": [{"mode": "normal", "text": "Falta de recursos", "type": "text", "style": "", "detail": 0, "format": 0, "version": 1}], "direction": "ltr"}, {"type": "listitem", "value": 2, "format": "", "indent": 0, "version": 1, "children": [{"mode": "normal", "text": "Falta de gestin de la convivencia ", "type": "text", "style": "", "detail": 0, "format": 0, "version": 1}], "direction": "ltr"}, {"type": "listitem", "value": 3, "format": "", "indent": 0, "version": 1, "children": [{"mode": "normal", "text": "Escasa atencin al bienestar docente y familiar ", "type": "text", "style": "", "detail": 0, "format": 0, "version": 1}], "direction": "ltr"}], "listType": "bullet", "direction": "ltr"}, {"type": "paragraph", "format": "", "indent": 0, "version": 1, "children": [{"mode": "normal", "text": "Educar Sano nace de la necesidad de entender la compleja realidad de hoy, humanizar la educacin y convertir los entornos familiares y educativos en espacios de bienestar comn.", "type": "text", "style": "", "detail": 0, "format": 0, "version": 1}], "direction": "ltr", "textStyle": "", "textFormat": 0}, {"type": "paragraph", "format": "", "indent": 0, "version": 1, "children": [{"mode": "normal", "text": "Por eso me dedico a la asesora, consultora y formacin educativa, ofreciendo un acompaamiento humano, prctico y consciente que devuelve a la educacin su papel transformador.", "type": "text", "style": "", "detail": 0, "format": 0, "version": 1}], "direction": "ltr", "textStyle": "", "textFormat": 0}], "direction": null}}	t	reference	\N	\N	Conoce mi historia completa	default	t	-90	separatorBackground	homeAbout	68f798e6431c43bc53390a63	Sobre-m	blue
1	764	version.layout	4870	\N	\N	t	72	\N	t	{"root": {"type": "root", "format": "", "indent": 0, "version": 1, "children": [{"tag": "h2", "type": "heading", "format": "", "indent": 0, "version": 1, "children": [{"mode": "normal", "text": "QUIN SOY?", "type": "text", "style": "", "detail": 0, "format": 1, "version": 1}], "direction": null}, {"type": "paragraph", "format": "", "indent": 0, "version": 1, "children": [{"mode": "normal", "text": "Soy Ane, diplomada en educacin primaria. Desde muy pequea tuve claro que mi vocacin estaba ligada al mundo educativo. Empec muy joven a trabajar con nixs y sent desde ese momento que la docencia era mi camino.", "type": "text", "style": "", "detail": 0, "format": 0, "version": 1}], "direction": null, "textStyle": "", "textFormat": 0}, {"type": "paragraph", "format": "", "indent": 0, "version": 1, "children": [{"mode": "normal", "text": "Despus de terminar la carrera, comenc mi andadura como profesora y descubr la gran responsabilidad que implica educar. Durante mi trabajo como tutora me enfrent a diferentes dificultades y retos, te suena? Algunos de ellos fueron:", "type": "text", "style": "", "detail": 0, "format": 0, "version": 1}], "direction": null, "textStyle": "", "textFormat": 0}, {"tag": "ol", "type": "list", "start": 1, "format": "", "indent": 0, "version": 1, "children": [{"type": "listitem", "value": 1, "format": "", "indent": 0, "version": 1, "children": [{"mode": "normal", "text": "La falta de recursos, tanto acadmicos como emocionales.", "type": "text", "style": "", "detail": 0, "format": 0, "version": 1}], "direction": null}, {"type": "listitem", "value": 2, "format": "", "indent": 0, "version": 1, "children": [{"mode": "normal", "text": "La gestin con familias, docentes y equipo directivo.", "type": "text", "style": "", "detail": 0, "format": 0, "version": 1}], "direction": null}, {"type": "listitem", "value": 3, "format": "", "indent": 0, "version": 1, "children": [{"mode": "normal", "text": "La falta de apoyo y acompaamiento al profesorado.", "type": "text", "style": "", "detail": 0, "format": 0, "version": 1}], "direction": null}], "listType": "number", "direction": null}, {"type": "paragraph", "format": "", "indent": 0, "version": 1, "children": [{"mode": "normal", "text": "Toda esta experiencia me llev a seguir formndome en distintas reas para ganar conocimiento, bienestar y herramientas prcticas. Siempre me ha nacido de manera espontnea ayudar y acompaar, y las injusticias que observaba a mi alrededor me hicieron comprender que la educacin debe ser tambin un motor de transformacin social.", "type": "text", "style": "", "detail": 0, "format": 0, "version": 1}], "direction": null, "textStyle": "", "textFormat": 0}], "direction": null}}	\N	reference	\N	\N	\N	default	t	-70	\N	about-first	68fb50ed398c9978e6edfe3e	sobre-mi	dark
2	764	version.layout	4871	\N	\N	t	71	t	t	{"root": {"type": "root", "format": "", "indent": 0, "version": 1, "children": [{"type": "paragraph", "format": "", "indent": 0, "version": 1, "children": [{"mode": "normal", "text": "Hoy, despus de ms de veinte aos dedicados a la educacin y al acompaamiento de ni@s y familias, decid emprender como asesora educativa y familiar. Mi labor consiste en acompaar a educadores y familias desde mi experiencia y visin, con un enfoque humano, prctico, integral y social. ", "type": "text", "style": "", "detail": 0, "format": 0, "version": 1}], "direction": null, "textStyle": "", "textFormat": 0}, {"type": "paragraph", "format": "", "indent": 0, "version": 1, "children": [{"mode": "normal", "text": "A lo largo de mi trayectoria he mantenido una formacin continua para ofrecer un acompaamiento de la mxima calidad, basado en la experiencia, el conocimiento y las mejores herramientas educativas.", "type": "text", "style": "", "detail": 0, "format": 0, "version": 1}], "direction": null, "textStyle": "", "textFormat": 0}, {"type": "paragraph", "format": "", "indent": 0, "version": 1, "children": [{"mode": "normal", "text": "Mi objetivo es que no te sientas perdid@ ni solo en este proceso tan fascinante y exigente que es educar, fomentando al mismo tiempo valores, conciencia social y la capacidad de ser agentes activos para un mundo ms equilibrado, justo y emptico para todxs.", "type": "text", "style": "", "detail": 0, "format": 0, "version": 1}], "direction": null, "textStyle": "", "textFormat": 0}], "direction": null}}	\N	reference	\N	\N	\N	default	f	-70	\N	about-second	68fb525c398c9978e6edfe40	sobre-mi	dark
3	764	version.layout	4872	f		t	107	\N	t	{"doc": null, "root": {"type": "root", "format": "", "indent": 0, "version": 1, "children": [{"tag": "h2", "type": "heading", "format": "left", "indent": 0, "version": 1, "children": [{"mode": "normal", "text": "Formacin", "type": "text", "style": "", "detail": 0, "format": 0, "version": 1}], "direction": null}, {"tag": "ul", "type": "list", "start": 1, "format": "", "indent": 0, "version": 1, "children": [{"type": "listitem", "value": 1, "format": "", "indent": 0, "version": 1, "children": [{"mode": "normal", "text": "Diplomatura en Educacin Primaria", "type": "text", "style": "", "detail": 0, "format": 0, "version": 1}], "direction": null}, {"type": "listitem", "value": 2, "format": "", "indent": 0, "version": 1, "children": [{"mode": "normal", "text": "Experta en Educacin Emocional y Acompaamiento Educativo y Familiar", "type": "text", "style": "", "detail": 0, "format": 0, "version": 1}], "direction": null}, {"type": "listitem", "value": 3, "format": "", "indent": 0, "version": 1, "children": [{"mode": "normal", "text": "Disciplina Positiva para Familias", "type": "text", "style": "", "detail": 0, "format": 0, "version": 1}], "direction": null}, {"type": "listitem", "value": 4, "format": "", "indent": 0, "version": 1, "children": [{"mode": "normal", "text": "Instructora de Yoga y Mindfulness para ni@s, educador@s y familias", "type": "text", "style": "", "detail": 0, "format": 0, "version": 1}], "direction": null}, {"type": "listitem", "value": 5, "format": "", "indent": 0, "version": 1, "children": [{"mode": "normal", "text": "Coaching Infanto-Juvenil", "type": "text", "style": "", "detail": 0, "format": 0, "version": 1}], "direction": null}, {"type": "listitem", "value": 6, "format": "", "indent": 0, "version": 1, "children": [{"mode": "normal", "text": "Intervencin con Muecos Playmobil", "type": "text", "style": "", "detail": 0, "format": 0, "version": 1}], "direction": null}, {"type": "listitem", "value": 7, "format": "", "indent": 0, "version": 1, "children": [{"mode": "normal", "text": "Intervencin Estratgica en la Escuela", "type": "text", "style": "", "detail": 0, "format": 0, "version": 1}], "direction": null}, {"type": "listitem", "value": 8, "format": "", "indent": 0, "version": 1, "children": [{"mode": "normal", "text": "Tcnicas de Terapia Estratgica en Ni@s y Adolescentes", "type": "text", "style": "", "detail": 0, "format": 0, "version": 1}], "direction": null}, {"type": "listitem", "value": 9, "format": "", "indent": 0, "version": 1, "children": [{"mode": "normal", "text": "Formacin en la Tcnica de la Caja de Arena", "type": "text", "style": "", "detail": 0, "format": 0, "version": 1}], "direction": null}, {"type": "listitem", "value": 10, "format": "", "indent": 0, "version": 1, "children": [{"mode": "normal", "text": "Mediacin y Resolucin de Conflictos", "type": "text", "style": "", "detail": 0, "format": 0, "version": 1}], "direction": null}, {"type": "listitem", "value": 11, "format": "", "indent": 0, "version": 1, "children": [{"mode": "normal", "text": "Curso de Educacin Sexual", "type": "text", "style": "", "detail": 0, "format": 0, "version": 1}], "direction": null}], "listType": "bullet", "direction": null}], "direction": null}}	t	custom	t	https://d2kzarvvomoj6d.cloudfront.net/documents/ti2yt3bo8ny5izsensif.pdf	descargar Curriculum	default	t	-65	separatorBackground	about-academic	69026a07c0fe9717b5354e07	formacin	dark
4	764	version.layout	4873	f		t	109	t	t	{"root": {"type": "root", "format": "", "indent": 0, "version": 1, "children": [{"tag": "h2", "type": "heading", "format": "", "indent": 0, "version": 1, "children": [{"mode": "normal", "text": "Visin educativa ", "type": "text", "style": "", "detail": 0, "format": 0, "version": 1}], "direction": null}, {"type": "paragraph", "format": "", "indent": 0, "version": 1, "children": [{"mode": "normal", "text": "Educar Sano nace como respuesta a los retos que plantea la escuela actual, desde una mirada ms humana, emptica y consciente de que educar hoy implica tambin entender el mundo complejo en el que vivimos.", "type": "text", "style": "", "detail": 0, "format": 0, "version": 1}], "direction": null, "textStyle": "", "textFormat": 0}, {"type": "paragraph", "format": "", "indent": 0, "version": 1, "children": [{"mode": "normal", "text": "Creemos que la educacin debe ser un espacio de bienestar compartido para el alumnado, el profesorado y las familias donde la empata, el cuidado y la conciencia social estn en el centro.", "type": "text", "style": "", "detail": 0, "format": 0, "version": 1}], "direction": null, "textStyle": "", "textFormat": 0}, {"type": "paragraph", "format": "", "indent": 0, "version": 1, "children": [{"mode": "normal", "text": "Defendemos una escuela que respete y valore a sus docentes, garantizando condiciones laborales dignas y espacios donde puedan cuidar su salud mental y emocional.", "type": "text", "style": "", "detail": 0, "format": 0, "version": 1}, {"type": "linebreak", "version": 1}, {"mode": "normal", "text": "Tambin apostamos por una conciliacin familiar real, donde las familias puedan implicarse en la educacin sin renunciar a su equilibrio personal y profesional.", "type": "text", "style": "", "detail": 0, "format": 0, "version": 1}], "direction": null, "textStyle": "", "textFormat": 0}, {"type": "paragraph", "format": "", "indent": 0, "version": 1, "children": [{"mode": "normal", "text": "Desde ", "type": "text", "style": "", "detail": 0, "format": 0, "version": 1}, {"mode": "normal", "text": "Educar Sano", "type": "text", "style": "", "detail": 0, "format": 2, "version": 1}, {"mode": "normal", "text": " queremos acompaar a quienes sienten que educar no es solo transmitir contenidos, sino formar personas activas, crticas y comprometidas con su entorno.", "type": "text", "style": "", "detail": 0, "format": 0, "version": 1}], "direction": null, "textStyle": "", "textFormat": 0}, {"type": "paragraph", "format": "", "indent": 0, "version": 1, "children": [{"mode": "normal", "text": "Educar es el reflejo de la sociedad. Por tanto, dediqumosle el rigor, la importancia y la vala que tiene.", "type": "text", "style": "", "detail": 0, "format": 0, "version": 1}], "direction": null, "textStyle": "", "textFormat": 0}, {"type": "paragraph", "format": "", "indent": 0, "version": 1, "children": [{"mode": "normal", "text": "Mi objetivo es que no te sientas perdid@ ni solo en este proceso tan fascinante y exigente que es educar, fomentando al mismo tiempo valores, conciencia social y la capacidad de ser agentes activos para un mundo ms equilibrado, justo y emptico para todxs.", "type": "text", "style": "", "detail": 0, "format": 0, "version": 1}], "direction": null, "textStyle": "", "textFormat": 0}], "direction": null}}	\N	reference	\N	\N	\N	default	t	-80	separatorWhite	about-my-vision	690276e88a378f13385b430c	visin educativa 	dark
2	840	version.layout	4930	f	\N	\N	\N	\N	t	{"root": {"type": "root", "format": "", "indent": 0, "version": 1, "children": [{"type": "paragraph", "format": "", "indent": 0, "version": 1, "children": [{"mode": "normal", "text": "Te sientes solo/a en tu camino educativo o familiar?", "type": "text", "style": "", "detail": 0, "format": 0, "version": 1}], "direction": "ltr", "textStyle": "", "textFormat": 0}, {"type": "paragraph", "format": "", "indent": 0, "version": 1, "children": [{"mode": "normal", "text": "Quieres que tus hijos o alumnos desarrollen ", "type": "text", "style": "", "detail": 0, "format": 0, "version": 1}, {"mode": "normal", "text": "herramientas para la vida", "type": "text", "style": "", "detail": 0, "format": 1, "version": 1}, {"mode": "normal", "text": "?", "type": "text", "style": "", "detail": 0, "format": 0, "version": 1}], "direction": "ltr", "textStyle": "", "textFormat": 0}, {"type": "paragraph", "format": "", "indent": 0, "version": 1, "children": [{"mode": "normal", "text": "Buscas ", "type": "text", "style": "", "detail": 0, "format": 0, "version": 1}, {"mode": "normal", "text": "estrategias y recursos", "type": "text", "style": "", "detail": 0, "format": 1, "version": 1}, {"mode": "normal", "text": " para un aula o hogar ms humano y creativo?", "type": "text", "style": "", "detail": 0, "format": 0, "version": 1}], "direction": "ltr", "textStyle": "", "textFormat": 0}, {"type": "paragraph", "format": "", "indent": 0, "version": 1, "children": [{"mode": "normal", "text": "Quieres ", "type": "text", "style": "", "detail": 0, "format": 0, "version": 1}, {"mode": "normal", "text": "volver a creer en la educacin", "type": "text", "style": "", "detail": 0, "format": 1, "version": 1}, {"mode": "normal", "text": " y motivarte cada da?", "type": "text", "style": "", "detail": 0, "format": 0, "version": 1}], "direction": "ltr", "textStyle": "", "textFormat": 0}, {"type": "paragraph", "format": "", "indent": 0, "version": 1, "children": [{"mode": "normal", "text": "Sientes que tu entorno educativo o familiar no est funcionando como te gustara y buscas un nuevo enfoque?", "type": "text", "style": "", "detail": 0, "format": 0, "version": 1}], "direction": "ltr", "textStyle": "", "textFormat": 0}, {"type": "paragraph", "format": "", "indent": 0, "version": 1, "children": [{"mode": "normal", "text": "Te gustara ensear y acompaar desde una educacin ms ", "type": "text", "style": "", "detail": 0, "format": 0, "version": 1}, {"mode": "normal", "text": "consciente, respetuosa y socialmente responsable", "type": "text", "style": "", "detail": 0, "format": 1, "version": 1}, {"mode": "normal", "text": "?", "type": "text", "style": "", "detail": 0, "format": 0, "version": 1}], "direction": "ltr", "textStyle": "", "textFormat": 0}, {"type": "block", "fields": {"id": "68f798b375fb0ceeb6989752", "style": "info", "content": {"root": {"type": "root", "format": "", "indent": 0, "version": 1, "children": [{"type": "paragraph", "format": "", "indent": 0, "version": 1, "children": [{"mode": "normal", "text": "En Educar Sano ofrezco asesora, orientacin, formacin y herramientas prcticas a familias, educadores e instituciones educativas, para transformar la educacin en un espacio ms humano, eficaz y socialmente responsable.", "type": "text", "style": "", "detail": 0, "format": 0, "version": 1}], "direction": null, "textStyle": "", "textFormat": 0}], "direction": null}}, "blockName": "Banner", "blockType": "banner"}, "format": "", "version": 2}, {"type": "quote", "format": "", "indent": 0, "version": 1, "children": [{"mode": "normal", "text": "Transforma la educacin en un espacio humano, consciente y conectado con la sociedad. ", "type": "text", "style": "", "detail": 0, "format": 0, "version": 1}, {"mode": "normal", "text": "Yo te acompao en el camino.", "type": "text", "style": "", "detail": 0, "format": 1, "version": 1}], "direction": null}], "direction": null}}	\N	reference	\N	\N	\N	default	t	-88	separatorWhite	homeQuestions	68f79891431c43bc53390a61	Preguntas	dark
3	840	version.layout	4931	t	Sobre m	t	69	t	t	{"root": {"type": "root", "format": "", "indent": 0, "version": 1, "children": [{"type": "paragraph", "format": "", "indent": 0, "version": 1, "children": [{"mode": "normal", "text": "Soy Ane, diplomada en Educacin Primaria y con ms de veinte aos de experiencia acompaando a ni@s y familias. ", "type": "text", "style": "", "detail": 0, "format": 0, "version": 1}], "direction": "ltr", "textStyle": "", "textFormat": 0}, {"type": "paragraph", "format": "", "indent": 0, "version": 1, "children": [{"mode": "normal", "text": "He vivido de cerca las dificultades del mundo educativo:", "type": "text", "style": "", "detail": 0, "format": 0, "version": 1}], "direction": "ltr", "textStyle": "", "textFormat": 0}, {"tag": "ul", "type": "list", "start": 1, "format": "", "indent": 0, "version": 1, "children": [{"type": "listitem", "value": 1, "format": "", "indent": 0, "version": 1, "children": [{"mode": "normal", "text": "Falta de recursos", "type": "text", "style": "", "detail": 0, "format": 0, "version": 1}], "direction": "ltr"}, {"type": "listitem", "value": 2, "format": "", "indent": 0, "version": 1, "children": [{"mode": "normal", "text": "Falta de gestin de la convivencia ", "type": "text", "style": "", "detail": 0, "format": 0, "version": 1}], "direction": "ltr"}, {"type": "listitem", "value": 3, "format": "", "indent": 0, "version": 1, "children": [{"mode": "normal", "text": "Escasa atencin al bienestar docente y familiar ", "type": "text", "style": "", "detail": 0, "format": 0, "version": 1}], "direction": "ltr"}], "listType": "bullet", "direction": "ltr"}, {"type": "paragraph", "format": "", "indent": 0, "version": 1, "children": [{"mode": "normal", "text": "Educar Sano nace de la necesidad de entender la compleja realidad de hoy, humanizar la educacin y convertir los entornos familiares y educativos en espacios de bienestar comn.", "type": "text", "style": "", "detail": 0, "format": 0, "version": 1}], "direction": "ltr", "textStyle": "", "textFormat": 0}, {"type": "paragraph", "format": "", "indent": 0, "version": 1, "children": [{"mode": "normal", "text": "Por eso me dedico a la asesora, consultora y formacin educativa, ofreciendo un acompaamiento humano, prctico y consciente que devuelve a la educacin su papel transformador.", "type": "text", "style": "", "detail": 0, "format": 0, "version": 1}], "direction": "ltr", "textStyle": "", "textFormat": 0}], "direction": null}}	t	reference	\N	\N	Conoce mi historia completa	default	t	-90	separatorBackground	homeAbout	68f798e6431c43bc53390a63	Sobre-m	blue
1	765	version.layout	4874	\N	\N	t	72	\N	t	{"root": {"type": "root", "format": "", "indent": 0, "version": 1, "children": [{"tag": "h2", "type": "heading", "format": "", "indent": 0, "version": 1, "children": [{"mode": "normal", "text": "QUIN SOY?", "type": "text", "style": "", "detail": 0, "format": 1, "version": 1}], "direction": null}, {"type": "paragraph", "format": "", "indent": 0, "version": 1, "children": [{"mode": "normal", "text": "Soy Ane, diplomada en educacin primaria. Desde muy pequea tuve claro que mi vocacin estaba ligada al mundo educativo. Empec muy joven a trabajar con nixs y sent desde ese momento que la docencia era mi camino.", "type": "text", "style": "", "detail": 0, "format": 0, "version": 1}], "direction": null, "textStyle": "", "textFormat": 0}, {"type": "paragraph", "format": "", "indent": 0, "version": 1, "children": [{"mode": "normal", "text": "Despus de terminar la carrera, comenc mi andadura como profesora y descubr la gran responsabilidad que implica educar. Durante mi trabajo como tutora me enfrent a diferentes dificultades y retos, te suena? Algunos de ellos fueron:", "type": "text", "style": "", "detail": 0, "format": 0, "version": 1}], "direction": null, "textStyle": "", "textFormat": 0}, {"tag": "ol", "type": "list", "start": 1, "format": "", "indent": 0, "version": 1, "children": [{"type": "listitem", "value": 1, "format": "", "indent": 0, "version": 1, "children": [{"mode": "normal", "text": "La falta de recursos, tanto acadmicos como emocionales.", "type": "text", "style": "", "detail": 0, "format": 0, "version": 1}], "direction": null}, {"type": "listitem", "value": 2, "format": "", "indent": 0, "version": 1, "children": [{"mode": "normal", "text": "La gestin con familias, docentes y equipo directivo.", "type": "text", "style": "", "detail": 0, "format": 0, "version": 1}], "direction": null}, {"type": "listitem", "value": 3, "format": "", "indent": 0, "version": 1, "children": [{"mode": "normal", "text": "La falta de apoyo y acompaamiento al profesorado.", "type": "text", "style": "", "detail": 0, "format": 0, "version": 1}], "direction": null}], "listType": "number", "direction": null}, {"type": "paragraph", "format": "", "indent": 0, "version": 1, "children": [{"mode": "normal", "text": "Toda esta experiencia me llev a seguir formndome en distintas reas para ganar conocimiento, bienestar y herramientas prcticas. Siempre me ha nacido de manera espontnea ayudar y acompaar, y las injusticias que observaba a mi alrededor me hicieron comprender que la educacin debe ser tambin un motor de transformacin social.", "type": "text", "style": "", "detail": 0, "format": 0, "version": 1}], "direction": null, "textStyle": "", "textFormat": 0}], "direction": null}}	\N	reference	\N	\N	\N	default	t	-70	\N	about-first	68fb50ed398c9978e6edfe3e	sobre-mi	dark
2	765	version.layout	4875	\N	\N	t	71	t	t	{"root": {"type": "root", "format": "", "indent": 0, "version": 1, "children": [{"type": "paragraph", "format": "", "indent": 0, "version": 1, "children": [{"mode": "normal", "text": "Hoy, despus de ms de veinte aos dedicados a la educacin y al acompaamiento de ni@s y familias, decid emprender como asesora educativa y familiar. Mi labor consiste en acompaar a educadores y familias desde mi experiencia y visin, con un enfoque humano, prctico, integral y social. ", "type": "text", "style": "", "detail": 0, "format": 0, "version": 1}], "direction": null, "textStyle": "", "textFormat": 0}, {"type": "paragraph", "format": "", "indent": 0, "version": 1, "children": [{"mode": "normal", "text": "A lo largo de mi trayectoria he mantenido una formacin continua para ofrecer un acompaamiento de la mxima calidad, basado en la experiencia, el conocimiento y las mejores herramientas educativas.", "type": "text", "style": "", "detail": 0, "format": 0, "version": 1}], "direction": null, "textStyle": "", "textFormat": 0}, {"type": "paragraph", "format": "", "indent": 0, "version": 1, "children": [{"mode": "normal", "text": "Mi objetivo es que no te sientas perdid@ ni solo en este proceso tan fascinante y exigente que es educar, fomentando al mismo tiempo valores, conciencia social y la capacidad de ser agentes activos para un mundo ms equilibrado, justo y emptico para todxs.", "type": "text", "style": "", "detail": 0, "format": 0, "version": 1}], "direction": null, "textStyle": "", "textFormat": 0}], "direction": null}}	\N	reference	\N	\N	\N	default	f	-70	\N	about-second	68fb525c398c9978e6edfe40	sobre-mi	dark
3	765	version.layout	4876	f		t	107	\N	t	{"doc": null, "root": {"type": "root", "format": "", "indent": 0, "version": 1, "children": [{"tag": "h2", "type": "heading", "format": "left", "indent": 0, "version": 1, "children": [{"mode": "normal", "text": "Formacin", "type": "text", "style": "", "detail": 0, "format": 0, "version": 1}], "direction": null}, {"tag": "ul", "type": "list", "start": 1, "format": "", "indent": 0, "version": 1, "children": [{"type": "listitem", "value": 1, "format": "", "indent": 0, "version": 1, "children": [{"mode": "normal", "text": "Diplomatura en Educacin Primaria", "type": "text", "style": "", "detail": 0, "format": 0, "version": 1}], "direction": null}, {"type": "listitem", "value": 2, "format": "", "indent": 0, "version": 1, "children": [{"mode": "normal", "text": "Experta en Educacin Emocional y Acompaamiento Educativo y Familiar", "type": "text", "style": "", "detail": 0, "format": 0, "version": 1}], "direction": null}, {"type": "listitem", "value": 3, "format": "", "indent": 0, "version": 1, "children": [{"mode": "normal", "text": "Disciplina Positiva para Familias", "type": "text", "style": "", "detail": 0, "format": 0, "version": 1}], "direction": null}, {"type": "listitem", "value": 4, "format": "", "indent": 0, "version": 1, "children": [{"mode": "normal", "text": "Instructora de Yoga y Mindfulness para ni@s, educador@s y familias", "type": "text", "style": "", "detail": 0, "format": 0, "version": 1}], "direction": null}, {"type": "listitem", "value": 5, "format": "", "indent": 0, "version": 1, "children": [{"mode": "normal", "text": "Coaching Infanto-Juvenil", "type": "text", "style": "", "detail": 0, "format": 0, "version": 1}], "direction": null}, {"type": "listitem", "value": 6, "format": "", "indent": 0, "version": 1, "children": [{"mode": "normal", "text": "Intervencin con Muecos Playmobil", "type": "text", "style": "", "detail": 0, "format": 0, "version": 1}], "direction": null}, {"type": "listitem", "value": 7, "format": "", "indent": 0, "version": 1, "children": [{"mode": "normal", "text": "Intervencin Estratgica en la Escuela", "type": "text", "style": "", "detail": 0, "format": 0, "version": 1}], "direction": null}, {"type": "listitem", "value": 8, "format": "", "indent": 0, "version": 1, "children": [{"mode": "normal", "text": "Tcnicas de Terapia Estratgica en Ni@s y Adolescentes", "type": "text", "style": "", "detail": 0, "format": 0, "version": 1}], "direction": null}, {"type": "listitem", "value": 9, "format": "", "indent": 0, "version": 1, "children": [{"mode": "normal", "text": "Formacin en la Tcnica de la Caja de Arena", "type": "text", "style": "", "detail": 0, "format": 0, "version": 1}], "direction": null}, {"type": "listitem", "value": 10, "format": "", "indent": 0, "version": 1, "children": [{"mode": "normal", "text": "Mediacin y Resolucin de Conflictos", "type": "text", "style": "", "detail": 0, "format": 0, "version": 1}], "direction": null}, {"type": "listitem", "value": 11, "format": "", "indent": 0, "version": 1, "children": [{"mode": "normal", "text": "Curso de Educacin Sexual", "type": "text", "style": "", "detail": 0, "format": 0, "version": 1}], "direction": null}], "listType": "bullet", "direction": null}], "direction": null}}	t	custom	t	https://d2kzarvvomoj6d.cloudfront.net/documents/ti2yt3bo8ny5izsensif.pdf	descargar Curriculum	default	t	-65	separatorWhite	about-academic	69026a07c0fe9717b5354e07	formacin	dark
4	765	version.layout	4877	f		t	109	t	t	{"root": {"type": "root", "format": "", "indent": 0, "version": 1, "children": [{"tag": "h2", "type": "heading", "format": "", "indent": 0, "version": 1, "children": [{"mode": "normal", "text": "Visin educativa ", "type": "text", "style": "", "detail": 0, "format": 0, "version": 1}], "direction": null}, {"type": "paragraph", "format": "", "indent": 0, "version": 1, "children": [{"mode": "normal", "text": "Educar Sano nace como respuesta a los retos que plantea la escuela actual, desde una mirada ms humana, emptica y consciente de que educar hoy implica tambin entender el mundo complejo en el que vivimos.", "type": "text", "style": "", "detail": 0, "format": 0, "version": 1}], "direction": null, "textStyle": "", "textFormat": 0}, {"type": "paragraph", "format": "", "indent": 0, "version": 1, "children": [{"mode": "normal", "text": "Creemos que la educacin debe ser un espacio de bienestar compartido para el alumnado, el profesorado y las familias donde la empata, el cuidado y la conciencia social estn en el centro.", "type": "text", "style": "", "detail": 0, "format": 0, "version": 1}], "direction": null, "textStyle": "", "textFormat": 0}, {"type": "paragraph", "format": "", "indent": 0, "version": 1, "children": [{"mode": "normal", "text": "Defendemos una escuela que respete y valore a sus docentes, garantizando condiciones laborales dignas y espacios donde puedan cuidar su salud mental y emocional.", "type": "text", "style": "", "detail": 0, "format": 0, "version": 1}, {"type": "linebreak", "version": 1}, {"mode": "normal", "text": "Tambin apostamos por una conciliacin familiar real, donde las familias puedan implicarse en la educacin sin renunciar a su equilibrio personal y profesional.", "type": "text", "style": "", "detail": 0, "format": 0, "version": 1}], "direction": null, "textStyle": "", "textFormat": 0}, {"type": "paragraph", "format": "", "indent": 0, "version": 1, "children": [{"mode": "normal", "text": "Desde ", "type": "text", "style": "", "detail": 0, "format": 0, "version": 1}, {"mode": "normal", "text": "Educar Sano", "type": "text", "style": "", "detail": 0, "format": 2, "version": 1}, {"mode": "normal", "text": " queremos acompaar a quienes sienten que educar no es solo transmitir contenidos, sino formar personas activas, crticas y comprometidas con su entorno.", "type": "text", "style": "", "detail": 0, "format": 0, "version": 1}], "direction": null, "textStyle": "", "textFormat": 0}, {"type": "paragraph", "format": "", "indent": 0, "version": 1, "children": [{"mode": "normal", "text": "Educar es el reflejo de la sociedad. Por tanto, dediqumosle el rigor, la importancia y la vala que tiene.", "type": "text", "style": "", "detail": 0, "format": 0, "version": 1}], "direction": null, "textStyle": "", "textFormat": 0}, {"type": "paragraph", "format": "", "indent": 0, "version": 1, "children": [{"mode": "normal", "text": "Mi objetivo es que no te sientas perdid@ ni solo en este proceso tan fascinante y exigente que es educar, fomentando al mismo tiempo valores, conciencia social y la capacidad de ser agentes activos para un mundo ms equilibrado, justo y emptico para todxs.", "type": "text", "style": "", "detail": 0, "format": 0, "version": 1}], "direction": null, "textStyle": "", "textFormat": 0}], "direction": null}}	\N	reference	\N	\N	\N	default	t	-80	separatorWhite	about-my-vision	690276e88a378f13385b430c	visin educativa 	dark
2	841	version.layout	4932	f	\N	\N	\N	\N	t	{"root": {"type": "root", "format": "", "indent": 0, "version": 1, "children": [{"type": "paragraph", "format": "", "indent": 0, "version": 1, "children": [{"mode": "normal", "text": "Te sientes solo/a en tu camino educativo o familiar?", "type": "text", "style": "", "detail": 0, "format": 0, "version": 1}], "direction": "ltr", "textStyle": "", "textFormat": 0}, {"type": "paragraph", "format": "", "indent": 0, "version": 1, "children": [{"mode": "normal", "text": "Quieres que tus hijos o alumnos desarrollen ", "type": "text", "style": "", "detail": 0, "format": 0, "version": 1}, {"mode": "normal", "text": "herramientas para la vida", "type": "text", "style": "", "detail": 0, "format": 1, "version": 1}, {"mode": "normal", "text": "?", "type": "text", "style": "", "detail": 0, "format": 0, "version": 1}], "direction": "ltr", "textStyle": "", "textFormat": 0}, {"type": "paragraph", "format": "", "indent": 0, "version": 1, "children": [{"mode": "normal", "text": "Buscas ", "type": "text", "style": "", "detail": 0, "format": 0, "version": 1}, {"mode": "normal", "text": "estrategias y recursos", "type": "text", "style": "", "detail": 0, "format": 1, "version": 1}, {"mode": "normal", "text": " para un aula o hogar ms humano y creativo?", "type": "text", "style": "", "detail": 0, "format": 0, "version": 1}], "direction": "ltr", "textStyle": "", "textFormat": 0}, {"type": "paragraph", "format": "", "indent": 0, "version": 1, "children": [{"mode": "normal", "text": "Quieres ", "type": "text", "style": "", "detail": 0, "format": 0, "version": 1}, {"mode": "normal", "text": "volver a creer en la educacin", "type": "text", "style": "", "detail": 0, "format": 1, "version": 1}, {"mode": "normal", "text": " y motivarte cada da?", "type": "text", "style": "", "detail": 0, "format": 0, "version": 1}], "direction": "ltr", "textStyle": "", "textFormat": 0}, {"type": "paragraph", "format": "", "indent": 0, "version": 1, "children": [{"mode": "normal", "text": "Sientes que tu entorno educativo o familiar no est funcionando como te gustara y buscas un nuevo enfoque?", "type": "text", "style": "", "detail": 0, "format": 0, "version": 1}], "direction": "ltr", "textStyle": "", "textFormat": 0}, {"type": "paragraph", "format": "", "indent": 0, "version": 1, "children": [{"mode": "normal", "text": "Te gustara ensear y acompaar desde una educacin ms ", "type": "text", "style": "", "detail": 0, "format": 0, "version": 1}, {"mode": "normal", "text": "consciente, respetuosa y socialmente responsable", "type": "text", "style": "", "detail": 0, "format": 1, "version": 1}, {"mode": "normal", "text": "?", "type": "text", "style": "", "detail": 0, "format": 0, "version": 1}], "direction": "ltr", "textStyle": "", "textFormat": 0}, {"type": "block", "fields": {"id": "68f798b375fb0ceeb6989752", "style": "info", "content": {"root": {"type": "root", "format": "", "indent": 0, "version": 1, "children": [{"type": "paragraph", "format": "", "indent": 0, "version": 1, "children": [{"mode": "normal", "text": "En Educar Sano ofrezco asesora, orientacin, formacin y herramientas prcticas a familias, educadores e instituciones educativas, para transformar la educacin en un espacio ms humano, eficaz y socialmente responsable.", "type": "text", "style": "", "detail": 0, "format": 0, "version": 1}], "direction": null, "textStyle": "", "textFormat": 0}], "direction": null}}, "blockName": "Banner", "blockType": "banner"}, "format": "", "version": 2}, {"type": "quote", "format": "", "indent": 0, "version": 1, "children": [{"mode": "normal", "text": "Transforma la educacin en un espacio humano, consciente y conectado con la sociedad. ", "type": "text", "style": "", "detail": 0, "format": 0, "version": 1}, {"mode": "normal", "text": "Yo te acompao en el camino.", "type": "text", "style": "", "detail": 0, "format": 1, "version": 1}], "direction": null}], "direction": null}}	\N	reference	\N	\N	\N	default	t	-88	separatorWhite	homeQuestions	68f79891431c43bc53390a61	Preguntas	dark
1	766	version.layout	4878	\N	\N	t	72	\N	t	{"root": {"type": "root", "format": "", "indent": 0, "version": 1, "children": [{"tag": "h2", "type": "heading", "format": "", "indent": 0, "version": 1, "children": [{"mode": "normal", "text": "QUIN SOY?", "type": "text", "style": "", "detail": 0, "format": 1, "version": 1}], "direction": null}, {"type": "paragraph", "format": "", "indent": 0, "version": 1, "children": [{"mode": "normal", "text": "Soy Ane, diplomada en educacin primaria. Desde muy pequea tuve claro que mi vocacin estaba ligada al mundo educativo. Empec muy joven a trabajar con nixs y sent desde ese momento que la docencia era mi camino.", "type": "text", "style": "", "detail": 0, "format": 0, "version": 1}], "direction": null, "textStyle": "", "textFormat": 0}, {"type": "paragraph", "format": "", "indent": 0, "version": 1, "children": [{"mode": "normal", "text": "Despus de terminar la carrera, comenc mi andadura como profesora y descubr la gran responsabilidad que implica educar. Durante mi trabajo como tutora me enfrent a diferentes dificultades y retos, te suena? Algunos de ellos fueron:", "type": "text", "style": "", "detail": 0, "format": 0, "version": 1}], "direction": null, "textStyle": "", "textFormat": 0}, {"tag": "ol", "type": "list", "start": 1, "format": "", "indent": 0, "version": 1, "children": [{"type": "listitem", "value": 1, "format": "", "indent": 0, "version": 1, "children": [{"mode": "normal", "text": "La falta de recursos, tanto acadmicos como emocionales.", "type": "text", "style": "", "detail": 0, "format": 0, "version": 1}], "direction": null}, {"type": "listitem", "value": 2, "format": "", "indent": 0, "version": 1, "children": [{"mode": "normal", "text": "La gestin con familias, docentes y equipo directivo.", "type": "text", "style": "", "detail": 0, "format": 0, "version": 1}], "direction": null}, {"type": "listitem", "value": 3, "format": "", "indent": 0, "version": 1, "children": [{"mode": "normal", "text": "La falta de apoyo y acompaamiento al profesorado.", "type": "text", "style": "", "detail": 0, "format": 0, "version": 1}], "direction": null}], "listType": "number", "direction": null}, {"type": "paragraph", "format": "", "indent": 0, "version": 1, "children": [{"mode": "normal", "text": "Toda esta experiencia me llev a seguir formndome en distintas reas para ganar conocimiento, bienestar y herramientas prcticas. Siempre me ha nacido de manera espontnea ayudar y acompaar, y las injusticias que observaba a mi alrededor me hicieron comprender que la educacin debe ser tambin un motor de transformacin social.", "type": "text", "style": "", "detail": 0, "format": 0, "version": 1}], "direction": null, "textStyle": "", "textFormat": 0}], "direction": null}}	\N	reference	\N	\N	\N	default	t	-70	\N	about-first	68fb50ed398c9978e6edfe3e	sobre-mi	dark
3	841	version.layout	4933	t	Sobre m	t	69	t	t	{"root": {"type": "root", "format": "", "indent": 0, "version": 1, "children": [{"type": "paragraph", "format": "", "indent": 0, "version": 1, "children": [{"mode": "normal", "text": "Soy Ane, diplomada en Educacin Primaria y con ms de veinte aos de experiencia acompaando a ni@s y familias. ", "type": "text", "style": "", "detail": 0, "format": 0, "version": 1}], "direction": "ltr", "textStyle": "", "textFormat": 0}, {"type": "paragraph", "format": "", "indent": 0, "version": 1, "children": [{"mode": "normal", "text": "He vivido de cerca las dificultades del mundo educativo:", "type": "text", "style": "", "detail": 0, "format": 0, "version": 1}], "direction": "ltr", "textStyle": "", "textFormat": 0}, {"tag": "ul", "type": "list", "start": 1, "format": "", "indent": 0, "version": 1, "children": [{"type": "listitem", "value": 1, "format": "", "indent": 0, "version": 1, "children": [{"mode": "normal", "text": "Falta de recursos", "type": "text", "style": "", "detail": 0, "format": 0, "version": 1}], "direction": "ltr"}, {"type": "listitem", "value": 2, "format": "", "indent": 0, "version": 1, "children": [{"mode": "normal", "text": "Falta de gestin de la convivencia ", "type": "text", "style": "", "detail": 0, "format": 0, "version": 1}], "direction": "ltr"}, {"type": "listitem", "value": 3, "format": "", "indent": 0, "version": 1, "children": [{"mode": "normal", "text": "Escasa atencin al bienestar docente y familiar ", "type": "text", "style": "", "detail": 0, "format": 0, "version": 1}], "direction": "ltr"}], "listType": "bullet", "direction": "ltr"}, {"type": "paragraph", "format": "", "indent": 0, "version": 1, "children": [{"mode": "normal", "text": "Educar Sano nace de la necesidad de entender la compleja realidad de hoy, humanizar la educacin y convertir los entornos familiares y educativos en espacios de bienestar comn.", "type": "text", "style": "", "detail": 0, "format": 0, "version": 1}], "direction": "ltr", "textStyle": "", "textFormat": 0}, {"type": "paragraph", "format": "", "indent": 0, "version": 1, "children": [{"mode": "normal", "text": "Por eso me dedico a la asesora, consultora y formacin educativa, ofreciendo un acompaamiento humano, prctico y consciente que devuelve a la educacin su papel transformador.", "type": "text", "style": "", "detail": 0, "format": 0, "version": 1}], "direction": "ltr", "textStyle": "", "textFormat": 0}], "direction": null}}	t	reference	\N	\N	Conoce mi historia completa	default	t	-90	separatorBackground	homeAbout	68f798e6431c43bc53390a63	Sobre-m	blue
2	766	version.layout	4879	\N	\N	t	71	t	t	{"root": {"type": "root", "format": "", "indent": 0, "version": 1, "children": [{"type": "paragraph", "format": "", "indent": 0, "version": 1, "children": [{"mode": "normal", "text": "Hoy, despus de ms de veinte aos dedicados a la educacin y al acompaamiento de ni@s y familias, decid emprender como asesora educativa y familiar. Mi labor consiste en acompaar a educadores y familias desde mi experiencia y visin, con un enfoque humano, prctico, integral y social. ", "type": "text", "style": "", "detail": 0, "format": 0, "version": 1}], "direction": null, "textStyle": "", "textFormat": 0}, {"type": "paragraph", "format": "", "indent": 0, "version": 1, "children": [{"mode": "normal", "text": "A lo largo de mi trayectoria he mantenido una formacin continua para ofrecer un acompaamiento de la mxima calidad, basado en la experiencia, el conocimiento y las mejores herramientas educativas.", "type": "text", "style": "", "detail": 0, "format": 0, "version": 1}], "direction": null, "textStyle": "", "textFormat": 0}, {"type": "paragraph", "format": "", "indent": 0, "version": 1, "children": [{"mode": "normal", "text": "Mi objetivo es que no te sientas perdid@ ni solo en este proceso tan fascinante y exigente que es educar, fomentando al mismo tiempo valores, conciencia social y la capacidad de ser agentes activos para un mundo ms equilibrado, justo y emptico para todxs.", "type": "text", "style": "", "detail": 0, "format": 0, "version": 1}], "direction": null, "textStyle": "", "textFormat": 0}], "direction": null}}	\N	reference	\N	\N	\N	default	f	-70	\N	about-second	68fb525c398c9978e6edfe40	sobre-mi	dark
3	766	version.layout	4880	f		t	107	\N	t	{"doc": null, "root": {"type": "root", "format": "", "indent": 0, "version": 1, "children": [{"tag": "h2", "type": "heading", "format": "left", "indent": 0, "version": 1, "children": [{"mode": "normal", "text": "Formacin", "type": "text", "style": "", "detail": 0, "format": 0, "version": 1}], "direction": null}, {"tag": "ul", "type": "list", "start": 1, "format": "", "indent": 0, "version": 1, "children": [{"type": "listitem", "value": 1, "format": "", "indent": 0, "version": 1, "children": [{"mode": "normal", "text": "Diplomatura en Educacin Primaria", "type": "text", "style": "", "detail": 0, "format": 0, "version": 1}], "direction": null}, {"type": "listitem", "value": 2, "format": "", "indent": 0, "version": 1, "children": [{"mode": "normal", "text": "Experta en Educacin Emocional y Acompaamiento Educativo y Familiar", "type": "text", "style": "", "detail": 0, "format": 0, "version": 1}], "direction": null}, {"type": "listitem", "value": 3, "format": "", "indent": 0, "version": 1, "children": [{"mode": "normal", "text": "Disciplina Positiva para Familias", "type": "text", "style": "", "detail": 0, "format": 0, "version": 1}], "direction": null}, {"type": "listitem", "value": 4, "format": "", "indent": 0, "version": 1, "children": [{"mode": "normal", "text": "Instructora de Yoga y Mindfulness para ni@s, educador@s y familias", "type": "text", "style": "", "detail": 0, "format": 0, "version": 1}], "direction": null}, {"type": "listitem", "value": 5, "format": "", "indent": 0, "version": 1, "children": [{"mode": "normal", "text": "Coaching Infanto-Juvenil", "type": "text", "style": "", "detail": 0, "format": 0, "version": 1}], "direction": null}, {"type": "listitem", "value": 6, "format": "", "indent": 0, "version": 1, "children": [{"mode": "normal", "text": "Intervencin con Muecos Playmobil", "type": "text", "style": "", "detail": 0, "format": 0, "version": 1}], "direction": null}, {"type": "listitem", "value": 7, "format": "", "indent": 0, "version": 1, "children": [{"mode": "normal", "text": "Intervencin Estratgica en la Escuela", "type": "text", "style": "", "detail": 0, "format": 0, "version": 1}], "direction": null}, {"type": "listitem", "value": 8, "format": "", "indent": 0, "version": 1, "children": [{"mode": "normal", "text": "Tcnicas de Terapia Estratgica en Ni@s y Adolescentes", "type": "text", "style": "", "detail": 0, "format": 0, "version": 1}], "direction": null}, {"type": "listitem", "value": 9, "format": "", "indent": 0, "version": 1, "children": [{"mode": "normal", "text": "Formacin en la Tcnica de la Caja de Arena", "type": "text", "style": "", "detail": 0, "format": 0, "version": 1}], "direction": null}, {"type": "listitem", "value": 10, "format": "", "indent": 0, "version": 1, "children": [{"mode": "normal", "text": "Mediacin y Resolucin de Conflictos", "type": "text", "style": "", "detail": 0, "format": 0, "version": 1}], "direction": null}, {"type": "listitem", "value": 11, "format": "", "indent": 0, "version": 1, "children": [{"mode": "normal", "text": "Curso de Educacin Sexual", "type": "text", "style": "", "detail": 0, "format": 0, "version": 1}], "direction": null}], "listType": "bullet", "direction": null}], "direction": null}}	t	custom	t	https://d2kzarvvomoj6d.cloudfront.net/documents/ti2yt3bo8ny5izsensif.pdf	descargar Curriculum	default	f	-65	separatorWhite	about-academic	69026a07c0fe9717b5354e07	formacin	dark
2	847	version.layout	4934	f	\N	\N	\N	\N	t	{"root": {"type": "root", "format": "", "indent": 0, "version": 1, "children": [{"type": "paragraph", "format": "", "indent": 0, "version": 1, "children": [{"mode": "normal", "text": "Te sientes solo/a en tu camino educativo o familiar?", "type": "text", "style": "", "detail": 0, "format": 0, "version": 1}], "direction": "ltr", "textStyle": "", "textFormat": 0}, {"type": "paragraph", "format": "", "indent": 0, "version": 1, "children": [{"mode": "normal", "text": "Quieres que tus hijos o alumnos desarrollen ", "type": "text", "style": "", "detail": 0, "format": 0, "version": 1}, {"mode": "normal", "text": "herramientas para la vida", "type": "text", "style": "", "detail": 0, "format": 1, "version": 1}, {"mode": "normal", "text": "?", "type": "text", "style": "", "detail": 0, "format": 0, "version": 1}], "direction": "ltr", "textStyle": "", "textFormat": 0}, {"type": "paragraph", "format": "", "indent": 0, "version": 1, "children": [{"mode": "normal", "text": "Buscas ", "type": "text", "style": "", "detail": 0, "format": 0, "version": 1}, {"mode": "normal", "text": "estrategias y recursos", "type": "text", "style": "", "detail": 0, "format": 1, "version": 1}, {"mode": "normal", "text": " para un aula o hogar ms humano y creativo?", "type": "text", "style": "", "detail": 0, "format": 0, "version": 1}], "direction": "ltr", "textStyle": "", "textFormat": 0}, {"type": "paragraph", "format": "", "indent": 0, "version": 1, "children": [{"mode": "normal", "text": "Quieres ", "type": "text", "style": "", "detail": 0, "format": 0, "version": 1}, {"mode": "normal", "text": "volver a creer en la educacin", "type": "text", "style": "", "detail": 0, "format": 1, "version": 1}, {"mode": "normal", "text": " y motivarte cada da?", "type": "text", "style": "", "detail": 0, "format": 0, "version": 1}], "direction": "ltr", "textStyle": "", "textFormat": 0}, {"type": "paragraph", "format": "", "indent": 0, "version": 1, "children": [{"mode": "normal", "text": "Sientes que tu entorno educativo o familiar no est funcionando como te gustara y buscas un nuevo enfoque?", "type": "text", "style": "", "detail": 0, "format": 0, "version": 1}], "direction": "ltr", "textStyle": "", "textFormat": 0}, {"type": "paragraph", "format": "", "indent": 0, "version": 1, "children": [{"mode": "normal", "text": "Te gustara ensear y acompaar desde una educacin ms ", "type": "text", "style": "", "detail": 0, "format": 0, "version": 1}, {"mode": "normal", "text": "consciente, respetuosa y socialmente responsable", "type": "text", "style": "", "detail": 0, "format": 1, "version": 1}, {"mode": "normal", "text": "?", "type": "text", "style": "", "detail": 0, "format": 0, "version": 1}], "direction": "ltr", "textStyle": "", "textFormat": 0}, {"type": "block", "fields": {"id": "68f798b375fb0ceeb6989752", "style": "info", "content": {"root": {"type": "root", "format": "", "indent": 0, "version": 1, "children": [{"type": "paragraph", "format": "", "indent": 0, "version": 1, "children": [{"mode": "normal", "text": "En Educar Sano ofrezco asesora, orientacin, formacin y herramientas prcticas a familias, educadores e instituciones educativas, para transformar la educacin en un espacio ms humano, eficaz y socialmente responsable.", "type": "text", "style": "", "detail": 0, "format": 0, "version": 1}], "direction": null, "textStyle": "", "textFormat": 0}], "direction": null}}, "blockName": "Banner", "blockType": "banner"}, "format": "", "version": 2}, {"type": "quote", "format": "", "indent": 0, "version": 1, "children": [{"mode": "normal", "text": "Transforma la educacin en un espacio humano, consciente y conectado con la sociedad. ", "type": "text", "style": "", "detail": 0, "format": 0, "version": 1}, {"mode": "normal", "text": "Yo te acompao en el camino.", "type": "text", "style": "", "detail": 0, "format": 1, "version": 1}], "direction": null}], "direction": null}}	\N	reference	\N	\N	\N	default	t	-88	separatorWhite	homeQuestions	68f79891431c43bc53390a61	Preguntas	dark
3	847	version.layout	4935	t	Sobre m	t	69	t	t	{"root": {"type": "root", "format": "", "indent": 0, "version": 1, "children": [{"type": "paragraph", "format": "", "indent": 0, "version": 1, "children": [{"mode": "normal", "text": "Soy Ane, diplomada en Educacin Primaria y con ms de veinte aos de experiencia acompaando a ni@s y familias. ", "type": "text", "style": "", "detail": 0, "format": 0, "version": 1}], "direction": "ltr", "textStyle": "", "textFormat": 0}, {"type": "paragraph", "format": "", "indent": 0, "version": 1, "children": [{"mode": "normal", "text": "He vivido de cerca las dificultades del mundo educativo:", "type": "text", "style": "", "detail": 0, "format": 0, "version": 1}], "direction": "ltr", "textStyle": "", "textFormat": 0}, {"tag": "ul", "type": "list", "start": 1, "format": "", "indent": 0, "version": 1, "children": [{"type": "listitem", "value": 1, "format": "", "indent": 0, "version": 1, "children": [{"mode": "normal", "text": "Falta de recursos", "type": "text", "style": "", "detail": 0, "format": 0, "version": 1}], "direction": "ltr"}, {"type": "listitem", "value": 2, "format": "", "indent": 0, "version": 1, "children": [{"mode": "normal", "text": "Falta de gestin de la convivencia ", "type": "text", "style": "", "detail": 0, "format": 0, "version": 1}], "direction": "ltr"}, {"type": "listitem", "value": 3, "format": "", "indent": 0, "version": 1, "children": [{"mode": "normal", "text": "Escasa atencin al bienestar docente y familiar ", "type": "text", "style": "", "detail": 0, "format": 0, "version": 1}], "direction": "ltr"}], "listType": "bullet", "direction": "ltr"}, {"type": "paragraph", "format": "", "indent": 0, "version": 1, "children": [{"mode": "normal", "text": "Educar Sano nace de la necesidad de entender la compleja realidad de hoy, humanizar la educacin y convertir los entornos familiares y educativos en espacios de bienestar comn.", "type": "text", "style": "", "detail": 0, "format": 0, "version": 1}], "direction": "ltr", "textStyle": "", "textFormat": 0}, {"type": "paragraph", "format": "", "indent": 0, "version": 1, "children": [{"mode": "normal", "text": "Por eso me dedico a la asesora, consultora y formacin educativa, ofreciendo un acompaamiento humano, prctico y consciente que devuelve a la educacin su papel transformador.", "type": "text", "style": "", "detail": 0, "format": 0, "version": 1}], "direction": "ltr", "textStyle": "", "textFormat": 0}], "direction": null}}	t	reference	\N	\N	Conoce mi historia completa	default	t	-90	separatorBackground	homeAbout	68f798e6431c43bc53390a63	Sobre-m	blue
2	848	version.layout	4936	f	\N	\N	\N	\N	t	{"root": {"type": "root", "format": "", "indent": 0, "version": 1, "children": [{"type": "paragraph", "format": "", "indent": 0, "version": 1, "children": [{"mode": "normal", "text": "Te sientes solo/a en tu camino educativo o familiar?", "type": "text", "style": "", "detail": 0, "format": 0, "version": 1}], "direction": "ltr", "textStyle": "", "textFormat": 0}, {"type": "paragraph", "format": "", "indent": 0, "version": 1, "children": [{"mode": "normal", "text": "Quieres que tus hijos o alumnos desarrollen ", "type": "text", "style": "", "detail": 0, "format": 0, "version": 1}, {"mode": "normal", "text": "herramientas para la vida", "type": "text", "style": "", "detail": 0, "format": 1, "version": 1}, {"mode": "normal", "text": "?", "type": "text", "style": "", "detail": 0, "format": 0, "version": 1}], "direction": "ltr", "textStyle": "", "textFormat": 0}, {"type": "paragraph", "format": "", "indent": 0, "version": 1, "children": [{"mode": "normal", "text": "Buscas ", "type": "text", "style": "", "detail": 0, "format": 0, "version": 1}, {"mode": "normal", "text": "estrategias y recursos", "type": "text", "style": "", "detail": 0, "format": 1, "version": 1}, {"mode": "normal", "text": " para un aula o hogar ms humano y creativo?", "type": "text", "style": "", "detail": 0, "format": 0, "version": 1}], "direction": "ltr", "textStyle": "", "textFormat": 0}, {"type": "paragraph", "format": "", "indent": 0, "version": 1, "children": [{"mode": "normal", "text": "Quieres ", "type": "text", "style": "", "detail": 0, "format": 0, "version": 1}, {"mode": "normal", "text": "volver a creer en la educacin", "type": "text", "style": "", "detail": 0, "format": 1, "version": 1}, {"mode": "normal", "text": " y motivarte cada da?", "type": "text", "style": "", "detail": 0, "format": 0, "version": 1}], "direction": "ltr", "textStyle": "", "textFormat": 0}, {"type": "paragraph", "format": "", "indent": 0, "version": 1, "children": [{"mode": "normal", "text": "Sientes que tu entorno educativo o familiar no est funcionando como te gustara y buscas un nuevo enfoque?", "type": "text", "style": "", "detail": 0, "format": 0, "version": 1}], "direction": "ltr", "textStyle": "", "textFormat": 0}, {"type": "paragraph", "format": "", "indent": 0, "version": 1, "children": [{"mode": "normal", "text": "Te gustara ensear y acompaar desde una educacin ms ", "type": "text", "style": "", "detail": 0, "format": 0, "version": 1}, {"mode": "normal", "text": "consciente, respetuosa y socialmente responsable", "type": "text", "style": "", "detail": 0, "format": 1, "version": 1}, {"mode": "normal", "text": "?", "type": "text", "style": "", "detail": 0, "format": 0, "version": 1}], "direction": "ltr", "textStyle": "", "textFormat": 0}, {"type": "block", "fields": {"id": "68f798b375fb0ceeb6989752", "style": "info", "content": {"root": {"type": "root", "format": "", "indent": 0, "version": 1, "children": [{"type": "paragraph", "format": "", "indent": 0, "version": 1, "children": [{"mode": "normal", "text": "En Educar Sano ofrezco asesora, orientacin, formacin y herramientas prcticas a familias, educadores e instituciones educativas, para transformar la educacin en un espacio ms humano, eficaz y socialmente responsable.", "type": "text", "style": "", "detail": 0, "format": 0, "version": 1}], "direction": null, "textStyle": "", "textFormat": 0}], "direction": null}}, "blockName": "Banner", "blockType": "banner"}, "format": "", "version": 2}, {"type": "quote", "format": "", "indent": 0, "version": 1, "children": [{"mode": "normal", "text": "Transforma la educacin en un espacio humano, consciente y conectado con la sociedad. ", "type": "text", "style": "", "detail": 0, "format": 0, "version": 1}, {"mode": "normal", "text": "Yo te acompao en el camino.", "type": "text", "style": "", "detail": 0, "format": 1, "version": 1}], "direction": null}], "direction": null}}	\N	reference	\N	\N	\N	default	t	-88	separatorWhite	homeQuestions	68f79891431c43bc53390a61	Preguntas	dark
4	766	version.layout	4881	f		t	109	t	t	{"root": {"type": "root", "format": "", "indent": 0, "version": 1, "children": [{"tag": "h2", "type": "heading", "format": "", "indent": 0, "version": 1, "children": [{"mode": "normal", "text": "Visin educativa ", "type": "text", "style": "", "detail": 0, "format": 0, "version": 1}], "direction": null}, {"type": "paragraph", "format": "", "indent": 0, "version": 1, "children": [{"mode": "normal", "text": "Educar Sano nace como respuesta a los retos que plantea la escuela actual, desde una mirada ms humana, emptica y consciente de que educar hoy implica tambin entender el mundo complejo en el que vivimos.", "type": "text", "style": "", "detail": 0, "format": 0, "version": 1}], "direction": null, "textStyle": "", "textFormat": 0}, {"type": "paragraph", "format": "", "indent": 0, "version": 1, "children": [{"mode": "normal", "text": "Creemos que la educacin debe ser un espacio de bienestar compartido para el alumnado, el profesorado y las familias donde la empata, el cuidado y la conciencia social estn en el centro.", "type": "text", "style": "", "detail": 0, "format": 0, "version": 1}], "direction": null, "textStyle": "", "textFormat": 0}, {"type": "paragraph", "format": "", "indent": 0, "version": 1, "children": [{"mode": "normal", "text": "Defendemos una escuela que respete y valore a sus docentes, garantizando condiciones laborales dignas y espacios donde puedan cuidar su salud mental y emocional.", "type": "text", "style": "", "detail": 0, "format": 0, "version": 1}, {"type": "linebreak", "version": 1}, {"mode": "normal", "text": "Tambin apostamos por una conciliacin familiar real, donde las familias puedan implicarse en la educacin sin renunciar a su equilibrio personal y profesional.", "type": "text", "style": "", "detail": 0, "format": 0, "version": 1}], "direction": null, "textStyle": "", "textFormat": 0}, {"type": "paragraph", "format": "", "indent": 0, "version": 1, "children": [{"mode": "normal", "text": "Desde ", "type": "text", "style": "", "detail": 0, "format": 0, "version": 1}, {"mode": "normal", "text": "Educar Sano", "type": "text", "style": "", "detail": 0, "format": 2, "version": 1}, {"mode": "normal", "text": " queremos acompaar a quienes sienten que educar no es solo transmitir contenidos, sino formar personas activas, crticas y comprometidas con su entorno.", "type": "text", "style": "", "detail": 0, "format": 0, "version": 1}], "direction": null, "textStyle": "", "textFormat": 0}, {"type": "paragraph", "format": "", "indent": 0, "version": 1, "children": [{"mode": "normal", "text": "Educar es el reflejo de la sociedad. Por tanto, dediqumosle el rigor, la importancia y la vala que tiene.", "type": "text", "style": "", "detail": 0, "format": 0, "version": 1}], "direction": null, "textStyle": "", "textFormat": 0}, {"type": "paragraph", "format": "", "indent": 0, "version": 1, "children": [{"mode": "normal", "text": "Mi objetivo es que no te sientas perdid@ ni solo en este proceso tan fascinante y exigente que es educar, fomentando al mismo tiempo valores, conciencia social y la capacidad de ser agentes activos para un mundo ms equilibrado, justo y emptico para todxs.", "type": "text", "style": "", "detail": 0, "format": 0, "version": 1}], "direction": null, "textStyle": "", "textFormat": 0}], "direction": null}}	\N	reference	\N	\N	\N	default	t	-80	separatorWhite	about-my-vision	690276e88a378f13385b430c	visin educativa 	dark
3	848	version.layout	4937	t	Sobre m	t	69	t	t	{"root": {"type": "root", "format": "", "indent": 0, "version": 1, "children": [{"type": "paragraph", "format": "", "indent": 0, "version": 1, "children": [{"mode": "normal", "text": "Soy Ane, diplomada en Educacin Primaria y con ms de veinte aos de experiencia acompaando a ni@s y familias. ", "type": "text", "style": "", "detail": 0, "format": 0, "version": 1}], "direction": "ltr", "textStyle": "", "textFormat": 0}, {"type": "paragraph", "format": "", "indent": 0, "version": 1, "children": [{"mode": "normal", "text": "He vivido de cerca las dificultades del mundo educativo:", "type": "text", "style": "", "detail": 0, "format": 0, "version": 1}], "direction": "ltr", "textStyle": "", "textFormat": 0}, {"tag": "ul", "type": "list", "start": 1, "format": "", "indent": 0, "version": 1, "children": [{"type": "listitem", "value": 1, "format": "", "indent": 0, "version": 1, "children": [{"mode": "normal", "text": "Falta de recursos", "type": "text", "style": "", "detail": 0, "format": 0, "version": 1}], "direction": "ltr"}, {"type": "listitem", "value": 2, "format": "", "indent": 0, "version": 1, "children": [{"mode": "normal", "text": "Falta de gestin de la convivencia ", "type": "text", "style": "", "detail": 0, "format": 0, "version": 1}], "direction": "ltr"}, {"type": "listitem", "value": 3, "format": "", "indent": 0, "version": 1, "children": [{"mode": "normal", "text": "Escasa atencin al bienestar docente y familiar ", "type": "text", "style": "", "detail": 0, "format": 0, "version": 1}], "direction": "ltr"}], "listType": "bullet", "direction": "ltr"}, {"type": "paragraph", "format": "", "indent": 0, "version": 1, "children": [{"mode": "normal", "text": "Educar Sano nace de la necesidad de entender la compleja realidad de hoy, humanizar la educacin y convertir los entornos familiares y educativos en espacios de bienestar comn.", "type": "text", "style": "", "detail": 0, "format": 0, "version": 1}], "direction": "ltr", "textStyle": "", "textFormat": 0}, {"type": "paragraph", "format": "", "indent": 0, "version": 1, "children": [{"mode": "normal", "text": "Por eso me dedico a la asesora, consultora y formacin educativa, ofreciendo un acompaamiento humano, prctico y consciente que devuelve a la educacin su papel transformador.", "type": "text", "style": "", "detail": 0, "format": 0, "version": 1}], "direction": "ltr", "textStyle": "", "textFormat": 0}], "direction": null}}	t	reference	\N	\N	Conoce mi historia completa	default	t	-90	separatorBackground	homeAbout	68f798e6431c43bc53390a63	Sobre-m	blue
2	868	version.layout	4938	f	\N	\N	\N	\N	t	{"root": {"type": "root", "format": "", "indent": 0, "version": 1, "children": [{"type": "paragraph", "format": "", "indent": 0, "version": 1, "children": [{"mode": "normal", "text": "Te sientes solo/a en tu camino educativo o familiar?", "type": "text", "style": "", "detail": 0, "format": 0, "version": 1}], "direction": "ltr", "textStyle": "", "textFormat": 0}, {"type": "paragraph", "format": "", "indent": 0, "version": 1, "children": [{"mode": "normal", "text": "Quieres que tus hijos o alumnos desarrollen ", "type": "text", "style": "", "detail": 0, "format": 0, "version": 1}, {"mode": "normal", "text": "herramientas para la vida", "type": "text", "style": "", "detail": 0, "format": 1, "version": 1}, {"mode": "normal", "text": "?", "type": "text", "style": "", "detail": 0, "format": 0, "version": 1}], "direction": "ltr", "textStyle": "", "textFormat": 0}, {"type": "paragraph", "format": "", "indent": 0, "version": 1, "children": [{"mode": "normal", "text": "Buscas ", "type": "text", "style": "", "detail": 0, "format": 0, "version": 1}, {"mode": "normal", "text": "estrategias y recursos", "type": "text", "style": "", "detail": 0, "format": 1, "version": 1}, {"mode": "normal", "text": " para un aula o hogar ms humano y creativo?", "type": "text", "style": "", "detail": 0, "format": 0, "version": 1}], "direction": "ltr", "textStyle": "", "textFormat": 0}, {"type": "paragraph", "format": "", "indent": 0, "version": 1, "children": [{"mode": "normal", "text": "Quieres ", "type": "text", "style": "", "detail": 0, "format": 0, "version": 1}, {"mode": "normal", "text": "volver a creer en la educacin", "type": "text", "style": "", "detail": 0, "format": 1, "version": 1}, {"mode": "normal", "text": " y motivarte cada da?", "type": "text", "style": "", "detail": 0, "format": 0, "version": 1}], "direction": "ltr", "textStyle": "", "textFormat": 0}, {"type": "paragraph", "format": "", "indent": 0, "version": 1, "children": [{"mode": "normal", "text": "Sientes que tu entorno educativo o familiar no est funcionando como te gustara y buscas un nuevo enfoque?", "type": "text", "style": "", "detail": 0, "format": 0, "version": 1}], "direction": "ltr", "textStyle": "", "textFormat": 0}, {"type": "paragraph", "format": "", "indent": 0, "version": 1, "children": [{"mode": "normal", "text": "Te gustara ensear y acompaar desde una educacin ms ", "type": "text", "style": "", "detail": 0, "format": 0, "version": 1}, {"mode": "normal", "text": "consciente, respetuosa y socialmente responsable", "type": "text", "style": "", "detail": 0, "format": 1, "version": 1}, {"mode": "normal", "text": "?", "type": "text", "style": "", "detail": 0, "format": 0, "version": 1}], "direction": "ltr", "textStyle": "", "textFormat": 0}, {"type": "block", "fields": {"id": "68f798b375fb0ceeb6989752", "style": "info", "content": {"root": {"type": "root", "format": "", "indent": 0, "version": 1, "children": [{"type": "paragraph", "format": "", "indent": 0, "version": 1, "children": [{"mode": "normal", "text": "En Educar Sano ofrezco asesora, orientacin, formacin y herramientas prcticas a familias, educadores e instituciones educativas, para transformar la educacin en un espacio ms humano, eficaz y socialmente responsable.", "type": "text", "style": "", "detail": 0, "format": 0, "version": 1}], "direction": null, "textStyle": "", "textFormat": 0}], "direction": null}}, "blockName": "Banner", "blockType": "banner"}, "format": "", "version": 2}, {"type": "quote", "format": "", "indent": 0, "version": 1, "children": [{"mode": "normal", "text": "Transforma la educacin en un espacio humano, consciente y conectado con la sociedad. ", "type": "text", "style": "", "detail": 0, "format": 0, "version": 1}, {"mode": "normal", "text": "Yo te acompao en el camino.", "type": "text", "style": "", "detail": 0, "format": 1, "version": 1}], "direction": null}], "direction": null}}	\N	reference	\N	\N	\N	default	t	-88	separatorWhite	homeQuestions	68f79891431c43bc53390a61	Preguntas	dark
3	868	version.layout	4939	t	Sobre m	t	69	t	t	{"root": {"type": "root", "format": "", "indent": 0, "version": 1, "children": [{"type": "paragraph", "format": "", "indent": 0, "version": 1, "children": [{"mode": "normal", "text": "Soy Ane, diplomada en Educacin Primaria y con ms de veinte aos de experiencia acompaando a ni@s y familias. ", "type": "text", "style": "", "detail": 0, "format": 0, "version": 1}], "direction": "ltr", "textStyle": "", "textFormat": 0}, {"type": "paragraph", "format": "", "indent": 0, "version": 1, "children": [{"mode": "normal", "text": "He vivido de cerca las dificultades del mundo educativo:", "type": "text", "style": "", "detail": 0, "format": 0, "version": 1}], "direction": "ltr", "textStyle": "", "textFormat": 0}, {"tag": "ul", "type": "list", "start": 1, "format": "", "indent": 0, "version": 1, "children": [{"type": "listitem", "value": 1, "format": "", "indent": 0, "version": 1, "children": [{"mode": "normal", "text": "Falta de recursos", "type": "text", "style": "", "detail": 0, "format": 0, "version": 1}], "direction": "ltr"}, {"type": "listitem", "value": 2, "format": "", "indent": 0, "version": 1, "children": [{"mode": "normal", "text": "Falta de gestin de la convivencia ", "type": "text", "style": "", "detail": 0, "format": 0, "version": 1}], "direction": "ltr"}, {"type": "listitem", "value": 3, "format": "", "indent": 0, "version": 1, "children": [{"mode": "normal", "text": "Escasa atencin al bienestar docente y familiar ", "type": "text", "style": "", "detail": 0, "format": 0, "version": 1}], "direction": "ltr"}], "listType": "bullet", "direction": "ltr"}, {"type": "paragraph", "format": "", "indent": 0, "version": 1, "children": [{"mode": "normal", "text": "Educar Sano nace de la necesidad de entender la compleja realidad de hoy, humanizar la educacin y convertir los entornos familiares y educativos en espacios de bienestar comn.", "type": "text", "style": "", "detail": 0, "format": 0, "version": 1}], "direction": "ltr", "textStyle": "", "textFormat": 0}, {"type": "paragraph", "format": "", "indent": 0, "version": 1, "children": [{"mode": "normal", "text": "Por eso me dedico a la asesora, consultora y formacin educativa, ofreciendo un acompaamiento humano, prctico y consciente que devuelve a la educacin su papel transformador.", "type": "text", "style": "", "detail": 0, "format": 0, "version": 1}], "direction": "ltr", "textStyle": "", "textFormat": 0}], "direction": null}}	t	reference	\N	\N	Conoce mi historia completa	default	t	-90	separatorBackground	homeAbout	68f798e6431c43bc53390a63	Sobre-m	blue
1	767	version.layout	4882	\N	\N	t	72	\N	t	{"root": {"type": "root", "format": "", "indent": 0, "version": 1, "children": [{"tag": "h2", "type": "heading", "format": "", "indent": 0, "version": 1, "children": [{"mode": "normal", "text": "QUIN SOY?", "type": "text", "style": "", "detail": 0, "format": 1, "version": 1}], "direction": null}, {"type": "paragraph", "format": "", "indent": 0, "version": 1, "children": [{"mode": "normal", "text": "Soy Ane, diplomada en educacin primaria. Desde muy pequea tuve claro que mi vocacin estaba ligada al mundo educativo. Empec muy joven a trabajar con nixs y sent desde ese momento que la docencia era mi camino.", "type": "text", "style": "", "detail": 0, "format": 0, "version": 1}], "direction": null, "textStyle": "", "textFormat": 0}, {"type": "paragraph", "format": "", "indent": 0, "version": 1, "children": [{"mode": "normal", "text": "Despus de terminar la carrera, comenc mi andadura como profesora y descubr la gran responsabilidad que implica educar. Durante mi trabajo como tutora me enfrent a diferentes dificultades y retos, te suena? Algunos de ellos fueron:", "type": "text", "style": "", "detail": 0, "format": 0, "version": 1}], "direction": null, "textStyle": "", "textFormat": 0}, {"tag": "ol", "type": "list", "start": 1, "format": "", "indent": 0, "version": 1, "children": [{"type": "listitem", "value": 1, "format": "", "indent": 0, "version": 1, "children": [{"mode": "normal", "text": "La falta de recursos, tanto acadmicos como emocionales.", "type": "text", "style": "", "detail": 0, "format": 0, "version": 1}], "direction": null}, {"type": "listitem", "value": 2, "format": "", "indent": 0, "version": 1, "children": [{"mode": "normal", "text": "La gestin con familias, docentes y equipo directivo.", "type": "text", "style": "", "detail": 0, "format": 0, "version": 1}], "direction": null}, {"type": "listitem", "value": 3, "format": "", "indent": 0, "version": 1, "children": [{"mode": "normal", "text": "La falta de apoyo y acompaamiento al profesorado.", "type": "text", "style": "", "detail": 0, "format": 0, "version": 1}], "direction": null}], "listType": "number", "direction": null}, {"type": "paragraph", "format": "", "indent": 0, "version": 1, "children": [{"mode": "normal", "text": "Toda esta experiencia me llev a seguir formndome en distintas reas para ganar conocimiento, bienestar y herramientas prcticas. Siempre me ha nacido de manera espontnea ayudar y acompaar, y las injusticias que observaba a mi alrededor me hicieron comprender que la educacin debe ser tambin un motor de transformacin social.", "type": "text", "style": "", "detail": 0, "format": 0, "version": 1}], "direction": null, "textStyle": "", "textFormat": 0}], "direction": null}}	\N	reference	\N	\N	\N	default	t	-70	\N	about-first	68fb50ed398c9978e6edfe3e	sobre-mi	dark
2	767	version.layout	4883	\N	\N	t	71	t	t	{"root": {"type": "root", "format": "", "indent": 0, "version": 1, "children": [{"type": "paragraph", "format": "", "indent": 0, "version": 1, "children": [{"mode": "normal", "text": "Hoy, despus de ms de veinte aos dedicados a la educacin y al acompaamiento de ni@s y familias, decid emprender como asesora educativa y familiar. Mi labor consiste en acompaar a educadores y familias desde mi experiencia y visin, con un enfoque humano, prctico, integral y social. ", "type": "text", "style": "", "detail": 0, "format": 0, "version": 1}], "direction": null, "textStyle": "", "textFormat": 0}, {"type": "paragraph", "format": "", "indent": 0, "version": 1, "children": [{"mode": "normal", "text": "A lo largo de mi trayectoria he mantenido una formacin continua para ofrecer un acompaamiento de la mxima calidad, basado en la experiencia, el conocimiento y las mejores herramientas educativas.", "type": "text", "style": "", "detail": 0, "format": 0, "version": 1}], "direction": null, "textStyle": "", "textFormat": 0}, {"type": "paragraph", "format": "", "indent": 0, "version": 1, "children": [{"mode": "normal", "text": "Mi objetivo es que no te sientas perdid@ ni solo en este proceso tan fascinante y exigente que es educar, fomentando al mismo tiempo valores, conciencia social y la capacidad de ser agentes activos para un mundo ms equilibrado, justo y emptico para todxs.", "type": "text", "style": "", "detail": 0, "format": 0, "version": 1}], "direction": null, "textStyle": "", "textFormat": 0}], "direction": null}}	\N	reference	\N	\N	\N	default	f	-70	\N	about-second	68fb525c398c9978e6edfe40	sobre-mi	dark
3	767	version.layout	4884	f		t	107	\N	t	{"doc": null, "root": {"type": "root", "format": "", "indent": 0, "version": 1, "children": [{"tag": "h2", "type": "heading", "format": "left", "indent": 0, "version": 1, "children": [{"mode": "normal", "text": "Formacin", "type": "text", "style": "", "detail": 0, "format": 0, "version": 1}], "direction": null}, {"tag": "ul", "type": "list", "start": 1, "format": "", "indent": 0, "version": 1, "children": [{"type": "listitem", "value": 1, "format": "", "indent": 0, "version": 1, "children": [{"mode": "normal", "text": "Diplomatura en Educacin Primaria", "type": "text", "style": "", "detail": 0, "format": 0, "version": 1}], "direction": null}, {"type": "listitem", "value": 2, "format": "", "indent": 0, "version": 1, "children": [{"mode": "normal", "text": "Experta en Educacin Emocional y Acompaamiento Educativo y Familiar", "type": "text", "style": "", "detail": 0, "format": 0, "version": 1}], "direction": null}, {"type": "listitem", "value": 3, "format": "", "indent": 0, "version": 1, "children": [{"mode": "normal", "text": "Disciplina Positiva para Familias", "type": "text", "style": "", "detail": 0, "format": 0, "version": 1}], "direction": null}, {"type": "listitem", "value": 4, "format": "", "indent": 0, "version": 1, "children": [{"mode": "normal", "text": "Instructora de Yoga y Mindfulness para ni@s, educador@s y familias", "type": "text", "style": "", "detail": 0, "format": 0, "version": 1}], "direction": null}, {"type": "listitem", "value": 5, "format": "", "indent": 0, "version": 1, "children": [{"mode": "normal", "text": "Coaching Infanto-Juvenil", "type": "text", "style": "", "detail": 0, "format": 0, "version": 1}], "direction": null}, {"type": "listitem", "value": 6, "format": "", "indent": 0, "version": 1, "children": [{"mode": "normal", "text": "Intervencin con Muecos Playmobil", "type": "text", "style": "", "detail": 0, "format": 0, "version": 1}], "direction": null}, {"type": "listitem", "value": 7, "format": "", "indent": 0, "version": 1, "children": [{"mode": "normal", "text": "Intervencin Estratgica en la Escuela", "type": "text", "style": "", "detail": 0, "format": 0, "version": 1}], "direction": null}, {"type": "listitem", "value": 8, "format": "", "indent": 0, "version": 1, "children": [{"mode": "normal", "text": "Tcnicas de Terapia Estratgica en Ni@s y Adolescentes", "type": "text", "style": "", "detail": 0, "format": 0, "version": 1}], "direction": null}, {"type": "listitem", "value": 9, "format": "", "indent": 0, "version": 1, "children": [{"mode": "normal", "text": "Formacin en la Tcnica de la Caja de Arena", "type": "text", "style": "", "detail": 0, "format": 0, "version": 1}], "direction": null}, {"type": "listitem", "value": 10, "format": "", "indent": 0, "version": 1, "children": [{"mode": "normal", "text": "Mediacin y Resolucin de Conflictos", "type": "text", "style": "", "detail": 0, "format": 0, "version": 1}], "direction": null}, {"type": "listitem", "value": 11, "format": "", "indent": 0, "version": 1, "children": [{"mode": "normal", "text": "Curso de Educacin Sexual", "type": "text", "style": "", "detail": 0, "format": 0, "version": 1}], "direction": null}], "listType": "bullet", "direction": null}], "direction": null}}	t	custom	t	https://d2kzarvvomoj6d.cloudfront.net/documents/ti2yt3bo8ny5izsensif.pdf	descargar Curriculum	default	f	-65	separatorBackground	about-academic	69026a07c0fe9717b5354e07	formacin	dark
1	869	version.layout	4940	\N	\N	t	72	\N	t	{"root": {"type": "root", "format": "", "indent": 0, "version": 1, "children": [{"tag": "h2", "type": "heading", "format": "", "indent": 0, "version": 1, "children": [{"mode": "normal", "text": "QUIN SOY?", "type": "text", "style": "", "detail": 0, "format": 1, "version": 1}], "direction": null}, {"type": "paragraph", "format": "", "indent": 0, "version": 1, "children": [{"mode": "normal", "text": "Soy Ane, diplomada en educacin primaria. Desde muy pequea tuve claro que mi vocacin estaba ligada al mundo educativo. Empec muy joven a trabajar con nixs y sent desde ese momento que la docencia era mi camino.", "type": "text", "style": "", "detail": 0, "format": 0, "version": 1}], "direction": null, "textStyle": "", "textFormat": 0}, {"type": "paragraph", "format": "", "indent": 0, "version": 1, "children": [{"mode": "normal", "text": "Despus de terminar la carrera, comenc mi andadura como profesora y descubr la gran responsabilidad que implica educar. Durante mi trabajo como tutora me enfrent a diferentes dificultades y retos, te suena? Algunos de ellos fueron:", "type": "text", "style": "", "detail": 0, "format": 0, "version": 1}], "direction": null, "textStyle": "", "textFormat": 0}, {"tag": "ol", "type": "list", "start": 1, "format": "", "indent": 0, "version": 1, "children": [{"type": "listitem", "value": 1, "format": "", "indent": 0, "version": 1, "children": [{"mode": "normal", "text": "La falta de recursos, tanto acadmicos como emocionales.", "type": "text", "style": "", "detail": 0, "format": 0, "version": 1}], "direction": null}, {"type": "listitem", "value": 2, "format": "", "indent": 0, "version": 1, "children": [{"mode": "normal", "text": "La gestin con familias, docentes y equipo directivo.", "type": "text", "style": "", "detail": 0, "format": 0, "version": 1}], "direction": null}, {"type": "listitem", "value": 3, "format": "", "indent": 0, "version": 1, "children": [{"mode": "normal", "text": "La falta de apoyo y acompaamiento al profesorado.", "type": "text", "style": "", "detail": 0, "format": 0, "version": 1}], "direction": null}], "listType": "number", "direction": null}, {"type": "paragraph", "format": "", "indent": 0, "version": 1, "children": [{"mode": "normal", "text": "Toda esta experiencia me llev a seguir formndome en distintas reas para ganar conocimiento, bienestar y herramientas prcticas. Siempre me ha nacido de manera espontnea ayudar y acompaar, y las injusticias que observaba a mi alrededor me hicieron comprender que la educacin debe ser tambin un motor de transformacin social.", "type": "text", "style": "", "detail": 0, "format": 0, "version": 1}], "direction": null, "textStyle": "", "textFormat": 0}], "direction": null}}	\N	reference	\N	\N	\N	default	f	-70	separatorBackground	about-first	68fb50ed398c9978e6edfe3e	sobre-mi	dark
4	767	version.layout	4885	f		t	109	t	t	{"root": {"type": "root", "format": "", "indent": 0, "version": 1, "children": [{"tag": "h2", "type": "heading", "format": "", "indent": 0, "version": 1, "children": [{"mode": "normal", "text": "Visin educativa ", "type": "text", "style": "", "detail": 0, "format": 0, "version": 1}], "direction": null}, {"type": "paragraph", "format": "", "indent": 0, "version": 1, "children": [{"mode": "normal", "text": "Educar Sano nace como respuesta a los retos que plantea la escuela actual, desde una mirada ms humana, emptica y consciente de que educar hoy implica tambin entender el mundo complejo en el que vivimos.", "type": "text", "style": "", "detail": 0, "format": 0, "version": 1}], "direction": null, "textStyle": "", "textFormat": 0}, {"type": "paragraph", "format": "", "indent": 0, "version": 1, "children": [{"mode": "normal", "text": "Creemos que la educacin debe ser un espacio de bienestar compartido para el alumnado, el profesorado y las familias donde la empata, el cuidado y la conciencia social estn en el centro.", "type": "text", "style": "", "detail": 0, "format": 0, "version": 1}], "direction": null, "textStyle": "", "textFormat": 0}, {"type": "paragraph", "format": "", "indent": 0, "version": 1, "children": [{"mode": "normal", "text": "Defendemos una escuela que respete y valore a sus docentes, garantizando condiciones laborales dignas y espacios donde puedan cuidar su salud mental y emocional.", "type": "text", "style": "", "detail": 0, "format": 0, "version": 1}, {"type": "linebreak", "version": 1}, {"mode": "normal", "text": "Tambin apostamos por una conciliacin familiar real, donde las familias puedan implicarse en la educacin sin renunciar a su equilibrio personal y profesional.", "type": "text", "style": "", "detail": 0, "format": 0, "version": 1}], "direction": null, "textStyle": "", "textFormat": 0}, {"type": "paragraph", "format": "", "indent": 0, "version": 1, "children": [{"mode": "normal", "text": "Desde ", "type": "text", "style": "", "detail": 0, "format": 0, "version": 1}, {"mode": "normal", "text": "Educar Sano", "type": "text", "style": "", "detail": 0, "format": 2, "version": 1}, {"mode": "normal", "text": " queremos acompaar a quienes sienten que educar no es solo transmitir contenidos, sino formar personas activas, crticas y comprometidas con su entorno.", "type": "text", "style": "", "detail": 0, "format": 0, "version": 1}], "direction": null, "textStyle": "", "textFormat": 0}, {"type": "paragraph", "format": "", "indent": 0, "version": 1, "children": [{"mode": "normal", "text": "Educar es el reflejo de la sociedad. Por tanto, dediqumosle el rigor, la importancia y la vala que tiene.", "type": "text", "style": "", "detail": 0, "format": 0, "version": 1}], "direction": null, "textStyle": "", "textFormat": 0}, {"type": "paragraph", "format": "", "indent": 0, "version": 1, "children": [{"mode": "normal", "text": "Mi objetivo es que no te sientas perdid@ ni solo en este proceso tan fascinante y exigente que es educar, fomentando al mismo tiempo valores, conciencia social y la capacidad de ser agentes activos para un mundo ms equilibrado, justo y emptico para todxs.", "type": "text", "style": "", "detail": 0, "format": 0, "version": 1}], "direction": null, "textStyle": "", "textFormat": 0}], "direction": null}}	\N	reference	\N	\N	\N	default	t	-80	separatorWhite	about-my-vision	690276e88a378f13385b430c	visin educativa 	dark
2	869	version.layout	4941	\N	\N	t	71	t	t	{"root": {"type": "root", "format": "", "indent": 0, "version": 1, "children": [{"type": "paragraph", "format": "", "indent": 0, "version": 1, "children": [{"mode": "normal", "text": "Hoy, despus de ms de veinte aos dedicados a la educacin y al acompaamiento de ni@s y familias, decid emprender como asesora educativa y familiar. Mi labor consiste en acompaar a educadores y familias desde mi experiencia y visin, con un enfoque humano, prctico, integral y social. ", "type": "text", "style": "", "detail": 0, "format": 0, "version": 1}], "direction": null, "textStyle": "", "textFormat": 0}, {"type": "paragraph", "format": "", "indent": 0, "version": 1, "children": [{"mode": "normal", "text": "A lo largo de mi trayectoria he mantenido una formacin continua para ofrecer un acompaamiento de la mxima calidad, basado en la experiencia, el conocimiento y las mejores herramientas educativas.", "type": "text", "style": "", "detail": 0, "format": 0, "version": 1}], "direction": null, "textStyle": "", "textFormat": 0}, {"type": "paragraph", "format": "", "indent": 0, "version": 1, "children": [{"mode": "normal", "text": "Mi objetivo es que no te sientas perdid@ ni solo en este proceso tan fascinante y exigente que es educar, fomentando al mismo tiempo valores, conciencia social y la capacidad de ser agentes activos para un mundo ms equilibrado, justo y emptico para todxs.", "type": "text", "style": "", "detail": 0, "format": 0, "version": 1}], "direction": null, "textStyle": "", "textFormat": 0}], "direction": null}}	\N	reference	\N	\N	\N	default	f	-70	\N	about-second	68fb525c398c9978e6edfe40	sobre-mi	dark
3	869	version.layout	4942	f		t	107	\N	t	{"doc": null, "root": {"type": "root", "format": "", "indent": 0, "version": 1, "children": [{"tag": "h2", "type": "heading", "format": "left", "indent": 0, "version": 1, "children": [{"mode": "normal", "text": "Formacin", "type": "text", "style": "", "detail": 0, "format": 0, "version": 1}], "direction": null}, {"tag": "ul", "type": "list", "start": 1, "format": "", "indent": 0, "version": 1, "children": [{"type": "listitem", "value": 1, "format": "", "indent": 0, "version": 1, "children": [{"mode": "normal", "text": "Diplomatura en Educacin Primaria", "type": "text", "style": "", "detail": 0, "format": 0, "version": 1}], "direction": null}, {"type": "listitem", "value": 2, "format": "", "indent": 0, "version": 1, "children": [{"mode": "normal", "text": "Experta en Educacin Emocional y Acompaamiento Educativo y Familiar", "type": "text", "style": "", "detail": 0, "format": 0, "version": 1}], "direction": null}, {"type": "listitem", "value": 3, "format": "", "indent": 0, "version": 1, "children": [{"mode": "normal", "text": "Disciplina Positiva para Familias", "type": "text", "style": "", "detail": 0, "format": 0, "version": 1}], "direction": null}, {"type": "listitem", "value": 4, "format": "", "indent": 0, "version": 1, "children": [{"mode": "normal", "text": "Instructora de Yoga y Mindfulness para ni@s, educador@s y familias", "type": "text", "style": "", "detail": 0, "format": 0, "version": 1}], "direction": null}, {"type": "listitem", "value": 5, "format": "", "indent": 0, "version": 1, "children": [{"mode": "normal", "text": "Coaching Infanto-Juvenil", "type": "text", "style": "", "detail": 0, "format": 0, "version": 1}], "direction": null}, {"type": "listitem", "value": 6, "format": "", "indent": 0, "version": 1, "children": [{"mode": "normal", "text": "Intervencin con Muecos Playmobil", "type": "text", "style": "", "detail": 0, "format": 0, "version": 1}], "direction": null}, {"type": "listitem", "value": 7, "format": "", "indent": 0, "version": 1, "children": [{"mode": "normal", "text": "Intervencin Estratgica en la Escuela", "type": "text", "style": "", "detail": 0, "format": 0, "version": 1}], "direction": null}, {"type": "listitem", "value": 8, "format": "", "indent": 0, "version": 1, "children": [{"mode": "normal", "text": "Tcnicas de Terapia Estratgica en Ni@s y Adolescentes", "type": "text", "style": "", "detail": 0, "format": 0, "version": 1}], "direction": null}, {"type": "listitem", "value": 9, "format": "", "indent": 0, "version": 1, "children": [{"mode": "normal", "text": "Formacin en la Tcnica de la Caja de Arena", "type": "text", "style": "", "detail": 0, "format": 0, "version": 1}], "direction": null}, {"type": "listitem", "value": 10, "format": "", "indent": 0, "version": 1, "children": [{"mode": "normal", "text": "Mediacin y Resolucin de Conflictos", "type": "text", "style": "", "detail": 0, "format": 0, "version": 1}], "direction": null}, {"type": "listitem", "value": 11, "format": "", "indent": 0, "version": 1, "children": [{"mode": "normal", "text": "Curso de Educacin Sexual", "type": "text", "style": "", "detail": 0, "format": 0, "version": 1}], "direction": null}], "listType": "bullet", "direction": null}], "direction": null}}	t	custom	t	https://d2kzarvvomoj6d.cloudfront.net/documents/ti2yt3bo8ny5izsensif.pdf	descargar Curriculum	default	f	-65	separatorBackground	about-academic	69026a07c0fe9717b5354e07	formacin	dark
4	869	version.layout	4943	f		t	109	t	t	{"root": {"type": "root", "format": "", "indent": 0, "version": 1, "children": [{"tag": "h2", "type": "heading", "format": "", "indent": 0, "version": 1, "children": [{"mode": "normal", "text": "Visin educativa ", "type": "text", "style": "", "detail": 0, "format": 0, "version": 1}], "direction": null}, {"type": "paragraph", "format": "", "indent": 0, "version": 1, "children": [{"mode": "normal", "text": "Educar Sano nace como respuesta a los retos que plantea la escuela actual, desde una mirada ms humana, emptica y consciente de que educar hoy implica tambin entender el mundo complejo en el que vivimos.", "type": "text", "style": "", "detail": 0, "format": 0, "version": 1}], "direction": null, "textStyle": "", "textFormat": 0}, {"type": "paragraph", "format": "", "indent": 0, "version": 1, "children": [{"mode": "normal", "text": "Creemos que la educacin debe ser un espacio de bienestar compartido para el alumnado, el profesorado y las familias donde la empata, el cuidado y la conciencia social estn en el centro.", "type": "text", "style": "", "detail": 0, "format": 0, "version": 1}], "direction": null, "textStyle": "", "textFormat": 0}, {"type": "paragraph", "format": "", "indent": 0, "version": 1, "children": [{"mode": "normal", "text": "Defendemos una escuela que respete y valore a sus docentes, garantizando condiciones laborales dignas y espacios donde puedan cuidar su salud mental y emocional.", "type": "text", "style": "", "detail": 0, "format": 0, "version": 1}, {"type": "linebreak", "version": 1}, {"mode": "normal", "text": "Tambin apostamos por una conciliacin familiar real, donde las familias puedan implicarse en la educacin sin renunciar a su equilibrio personal y profesional.", "type": "text", "style": "", "detail": 0, "format": 0, "version": 1}], "direction": null, "textStyle": "", "textFormat": 0}, {"type": "paragraph", "format": "", "indent": 0, "version": 1, "children": [{"mode": "normal", "text": "Desde ", "type": "text", "style": "", "detail": 0, "format": 0, "version": 1}, {"mode": "normal", "text": "Educar Sano", "type": "text", "style": "", "detail": 0, "format": 2, "version": 1}, {"mode": "normal", "text": " queremos acompaar a quienes sienten que educar no es solo transmitir contenidos, sino formar personas activas, crticas y comprometidas con su entorno.", "type": "text", "style": "", "detail": 0, "format": 0, "version": 1}], "direction": null, "textStyle": "", "textFormat": 0}, {"type": "paragraph", "format": "", "indent": 0, "version": 1, "children": [{"mode": "normal", "text": "Educar es el reflejo de la sociedad. Por tanto, dediqumosle el rigor, la importancia y la vala que tiene.", "type": "text", "style": "", "detail": 0, "format": 0, "version": 1}], "direction": null, "textStyle": "", "textFormat": 0}, {"type": "paragraph", "format": "", "indent": 0, "version": 1, "children": [{"mode": "normal", "text": "Mi objetivo es que no te sientas perdid@ ni solo en este proceso tan fascinante y exigente que es educar, fomentando al mismo tiempo valores, conciencia social y la capacidad de ser agentes activos para un mundo ms equilibrado, justo y emptico para todxs.", "type": "text", "style": "", "detail": 0, "format": 0, "version": 1}], "direction": null, "textStyle": "", "textFormat": 0}], "direction": null}}	\N	reference	\N	\N	\N	default	f	-80	separatorWhite	about-my-vision	690276e88a378f13385b430c	visin educativa 	dark
1	768	version.layout	4886	\N	\N	t	72	\N	t	{"root": {"type": "root", "format": "", "indent": 0, "version": 1, "children": [{"tag": "h2", "type": "heading", "format": "", "indent": 0, "version": 1, "children": [{"mode": "normal", "text": "QUIN SOY?", "type": "text", "style": "", "detail": 0, "format": 1, "version": 1}], "direction": null}, {"type": "paragraph", "format": "", "indent": 0, "version": 1, "children": [{"mode": "normal", "text": "Soy Ane, diplomada en educacin primaria. Desde muy pequea tuve claro que mi vocacin estaba ligada al mundo educativo. Empec muy joven a trabajar con nixs y sent desde ese momento que la docencia era mi camino.", "type": "text", "style": "", "detail": 0, "format": 0, "version": 1}], "direction": null, "textStyle": "", "textFormat": 0}, {"type": "paragraph", "format": "", "indent": 0, "version": 1, "children": [{"mode": "normal", "text": "Despus de terminar la carrera, comenc mi andadura como profesora y descubr la gran responsabilidad que implica educar. Durante mi trabajo como tutora me enfrent a diferentes dificultades y retos, te suena? Algunos de ellos fueron:", "type": "text", "style": "", "detail": 0, "format": 0, "version": 1}], "direction": null, "textStyle": "", "textFormat": 0}, {"tag": "ol", "type": "list", "start": 1, "format": "", "indent": 0, "version": 1, "children": [{"type": "listitem", "value": 1, "format": "", "indent": 0, "version": 1, "children": [{"mode": "normal", "text": "La falta de recursos, tanto acadmicos como emocionales.", "type": "text", "style": "", "detail": 0, "format": 0, "version": 1}], "direction": null}, {"type": "listitem", "value": 2, "format": "", "indent": 0, "version": 1, "children": [{"mode": "normal", "text": "La gestin con familias, docentes y equipo directivo.", "type": "text", "style": "", "detail": 0, "format": 0, "version": 1}], "direction": null}, {"type": "listitem", "value": 3, "format": "", "indent": 0, "version": 1, "children": [{"mode": "normal", "text": "La falta de apoyo y acompaamiento al profesorado.", "type": "text", "style": "", "detail": 0, "format": 0, "version": 1}], "direction": null}], "listType": "number", "direction": null}, {"type": "paragraph", "format": "", "indent": 0, "version": 1, "children": [{"mode": "normal", "text": "Toda esta experiencia me llev a seguir formndome en distintas reas para ganar conocimiento, bienestar y herramientas prcticas. Siempre me ha nacido de manera espontnea ayudar y acompaar, y las injusticias que observaba a mi alrededor me hicieron comprender que la educacin debe ser tambin un motor de transformacin social.", "type": "text", "style": "", "detail": 0, "format": 0, "version": 1}], "direction": null, "textStyle": "", "textFormat": 0}], "direction": null}}	\N	reference	\N	\N	\N	default	t	-70	separatorBackground	about-first	68fb50ed398c9978e6edfe3e	sobre-mi	dark
2	768	version.layout	4887	\N	\N	t	71	t	t	{"root": {"type": "root", "format": "", "indent": 0, "version": 1, "children": [{"type": "paragraph", "format": "", "indent": 0, "version": 1, "children": [{"mode": "normal", "text": "Hoy, despus de ms de veinte aos dedicados a la educacin y al acompaamiento de ni@s y familias, decid emprender como asesora educativa y familiar. Mi labor consiste en acompaar a educadores y familias desde mi experiencia y visin, con un enfoque humano, prctico, integral y social. ", "type": "text", "style": "", "detail": 0, "format": 0, "version": 1}], "direction": null, "textStyle": "", "textFormat": 0}, {"type": "paragraph", "format": "", "indent": 0, "version": 1, "children": [{"mode": "normal", "text": "A lo largo de mi trayectoria he mantenido una formacin continua para ofrecer un acompaamiento de la mxima calidad, basado en la experiencia, el conocimiento y las mejores herramientas educativas.", "type": "text", "style": "", "detail": 0, "format": 0, "version": 1}], "direction": null, "textStyle": "", "textFormat": 0}, {"type": "paragraph", "format": "", "indent": 0, "version": 1, "children": [{"mode": "normal", "text": "Mi objetivo es que no te sientas perdid@ ni solo en este proceso tan fascinante y exigente que es educar, fomentando al mismo tiempo valores, conciencia social y la capacidad de ser agentes activos para un mundo ms equilibrado, justo y emptico para todxs.", "type": "text", "style": "", "detail": 0, "format": 0, "version": 1}], "direction": null, "textStyle": "", "textFormat": 0}], "direction": null}}	\N	reference	\N	\N	\N	default	f	-70	\N	about-second	68fb525c398c9978e6edfe40	sobre-mi	dark
3	768	version.layout	4888	f		t	107	\N	t	{"doc": null, "root": {"type": "root", "format": "", "indent": 0, "version": 1, "children": [{"tag": "h2", "type": "heading", "format": "left", "indent": 0, "version": 1, "children": [{"mode": "normal", "text": "Formacin", "type": "text", "style": "", "detail": 0, "format": 0, "version": 1}], "direction": null}, {"tag": "ul", "type": "list", "start": 1, "format": "", "indent": 0, "version": 1, "children": [{"type": "listitem", "value": 1, "format": "", "indent": 0, "version": 1, "children": [{"mode": "normal", "text": "Diplomatura en Educacin Primaria", "type": "text", "style": "", "detail": 0, "format": 0, "version": 1}], "direction": null}, {"type": "listitem", "value": 2, "format": "", "indent": 0, "version": 1, "children": [{"mode": "normal", "text": "Experta en Educacin Emocional y Acompaamiento Educativo y Familiar", "type": "text", "style": "", "detail": 0, "format": 0, "version": 1}], "direction": null}, {"type": "listitem", "value": 3, "format": "", "indent": 0, "version": 1, "children": [{"mode": "normal", "text": "Disciplina Positiva para Familias", "type": "text", "style": "", "detail": 0, "format": 0, "version": 1}], "direction": null}, {"type": "listitem", "value": 4, "format": "", "indent": 0, "version": 1, "children": [{"mode": "normal", "text": "Instructora de Yoga y Mindfulness para ni@s, educador@s y familias", "type": "text", "style": "", "detail": 0, "format": 0, "version": 1}], "direction": null}, {"type": "listitem", "value": 5, "format": "", "indent": 0, "version": 1, "children": [{"mode": "normal", "text": "Coaching Infanto-Juvenil", "type": "text", "style": "", "detail": 0, "format": 0, "version": 1}], "direction": null}, {"type": "listitem", "value": 6, "format": "", "indent": 0, "version": 1, "children": [{"mode": "normal", "text": "Intervencin con Muecos Playmobil", "type": "text", "style": "", "detail": 0, "format": 0, "version": 1}], "direction": null}, {"type": "listitem", "value": 7, "format": "", "indent": 0, "version": 1, "children": [{"mode": "normal", "text": "Intervencin Estratgica en la Escuela", "type": "text", "style": "", "detail": 0, "format": 0, "version": 1}], "direction": null}, {"type": "listitem", "value": 8, "format": "", "indent": 0, "version": 1, "children": [{"mode": "normal", "text": "Tcnicas de Terapia Estratgica en Ni@s y Adolescentes", "type": "text", "style": "", "detail": 0, "format": 0, "version": 1}], "direction": null}, {"type": "listitem", "value": 9, "format": "", "indent": 0, "version": 1, "children": [{"mode": "normal", "text": "Formacin en la Tcnica de la Caja de Arena", "type": "text", "style": "", "detail": 0, "format": 0, "version": 1}], "direction": null}, {"type": "listitem", "value": 10, "format": "", "indent": 0, "version": 1, "children": [{"mode": "normal", "text": "Mediacin y Resolucin de Conflictos", "type": "text", "style": "", "detail": 0, "format": 0, "version": 1}], "direction": null}, {"type": "listitem", "value": 11, "format": "", "indent": 0, "version": 1, "children": [{"mode": "normal", "text": "Curso de Educacin Sexual", "type": "text", "style": "", "detail": 0, "format": 0, "version": 1}], "direction": null}], "listType": "bullet", "direction": null}], "direction": null}}	t	custom	t	https://d2kzarvvomoj6d.cloudfront.net/documents/ti2yt3bo8ny5izsensif.pdf	descargar Curriculum	default	f	-65	separatorBackground	about-academic	69026a07c0fe9717b5354e07	formacin	dark
1	873	version.layout	4944	\N	\N	t	72	\N	t	{"root": {"type": "root", "format": "", "indent": 0, "version": 1, "children": [{"tag": "h2", "type": "heading", "format": "", "indent": 0, "version": 1, "children": [{"mode": "normal", "text": "QUIN SOY?", "type": "text", "style": "", "detail": 0, "format": 1, "version": 1}], "direction": null}, {"type": "paragraph", "format": "", "indent": 0, "version": 1, "children": [{"mode": "normal", "text": "Soy Ane, diplomada en educacin primaria. Desde muy pequea tuve claro que mi vocacin estaba ligada al mundo educativo. Empec muy joven a trabajar con nixs y sent desde ese momento que la docencia era mi camino.", "type": "text", "style": "", "detail": 0, "format": 0, "version": 1}], "direction": null, "textStyle": "", "textFormat": 0}, {"type": "paragraph", "format": "", "indent": 0, "version": 1, "children": [{"mode": "normal", "text": "Despus de terminar la carrera, comenc mi andadura como profesora y descubr la gran responsabilidad que implica educar. Durante mi trabajo como tutora me enfrent a diferentes dificultades y retos, te suena? Algunos de ellos fueron:", "type": "text", "style": "", "detail": 0, "format": 0, "version": 1}], "direction": null, "textStyle": "", "textFormat": 0}, {"tag": "ol", "type": "list", "start": 1, "format": "", "indent": 0, "version": 1, "children": [{"type": "listitem", "value": 1, "format": "", "indent": 0, "version": 1, "children": [{"mode": "normal", "text": "La falta de recursos, tanto acadmicos como emocionales.", "type": "text", "style": "", "detail": 0, "format": 0, "version": 1}], "direction": null}, {"type": "listitem", "value": 2, "format": "", "indent": 0, "version": 1, "children": [{"mode": "normal", "text": "La gestin con familias, docentes y equipo directivo.", "type": "text", "style": "", "detail": 0, "format": 0, "version": 1}], "direction": null}, {"type": "listitem", "value": 3, "format": "", "indent": 0, "version": 1, "children": [{"mode": "normal", "text": "La falta de apoyo y acompaamiento al profesorado.", "type": "text", "style": "", "detail": 0, "format": 0, "version": 1}], "direction": null}], "listType": "number", "direction": null}, {"type": "paragraph", "format": "", "indent": 0, "version": 1, "children": [{"mode": "normal", "text": "Toda esta experiencia me llev a seguir formndome en distintas reas para ganar conocimiento, bienestar y herramientas prcticas. Siempre me ha nacido de manera espontnea ayudar y acompaar, y las injusticias que observaba a mi alrededor me hicieron comprender que la educacin debe ser tambin un motor de transformacin social.", "type": "text", "style": "", "detail": 0, "format": 0, "version": 1}], "direction": null, "textStyle": "", "textFormat": 0}], "direction": null}}	\N	reference	\N	\N	\N	default	f	-70	separatorBackground	about-first	68fb50ed398c9978e6edfe3e	sobre-mi	dark
2	873	version.layout	4945	\N	\N	t	71	t	t	{"root": {"type": "root", "format": "", "indent": 0, "version": 1, "children": [{"type": "paragraph", "format": "", "indent": 0, "version": 1, "children": [{"mode": "normal", "text": "Hoy, despus de ms de veinte aos dedicados a la educacin y al acompaamiento de ni@s y familias, decid emprender como asesora educativa y familiar. Mi labor consiste en acompaar a educadores y familias desde mi experiencia y visin, con un enfoque humano, prctico, integral y social. ", "type": "text", "style": "", "detail": 0, "format": 0, "version": 1}], "direction": null, "textStyle": "", "textFormat": 0}, {"type": "paragraph", "format": "", "indent": 0, "version": 1, "children": [{"mode": "normal", "text": "A lo largo de mi trayectoria he mantenido una formacin continua para ofrecer un acompaamiento de la mxima calidad, basado en la experiencia, el conocimiento y las mejores herramientas educativas.", "type": "text", "style": "", "detail": 0, "format": 0, "version": 1}], "direction": null, "textStyle": "", "textFormat": 0}, {"type": "paragraph", "format": "", "indent": 0, "version": 1, "children": [{"mode": "normal", "text": "Mi objetivo es que no te sientas perdid@ ni solo en este proceso tan fascinante y exigente que es educar, fomentando al mismo tiempo valores, conciencia social y la capacidad de ser agentes activos para un mundo ms equilibrado, justo y emptico para todxs.", "type": "text", "style": "", "detail": 0, "format": 0, "version": 1}], "direction": null, "textStyle": "", "textFormat": 0}], "direction": null}}	\N	reference	\N	\N	\N	default	f	-70	\N	about-second	68fb525c398c9978e6edfe40	sobre-mi	dark
3	873	version.layout	4946	f		t	107	\N	t	{"doc": null, "root": {"type": "root", "format": "", "indent": 0, "version": 1, "children": [{"tag": "h2", "type": "heading", "format": "left", "indent": 0, "version": 1, "children": [{"mode": "normal", "text": "Formacin", "type": "text", "style": "", "detail": 0, "format": 0, "version": 1}], "direction": null}, {"tag": "ul", "type": "list", "start": 1, "format": "", "indent": 0, "version": 1, "children": [{"type": "listitem", "value": 1, "format": "", "indent": 0, "version": 1, "children": [{"mode": "normal", "text": "Diplomatura en Educacin Primaria", "type": "text", "style": "", "detail": 0, "format": 0, "version": 1}], "direction": null}, {"type": "listitem", "value": 2, "format": "", "indent": 0, "version": 1, "children": [{"mode": "normal", "text": "Experta en Educacin Emocional y Acompaamiento Educativo y Familiar", "type": "text", "style": "", "detail": 0, "format": 0, "version": 1}], "direction": null}, {"type": "listitem", "value": 3, "format": "", "indent": 0, "version": 1, "children": [{"mode": "normal", "text": "Disciplina Positiva para Familias", "type": "text", "style": "", "detail": 0, "format": 0, "version": 1}], "direction": null}, {"type": "listitem", "value": 4, "format": "", "indent": 0, "version": 1, "children": [{"mode": "normal", "text": "Instructora de Yoga y Mindfulness para ni@s, educador@s y familias", "type": "text", "style": "", "detail": 0, "format": 0, "version": 1}], "direction": null}, {"type": "listitem", "value": 5, "format": "", "indent": 0, "version": 1, "children": [{"mode": "normal", "text": "Coaching Infanto-Juvenil", "type": "text", "style": "", "detail": 0, "format": 0, "version": 1}], "direction": null}, {"type": "listitem", "value": 6, "format": "", "indent": 0, "version": 1, "children": [{"mode": "normal", "text": "Intervencin con Muecos Playmobil", "type": "text", "style": "", "detail": 0, "format": 0, "version": 1}], "direction": null}, {"type": "listitem", "value": 7, "format": "", "indent": 0, "version": 1, "children": [{"mode": "normal", "text": "Intervencin Estratgica en la Escuela", "type": "text", "style": "", "detail": 0, "format": 0, "version": 1}], "direction": null}, {"type": "listitem", "value": 8, "format": "", "indent": 0, "version": 1, "children": [{"mode": "normal", "text": "Tcnicas de Terapia Estratgica en Ni@s y Adolescentes", "type": "text", "style": "", "detail": 0, "format": 0, "version": 1}], "direction": null}, {"type": "listitem", "value": 9, "format": "", "indent": 0, "version": 1, "children": [{"mode": "normal", "text": "Formacin en la Tcnica de la Caja de Arena", "type": "text", "style": "", "detail": 0, "format": 0, "version": 1}], "direction": null}, {"type": "listitem", "value": 10, "format": "", "indent": 0, "version": 1, "children": [{"mode": "normal", "text": "Mediacin y Resolucin de Conflictos", "type": "text", "style": "", "detail": 0, "format": 0, "version": 1}], "direction": null}, {"type": "listitem", "value": 11, "format": "", "indent": 0, "version": 1, "children": [{"mode": "normal", "text": "Curso de Educacin Sexual", "type": "text", "style": "", "detail": 0, "format": 0, "version": 1}], "direction": null}], "listType": "bullet", "direction": null}], "direction": null}}	t	custom	t	https://d2kzarvvomoj6d.cloudfront.net/documents/ti2yt3bo8ny5izsensif.pdf	descargar Curriculum	default	f	-65	separatorBackground	about-academic	69026a07c0fe9717b5354e07	formacin	dark
4	873	version.layout	4947	f		t	109	t	t	{"root": {"type": "root", "format": "", "indent": 0, "version": 1, "children": [{"tag": "h2", "type": "heading", "format": "", "indent": 0, "version": 1, "children": [{"mode": "normal", "text": "Visin educativa ", "type": "text", "style": "", "detail": 0, "format": 0, "version": 1}], "direction": null}, {"type": "paragraph", "format": "", "indent": 0, "version": 1, "children": [{"mode": "normal", "text": "Educar Sano nace como respuesta a los retos que plantea la escuela actual, desde una mirada ms humana, emptica y consciente de que educar hoy implica tambin entender el mundo complejo en el que vivimos.", "type": "text", "style": "", "detail": 0, "format": 0, "version": 1}], "direction": null, "textStyle": "", "textFormat": 0}, {"type": "paragraph", "format": "", "indent": 0, "version": 1, "children": [{"mode": "normal", "text": "Creemos que la educacin debe ser un espacio de bienestar compartido para el alumnado, el profesorado y las familias donde la empata, el cuidado y la conciencia social estn en el centro.", "type": "text", "style": "", "detail": 0, "format": 0, "version": 1}], "direction": null, "textStyle": "", "textFormat": 0}, {"type": "paragraph", "format": "", "indent": 0, "version": 1, "children": [{"mode": "normal", "text": "Defendemos una escuela que respete y valore a sus docentes, garantizando condiciones laborales dignas y espacios donde puedan cuidar su salud mental y emocional.", "type": "text", "style": "", "detail": 0, "format": 0, "version": 1}, {"type": "linebreak", "version": 1}, {"mode": "normal", "text": "Tambin apostamos por una conciliacin familiar real, donde las familias puedan implicarse en la educacin sin renunciar a su equilibrio personal y profesional.", "type": "text", "style": "", "detail": 0, "format": 0, "version": 1}], "direction": null, "textStyle": "", "textFormat": 0}, {"type": "paragraph", "format": "", "indent": 0, "version": 1, "children": [{"mode": "normal", "text": "Desde ", "type": "text", "style": "", "detail": 0, "format": 0, "version": 1}, {"mode": "normal", "text": "Educar Sano", "type": "text", "style": "", "detail": 0, "format": 2, "version": 1}, {"mode": "normal", "text": " queremos acompaar a quienes sienten que educar no es solo transmitir contenidos, sino formar personas activas, crticas y comprometidas con su entorno.", "type": "text", "style": "", "detail": 0, "format": 0, "version": 1}], "direction": null, "textStyle": "", "textFormat": 0}, {"type": "paragraph", "format": "", "indent": 0, "version": 1, "children": [{"mode": "normal", "text": "Educar es el reflejo de la sociedad. Por tanto, dediqumosle el rigor, la importancia y la vala que tiene.", "type": "text", "style": "", "detail": 0, "format": 0, "version": 1}], "direction": null, "textStyle": "", "textFormat": 0}, {"type": "paragraph", "format": "", "indent": 0, "version": 1, "children": [{"mode": "normal", "text": "Mi objetivo es que no te sientas perdid@ ni solo en este proceso tan fascinante y exigente que es educar, fomentando al mismo tiempo valores, conciencia social y la capacidad de ser agentes activos para un mundo ms equilibrado, justo y emptico para todxs.", "type": "text", "style": "", "detail": 0, "format": 0, "version": 1}], "direction": null, "textStyle": "", "textFormat": 0}], "direction": null}}	\N	reference	\N	\N	\N	default	f	-80	separatorWhite	about-my-vision	690276e88a378f13385b430c	visin educativa 	dark
4	768	version.layout	4889	f		t	109	t	t	{"root": {"type": "root", "format": "", "indent": 0, "version": 1, "children": [{"tag": "h2", "type": "heading", "format": "", "indent": 0, "version": 1, "children": [{"mode": "normal", "text": "Visin educativa ", "type": "text", "style": "", "detail": 0, "format": 0, "version": 1}], "direction": null}, {"type": "paragraph", "format": "", "indent": 0, "version": 1, "children": [{"mode": "normal", "text": "Educar Sano nace como respuesta a los retos que plantea la escuela actual, desde una mirada ms humana, emptica y consciente de que educar hoy implica tambin entender el mundo complejo en el que vivimos.", "type": "text", "style": "", "detail": 0, "format": 0, "version": 1}], "direction": null, "textStyle": "", "textFormat": 0}, {"type": "paragraph", "format": "", "indent": 0, "version": 1, "children": [{"mode": "normal", "text": "Creemos que la educacin debe ser un espacio de bienestar compartido para el alumnado, el profesorado y las familias donde la empata, el cuidado y la conciencia social estn en el centro.", "type": "text", "style": "", "detail": 0, "format": 0, "version": 1}], "direction": null, "textStyle": "", "textFormat": 0}, {"type": "paragraph", "format": "", "indent": 0, "version": 1, "children": [{"mode": "normal", "text": "Defendemos una escuela que respete y valore a sus docentes, garantizando condiciones laborales dignas y espacios donde puedan cuidar su salud mental y emocional.", "type": "text", "style": "", "detail": 0, "format": 0, "version": 1}, {"type": "linebreak", "version": 1}, {"mode": "normal", "text": "Tambin apostamos por una conciliacin familiar real, donde las familias puedan implicarse en la educacin sin renunciar a su equilibrio personal y profesional.", "type": "text", "style": "", "detail": 0, "format": 0, "version": 1}], "direction": null, "textStyle": "", "textFormat": 0}, {"type": "paragraph", "format": "", "indent": 0, "version": 1, "children": [{"mode": "normal", "text": "Desde ", "type": "text", "style": "", "detail": 0, "format": 0, "version": 1}, {"mode": "normal", "text": "Educar Sano", "type": "text", "style": "", "detail": 0, "format": 2, "version": 1}, {"mode": "normal", "text": " queremos acompaar a quienes sienten que educar no es solo transmitir contenidos, sino formar personas activas, crticas y comprometidas con su entorno.", "type": "text", "style": "", "detail": 0, "format": 0, "version": 1}], "direction": null, "textStyle": "", "textFormat": 0}, {"type": "paragraph", "format": "", "indent": 0, "version": 1, "children": [{"mode": "normal", "text": "Educar es el reflejo de la sociedad. Por tanto, dediqumosle el rigor, la importancia y la vala que tiene.", "type": "text", "style": "", "detail": 0, "format": 0, "version": 1}], "direction": null, "textStyle": "", "textFormat": 0}, {"type": "paragraph", "format": "", "indent": 0, "version": 1, "children": [{"mode": "normal", "text": "Mi objetivo es que no te sientas perdid@ ni solo en este proceso tan fascinante y exigente que es educar, fomentando al mismo tiempo valores, conciencia social y la capacidad de ser agentes activos para un mundo ms equilibrado, justo y emptico para todxs.", "type": "text", "style": "", "detail": 0, "format": 0, "version": 1}], "direction": null, "textStyle": "", "textFormat": 0}], "direction": null}}	\N	reference	\N	\N	\N	default	t	-80	separatorWhite	about-my-vision	690276e88a378f13385b430c	visin educativa 	dark
1	769	version.layout	4890	\N	\N	t	72	\N	t	{"root": {"type": "root", "format": "", "indent": 0, "version": 1, "children": [{"tag": "h2", "type": "heading", "format": "", "indent": 0, "version": 1, "children": [{"mode": "normal", "text": "QUIN SOY?", "type": "text", "style": "", "detail": 0, "format": 1, "version": 1}], "direction": null}, {"type": "paragraph", "format": "", "indent": 0, "version": 1, "children": [{"mode": "normal", "text": "Soy Ane, diplomada en educacin primaria. Desde muy pequea tuve claro que mi vocacin estaba ligada al mundo educativo. Empec muy joven a trabajar con nixs y sent desde ese momento que la docencia era mi camino.", "type": "text", "style": "", "detail": 0, "format": 0, "version": 1}], "direction": null, "textStyle": "", "textFormat": 0}, {"type": "paragraph", "format": "", "indent": 0, "version": 1, "children": [{"mode": "normal", "text": "Despus de terminar la carrera, comenc mi andadura como profesora y descubr la gran responsabilidad que implica educar. Durante mi trabajo como tutora me enfrent a diferentes dificultades y retos, te suena? Algunos de ellos fueron:", "type": "text", "style": "", "detail": 0, "format": 0, "version": 1}], "direction": null, "textStyle": "", "textFormat": 0}, {"tag": "ol", "type": "list", "start": 1, "format": "", "indent": 0, "version": 1, "children": [{"type": "listitem", "value": 1, "format": "", "indent": 0, "version": 1, "children": [{"mode": "normal", "text": "La falta de recursos, tanto acadmicos como emocionales.", "type": "text", "style": "", "detail": 0, "format": 0, "version": 1}], "direction": null}, {"type": "listitem", "value": 2, "format": "", "indent": 0, "version": 1, "children": [{"mode": "normal", "text": "La gestin con familias, docentes y equipo directivo.", "type": "text", "style": "", "detail": 0, "format": 0, "version": 1}], "direction": null}, {"type": "listitem", "value": 3, "format": "", "indent": 0, "version": 1, "children": [{"mode": "normal", "text": "La falta de apoyo y acompaamiento al profesorado.", "type": "text", "style": "", "detail": 0, "format": 0, "version": 1}], "direction": null}], "listType": "number", "direction": null}, {"type": "paragraph", "format": "", "indent": 0, "version": 1, "children": [{"mode": "normal", "text": "Toda esta experiencia me llev a seguir formndome en distintas reas para ganar conocimiento, bienestar y herramientas prcticas. Siempre me ha nacido de manera espontnea ayudar y acompaar, y las injusticias que observaba a mi alrededor me hicieron comprender que la educacin debe ser tambin un motor de transformacin social.", "type": "text", "style": "", "detail": 0, "format": 0, "version": 1}], "direction": null, "textStyle": "", "textFormat": 0}], "direction": null}}	\N	reference	\N	\N	\N	default	f	-70	separatorBackground	about-first	68fb50ed398c9978e6edfe3e	sobre-mi	dark
2	769	version.layout	4891	\N	\N	t	71	t	t	{"root": {"type": "root", "format": "", "indent": 0, "version": 1, "children": [{"type": "paragraph", "format": "", "indent": 0, "version": 1, "children": [{"mode": "normal", "text": "Hoy, despus de ms de veinte aos dedicados a la educacin y al acompaamiento de ni@s y familias, decid emprender como asesora educativa y familiar. Mi labor consiste en acompaar a educadores y familias desde mi experiencia y visin, con un enfoque humano, prctico, integral y social. ", "type": "text", "style": "", "detail": 0, "format": 0, "version": 1}], "direction": null, "textStyle": "", "textFormat": 0}, {"type": "paragraph", "format": "", "indent": 0, "version": 1, "children": [{"mode": "normal", "text": "A lo largo de mi trayectoria he mantenido una formacin continua para ofrecer un acompaamiento de la mxima calidad, basado en la experiencia, el conocimiento y las mejores herramientas educativas.", "type": "text", "style": "", "detail": 0, "format": 0, "version": 1}], "direction": null, "textStyle": "", "textFormat": 0}, {"type": "paragraph", "format": "", "indent": 0, "version": 1, "children": [{"mode": "normal", "text": "Mi objetivo es que no te sientas perdid@ ni solo en este proceso tan fascinante y exigente que es educar, fomentando al mismo tiempo valores, conciencia social y la capacidad de ser agentes activos para un mundo ms equilibrado, justo y emptico para todxs.", "type": "text", "style": "", "detail": 0, "format": 0, "version": 1}], "direction": null, "textStyle": "", "textFormat": 0}], "direction": null}}	\N	reference	\N	\N	\N	default	f	-70	\N	about-second	68fb525c398c9978e6edfe40	sobre-mi	dark
3	769	version.layout	4892	f		t	107	\N	t	{"doc": null, "root": {"type": "root", "format": "", "indent": 0, "version": 1, "children": [{"tag": "h2", "type": "heading", "format": "left", "indent": 0, "version": 1, "children": [{"mode": "normal", "text": "Formacin", "type": "text", "style": "", "detail": 0, "format": 0, "version": 1}], "direction": null}, {"tag": "ul", "type": "list", "start": 1, "format": "", "indent": 0, "version": 1, "children": [{"type": "listitem", "value": 1, "format": "", "indent": 0, "version": 1, "children": [{"mode": "normal", "text": "Diplomatura en Educacin Primaria", "type": "text", "style": "", "detail": 0, "format": 0, "version": 1}], "direction": null}, {"type": "listitem", "value": 2, "format": "", "indent": 0, "version": 1, "children": [{"mode": "normal", "text": "Experta en Educacin Emocional y Acompaamiento Educativo y Familiar", "type": "text", "style": "", "detail": 0, "format": 0, "version": 1}], "direction": null}, {"type": "listitem", "value": 3, "format": "", "indent": 0, "version": 1, "children": [{"mode": "normal", "text": "Disciplina Positiva para Familias", "type": "text", "style": "", "detail": 0, "format": 0, "version": 1}], "direction": null}, {"type": "listitem", "value": 4, "format": "", "indent": 0, "version": 1, "children": [{"mode": "normal", "text": "Instructora de Yoga y Mindfulness para ni@s, educador@s y familias", "type": "text", "style": "", "detail": 0, "format": 0, "version": 1}], "direction": null}, {"type": "listitem", "value": 5, "format": "", "indent": 0, "version": 1, "children": [{"mode": "normal", "text": "Coaching Infanto-Juvenil", "type": "text", "style": "", "detail": 0, "format": 0, "version": 1}], "direction": null}, {"type": "listitem", "value": 6, "format": "", "indent": 0, "version": 1, "children": [{"mode": "normal", "text": "Intervencin con Muecos Playmobil", "type": "text", "style": "", "detail": 0, "format": 0, "version": 1}], "direction": null}, {"type": "listitem", "value": 7, "format": "", "indent": 0, "version": 1, "children": [{"mode": "normal", "text": "Intervencin Estratgica en la Escuela", "type": "text", "style": "", "detail": 0, "format": 0, "version": 1}], "direction": null}, {"type": "listitem", "value": 8, "format": "", "indent": 0, "version": 1, "children": [{"mode": "normal", "text": "Tcnicas de Terapia Estratgica en Ni@s y Adolescentes", "type": "text", "style": "", "detail": 0, "format": 0, "version": 1}], "direction": null}, {"type": "listitem", "value": 9, "format": "", "indent": 0, "version": 1, "children": [{"mode": "normal", "text": "Formacin en la Tcnica de la Caja de Arena", "type": "text", "style": "", "detail": 0, "format": 0, "version": 1}], "direction": null}, {"type": "listitem", "value": 10, "format": "", "indent": 0, "version": 1, "children": [{"mode": "normal", "text": "Mediacin y Resolucin de Conflictos", "type": "text", "style": "", "detail": 0, "format": 0, "version": 1}], "direction": null}, {"type": "listitem", "value": 11, "format": "", "indent": 0, "version": 1, "children": [{"mode": "normal", "text": "Curso de Educacin Sexual", "type": "text", "style": "", "detail": 0, "format": 0, "version": 1}], "direction": null}], "listType": "bullet", "direction": null}], "direction": null}}	t	custom	t	https://d2kzarvvomoj6d.cloudfront.net/documents/ti2yt3bo8ny5izsensif.pdf	descargar Curriculum	default	f	-65	separatorBackground	about-academic	69026a07c0fe9717b5354e07	formacin	dark
4	769	version.layout	4893	f		t	109	t	t	{"root": {"type": "root", "format": "", "indent": 0, "version": 1, "children": [{"tag": "h2", "type": "heading", "format": "", "indent": 0, "version": 1, "children": [{"mode": "normal", "text": "Visin educativa ", "type": "text", "style": "", "detail": 0, "format": 0, "version": 1}], "direction": null}, {"type": "paragraph", "format": "", "indent": 0, "version": 1, "children": [{"mode": "normal", "text": "Educar Sano nace como respuesta a los retos que plantea la escuela actual, desde una mirada ms humana, emptica y consciente de que educar hoy implica tambin entender el mundo complejo en el que vivimos.", "type": "text", "style": "", "detail": 0, "format": 0, "version": 1}], "direction": null, "textStyle": "", "textFormat": 0}, {"type": "paragraph", "format": "", "indent": 0, "version": 1, "children": [{"mode": "normal", "text": "Creemos que la educacin debe ser un espacio de bienestar compartido para el alumnado, el profesorado y las familias donde la empata, el cuidado y la conciencia social estn en el centro.", "type": "text", "style": "", "detail": 0, "format": 0, "version": 1}], "direction": null, "textStyle": "", "textFormat": 0}, {"type": "paragraph", "format": "", "indent": 0, "version": 1, "children": [{"mode": "normal", "text": "Defendemos una escuela que respete y valore a sus docentes, garantizando condiciones laborales dignas y espacios donde puedan cuidar su salud mental y emocional.", "type": "text", "style": "", "detail": 0, "format": 0, "version": 1}, {"type": "linebreak", "version": 1}, {"mode": "normal", "text": "Tambin apostamos por una conciliacin familiar real, donde las familias puedan implicarse en la educacin sin renunciar a su equilibrio personal y profesional.", "type": "text", "style": "", "detail": 0, "format": 0, "version": 1}], "direction": null, "textStyle": "", "textFormat": 0}, {"type": "paragraph", "format": "", "indent": 0, "version": 1, "children": [{"mode": "normal", "text": "Desde ", "type": "text", "style": "", "detail": 0, "format": 0, "version": 1}, {"mode": "normal", "text": "Educar Sano", "type": "text", "style": "", "detail": 0, "format": 2, "version": 1}, {"mode": "normal", "text": " queremos acompaar a quienes sienten que educar no es solo transmitir contenidos, sino formar personas activas, crticas y comprometidas con su entorno.", "type": "text", "style": "", "detail": 0, "format": 0, "version": 1}], "direction": null, "textStyle": "", "textFormat": 0}, {"type": "paragraph", "format": "", "indent": 0, "version": 1, "children": [{"mode": "normal", "text": "Educar es el reflejo de la sociedad. Por tanto, dediqumosle el rigor, la importancia y la vala que tiene.", "type": "text", "style": "", "detail": 0, "format": 0, "version": 1}], "direction": null, "textStyle": "", "textFormat": 0}, {"type": "paragraph", "format": "", "indent": 0, "version": 1, "children": [{"mode": "normal", "text": "Mi objetivo es que no te sientas perdid@ ni solo en este proceso tan fascinante y exigente que es educar, fomentando al mismo tiempo valores, conciencia social y la capacidad de ser agentes activos para un mundo ms equilibrado, justo y emptico para todxs.", "type": "text", "style": "", "detail": 0, "format": 0, "version": 1}], "direction": null, "textStyle": "", "textFormat": 0}], "direction": null}}	\N	reference	\N	\N	\N	default	t	-80	separatorWhite	about-my-vision	690276e88a378f13385b430c	visin educativa 	dark
1	770	version.layout	4894	\N	\N	t	72	\N	t	{"root": {"type": "root", "format": "", "indent": 0, "version": 1, "children": [{"tag": "h2", "type": "heading", "format": "", "indent": 0, "version": 1, "children": [{"mode": "normal", "text": "QUIN SOY?", "type": "text", "style": "", "detail": 0, "format": 1, "version": 1}], "direction": null}, {"type": "paragraph", "format": "", "indent": 0, "version": 1, "children": [{"mode": "normal", "text": "Soy Ane, diplomada en educacin primaria. Desde muy pequea tuve claro que mi vocacin estaba ligada al mundo educativo. Empec muy joven a trabajar con nixs y sent desde ese momento que la docencia era mi camino.", "type": "text", "style": "", "detail": 0, "format": 0, "version": 1}], "direction": null, "textStyle": "", "textFormat": 0}, {"type": "paragraph", "format": "", "indent": 0, "version": 1, "children": [{"mode": "normal", "text": "Despus de terminar la carrera, comenc mi andadura como profesora y descubr la gran responsabilidad que implica educar. Durante mi trabajo como tutora me enfrent a diferentes dificultades y retos, te suena? Algunos de ellos fueron:", "type": "text", "style": "", "detail": 0, "format": 0, "version": 1}], "direction": null, "textStyle": "", "textFormat": 0}, {"tag": "ol", "type": "list", "start": 1, "format": "", "indent": 0, "version": 1, "children": [{"type": "listitem", "value": 1, "format": "", "indent": 0, "version": 1, "children": [{"mode": "normal", "text": "La falta de recursos, tanto acadmicos como emocionales.", "type": "text", "style": "", "detail": 0, "format": 0, "version": 1}], "direction": null}, {"type": "listitem", "value": 2, "format": "", "indent": 0, "version": 1, "children": [{"mode": "normal", "text": "La gestin con familias, docentes y equipo directivo.", "type": "text", "style": "", "detail": 0, "format": 0, "version": 1}], "direction": null}, {"type": "listitem", "value": 3, "format": "", "indent": 0, "version": 1, "children": [{"mode": "normal", "text": "La falta de apoyo y acompaamiento al profesorado.", "type": "text", "style": "", "detail": 0, "format": 0, "version": 1}], "direction": null}], "listType": "number", "direction": null}, {"type": "paragraph", "format": "", "indent": 0, "version": 1, "children": [{"mode": "normal", "text": "Toda esta experiencia me llev a seguir formndome en distintas reas para ganar conocimiento, bienestar y herramientas prcticas. Siempre me ha nacido de manera espontnea ayudar y acompaar, y las injusticias que observaba a mi alrededor me hicieron comprender que la educacin debe ser tambin un motor de transformacin social.", "type": "text", "style": "", "detail": 0, "format": 0, "version": 1}], "direction": null, "textStyle": "", "textFormat": 0}], "direction": null}}	\N	reference	\N	\N	\N	default	f	-70	separatorBackground	about-first	68fb50ed398c9978e6edfe3e	sobre-mi	dark
2	770	version.layout	4895	\N	\N	t	71	t	t	{"root": {"type": "root", "format": "", "indent": 0, "version": 1, "children": [{"type": "paragraph", "format": "", "indent": 0, "version": 1, "children": [{"mode": "normal", "text": "Hoy, despus de ms de veinte aos dedicados a la educacin y al acompaamiento de ni@s y familias, decid emprender como asesora educativa y familiar. Mi labor consiste en acompaar a educadores y familias desde mi experiencia y visin, con un enfoque humano, prctico, integral y social. ", "type": "text", "style": "", "detail": 0, "format": 0, "version": 1}], "direction": null, "textStyle": "", "textFormat": 0}, {"type": "paragraph", "format": "", "indent": 0, "version": 1, "children": [{"mode": "normal", "text": "A lo largo de mi trayectoria he mantenido una formacin continua para ofrecer un acompaamiento de la mxima calidad, basado en la experiencia, el conocimiento y las mejores herramientas educativas.", "type": "text", "style": "", "detail": 0, "format": 0, "version": 1}], "direction": null, "textStyle": "", "textFormat": 0}, {"type": "paragraph", "format": "", "indent": 0, "version": 1, "children": [{"mode": "normal", "text": "Mi objetivo es que no te sientas perdid@ ni solo en este proceso tan fascinante y exigente que es educar, fomentando al mismo tiempo valores, conciencia social y la capacidad de ser agentes activos para un mundo ms equilibrado, justo y emptico para todxs.", "type": "text", "style": "", "detail": 0, "format": 0, "version": 1}], "direction": null, "textStyle": "", "textFormat": 0}], "direction": null}}	\N	reference	\N	\N	\N	default	f	-70	\N	about-second	68fb525c398c9978e6edfe40	sobre-mi	dark
3	770	version.layout	4896	f		t	107	\N	t	{"doc": null, "root": {"type": "root", "format": "", "indent": 0, "version": 1, "children": [{"tag": "h2", "type": "heading", "format": "left", "indent": 0, "version": 1, "children": [{"mode": "normal", "text": "Formacin", "type": "text", "style": "", "detail": 0, "format": 0, "version": 1}], "direction": null}, {"tag": "ul", "type": "list", "start": 1, "format": "", "indent": 0, "version": 1, "children": [{"type": "listitem", "value": 1, "format": "", "indent": 0, "version": 1, "children": [{"mode": "normal", "text": "Diplomatura en Educacin Primaria", "type": "text", "style": "", "detail": 0, "format": 0, "version": 1}], "direction": null}, {"type": "listitem", "value": 2, "format": "", "indent": 0, "version": 1, "children": [{"mode": "normal", "text": "Experta en Educacin Emocional y Acompaamiento Educativo y Familiar", "type": "text", "style": "", "detail": 0, "format": 0, "version": 1}], "direction": null}, {"type": "listitem", "value": 3, "format": "", "indent": 0, "version": 1, "children": [{"mode": "normal", "text": "Disciplina Positiva para Familias", "type": "text", "style": "", "detail": 0, "format": 0, "version": 1}], "direction": null}, {"type": "listitem", "value": 4, "format": "", "indent": 0, "version": 1, "children": [{"mode": "normal", "text": "Instructora de Yoga y Mindfulness para ni@s, educador@s y familias", "type": "text", "style": "", "detail": 0, "format": 0, "version": 1}], "direction": null}, {"type": "listitem", "value": 5, "format": "", "indent": 0, "version": 1, "children": [{"mode": "normal", "text": "Coaching Infanto-Juvenil", "type": "text", "style": "", "detail": 0, "format": 0, "version": 1}], "direction": null}, {"type": "listitem", "value": 6, "format": "", "indent": 0, "version": 1, "children": [{"mode": "normal", "text": "Intervencin con Muecos Playmobil", "type": "text", "style": "", "detail": 0, "format": 0, "version": 1}], "direction": null}, {"type": "listitem", "value": 7, "format": "", "indent": 0, "version": 1, "children": [{"mode": "normal", "text": "Intervencin Estratgica en la Escuela", "type": "text", "style": "", "detail": 0, "format": 0, "version": 1}], "direction": null}, {"type": "listitem", "value": 8, "format": "", "indent": 0, "version": 1, "children": [{"mode": "normal", "text": "Tcnicas de Terapia Estratgica en Ni@s y Adolescentes", "type": "text", "style": "", "detail": 0, "format": 0, "version": 1}], "direction": null}, {"type": "listitem", "value": 9, "format": "", "indent": 0, "version": 1, "children": [{"mode": "normal", "text": "Formacin en la Tcnica de la Caja de Arena", "type": "text", "style": "", "detail": 0, "format": 0, "version": 1}], "direction": null}, {"type": "listitem", "value": 10, "format": "", "indent": 0, "version": 1, "children": [{"mode": "normal", "text": "Mediacin y Resolucin de Conflictos", "type": "text", "style": "", "detail": 0, "format": 0, "version": 1}], "direction": null}, {"type": "listitem", "value": 11, "format": "", "indent": 0, "version": 1, "children": [{"mode": "normal", "text": "Curso de Educacin Sexual", "type": "text", "style": "", "detail": 0, "format": 0, "version": 1}], "direction": null}], "listType": "bullet", "direction": null}], "direction": null}}	t	custom	t	https://d2kzarvvomoj6d.cloudfront.net/documents/ti2yt3bo8ny5izsensif.pdf	descargar Curriculum	default	f	-65	separatorBackground	about-academic	69026a07c0fe9717b5354e07	formacin	dark
4	770	version.layout	4897	f		t	109	t	t	{"root": {"type": "root", "format": "", "indent": 0, "version": 1, "children": [{"tag": "h2", "type": "heading", "format": "", "indent": 0, "version": 1, "children": [{"mode": "normal", "text": "Visin educativa ", "type": "text", "style": "", "detail": 0, "format": 0, "version": 1}], "direction": null}, {"type": "paragraph", "format": "", "indent": 0, "version": 1, "children": [{"mode": "normal", "text": "Educar Sano nace como respuesta a los retos que plantea la escuela actual, desde una mirada ms humana, emptica y consciente de que educar hoy implica tambin entender el mundo complejo en el que vivimos.", "type": "text", "style": "", "detail": 0, "format": 0, "version": 1}], "direction": null, "textStyle": "", "textFormat": 0}, {"type": "paragraph", "format": "", "indent": 0, "version": 1, "children": [{"mode": "normal", "text": "Creemos que la educacin debe ser un espacio de bienestar compartido para el alumnado, el profesorado y las familias donde la empata, el cuidado y la conciencia social estn en el centro.", "type": "text", "style": "", "detail": 0, "format": 0, "version": 1}], "direction": null, "textStyle": "", "textFormat": 0}, {"type": "paragraph", "format": "", "indent": 0, "version": 1, "children": [{"mode": "normal", "text": "Defendemos una escuela que respete y valore a sus docentes, garantizando condiciones laborales dignas y espacios donde puedan cuidar su salud mental y emocional.", "type": "text", "style": "", "detail": 0, "format": 0, "version": 1}, {"type": "linebreak", "version": 1}, {"mode": "normal", "text": "Tambin apostamos por una conciliacin familiar real, donde las familias puedan implicarse en la educacin sin renunciar a su equilibrio personal y profesional.", "type": "text", "style": "", "detail": 0, "format": 0, "version": 1}], "direction": null, "textStyle": "", "textFormat": 0}, {"type": "paragraph", "format": "", "indent": 0, "version": 1, "children": [{"mode": "normal", "text": "Desde ", "type": "text", "style": "", "detail": 0, "format": 0, "version": 1}, {"mode": "normal", "text": "Educar Sano", "type": "text", "style": "", "detail": 0, "format": 2, "version": 1}, {"mode": "normal", "text": " queremos acompaar a quienes sienten que educar no es solo transmitir contenidos, sino formar personas activas, crticas y comprometidas con su entorno.", "type": "text", "style": "", "detail": 0, "format": 0, "version": 1}], "direction": null, "textStyle": "", "textFormat": 0}, {"type": "paragraph", "format": "", "indent": 0, "version": 1, "children": [{"mode": "normal", "text": "Educar es el reflejo de la sociedad. Por tanto, dediqumosle el rigor, la importancia y la vala que tiene.", "type": "text", "style": "", "detail": 0, "format": 0, "version": 1}], "direction": null, "textStyle": "", "textFormat": 0}, {"type": "paragraph", "format": "", "indent": 0, "version": 1, "children": [{"mode": "normal", "text": "Mi objetivo es que no te sientas perdid@ ni solo en este proceso tan fascinante y exigente que es educar, fomentando al mismo tiempo valores, conciencia social y la capacidad de ser agentes activos para un mundo ms equilibrado, justo y emptico para todxs.", "type": "text", "style": "", "detail": 0, "format": 0, "version": 1}], "direction": null, "textStyle": "", "textFormat": 0}], "direction": null}}	\N	reference	\N	\N	\N	default	f	-80	separatorWhite	about-my-vision	690276e88a378f13385b430c	visin educativa 	dark
1	771	version.layout	4898	\N	\N	t	72	\N	t	{"root": {"type": "root", "format": "", "indent": 0, "version": 1, "children": [{"tag": "h2", "type": "heading", "format": "", "indent": 0, "version": 1, "children": [{"mode": "normal", "text": "QUIN SOY?", "type": "text", "style": "", "detail": 0, "format": 1, "version": 1}], "direction": null}, {"type": "paragraph", "format": "", "indent": 0, "version": 1, "children": [{"mode": "normal", "text": "Soy Ane, diplomada en educacin primaria. Desde muy pequea tuve claro que mi vocacin estaba ligada al mundo educativo. Empec muy joven a trabajar con nixs y sent desde ese momento que la docencia era mi camino.", "type": "text", "style": "", "detail": 0, "format": 0, "version": 1}], "direction": null, "textStyle": "", "textFormat": 0}, {"type": "paragraph", "format": "", "indent": 0, "version": 1, "children": [{"mode": "normal", "text": "Despus de terminar la carrera, comenc mi andadura como profesora y descubr la gran responsabilidad que implica educar. Durante mi trabajo como tutora me enfrent a diferentes dificultades y retos, te suena? Algunos de ellos fueron:", "type": "text", "style": "", "detail": 0, "format": 0, "version": 1}], "direction": null, "textStyle": "", "textFormat": 0}, {"tag": "ol", "type": "list", "start": 1, "format": "", "indent": 0, "version": 1, "children": [{"type": "listitem", "value": 1, "format": "", "indent": 0, "version": 1, "children": [{"mode": "normal", "text": "La falta de recursos, tanto acadmicos como emocionales.", "type": "text", "style": "", "detail": 0, "format": 0, "version": 1}], "direction": null}, {"type": "listitem", "value": 2, "format": "", "indent": 0, "version": 1, "children": [{"mode": "normal", "text": "La gestin con familias, docentes y equipo directivo.", "type": "text", "style": "", "detail": 0, "format": 0, "version": 1}], "direction": null}, {"type": "listitem", "value": 3, "format": "", "indent": 0, "version": 1, "children": [{"mode": "normal", "text": "La falta de apoyo y acompaamiento al profesorado.", "type": "text", "style": "", "detail": 0, "format": 0, "version": 1}], "direction": null}], "listType": "number", "direction": null}, {"type": "paragraph", "format": "", "indent": 0, "version": 1, "children": [{"mode": "normal", "text": "Toda esta experiencia me llev a seguir formndome en distintas reas para ganar conocimiento, bienestar y herramientas prcticas. Siempre me ha nacido de manera espontnea ayudar y acompaar, y las injusticias que observaba a mi alrededor me hicieron comprender que la educacin debe ser tambin un motor de transformacin social.", "type": "text", "style": "", "detail": 0, "format": 0, "version": 1}], "direction": null, "textStyle": "", "textFormat": 0}], "direction": null}}	\N	reference	\N	\N	\N	default	f	-70	separatorBackground	about-first	68fb50ed398c9978e6edfe3e	sobre-mi	dark
2	771	version.layout	4899	\N	\N	t	71	t	t	{"root": {"type": "root", "format": "", "indent": 0, "version": 1, "children": [{"type": "paragraph", "format": "", "indent": 0, "version": 1, "children": [{"mode": "normal", "text": "Hoy, despus de ms de veinte aos dedicados a la educacin y al acompaamiento de ni@s y familias, decid emprender como asesora educativa y familiar. Mi labor consiste en acompaar a educadores y familias desde mi experiencia y visin, con un enfoque humano, prctico, integral y social. ", "type": "text", "style": "", "detail": 0, "format": 0, "version": 1}], "direction": null, "textStyle": "", "textFormat": 0}, {"type": "paragraph", "format": "", "indent": 0, "version": 1, "children": [{"mode": "normal", "text": "A lo largo de mi trayectoria he mantenido una formacin continua para ofrecer un acompaamiento de la mxima calidad, basado en la experiencia, el conocimiento y las mejores herramientas educativas.", "type": "text", "style": "", "detail": 0, "format": 0, "version": 1}], "direction": null, "textStyle": "", "textFormat": 0}, {"type": "paragraph", "format": "", "indent": 0, "version": 1, "children": [{"mode": "normal", "text": "Mi objetivo es que no te sientas perdid@ ni solo en este proceso tan fascinante y exigente que es educar, fomentando al mismo tiempo valores, conciencia social y la capacidad de ser agentes activos para un mundo ms equilibrado, justo y emptico para todxs.", "type": "text", "style": "", "detail": 0, "format": 0, "version": 1}], "direction": null, "textStyle": "", "textFormat": 0}], "direction": null}}	\N	reference	\N	\N	\N	default	f	-70	\N	about-second	68fb525c398c9978e6edfe40	sobre-mi	dark
3	771	version.layout	4900	f		t	107	\N	t	{"doc": null, "root": {"type": "root", "format": "", "indent": 0, "version": 1, "children": [{"tag": "h2", "type": "heading", "format": "left", "indent": 0, "version": 1, "children": [{"mode": "normal", "text": "Formacin", "type": "text", "style": "", "detail": 0, "format": 0, "version": 1}], "direction": null}, {"tag": "ul", "type": "list", "start": 1, "format": "", "indent": 0, "version": 1, "children": [{"type": "listitem", "value": 1, "format": "", "indent": 0, "version": 1, "children": [{"mode": "normal", "text": "Diplomatura en Educacin Primaria", "type": "text", "style": "", "detail": 0, "format": 0, "version": 1}], "direction": null}, {"type": "listitem", "value": 2, "format": "", "indent": 0, "version": 1, "children": [{"mode": "normal", "text": "Experta en Educacin Emocional y Acompaamiento Educativo y Familiar", "type": "text", "style": "", "detail": 0, "format": 0, "version": 1}], "direction": null}, {"type": "listitem", "value": 3, "format": "", "indent": 0, "version": 1, "children": [{"mode": "normal", "text": "Disciplina Positiva para Familias", "type": "text", "style": "", "detail": 0, "format": 0, "version": 1}], "direction": null}, {"type": "listitem", "value": 4, "format": "", "indent": 0, "version": 1, "children": [{"mode": "normal", "text": "Instructora de Yoga y Mindfulness para ni@s, educador@s y familias", "type": "text", "style": "", "detail": 0, "format": 0, "version": 1}], "direction": null}, {"type": "listitem", "value": 5, "format": "", "indent": 0, "version": 1, "children": [{"mode": "normal", "text": "Coaching Infanto-Juvenil", "type": "text", "style": "", "detail": 0, "format": 0, "version": 1}], "direction": null}, {"type": "listitem", "value": 6, "format": "", "indent": 0, "version": 1, "children": [{"mode": "normal", "text": "Intervencin con Muecos Playmobil", "type": "text", "style": "", "detail": 0, "format": 0, "version": 1}], "direction": null}, {"type": "listitem", "value": 7, "format": "", "indent": 0, "version": 1, "children": [{"mode": "normal", "text": "Intervencin Estratgica en la Escuela", "type": "text", "style": "", "detail": 0, "format": 0, "version": 1}], "direction": null}, {"type": "listitem", "value": 8, "format": "", "indent": 0, "version": 1, "children": [{"mode": "normal", "text": "Tcnicas de Terapia Estratgica en Ni@s y Adolescentes", "type": "text", "style": "", "detail": 0, "format": 0, "version": 1}], "direction": null}, {"type": "listitem", "value": 9, "format": "", "indent": 0, "version": 1, "children": [{"mode": "normal", "text": "Formacin en la Tcnica de la Caja de Arena", "type": "text", "style": "", "detail": 0, "format": 0, "version": 1}], "direction": null}, {"type": "listitem", "value": 10, "format": "", "indent": 0, "version": 1, "children": [{"mode": "normal", "text": "Mediacin y Resolucin de Conflictos", "type": "text", "style": "", "detail": 0, "format": 0, "version": 1}], "direction": null}, {"type": "listitem", "value": 11, "format": "", "indent": 0, "version": 1, "children": [{"mode": "normal", "text": "Curso de Educacin Sexual", "type": "text", "style": "", "detail": 0, "format": 0, "version": 1}], "direction": null}], "listType": "bullet", "direction": null}], "direction": null}}	t	custom	t	https://d2kzarvvomoj6d.cloudfront.net/documents/ti2yt3bo8ny5izsensif.pdf	descargar Curriculum	default	f	-65	separatorBackground	about-academic	69026a07c0fe9717b5354e07	formacin	dark
4	771	version.layout	4901	f		t	109	t	t	{"root": {"type": "root", "format": "", "indent": 0, "version": 1, "children": [{"tag": "h2", "type": "heading", "format": "", "indent": 0, "version": 1, "children": [{"mode": "normal", "text": "Visin educativa ", "type": "text", "style": "", "detail": 0, "format": 0, "version": 1}], "direction": null}, {"type": "paragraph", "format": "", "indent": 0, "version": 1, "children": [{"mode": "normal", "text": "Educar Sano nace como respuesta a los retos que plantea la escuela actual, desde una mirada ms humana, emptica y consciente de que educar hoy implica tambin entender el mundo complejo en el que vivimos.", "type": "text", "style": "", "detail": 0, "format": 0, "version": 1}], "direction": null, "textStyle": "", "textFormat": 0}, {"type": "paragraph", "format": "", "indent": 0, "version": 1, "children": [{"mode": "normal", "text": "Creemos que la educacin debe ser un espacio de bienestar compartido para el alumnado, el profesorado y las familias donde la empata, el cuidado y la conciencia social estn en el centro.", "type": "text", "style": "", "detail": 0, "format": 0, "version": 1}], "direction": null, "textStyle": "", "textFormat": 0}, {"type": "paragraph", "format": "", "indent": 0, "version": 1, "children": [{"mode": "normal", "text": "Defendemos una escuela que respete y valore a sus docentes, garantizando condiciones laborales dignas y espacios donde puedan cuidar su salud mental y emocional.", "type": "text", "style": "", "detail": 0, "format": 0, "version": 1}, {"type": "linebreak", "version": 1}, {"mode": "normal", "text": "Tambin apostamos por una conciliacin familiar real, donde las familias puedan implicarse en la educacin sin renunciar a su equilibrio personal y profesional.", "type": "text", "style": "", "detail": 0, "format": 0, "version": 1}], "direction": null, "textStyle": "", "textFormat": 0}, {"type": "paragraph", "format": "", "indent": 0, "version": 1, "children": [{"mode": "normal", "text": "Desde ", "type": "text", "style": "", "detail": 0, "format": 0, "version": 1}, {"mode": "normal", "text": "Educar Sano", "type": "text", "style": "", "detail": 0, "format": 2, "version": 1}, {"mode": "normal", "text": " queremos acompaar a quienes sienten que educar no es solo transmitir contenidos, sino formar personas activas, crticas y comprometidas con su entorno.", "type": "text", "style": "", "detail": 0, "format": 0, "version": 1}], "direction": null, "textStyle": "", "textFormat": 0}, {"type": "paragraph", "format": "", "indent": 0, "version": 1, "children": [{"mode": "normal", "text": "Educar es el reflejo de la sociedad. Por tanto, dediqumosle el rigor, la importancia y la vala que tiene.", "type": "text", "style": "", "detail": 0, "format": 0, "version": 1}], "direction": null, "textStyle": "", "textFormat": 0}, {"type": "paragraph", "format": "", "indent": 0, "version": 1, "children": [{"mode": "normal", "text": "Mi objetivo es que no te sientas perdid@ ni solo en este proceso tan fascinante y exigente que es educar, fomentando al mismo tiempo valores, conciencia social y la capacidad de ser agentes activos para un mundo ms equilibrado, justo y emptico para todxs.", "type": "text", "style": "", "detail": 0, "format": 0, "version": 1}], "direction": null, "textStyle": "", "textFormat": 0}], "direction": null}}	\N	reference	\N	\N	\N	default	f	-80	separatorWhite	about-my-vision	690276e88a378f13385b430c	visin educativa 	dark
4	584	version.layout	4280	t	\N	\N	\N	\N	t	{"root": {"type": "root", "format": "", "indent": 0, "version": 1, "children": [{"type": "paragraph", "format": "", "indent": 0, "version": 1, "children": [{"mode": "normal", "text": "MODALIDAD: ", "type": "text", "style": "", "detail": 0, "format": 0, "version": 1}], "direction": null, "textStyle": "", "textFormat": 0}, {"type": "paragraph", "format": "", "indent": 0, "version": 1, "children": [{"mode": "normal", "text": "Modalidad online, ideal para quienes prefieren la flexibilidad y comodidad de conectarse desde cualquier lugar.", "type": "text", "style": "", "detail": 0, "format": 0, "version": 1}], "direction": null, "textStyle": "", "textFormat": 0}, {"type": "paragraph", "format": "", "indent": 0, "version": 1, "children": [{"mode": "normal", "text": "Asesoramiento familiar a domicilio, para acompaar a las familias en su entorno cotidiano, facilitando un espacio cercano y cmodo.", "type": "text", "style": "", "detail": 0, "format": 0, "version": 1}], "direction": null, "textStyle": "", "textFormat": 0}, {"type": "block", "fields": {"id": "69175f4062d1c76ef7ad68a1", "prices": [{"id": "69175f4ddbe6a6ac0c07fa96", "link": {"url": "https://calendly.com/educarsano", "type": "calendly", "label": "agendar cita", "appearance": "default"}, "price": 60, "features": [{"id": "69177895dbe6a6ac0c07fa9a", "feature": "Sesin de 60 minutos"}, {"id": "691778a7dbe6a6ac0c07fa9c", "feature": "trabajar un tema concreto o dar seguimiento a procesos a largo plazo."}]}], "blockName": "Price", "blockType": "pricesBlock"}, "format": "", "version": 2}, {"type": "paragraph", "format": "", "indent": 0, "version": 1, "children": [], "direction": null, "textStyle": "", "textFormat": 0}], "direction": null}}	\N	reference	\N	\N	\N	default	f	100	\N	s-service-info	69172248d570572d554a1125	Modalidad-Precio	\N
5	584	version.layout	4281	\N	\N	\N	\N	\N	t	{"root": {"type": "root", "format": "", "indent": 0, "version": 1, "children": [{"type": "block", "fields": {"id": "69175d8562d1c76ef7ad68a0", "prices": [{"id": "69175d9cdbe6a6ac0c07fa90", "link": {"url": "https://calendly.com/educarsano", "type": "calendly", "label": "agendar cita", "appearance": "default"}, "price": 60, "features": [{"id": "69175dd1dbe6a6ac0c07fa92", "feature": "Sesin de 60 minutos"}, {"id": "69175e21dbe6a6ac0c07fa94", "feature": "trabajar un tema concreto o dar seguimiento a procesos a largo plazo."}]}], "blockName": "price", "blockType": "pricesBlock"}, "format": "", "version": 2}, {"type": "paragraph", "format": "", "indent": 0, "version": 1, "children": [], "direction": null, "textStyle": "", "textFormat": 0}], "direction": null}}	\N	reference	\N	\N	\N	default	f	100	\N	\N	69175d6fdbe6a6ac0c07fa8e	Precio	\N
4	585	version.layout	4282	t	\N	\N	\N	\N	t	{"root": {"type": "root", "format": "", "indent": 0, "version": 1, "children": [{"type": "paragraph", "format": "", "indent": 0, "version": 1, "children": [{"mode": "normal", "text": "MODALIDAD: ", "type": "text", "style": "", "detail": 0, "format": 0, "version": 1}], "direction": null, "textStyle": "", "textFormat": 0}, {"type": "paragraph", "format": "", "indent": 0, "version": 1, "children": [{"mode": "normal", "text": "Modalidad online, ideal para quienes prefieren la flexibilidad y comodidad de conectarse desde cualquier lugar.", "type": "text", "style": "", "detail": 0, "format": 0, "version": 1}], "direction": null, "textStyle": "", "textFormat": 0}, {"type": "paragraph", "format": "", "indent": 0, "version": 1, "children": [{"mode": "normal", "text": "Asesoramiento familiar a domicilio, para acompaar a las familias en su entorno cotidiano, facilitando un espacio cercano y cmodo.", "type": "text", "style": "", "detail": 0, "format": 0, "version": 1}], "direction": null, "textStyle": "", "textFormat": 0}, {"type": "block", "fields": {"id": "69175f4062d1c76ef7ad68a1", "prices": [{"id": "69175f4ddbe6a6ac0c07fa96", "link": {"url": "https://calendly.com/educarsano", "type": "calendly", "label": "agendar cita", "appearance": "default"}, "price": 60, "features": [{"id": "69177895dbe6a6ac0c07fa9a", "feature": "Sesin de 60 minutos"}, {"id": "691778a7dbe6a6ac0c07fa9c", "feature": "trabajar un tema concreto o dar seguimiento a procesos a largo plazo."}]}], "blockName": "Price", "blockType": "pricesBlock"}, "format": "", "version": 2}, {"type": "paragraph", "format": "", "indent": 0, "version": 1, "children": [], "direction": null, "textStyle": "", "textFormat": 0}], "direction": null}}	\N	reference	\N	\N	\N	default	f	100	\N	s-service-info	69172248d570572d554a1125	Modalidad-Precio	\N
5	585	version.layout	4283	\N	\N	\N	\N	\N	t	{"root": {"type": "root", "format": "", "indent": 0, "version": 1, "children": [{"type": "block", "fields": {"id": "69175d8562d1c76ef7ad68a0", "prices": [{"id": "69175d9cdbe6a6ac0c07fa90", "link": {"url": "https://calendly.com/educarsano", "type": "calendly", "label": "agendar cita", "appearance": "default"}, "price": 60, "features": [{"id": "69175dd1dbe6a6ac0c07fa92", "feature": "Sesin de 60 minutos"}, {"id": "69175e21dbe6a6ac0c07fa94", "feature": "trabajar un tema concreto o dar seguimiento a procesos a largo plazo."}]}], "blockName": "price", "blockType": "pricesBlock"}, "format": "", "version": 2}, {"type": "paragraph", "format": "", "indent": 0, "version": 1, "children": [], "direction": null, "textStyle": "", "textFormat": 0}], "direction": null}}	\N	reference	\N	\N	\N	default	f	100	\N	\N	69175d6fdbe6a6ac0c07fa8e	Precio	\N
4	586	version.layout	4284	t	\N	\N	\N	\N	t	{"root": {"type": "root", "format": "", "indent": 0, "version": 1, "children": [{"type": "paragraph", "format": "", "indent": 0, "version": 1, "children": [{"mode": "normal", "text": "MODALIDAD: ", "type": "text", "style": "", "detail": 0, "format": 0, "version": 1}], "direction": null, "textStyle": "", "textFormat": 0}, {"type": "paragraph", "format": "", "indent": 0, "version": 1, "children": [{"mode": "normal", "text": "Modalidad online, ideal para quienes prefieren la flexibilidad y comodidad de conectarse desde cualquier lugar.", "type": "text", "style": "", "detail": 0, "format": 0, "version": 1}], "direction": null, "textStyle": "", "textFormat": 0}, {"type": "paragraph", "format": "", "indent": 0, "version": 1, "children": [{"mode": "normal", "text": "Asesoramiento familiar a domicilio, para acompaar a las familias en su entorno cotidiano, facilitando un espacio cercano y cmodo.", "type": "text", "style": "", "detail": 0, "format": 0, "version": 1}], "direction": null, "textStyle": "", "textFormat": 0}, {"type": "block", "fields": {"id": "69175f4062d1c76ef7ad68a1", "prices": [{"id": "69175f4ddbe6a6ac0c07fa96", "link": {"url": "https://calendly.com/educarsano", "type": "calendly", "label": "agendar cita", "appearance": "default"}, "price": 60, "features": [{"id": "69177895dbe6a6ac0c07fa9a", "feature": "Sesin de 60 minutos"}, {"id": "691778a7dbe6a6ac0c07fa9c", "feature": "trabajar un tema concreto o dar seguimiento a procesos a largo plazo."}]}], "blockName": "Price", "blockType": "pricesBlock"}, "format": "", "version": 2}, {"type": "paragraph", "format": "", "indent": 0, "version": 1, "children": [], "direction": null, "textStyle": "", "textFormat": 0}], "direction": null}}	\N	reference	\N	\N	\N	default	f	100	\N	s-service-info	69172248d570572d554a1125	Modalidad-Precio	\N
5	586	version.layout	4285	\N	\N	\N	\N	\N	t	{"root": {"type": "root", "format": "", "indent": 0, "version": 1, "children": [{"type": "block", "fields": {"id": "69175d8562d1c76ef7ad68a0", "prices": [{"id": "69175d9cdbe6a6ac0c07fa90", "link": {"url": "https://calendly.com/educarsano", "type": "calendly", "label": "agendar cita", "appearance": "default"}, "price": 60, "features": [{"id": "69175dd1dbe6a6ac0c07fa92", "feature": "Sesin de 60 minutos"}, {"id": "69175e21dbe6a6ac0c07fa94", "feature": "trabajar un tema concreto o dar seguimiento a procesos a largo plazo."}]}], "blockName": "price", "blockType": "pricesBlock"}, "format": "", "version": 2}, {"type": "paragraph", "format": "", "indent": 0, "version": 1, "children": [], "direction": null, "textStyle": "", "textFormat": 0}], "direction": null}}	\N	reference	\N	\N	\N	default	f	100	\N	\N	69175d6fdbe6a6ac0c07fa8e	Precio	\N
4	587	version.layout	4286	t	\N	\N	\N	\N	t	{"root": {"type": "root", "format": "", "indent": 0, "version": 1, "children": [{"type": "paragraph", "format": "", "indent": 0, "version": 1, "children": [{"mode": "normal", "text": "MODALIDAD: ", "type": "text", "style": "", "detail": 0, "format": 0, "version": 1}], "direction": null, "textStyle": "", "textFormat": 0}, {"type": "paragraph", "format": "", "indent": 0, "version": 1, "children": [{"mode": "normal", "text": "Modalidad online, ideal para quienes prefieren la flexibilidad y comodidad de conectarse desde cualquier lugar.", "type": "text", "style": "", "detail": 0, "format": 0, "version": 1}], "direction": null, "textStyle": "", "textFormat": 0}, {"type": "paragraph", "format": "", "indent": 0, "version": 1, "children": [{"mode": "normal", "text": "Asesoramiento familiar a domicilio, para acompaar a las familias en su entorno cotidiano, facilitando un espacio cercano y cmodo.", "type": "text", "style": "", "detail": 0, "format": 0, "version": 1}], "direction": null, "textStyle": "", "textFormat": 0}, {"type": "block", "fields": {"id": "69175f4062d1c76ef7ad68a1", "prices": [{"id": "69175f4ddbe6a6ac0c07fa96", "link": {"url": "https://calendly.com/educarsano", "type": "calendly", "label": "agendar cita", "appearance": "default"}, "price": 60, "features": [{"id": "69177895dbe6a6ac0c07fa9a", "feature": "Sesin de 60 minutos"}, {"id": "691778a7dbe6a6ac0c07fa9c", "feature": "trabajar un tema concreto o dar seguimiento a procesos a largo plazo."}]}], "blockName": "Price", "blockType": "pricesBlock"}, "format": "", "version": 2}, {"type": "paragraph", "format": "", "indent": 0, "version": 1, "children": [], "direction": null, "textStyle": "", "textFormat": 0}], "direction": null}}	\N	reference	\N	\N	\N	default	f	100	\N	s-service-info	69172248d570572d554a1125	Modalidad-Precio	\N
5	587	version.layout	4287	\N	\N	\N	\N	\N	t	{"root": {"type": "root", "format": "", "indent": 0, "version": 1, "children": [{"type": "block", "fields": {"id": "69175d8562d1c76ef7ad68a0", "prices": [{"id": "69175d9cdbe6a6ac0c07fa90", "link": {"url": "https://calendly.com/educarsano", "type": "calendly", "label": "agendar cita", "appearance": "default"}, "price": 60, "features": [{"id": "69175dd1dbe6a6ac0c07fa92", "feature": "Sesin de 60 minutos"}, {"id": "69175e21dbe6a6ac0c07fa94", "feature": "trabajar un tema concreto o dar seguimiento a procesos a largo plazo."}]}], "blockName": "price", "blockType": "pricesBlock"}, "format": "", "version": 2}, {"type": "paragraph", "format": "", "indent": 0, "version": 1, "children": [], "direction": null, "textStyle": "", "textFormat": 0}], "direction": null}}	\N	reference	\N	\N	\N	default	f	100	\N	\N	69175d6fdbe6a6ac0c07fa8e	Precio	\N
4	588	version.layout	4288	t	\N	\N	\N	\N	t	{"root": {"type": "root", "format": "", "indent": 0, "version": 1, "children": [{"type": "paragraph", "format": "", "indent": 0, "version": 1, "children": [{"mode": "normal", "text": "MODALIDAD: ", "type": "text", "style": "", "detail": 0, "format": 0, "version": 1}], "direction": null, "textStyle": "", "textFormat": 0}, {"type": "paragraph", "format": "", "indent": 0, "version": 1, "children": [{"mode": "normal", "text": "Modalidad online, ideal para quienes prefieren la flexibilidad y comodidad de conectarse desde cualquier lugar.", "type": "text", "style": "", "detail": 0, "format": 0, "version": 1}], "direction": null, "textStyle": "", "textFormat": 0}, {"type": "paragraph", "format": "", "indent": 0, "version": 1, "children": [{"mode": "normal", "text": "Asesoramiento familiar a domicilio, para acompaar a las familias en su entorno cotidiano, facilitando un espacio cercano y cmodo.", "type": "text", "style": "", "detail": 0, "format": 0, "version": 1}], "direction": null, "textStyle": "", "textFormat": 0}, {"type": "block", "fields": {"id": "69175f4062d1c76ef7ad68a1", "prices": [{"id": "69175f4ddbe6a6ac0c07fa96", "link": {"url": "https://calendly.com/educarsano", "type": "calendly", "label": "agendar cita", "appearance": "default"}, "price": 60, "features": [{"id": "69177895dbe6a6ac0c07fa9a", "feature": "Sesin de 60 minutos"}, {"id": "691778a7dbe6a6ac0c07fa9c", "feature": "trabajar un tema concreto o dar seguimiento a procesos a largo plazo."}]}], "blockName": "Price", "blockType": "pricesBlock"}, "format": "", "version": 2}, {"type": "paragraph", "format": "", "indent": 0, "version": 1, "children": [], "direction": null, "textStyle": "", "textFormat": 0}], "direction": null}}	\N	reference	\N	\N	\N	default	f	100	\N	s-service-info	69172248d570572d554a1125	Modalidad-Precio	\N
5	588	version.layout	4289	\N	\N	\N	\N	\N	t	{"root": {"type": "root", "format": "", "indent": 0, "version": 1, "children": [{"type": "block", "fields": {"id": "69175d8562d1c76ef7ad68a0", "prices": [{"id": "69175d9cdbe6a6ac0c07fa90", "link": {"url": "https://calendly.com/educarsano", "type": "calendly", "label": "agendar cita", "appearance": "default"}, "price": 60, "features": [{"id": "69175dd1dbe6a6ac0c07fa92", "feature": "Sesin de 60 minutos"}, {"id": "69175e21dbe6a6ac0c07fa94", "feature": "trabajar un tema concreto o dar seguimiento a procesos a largo plazo."}]}], "blockName": "price", "blockType": "pricesBlock"}, "format": "", "version": 2}, {"type": "paragraph", "format": "", "indent": 0, "version": 1, "children": [], "direction": null, "textStyle": "", "textFormat": 0}], "direction": null}}	\N	reference	\N	\N	\N	default	f	100	\N	\N	69175d6fdbe6a6ac0c07fa8e	Precio	\N
4	589	version.layout	4290	t	\N	\N	\N	\N	t	{"root": {"type": "root", "format": "", "indent": 0, "version": 1, "children": [{"type": "paragraph", "format": "", "indent": 0, "version": 1, "children": [{"mode": "normal", "text": "MODALIDAD: ", "type": "text", "style": "", "detail": 0, "format": 0, "version": 1}], "direction": null, "textStyle": "", "textFormat": 0}, {"type": "paragraph", "format": "", "indent": 0, "version": 1, "children": [{"mode": "normal", "text": "Modalidad online, ideal para quienes prefieren la flexibilidad y comodidad de conectarse desde cualquier lugar.", "type": "text", "style": "", "detail": 0, "format": 0, "version": 1}], "direction": null, "textStyle": "", "textFormat": 0}, {"type": "paragraph", "format": "", "indent": 0, "version": 1, "children": [{"mode": "normal", "text": "Asesoramiento familiar a domicilio, para acompaar a las familias en su entorno cotidiano, facilitando un espacio cercano y cmodo.", "type": "text", "style": "", "detail": 0, "format": 0, "version": 1}], "direction": null, "textStyle": "", "textFormat": 0}, {"type": "block", "fields": {"id": "69175f4062d1c76ef7ad68a1", "prices": [{"id": "69175f4ddbe6a6ac0c07fa96", "link": {"url": "https://calendly.com/educarsano", "type": "calendly", "label": "agendar cita", "appearance": "default"}, "price": 60, "features": [{"id": "69177895dbe6a6ac0c07fa9a", "feature": "Sesin de 60 minutos"}, {"id": "691778a7dbe6a6ac0c07fa9c", "feature": "trabajar un tema concreto o dar seguimiento a procesos a largo plazo."}]}], "blockName": "Price", "blockType": "pricesBlock"}, "format": "", "version": 2}, {"type": "paragraph", "format": "", "indent": 0, "version": 1, "children": [], "direction": null, "textStyle": "", "textFormat": 0}], "direction": null}}	\N	reference	\N	\N	\N	default	f	100	\N	s-service-info	69172248d570572d554a1125	Modalidad-Precio	\N
5	589	version.layout	4291	\N	\N	\N	\N	\N	t	{"root": {"type": "root", "format": "", "indent": 0, "version": 1, "children": [{"type": "block", "fields": {"id": "69175d8562d1c76ef7ad68a0", "prices": [{"id": "69175d9cdbe6a6ac0c07fa90", "link": {"url": "https://calendly.com/educarsano", "type": "calendly", "label": "agendar cita", "appearance": "default"}, "price": 60, "features": [{"id": "69175dd1dbe6a6ac0c07fa92", "feature": "Sesin de 60 minutos"}, {"id": "69175e21dbe6a6ac0c07fa94", "feature": "trabajar un tema concreto o dar seguimiento a procesos a largo plazo."}]}], "blockName": "price", "blockType": "pricesBlock"}, "format": "", "version": 2}, {"type": "paragraph", "format": "", "indent": 0, "version": 1, "children": [], "direction": null, "textStyle": "", "textFormat": 0}], "direction": null}}	\N	reference	\N	\N	\N	default	f	100	\N	\N	69175d6fdbe6a6ac0c07fa8e	Precio	\N
\.


--
-- Data for Name: _pages_v_blocks_cta; Type: TABLE DATA; Schema: public; Owner: -
--

COPY public._pages_v_blocks_cta (_order, _parent_id, _path, id, media_id, rich_text, is_reverse, bottom, section_name, _uuid, block_name, enable_background_image, separator_type, dark_mode) FROM stdin;
2	606	version.layout	575	\N	{"root": {"type": "root", "format": "", "indent": 0, "version": 1, "children": [{"tag": "h2", "type": "heading", "format": "center", "indent": 0, "version": 1, "children": [{"mode": "normal", "text": "Educar Sano: tu espacio educativo y familiar de confianza", "type": "text", "style": "", "detail": 0, "format": 1, "version": 1}], "direction": "ltr", "textFormat": 1}, {"type": "paragraph", "format": "", "indent": 0, "version": 1, "children": [{"mode": "normal", "text": "Si quieres acompaamiento prctico, humano y con conciencia social, aqu encontrars las herramientas y el apoyo que necesitas.", "type": "text", "style": "", "detail": 0, "format": 0, "version": 1}], "direction": "ltr", "textStyle": "", "textFormat": 0}, {"type": "paragraph", "format": "", "indent": 0, "version": 1, "children": [{"mode": "normal", "text": "Comienza tu proceso con nosotros", "type": "text", "style": "", "detail": 0, "format": 0, "version": 1}], "direction": "ltr", "textStyle": "", "textFormat": 0}], "direction": null, "textFormat": 1}}	f	0	s-callToAction	6914dd71a8701483dd794e84	Llamada a la accin	t	separatorYellow	\N
2	826	version.layout	872	119	{"root": {"type": "root", "format": "", "indent": 0, "version": 1, "children": [{"tag": "h2", "type": "heading", "format": "center", "indent": 0, "version": 1, "children": [{"mode": "normal", "text": "Educar Sano: tu espacio educativo y familiar de confianza", "type": "text", "style": "", "detail": 0, "format": 1, "version": 1}], "direction": "ltr", "textFormat": 1}, {"type": "paragraph", "format": "", "indent": 0, "version": 1, "children": [{"mode": "normal", "text": "Si quieres acompaamiento prctico, humano y con conciencia social, aqu encontrars las herramientas y el apoyo que necesitas.", "type": "text", "style": "", "detail": 0, "format": 0, "version": 1}], "direction": "ltr", "textStyle": "", "textFormat": 0}, {"type": "paragraph", "format": "", "indent": 0, "version": 1, "children": [{"mode": "normal", "text": "Comienza tu proceso con nosotros", "type": "text", "style": "", "detail": 0, "format": 0, "version": 1}], "direction": "ltr", "textStyle": "", "textFormat": 0}], "direction": null, "textFormat": 1}}	t	-70	servicesCallToAction02	69133610b6900a691354eca6	LLamada a la accin	t	\N	blue
2	842	version.layout	890	\N	{"root": {"type": "root", "format": "", "indent": 0, "version": 1, "children": [{"tag": "h2", "type": "heading", "format": "center", "indent": 0, "version": 1, "children": [{"mode": "normal", "text": "Educar Sano: tu espacio educativo y familiar de confianza", "type": "text", "style": "", "detail": 0, "format": 1, "version": 1}], "direction": "ltr", "textFormat": 1}, {"type": "paragraph", "format": "", "indent": 0, "version": 1, "children": [{"mode": "normal", "text": "Si quieres acompaamiento prctico, humano y con conciencia social, aqu encontrars las herramientas y el apoyo que necesitas.", "type": "text", "style": "", "detail": 0, "format": 0, "version": 1}], "direction": "ltr", "textStyle": "", "textFormat": 0}, {"type": "paragraph", "format": "", "indent": 0, "version": 1, "children": [{"mode": "normal", "text": "Comienza tu proceso con nosotros", "type": "text", "style": "", "detail": 0, "format": 0, "version": 1}], "direction": "ltr", "textStyle": "", "textFormat": 0}], "direction": null, "textFormat": 1}}	f	0	s-callToAction	6914dd71a8701483dd794e84	Llamada a la accin	t	separatorYellow	\N
2	827	version.layout	873	119	{"root": {"type": "root", "format": "", "indent": 0, "version": 1, "children": [{"tag": "h2", "type": "heading", "format": "center", "indent": 0, "version": 1, "children": [{"mode": "normal", "text": "Educar Sano: tu espacio educativo y familiar de confianza", "type": "text", "style": "", "detail": 0, "format": 1, "version": 1}], "direction": "ltr", "textFormat": 1}, {"type": "paragraph", "format": "", "indent": 0, "version": 1, "children": [{"mode": "normal", "text": "Si quieres acompaamiento prctico, humano y con conciencia social, aqu encontrars las herramientas y el apoyo que necesitas.", "type": "text", "style": "", "detail": 0, "format": 0, "version": 1}], "direction": "ltr", "textStyle": "", "textFormat": 0}, {"type": "paragraph", "format": "", "indent": 0, "version": 1, "children": [{"mode": "normal", "text": "Comienza tu proceso con nosotros", "type": "text", "style": "", "detail": 0, "format": 0, "version": 1}], "direction": "ltr", "textStyle": "", "textFormat": 0}], "direction": null, "textFormat": 1}}	t	-70	servicesCallToAction02	69133610b6900a691354eca6	LLamada a la accin	t	\N	blue
5	764	version.layout	800	108	{"root": {"type": "root", "format": "", "indent": 0, "version": 1, "children": [{"tag": "h2", "type": "heading", "format": "center", "indent": 0, "version": 1, "children": [{"mode": "normal", "text": "Educar Sano: tu espacio educativo y familiar de confianza", "type": "text", "style": "", "detail": 0, "format": 1, "version": 1}], "direction": "ltr", "textFormat": 1}, {"type": "paragraph", "format": "", "indent": 0, "version": 1, "children": [{"mode": "normal", "text": "Si quieres acompaamiento prctico, humano y con conciencia social, aqu encontrars las herramientas y el apoyo que necesitas.", "type": "text", "style": "", "detail": 0, "format": 0, "version": 1}], "direction": "ltr", "textStyle": "", "textFormat": 0}, {"type": "paragraph", "format": "", "indent": 0, "version": 1, "children": [{"mode": "normal", "text": "Comienza tu proceso con nosotros", "type": "text", "style": "", "detail": 0, "format": 0, "version": 1}], "direction": "ltr", "textStyle": "", "textFormat": 0}], "direction": null, "textFormat": 1}}	f	0	about-call-to-action	69026af7c0fe9717b5354e09	llamada a la accin	f	\N	\N
2	828	version.layout	874	119	{"root": {"type": "root", "format": "", "indent": 0, "version": 1, "children": [{"tag": "h2", "type": "heading", "format": "center", "indent": 0, "version": 1, "children": [{"mode": "normal", "text": "Educar Sano: tu espacio educativo y familiar de confianza", "type": "text", "style": "", "detail": 0, "format": 1, "version": 1}], "direction": "ltr", "textFormat": 1}, {"type": "paragraph", "format": "", "indent": 0, "version": 1, "children": [{"mode": "normal", "text": "Si quieres acompaamiento prctico, humano y con conciencia social, aqu encontrars las herramientas y el apoyo que necesitas.", "type": "text", "style": "", "detail": 0, "format": 0, "version": 1}], "direction": "ltr", "textStyle": "", "textFormat": 0}, {"type": "paragraph", "format": "", "indent": 0, "version": 1, "children": [{"mode": "normal", "text": "Comienza tu proceso con nosotros", "type": "text", "style": "", "detail": 0, "format": 0, "version": 1}], "direction": "ltr", "textStyle": "", "textFormat": 0}], "direction": null, "textFormat": 1}}	t	-70	servicesCallToAction02	69133610b6900a691354eca6	LLamada a la accin	t	\N	blue
2	843	version.layout	891	\N	{"root": {"type": "root", "format": "", "indent": 0, "version": 1, "children": [{"tag": "h2", "type": "heading", "format": "center", "indent": 0, "version": 1, "children": [{"mode": "normal", "text": "Educar Sano: tu espacio educativo y familiar de confianza", "type": "text", "style": "", "detail": 0, "format": 1, "version": 1}], "direction": "ltr", "textFormat": 1}, {"type": "paragraph", "format": "", "indent": 0, "version": 1, "children": [{"mode": "normal", "text": "Si quieres acompaamiento prctico, humano y con conciencia social, aqu encontrars las herramientas y el apoyo que necesitas.", "type": "text", "style": "", "detail": 0, "format": 0, "version": 1}], "direction": "ltr", "textStyle": "", "textFormat": 0}, {"type": "paragraph", "format": "", "indent": 0, "version": 1, "children": [{"mode": "normal", "text": "Comienza tu proceso con nosotros", "type": "text", "style": "", "detail": 0, "format": 0, "version": 1}], "direction": "ltr", "textStyle": "", "textFormat": 0}], "direction": null, "textFormat": 1}}	f	0	s-callToAction	6914dd71a8701483dd794e84	Llamada a la accin	t	separatorYellow	\N
2	829	version.layout	875	119	{"root": {"type": "root", "format": "", "indent": 0, "version": 1, "children": [{"tag": "h2", "type": "heading", "format": "center", "indent": 0, "version": 1, "children": [{"mode": "normal", "text": "Educar Sano: tu espacio educativo y familiar de confianza", "type": "text", "style": "", "detail": 0, "format": 1, "version": 1}], "direction": "ltr", "textFormat": 1}, {"type": "paragraph", "format": "", "indent": 0, "version": 1, "children": [{"mode": "normal", "text": "Si quieres acompaamiento prctico, humano y con conciencia social, aqu encontrars las herramientas y el apoyo que necesitas.", "type": "text", "style": "", "detail": 0, "format": 0, "version": 1}], "direction": "ltr", "textStyle": "", "textFormat": 0}, {"type": "paragraph", "format": "", "indent": 0, "version": 1, "children": [{"mode": "normal", "text": "Comienza tu proceso con nosotros", "type": "text", "style": "", "detail": 0, "format": 0, "version": 1}], "direction": "ltr", "textStyle": "", "textFormat": 0}], "direction": null, "textFormat": 1}}	t	-70	servicesCallToAction02	69133610b6900a691354eca6	LLamada a la accin	t	\N	blue
5	765	version.layout	801	108	{"root": {"type": "root", "format": "", "indent": 0, "version": 1, "children": [{"tag": "h2", "type": "heading", "format": "center", "indent": 0, "version": 1, "children": [{"mode": "normal", "text": "Educar Sano: tu espacio educativo y familiar de confianza", "type": "text", "style": "", "detail": 0, "format": 1, "version": 1}], "direction": "ltr", "textFormat": 1}, {"type": "paragraph", "format": "", "indent": 0, "version": 1, "children": [{"mode": "normal", "text": "Si quieres acompaamiento prctico, humano y con conciencia social, aqu encontrars las herramientas y el apoyo que necesitas.", "type": "text", "style": "", "detail": 0, "format": 0, "version": 1}], "direction": "ltr", "textStyle": "", "textFormat": 0}, {"type": "paragraph", "format": "", "indent": 0, "version": 1, "children": [{"mode": "normal", "text": "Comienza tu proceso con nosotros", "type": "text", "style": "", "detail": 0, "format": 0, "version": 1}], "direction": "ltr", "textStyle": "", "textFormat": 0}], "direction": null, "textFormat": 1}}	f	0	about-call-to-action	69026af7c0fe9717b5354e09	llamada a la accin	f	\N	\N
2	607	version.layout	576	\N	{"root": {"type": "root", "format": "", "indent": 0, "version": 1, "children": [{"tag": "h2", "type": "heading", "format": "center", "indent": 0, "version": 1, "children": [{"mode": "normal", "text": "Educar Sano: tu espacio educativo y familiar de confianza", "type": "text", "style": "", "detail": 0, "format": 1, "version": 1}], "direction": "ltr", "textFormat": 1}, {"type": "paragraph", "format": "", "indent": 0, "version": 1, "children": [{"mode": "normal", "text": "Si quieres acompaamiento prctico, humano y con conciencia social, aqu encontrars las herramientas y el apoyo que necesitas.", "type": "text", "style": "", "detail": 0, "format": 0, "version": 1}], "direction": "ltr", "textStyle": "", "textFormat": 0}, {"type": "paragraph", "format": "", "indent": 0, "version": 1, "children": [{"mode": "normal", "text": "Comienza tu proceso con nosotros", "type": "text", "style": "", "detail": 0, "format": 0, "version": 1}], "direction": "ltr", "textStyle": "", "textFormat": 0}], "direction": null, "textFormat": 1}}	f	0	s-callToAction	6914dd71a8701483dd794e84	Llamada a la accin	t	separatorYellow	\N
2	608	version.layout	577	\N	{"root": {"type": "root", "format": "", "indent": 0, "version": 1, "children": [{"tag": "h2", "type": "heading", "format": "center", "indent": 0, "version": 1, "children": [{"mode": "normal", "text": "Educar Sano: tu espacio educativo y familiar de confianza", "type": "text", "style": "", "detail": 0, "format": 1, "version": 1}], "direction": "ltr", "textFormat": 1}, {"type": "paragraph", "format": "", "indent": 0, "version": 1, "children": [{"mode": "normal", "text": "Si quieres acompaamiento prctico, humano y con conciencia social, aqu encontrars las herramientas y el apoyo que necesitas.", "type": "text", "style": "", "detail": 0, "format": 0, "version": 1}], "direction": "ltr", "textStyle": "", "textFormat": 0}, {"type": "paragraph", "format": "", "indent": 0, "version": 1, "children": [{"mode": "normal", "text": "Comienza tu proceso con nosotros", "type": "text", "style": "", "detail": 0, "format": 0, "version": 1}], "direction": "ltr", "textStyle": "", "textFormat": 0}], "direction": null, "textFormat": 1}}	f	0	s-callToAction	6914dd71a8701483dd794e84	Llamada a la accin	t	separatorYellow	\N
2	844	version.layout	892	91	{"root": {"type": "root", "format": "", "indent": 0, "version": 1, "children": [{"tag": "h2", "type": "heading", "format": "center", "indent": 0, "version": 1, "children": [{"mode": "normal", "text": "Educar Sano: tu espacio educativo y familiar de confianza", "type": "text", "style": "", "detail": 0, "format": 1, "version": 1}], "direction": "ltr", "textFormat": 1}, {"type": "paragraph", "format": "", "indent": 0, "version": 1, "children": [{"mode": "normal", "text": "Si quieres acompaamiento prctico, humano y con conciencia social, aqu encontrars las herramientas y el apoyo que necesitas.", "type": "text", "style": "", "detail": 0, "format": 0, "version": 1}], "direction": "ltr", "textStyle": "", "textFormat": 0}, {"type": "paragraph", "format": "", "indent": 0, "version": 1, "children": [{"mode": "normal", "text": "Comienza tu proceso con nosotros", "type": "text", "style": "", "detail": 0, "format": 0, "version": 1}], "direction": "ltr", "textStyle": "", "textFormat": 0}], "direction": null, "textFormat": 1}}	f	0	s-callToAction	6914dd71a8701483dd794e84	Llamada a la accin	t	separatorYellow	\N
2	830	version.layout	876	119	{"root": {"type": "root", "format": "", "indent": 0, "version": 1, "children": [{"tag": "h2", "type": "heading", "format": "center", "indent": 0, "version": 1, "children": [{"mode": "normal", "text": "Educar Sano: tu espacio educativo y familiar de confianza", "type": "text", "style": "", "detail": 0, "format": 1, "version": 1}], "direction": "ltr", "textFormat": 1}, {"type": "paragraph", "format": "", "indent": 0, "version": 1, "children": [{"mode": "normal", "text": "Si quieres acompaamiento prctico, humano y con conciencia social, aqu encontrars las herramientas y el apoyo que necesitas.", "type": "text", "style": "", "detail": 0, "format": 0, "version": 1}], "direction": "ltr", "textStyle": "", "textFormat": 0}, {"type": "paragraph", "format": "", "indent": 0, "version": 1, "children": [{"mode": "normal", "text": "Comienza tu proceso con nosotros", "type": "text", "style": "", "detail": 0, "format": 0, "version": 1}], "direction": "ltr", "textStyle": "", "textFormat": 0}], "direction": null, "textFormat": 1}}	t	-70	servicesCallToAction02	69133610b6900a691354eca6	LLamada a la accin	t	\N	blue
5	766	version.layout	802	108	{"root": {"type": "root", "format": "", "indent": 0, "version": 1, "children": [{"tag": "h2", "type": "heading", "format": "center", "indent": 0, "version": 1, "children": [{"mode": "normal", "text": "Educar Sano: tu espacio educativo y familiar de confianza", "type": "text", "style": "", "detail": 0, "format": 1, "version": 1}], "direction": "ltr", "textFormat": 1}, {"type": "paragraph", "format": "", "indent": 0, "version": 1, "children": [{"mode": "normal", "text": "Si quieres acompaamiento prctico, humano y con conciencia social, aqu encontrars las herramientas y el apoyo que necesitas.", "type": "text", "style": "", "detail": 0, "format": 0, "version": 1}], "direction": "ltr", "textStyle": "", "textFormat": 0}, {"type": "paragraph", "format": "", "indent": 0, "version": 1, "children": [{"mode": "normal", "text": "Comienza tu proceso con nosotros", "type": "text", "style": "", "detail": 0, "format": 0, "version": 1}], "direction": "ltr", "textStyle": "", "textFormat": 0}], "direction": null, "textFormat": 1}}	f	0	about-call-to-action	69026af7c0fe9717b5354e09	llamada a la accin	f	\N	\N
6	847	version.layout	893	108	{"root": {"type": "root", "format": "", "indent": 0, "version": 1, "children": [{"tag": "h2", "type": "heading", "format": "center", "indent": 0, "version": 1, "children": [{"mode": "normal", "text": "Educar Sano: tu espacio educativo y familiar de confianza", "type": "text", "style": "", "detail": 0, "format": 1, "version": 1}], "direction": "ltr", "textFormat": 1}, {"type": "paragraph", "format": "", "indent": 0, "version": 1, "children": [{"mode": "normal", "text": "Si quieres acompaamiento prctico, humano y con conciencia social, aqu encontrars las herramientas y el apoyo que necesitas.", "type": "text", "style": "", "detail": 0, "format": 0, "version": 1}], "direction": "ltr", "textStyle": "", "textFormat": 0}, {"type": "paragraph", "format": "", "indent": 0, "version": 1, "children": [{"mode": "normal", "text": "Comienza tu proceso con nosotros", "type": "text", "style": "", "detail": 0, "format": 0, "version": 1}], "direction": "ltr", "textStyle": "", "textFormat": 0}], "direction": null, "textFormat": 1}}	t	-66	HomeCallToAction01	68f79fc8f46630ee6d8dcbb6	Llamada a la accin	t	separatorBackground	\N
2	609	version.layout	578	\N	{"root": {"type": "root", "format": "", "indent": 0, "version": 1, "children": [{"tag": "h2", "type": "heading", "format": "center", "indent": 0, "version": 1, "children": [{"mode": "normal", "text": "Educar Sano: tu espacio educativo y familiar de confianza", "type": "text", "style": "", "detail": 0, "format": 1, "version": 1}], "direction": "ltr", "textFormat": 1}, {"type": "paragraph", "format": "", "indent": 0, "version": 1, "children": [{"mode": "normal", "text": "Si quieres acompaamiento prctico, humano y con conciencia social, aqu encontrars las herramientas y el apoyo que necesitas.", "type": "text", "style": "", "detail": 0, "format": 0, "version": 1}], "direction": "ltr", "textStyle": "", "textFormat": 0}, {"type": "paragraph", "format": "", "indent": 0, "version": 1, "children": [{"mode": "normal", "text": "Comienza tu proceso con nosotros", "type": "text", "style": "", "detail": 0, "format": 0, "version": 1}], "direction": "ltr", "textStyle": "", "textFormat": 0}], "direction": null, "textFormat": 1}}	f	0	s-callToAction	6914dd71a8701483dd794e84	Llamada a la accin	t	separatorYellow	\N
2	831	version.layout	877	119	{"root": {"type": "root", "format": "", "indent": 0, "version": 1, "children": [{"tag": "h2", "type": "heading", "format": "center", "indent": 0, "version": 1, "children": [{"mode": "normal", "text": "Educar Sano: tu espacio educativo y familiar de confianza", "type": "text", "style": "", "detail": 0, "format": 1, "version": 1}], "direction": "ltr", "textFormat": 1}, {"type": "paragraph", "format": "", "indent": 0, "version": 1, "children": [{"mode": "normal", "text": "Si quieres acompaamiento prctico, humano y con conciencia social, aqu encontrars las herramientas y el apoyo que necesitas.", "type": "text", "style": "", "detail": 0, "format": 0, "version": 1}], "direction": "ltr", "textStyle": "", "textFormat": 0}, {"type": "paragraph", "format": "", "indent": 0, "version": 1, "children": [{"mode": "normal", "text": "Comienza tu proceso con nosotros", "type": "text", "style": "", "detail": 0, "format": 0, "version": 1}], "direction": "ltr", "textStyle": "", "textFormat": 0}], "direction": null, "textFormat": 1}}	t	-70	servicesCallToAction02	69133610b6900a691354eca6	LLamada a la accin	t	\N	blue
6	848	version.layout	894	108	{"root": {"type": "root", "format": "", "indent": 0, "version": 1, "children": [{"tag": "h2", "type": "heading", "format": "center", "indent": 0, "version": 1, "children": [{"mode": "normal", "text": "Educar Sano: tu espacio educativo y familiar de confianza", "type": "text", "style": "", "detail": 0, "format": 1, "version": 1}], "direction": "ltr", "textFormat": 1}, {"type": "paragraph", "format": "", "indent": 0, "version": 1, "children": [{"mode": "normal", "text": "Si quieres acompaamiento prctico, humano y con conciencia social, aqu encontrars las herramientas y el apoyo que necesitas.", "type": "text", "style": "", "detail": 0, "format": 0, "version": 1}], "direction": "ltr", "textStyle": "", "textFormat": 0}, {"type": "paragraph", "format": "", "indent": 0, "version": 1, "children": [{"mode": "normal", "text": "Comienza tu proceso con nosotros", "type": "text", "style": "", "detail": 0, "format": 0, "version": 1}], "direction": "ltr", "textStyle": "", "textFormat": 0}], "direction": null, "textFormat": 1}}	t	-66	HomeCallToAction01	68f79fc8f46630ee6d8dcbb6	Llamada a la accin	t	separatorBackground	\N
5	767	version.layout	803	108	{"root": {"type": "root", "format": "", "indent": 0, "version": 1, "children": [{"tag": "h2", "type": "heading", "format": "center", "indent": 0, "version": 1, "children": [{"mode": "normal", "text": "Educar Sano: tu espacio educativo y familiar de confianza", "type": "text", "style": "", "detail": 0, "format": 1, "version": 1}], "direction": "ltr", "textFormat": 1}, {"type": "paragraph", "format": "", "indent": 0, "version": 1, "children": [{"mode": "normal", "text": "Si quieres acompaamiento prctico, humano y con conciencia social, aqu encontrars las herramientas y el apoyo que necesitas.", "type": "text", "style": "", "detail": 0, "format": 0, "version": 1}], "direction": "ltr", "textStyle": "", "textFormat": 0}, {"type": "paragraph", "format": "", "indent": 0, "version": 1, "children": [{"mode": "normal", "text": "Comienza tu proceso con nosotros", "type": "text", "style": "", "detail": 0, "format": 0, "version": 1}], "direction": "ltr", "textStyle": "", "textFormat": 0}], "direction": null, "textFormat": 1}}	f	0	about-call-to-action	69026af7c0fe9717b5354e09	llamada a la accin	f	\N	\N
5	768	version.layout	804	108	{"root": {"type": "root", "format": "", "indent": 0, "version": 1, "children": [{"tag": "h2", "type": "heading", "format": "center", "indent": 0, "version": 1, "children": [{"mode": "normal", "text": "Educar Sano: tu espacio educativo y familiar de confianza", "type": "text", "style": "", "detail": 0, "format": 1, "version": 1}], "direction": "ltr", "textFormat": 1}, {"type": "paragraph", "format": "", "indent": 0, "version": 1, "children": [{"mode": "normal", "text": "Si quieres acompaamiento prctico, humano y con conciencia social, aqu encontrars las herramientas y el apoyo que necesitas.", "type": "text", "style": "", "detail": 0, "format": 0, "version": 1}], "direction": "ltr", "textStyle": "", "textFormat": 0}, {"type": "paragraph", "format": "", "indent": 0, "version": 1, "children": [{"mode": "normal", "text": "Comienza tu proceso con nosotros", "type": "text", "style": "", "detail": 0, "format": 0, "version": 1}], "direction": "ltr", "textStyle": "", "textFormat": 0}], "direction": null, "textFormat": 1}}	f	0	about-call-to-action	69026af7c0fe9717b5354e09	llamada a la accin	f	\N	\N
2	610	version.layout	579	\N	{"root": {"type": "root", "format": "", "indent": 0, "version": 1, "children": [{"tag": "h2", "type": "heading", "format": "center", "indent": 0, "version": 1, "children": [{"mode": "normal", "text": "Educar Sano: tu espacio educativo y familiar de confianza", "type": "text", "style": "", "detail": 0, "format": 1, "version": 1}], "direction": "ltr", "textFormat": 1}, {"type": "paragraph", "format": "", "indent": 0, "version": 1, "children": [{"mode": "normal", "text": "Si quieres acompaamiento prctico, humano y con conciencia social, aqu encontrars las herramientas y el apoyo que necesitas.", "type": "text", "style": "", "detail": 0, "format": 0, "version": 1}], "direction": "ltr", "textStyle": "", "textFormat": 0}, {"type": "paragraph", "format": "", "indent": 0, "version": 1, "children": [{"mode": "normal", "text": "Comienza tu proceso con nosotros", "type": "text", "style": "", "detail": 0, "format": 0, "version": 1}], "direction": "ltr", "textStyle": "", "textFormat": 0}], "direction": null, "textFormat": 1}}	f	0	s-callToAction	6914dd71a8701483dd794e84	Llamada a la accin	t	separatorYellow	\N
2	611	version.layout	580	\N	{"root": {"type": "root", "format": "", "indent": 0, "version": 1, "children": [{"tag": "h2", "type": "heading", "format": "center", "indent": 0, "version": 1, "children": [{"mode": "normal", "text": "Educar Sano: tu espacio educativo y familiar de confianza", "type": "text", "style": "", "detail": 0, "format": 1, "version": 1}], "direction": "ltr", "textFormat": 1}, {"type": "paragraph", "format": "", "indent": 0, "version": 1, "children": [{"mode": "normal", "text": "Si quieres acompaamiento prctico, humano y con conciencia social, aqu encontrars las herramientas y el apoyo que necesitas.", "type": "text", "style": "", "detail": 0, "format": 0, "version": 1}], "direction": "ltr", "textStyle": "", "textFormat": 0}, {"type": "paragraph", "format": "", "indent": 0, "version": 1, "children": [{"mode": "normal", "text": "Comienza tu proceso con nosotros", "type": "text", "style": "", "detail": 0, "format": 0, "version": 1}], "direction": "ltr", "textStyle": "", "textFormat": 0}], "direction": null, "textFormat": 1}}	f	0	s-callToAction	6914dd71a8701483dd794e84	Llamada a la accin	t	separatorYellow	\N
6	868	version.layout	895	108	{"root": {"type": "root", "format": "", "indent": 0, "version": 1, "children": [{"tag": "h2", "type": "heading", "format": "center", "indent": 0, "version": 1, "children": [{"mode": "normal", "text": "Educar Sano: tu espacio educativo y familiar de confianza", "type": "text", "style": "", "detail": 0, "format": 1, "version": 1}], "direction": "ltr", "textFormat": 1}, {"type": "paragraph", "format": "", "indent": 0, "version": 1, "children": [{"mode": "normal", "text": "Si quieres acompaamiento prctico, humano y con conciencia social, aqu encontrars las herramientas y el apoyo que necesitas.", "type": "text", "style": "", "detail": 0, "format": 0, "version": 1}], "direction": "ltr", "textStyle": "", "textFormat": 0}, {"type": "paragraph", "format": "", "indent": 0, "version": 1, "children": [{"mode": "normal", "text": "Comienza tu proceso con nosotros", "type": "text", "style": "", "detail": 0, "format": 0, "version": 1}], "direction": "ltr", "textStyle": "", "textFormat": 0}], "direction": null, "textFormat": 1}}	t	-66	HomeCallToAction01	68f79fc8f46630ee6d8dcbb6	Llamada a la accin	t	separatorBackground	\N
5	769	version.layout	805	108	{"root": {"type": "root", "format": "", "indent": 0, "version": 1, "children": [{"tag": "h2", "type": "heading", "format": "center", "indent": 0, "version": 1, "children": [{"mode": "normal", "text": "Educar Sano: tu espacio educativo y familiar de confianza", "type": "text", "style": "", "detail": 0, "format": 1, "version": 1}], "direction": "ltr", "textFormat": 1}, {"type": "paragraph", "format": "", "indent": 0, "version": 1, "children": [{"mode": "normal", "text": "Si quieres acompaamiento prctico, humano y con conciencia social, aqu encontrars las herramientas y el apoyo que necesitas.", "type": "text", "style": "", "detail": 0, "format": 0, "version": 1}], "direction": "ltr", "textStyle": "", "textFormat": 0}, {"type": "paragraph", "format": "", "indent": 0, "version": 1, "children": [{"mode": "normal", "text": "Comienza tu proceso con nosotros", "type": "text", "style": "", "detail": 0, "format": 0, "version": 1}], "direction": "ltr", "textStyle": "", "textFormat": 0}], "direction": null, "textFormat": 1}}	f	0	about-call-to-action	69026af7c0fe9717b5354e09	llamada a la accin	f	\N	\N
2	612	version.layout	581	\N	{"root": {"type": "root", "format": "", "indent": 0, "version": 1, "children": [{"tag": "h2", "type": "heading", "format": "center", "indent": 0, "version": 1, "children": [{"mode": "normal", "text": "Educar Sano: tu espacio educativo y familiar de confianza", "type": "text", "style": "", "detail": 0, "format": 1, "version": 1}], "direction": "ltr", "textFormat": 1}, {"type": "paragraph", "format": "", "indent": 0, "version": 1, "children": [{"mode": "normal", "text": "Si quieres acompaamiento prctico, humano y con conciencia social, aqu encontrars las herramientas y el apoyo que necesitas.", "type": "text", "style": "", "detail": 0, "format": 0, "version": 1}], "direction": "ltr", "textStyle": "", "textFormat": 0}, {"type": "paragraph", "format": "", "indent": 0, "version": 1, "children": [{"mode": "normal", "text": "Comienza tu proceso con nosotros", "type": "text", "style": "", "detail": 0, "format": 0, "version": 1}], "direction": "ltr", "textStyle": "", "textFormat": 0}], "direction": null, "textFormat": 1}}	f	0	s-callToAction	6914dd71a8701483dd794e84	Llamada a la accin	t	separatorYellow	\N
5	869	version.layout	896	108	{"root": {"type": "root", "format": "", "indent": 0, "version": 1, "children": [{"tag": "h2", "type": "heading", "format": "center", "indent": 0, "version": 1, "children": [{"mode": "normal", "text": "Educar Sano: tu espacio educativo y familiar de confianza", "type": "text", "style": "", "detail": 0, "format": 1, "version": 1}], "direction": "ltr", "textFormat": 1}, {"type": "paragraph", "format": "", "indent": 0, "version": 1, "children": [{"mode": "normal", "text": "Si quieres acompaamiento prctico, humano y con conciencia social, aqu encontrars las herramientas y el apoyo que necesitas.", "type": "text", "style": "", "detail": 0, "format": 0, "version": 1}], "direction": "ltr", "textStyle": "", "textFormat": 0}, {"type": "paragraph", "format": "", "indent": 0, "version": 1, "children": [{"mode": "normal", "text": "Comienza tu proceso con nosotros", "type": "text", "style": "", "detail": 0, "format": 0, "version": 1}], "direction": "ltr", "textStyle": "", "textFormat": 0}], "direction": null, "textFormat": 1}}	f	0	about-call-to-action	69026af7c0fe9717b5354e09	llamada a la accin	f	separatorBackground	\N
2	870	version.layout	897	119	{"root": {"type": "root", "format": "", "indent": 0, "version": 1, "children": [{"tag": "h2", "type": "heading", "format": "center", "indent": 0, "version": 1, "children": [{"mode": "normal", "text": "Educar Sano: tu espacio educativo y familiar de confianza", "type": "text", "style": "", "detail": 0, "format": 1, "version": 1}], "direction": "ltr", "textFormat": 1}, {"type": "paragraph", "format": "", "indent": 0, "version": 1, "children": [{"mode": "normal", "text": "Si quieres acompaamiento prctico, humano y con conciencia social, aqu encontrars las herramientas y el apoyo que necesitas.", "type": "text", "style": "", "detail": 0, "format": 0, "version": 1}], "direction": "ltr", "textStyle": "", "textFormat": 0}, {"type": "paragraph", "format": "", "indent": 0, "version": 1, "children": [{"mode": "normal", "text": "Comienza tu proceso con nosotros", "type": "text", "style": "", "detail": 0, "format": 0, "version": 1}], "direction": "ltr", "textStyle": "", "textFormat": 0}], "direction": null, "textFormat": 1}}	t	-70	servicesCallToAction02	69133610b6900a691354eca6	LLamada a la accin	t	\N	blue
5	770	version.layout	806	108	{"root": {"type": "root", "format": "", "indent": 0, "version": 1, "children": [{"tag": "h2", "type": "heading", "format": "center", "indent": 0, "version": 1, "children": [{"mode": "normal", "text": "Educar Sano: tu espacio educativo y familiar de confianza", "type": "text", "style": "", "detail": 0, "format": 1, "version": 1}], "direction": "ltr", "textFormat": 1}, {"type": "paragraph", "format": "", "indent": 0, "version": 1, "children": [{"mode": "normal", "text": "Si quieres acompaamiento prctico, humano y con conciencia social, aqu encontrars las herramientas y el apoyo que necesitas.", "type": "text", "style": "", "detail": 0, "format": 0, "version": 1}], "direction": "ltr", "textStyle": "", "textFormat": 0}, {"type": "paragraph", "format": "", "indent": 0, "version": 1, "children": [{"mode": "normal", "text": "Comienza tu proceso con nosotros", "type": "text", "style": "", "detail": 0, "format": 0, "version": 1}], "direction": "ltr", "textStyle": "", "textFormat": 0}], "direction": null, "textFormat": 1}}	f	0	about-call-to-action	69026af7c0fe9717b5354e09	llamada a la accin	f	\N	\N
6	835	version.layout	881	108	{"root": {"type": "root", "format": "", "indent": 0, "version": 1, "children": [{"tag": "h2", "type": "heading", "format": "center", "indent": 0, "version": 1, "children": [{"mode": "normal", "text": "Educar Sano: tu espacio educativo y familiar de confianza", "type": "text", "style": "", "detail": 0, "format": 1, "version": 1}], "direction": "ltr", "textFormat": 1}, {"type": "paragraph", "format": "", "indent": 0, "version": 1, "children": [{"mode": "normal", "text": "Si quieres acompaamiento prctico, humano y con conciencia social, aqu encontrars las herramientas y el apoyo que necesitas.", "type": "text", "style": "", "detail": 0, "format": 0, "version": 1}], "direction": "ltr", "textStyle": "", "textFormat": 0}, {"type": "paragraph", "format": "", "indent": 0, "version": 1, "children": [{"mode": "normal", "text": "Comienza tu proceso con nosotros", "type": "text", "style": "", "detail": 0, "format": 0, "version": 1}], "direction": "ltr", "textStyle": "", "textFormat": 0}], "direction": null, "textFormat": 1}}	t	-66	HomeCallToAction01	68f79fc8f46630ee6d8dcbb6	Llamada a la accin	t	separatorBackground	\N
2	871	version.layout	898	119	{"root": {"type": "root", "format": "", "indent": 0, "version": 1, "children": [{"tag": "h2", "type": "heading", "format": "center", "indent": 0, "version": 1, "children": [{"mode": "normal", "text": "Educar Sano: tu espacio educativo y familiar de confianza", "type": "text", "style": "", "detail": 0, "format": 1, "version": 1}], "direction": "ltr", "textFormat": 1}, {"type": "paragraph", "format": "", "indent": 0, "version": 1, "children": [{"mode": "normal", "text": "Si quieres acompaamiento prctico, humano y con conciencia social, aqu encontrars las herramientas y el apoyo que necesitas.", "type": "text", "style": "", "detail": 0, "format": 0, "version": 1}], "direction": "ltr", "textStyle": "", "textFormat": 0}, {"type": "paragraph", "format": "", "indent": 0, "version": 1, "children": [{"mode": "normal", "text": "Comienza tu proceso con nosotros", "type": "text", "style": "", "detail": 0, "format": 0, "version": 1}], "direction": "ltr", "textStyle": "", "textFormat": 0}], "direction": null, "textFormat": 1}}	t	-70	servicesCallToAction02	69133610b6900a691354eca6	LLamada a la accin	t	\N	blue
5	771	version.layout	807	108	{"root": {"type": "root", "format": "", "indent": 0, "version": 1, "children": [{"tag": "h2", "type": "heading", "format": "center", "indent": 0, "version": 1, "children": [{"mode": "normal", "text": "Educar Sano: tu espacio educativo y familiar de confianza", "type": "text", "style": "", "detail": 0, "format": 1, "version": 1}], "direction": "ltr", "textFormat": 1}, {"type": "paragraph", "format": "", "indent": 0, "version": 1, "children": [{"mode": "normal", "text": "Si quieres acompaamiento prctico, humano y con conciencia social, aqu encontrars las herramientas y el apoyo que necesitas.", "type": "text", "style": "", "detail": 0, "format": 0, "version": 1}], "direction": "ltr", "textStyle": "", "textFormat": 0}, {"type": "paragraph", "format": "", "indent": 0, "version": 1, "children": [{"mode": "normal", "text": "Comienza tu proceso con nosotros", "type": "text", "style": "", "detail": 0, "format": 0, "version": 1}], "direction": "ltr", "textStyle": "", "textFormat": 0}], "direction": null, "textFormat": 1}}	f	0	about-call-to-action	69026af7c0fe9717b5354e09	llamada a la accin	f	separatorBackground	\N
6	836	version.layout	882	108	{"root": {"type": "root", "format": "", "indent": 0, "version": 1, "children": [{"tag": "h2", "type": "heading", "format": "center", "indent": 0, "version": 1, "children": [{"mode": "normal", "text": "Educar Sano: tu espacio educativo y familiar de confianza", "type": "text", "style": "", "detail": 0, "format": 1, "version": 1}], "direction": "ltr", "textFormat": 1}, {"type": "paragraph", "format": "", "indent": 0, "version": 1, "children": [{"mode": "normal", "text": "Si quieres acompaamiento prctico, humano y con conciencia social, aqu encontrars las herramientas y el apoyo que necesitas.", "type": "text", "style": "", "detail": 0, "format": 0, "version": 1}], "direction": "ltr", "textStyle": "", "textFormat": 0}, {"type": "paragraph", "format": "", "indent": 0, "version": 1, "children": [{"mode": "normal", "text": "Comienza tu proceso con nosotros", "type": "text", "style": "", "detail": 0, "format": 0, "version": 1}], "direction": "ltr", "textStyle": "", "textFormat": 0}], "direction": null, "textFormat": 1}}	t	-66	HomeCallToAction01	68f79fc8f46630ee6d8dcbb6	Llamada a la accin	t	separatorBackground	\N
2	872	version.layout	899	119	{"root": {"type": "root", "format": "", "indent": 0, "version": 1, "children": [{"tag": "h2", "type": "heading", "format": "center", "indent": 0, "version": 1, "children": [{"mode": "normal", "text": "Educar Sano: tu espacio educativo y familiar de confianza", "type": "text", "style": "", "detail": 0, "format": 1, "version": 1}], "direction": "ltr", "textFormat": 1}, {"type": "paragraph", "format": "", "indent": 0, "version": 1, "children": [{"mode": "normal", "text": "Si quieres acompaamiento prctico, humano y con conciencia social, aqu encontrars las herramientas y el apoyo que necesitas.", "type": "text", "style": "", "detail": 0, "format": 0, "version": 1}], "direction": "ltr", "textStyle": "", "textFormat": 0}, {"type": "paragraph", "format": "", "indent": 0, "version": 1, "children": [{"mode": "normal", "text": "Comienza tu proceso con nosotros", "type": "text", "style": "", "detail": 0, "format": 0, "version": 1}], "direction": "ltr", "textStyle": "", "textFormat": 0}], "direction": null, "textFormat": 1}}	t	-70	servicesCallToAction02	69133610b6900a691354eca6	LLamada a la accin	t	\N	blue
6	837	version.layout	883	108	{"root": {"type": "root", "format": "", "indent": 0, "version": 1, "children": [{"tag": "h2", "type": "heading", "format": "center", "indent": 0, "version": 1, "children": [{"mode": "normal", "text": "Educar Sano: tu espacio educativo y familiar de confianza", "type": "text", "style": "", "detail": 0, "format": 1, "version": 1}], "direction": "ltr", "textFormat": 1}, {"type": "paragraph", "format": "", "indent": 0, "version": 1, "children": [{"mode": "normal", "text": "Si quieres acompaamiento prctico, humano y con conciencia social, aqu encontrars las herramientas y el apoyo que necesitas.", "type": "text", "style": "", "detail": 0, "format": 0, "version": 1}], "direction": "ltr", "textStyle": "", "textFormat": 0}, {"type": "paragraph", "format": "", "indent": 0, "version": 1, "children": [{"mode": "normal", "text": "Comienza tu proceso con nosotros", "type": "text", "style": "", "detail": 0, "format": 0, "version": 1}], "direction": "ltr", "textStyle": "", "textFormat": 0}], "direction": null, "textFormat": 1}}	t	-66	HomeCallToAction01	68f79fc8f46630ee6d8dcbb6	Llamada a la accin	t	separatorBackground	\N
5	873	version.layout	900	108	{"root": {"type": "root", "format": "", "indent": 0, "version": 1, "children": [{"tag": "h2", "type": "heading", "format": "center", "indent": 0, "version": 1, "children": [{"mode": "normal", "text": "Educar Sano: tu espacio educativo y familiar de confianza", "type": "text", "style": "", "detail": 0, "format": 1, "version": 1}], "direction": "ltr", "textFormat": 1}, {"type": "paragraph", "format": "", "indent": 0, "version": 1, "children": [{"mode": "normal", "text": "Si quieres acompaamiento prctico, humano y con conciencia social, aqu encontrars las herramientas y el apoyo que necesitas.", "type": "text", "style": "", "detail": 0, "format": 0, "version": 1}], "direction": "ltr", "textStyle": "", "textFormat": 0}, {"type": "paragraph", "format": "", "indent": 0, "version": 1, "children": [{"mode": "normal", "text": "Comienza tu proceso con nosotros", "type": "text", "style": "", "detail": 0, "format": 0, "version": 1}], "direction": "ltr", "textStyle": "", "textFormat": 0}], "direction": null, "textFormat": 1}}	f	0	about-call-to-action	69026af7c0fe9717b5354e09	llamada a la accin	f	separatorBackground	\N
6	838	version.layout	884	108	{"root": {"type": "root", "format": "", "indent": 0, "version": 1, "children": [{"tag": "h2", "type": "heading", "format": "center", "indent": 0, "version": 1, "children": [{"mode": "normal", "text": "Educar Sano: tu espacio educativo y familiar de confianza", "type": "text", "style": "", "detail": 0, "format": 1, "version": 1}], "direction": "ltr", "textFormat": 1}, {"type": "paragraph", "format": "", "indent": 0, "version": 1, "children": [{"mode": "normal", "text": "Si quieres acompaamiento prctico, humano y con conciencia social, aqu encontrars las herramientas y el apoyo que necesitas.", "type": "text", "style": "", "detail": 0, "format": 0, "version": 1}], "direction": "ltr", "textStyle": "", "textFormat": 0}, {"type": "paragraph", "format": "", "indent": 0, "version": 1, "children": [{"mode": "normal", "text": "Comienza tu proceso con nosotros", "type": "text", "style": "", "detail": 0, "format": 0, "version": 1}], "direction": "ltr", "textStyle": "", "textFormat": 0}], "direction": null, "textFormat": 1}}	t	-66	HomeCallToAction01	68f79fc8f46630ee6d8dcbb6	Llamada a la accin	t	separatorBackground	\N
2	874	version.layout	901	119	{"root": {"type": "root", "format": "", "indent": 0, "version": 1, "children": [{"tag": "h2", "type": "heading", "format": "center", "indent": 0, "version": 1, "children": [{"mode": "normal", "text": "Educar Sano: tu espacio educativo y familiar de confianza", "type": "text", "style": "", "detail": 0, "format": 1, "version": 1}], "direction": "ltr", "textFormat": 1}, {"type": "paragraph", "format": "", "indent": 0, "version": 1, "children": [{"mode": "normal", "text": "Si quieres acompaamiento prctico, humano y con conciencia social, aqu encontrars las herramientas y el apoyo que necesitas.", "type": "text", "style": "", "detail": 0, "format": 0, "version": 1}], "direction": "ltr", "textStyle": "", "textFormat": 0}, {"type": "paragraph", "format": "", "indent": 0, "version": 1, "children": [{"mode": "normal", "text": "Comienza tu proceso con nosotros", "type": "text", "style": "", "detail": 0, "format": 0, "version": 1}], "direction": "ltr", "textStyle": "", "textFormat": 0}], "direction": null, "textFormat": 1}}	t	-70	servicesCallToAction02	69133610b6900a691354eca6	LLamada a la accin	t	\N	blue
6	839	version.layout	885	108	{"root": {"type": "root", "format": "", "indent": 0, "version": 1, "children": [{"tag": "h2", "type": "heading", "format": "center", "indent": 0, "version": 1, "children": [{"mode": "normal", "text": "Educar Sano: tu espacio educativo y familiar de confianza", "type": "text", "style": "", "detail": 0, "format": 1, "version": 1}], "direction": "ltr", "textFormat": 1}, {"type": "paragraph", "format": "", "indent": 0, "version": 1, "children": [{"mode": "normal", "text": "Si quieres acompaamiento prctico, humano y con conciencia social, aqu encontrars las herramientas y el apoyo que necesitas.", "type": "text", "style": "", "detail": 0, "format": 0, "version": 1}], "direction": "ltr", "textStyle": "", "textFormat": 0}, {"type": "paragraph", "format": "", "indent": 0, "version": 1, "children": [{"mode": "normal", "text": "Comienza tu proceso con nosotros", "type": "text", "style": "", "detail": 0, "format": 0, "version": 1}], "direction": "ltr", "textStyle": "", "textFormat": 0}], "direction": null, "textFormat": 1}}	t	-66	HomeCallToAction01	68f79fc8f46630ee6d8dcbb6	Llamada a la accin	t	separatorBackground	\N
6	840	version.layout	886	108	{"root": {"type": "root", "format": "", "indent": 0, "version": 1, "children": [{"tag": "h2", "type": "heading", "format": "center", "indent": 0, "version": 1, "children": [{"mode": "normal", "text": "Educar Sano: tu espacio educativo y familiar de confianza", "type": "text", "style": "", "detail": 0, "format": 1, "version": 1}], "direction": "ltr", "textFormat": 1}, {"type": "paragraph", "format": "", "indent": 0, "version": 1, "children": [{"mode": "normal", "text": "Si quieres acompaamiento prctico, humano y con conciencia social, aqu encontrars las herramientas y el apoyo que necesitas.", "type": "text", "style": "", "detail": 0, "format": 0, "version": 1}], "direction": "ltr", "textStyle": "", "textFormat": 0}, {"type": "paragraph", "format": "", "indent": 0, "version": 1, "children": [{"mode": "normal", "text": "Comienza tu proceso con nosotros", "type": "text", "style": "", "detail": 0, "format": 0, "version": 1}], "direction": "ltr", "textStyle": "", "textFormat": 0}], "direction": null, "textFormat": 1}}	t	-66	HomeCallToAction01	68f79fc8f46630ee6d8dcbb6	Llamada a la accin	t	separatorBackground	\N
6	841	version.layout	887	108	{"root": {"type": "root", "format": "", "indent": 0, "version": 1, "children": [{"tag": "h2", "type": "heading", "format": "center", "indent": 0, "version": 1, "children": [{"mode": "normal", "text": "Educar Sano: tu espacio educativo y familiar de confianza", "type": "text", "style": "", "detail": 0, "format": 1, "version": 1}], "direction": "ltr", "textFormat": 1}, {"type": "paragraph", "format": "", "indent": 0, "version": 1, "children": [{"mode": "normal", "text": "Si quieres acompaamiento prctico, humano y con conciencia social, aqu encontrars las herramientas y el apoyo que necesitas.", "type": "text", "style": "", "detail": 0, "format": 0, "version": 1}], "direction": "ltr", "textStyle": "", "textFormat": 0}, {"type": "paragraph", "format": "", "indent": 0, "version": 1, "children": [{"mode": "normal", "text": "Comienza tu proceso con nosotros", "type": "text", "style": "", "detail": 0, "format": 0, "version": 1}], "direction": "ltr", "textStyle": "", "textFormat": 0}], "direction": null, "textFormat": 1}}	t	-66	HomeCallToAction01	68f79fc8f46630ee6d8dcbb6	Llamada a la accin	t	separatorBackground	\N
\.


--
-- Data for Name: _pages_v_blocks_cta_links; Type: TABLE DATA; Schema: public; Owner: -
--

COPY public._pages_v_blocks_cta_links (_order, _parent_id, id, link_type, link_new_tab, link_url, link_label, link_appearance, _uuid) FROM stdin;
1	884	1735	calendly	\N	https://calendly.com/educarsano	agendar cita	default	68f7a020ad89aa564b316f79
2	884	1736	reference	\N	\N	contacto	default	68f7a03ead89aa564b316f7b
1	886	1739	calendly	\N	https://calendly.com/educarsano	agendar cita	default	68f7a020ad89aa564b316f79
2	886	1740	reference	\N	\N	contacto	default	68f7a03ead89aa564b316f7b
1	890	1747	calendly	\N	https://calendly.com/educarsano	agendar cita	default	6914ddba9077e42716d24d3a
2	890	1748	reference	\N	\N	contacto	default	6914ddca9077e42716d24d3c
1	891	1749	calendly	\N	https://calendly.com/educarsano	agendar cita	default	6914ddba9077e42716d24d3a
2	891	1750	reference	\N	\N	contacto	default	6914ddca9077e42716d24d3c
1	893	1753	calendly	\N	https://calendly.com/educarsano	agendar cita	default	68f7a020ad89aa564b316f79
2	893	1754	reference	\N	\N	contacto	default	68f7a03ead89aa564b316f7b
1	894	1755	calendly	\N	https://calendly.com/educarsano	agendar cita	default	68f7a020ad89aa564b316f79
2	894	1756	reference	\N	\N	contacto	default	68f7a03ead89aa564b316f7b
1	895	1757	calendly	\N	https://calendly.com/educarsano	agendar cita	default	68f7a020ad89aa564b316f79
2	895	1758	reference	\N	\N	contacto	default	68f7a03ead89aa564b316f7b
1	897	1761	calendly	\N	https://calendly.com/educarsano	agendar cita	default	69133691406dbfb798ca855e
2	897	1762	reference	\N	\N	contacto	default	6913366d406dbfb798ca855c
1	899	1765	calendly	\N	https://calendly.com/educarsano	agendar cita	default	69133691406dbfb798ca855e
2	899	1766	reference	\N	\N	contacto	default	6913366d406dbfb798ca855c
1	901	1769	calendly	\N	https://calendly.com/educarsano	agendar cita	default	69133691406dbfb798ca855e
2	901	1770	reference	\N	\N	contacto	default	6913366d406dbfb798ca855c
1	873	1713	calendly	\N	https://calendly.com/educarsano	agendar cita	default	69133691406dbfb798ca855e
2	873	1714	reference	\N	\N	contacto	default	6913366d406dbfb798ca855c
1	575	1117	calendly	\N	https://calendly.com/educarsano	agendar cita	default	6914ddba9077e42716d24d3a
2	575	1118	reference	\N	\N	contacto	default	6914ddca9077e42716d24d3c
1	577	1121	calendly	\N	https://calendly.com/educarsano	agendar cita	default	6914ddba9077e42716d24d3a
2	577	1122	reference	\N	\N	contacto	default	6914ddca9077e42716d24d3c
1	579	1125	calendly	\N	https://calendly.com/educarsano	agendar cita	default	6914ddba9077e42716d24d3a
2	579	1126	reference	\N	\N	contacto	default	6914ddca9077e42716d24d3c
1	874	1715	calendly	\N	https://calendly.com/educarsano	agendar cita	default	69133691406dbfb798ca855e
2	874	1716	reference	\N	\N	contacto	default	6913366d406dbfb798ca855c
1	876	1719	calendly	\N	https://calendly.com/educarsano	agendar cita	default	69133691406dbfb798ca855e
2	876	1720	reference	\N	\N	contacto	default	6913366d406dbfb798ca855c
1	581	1129	calendly	\N	https://calendly.com/educarsano	agendar cita	default	6914ddba9077e42716d24d3a
2	581	1130	reference	\N	\N	contacto	default	6914ddca9077e42716d24d3c
1	882	1731	calendly	\N	https://calendly.com/educarsano	agendar cita	default	68f7a020ad89aa564b316f79
2	882	1732	reference	\N	\N	contacto	default	68f7a03ead89aa564b316f7b
1	801	1569	calendly	\N	https://calendly.com/educarsano	agendar cita	default	69026b8c8a378f13385b4300
2	801	1570	reference	\N	\N	contacto	default	69026bad8a378f13385b4302
1	803	1573	calendly	\N	https://calendly.com/educarsano	agendar cita	default	69026b8c8a378f13385b4300
2	803	1574	reference	\N	\N	contacto	default	69026bad8a378f13385b4302
1	805	1577	calendly	\N	https://calendly.com/educarsano	agendar cita	default	69026b8c8a378f13385b4300
2	805	1578	reference	\N	\N	contacto	default	69026bad8a378f13385b4302
1	807	1581	calendly	\N	https://calendly.com/educarsano	agendar cita	default	69026b8c8a378f13385b4300
2	807	1582	reference	\N	\N	contacto	default	69026bad8a378f13385b4302
1	885	1737	calendly	\N	https://calendly.com/educarsano	agendar cita	default	68f7a020ad89aa564b316f79
2	885	1738	reference	\N	\N	contacto	default	68f7a03ead89aa564b316f7b
1	887	1741	calendly	\N	https://calendly.com/educarsano	agendar cita	default	68f7a020ad89aa564b316f79
2	887	1742	reference	\N	\N	contacto	default	68f7a03ead89aa564b316f7b
1	892	1751	calendly	\N	https://calendly.com/educarsano	agendar cita	default	6914ddba9077e42716d24d3a
2	892	1752	reference	\N	\N	contacto	default	6914ddca9077e42716d24d3c
1	896	1759	calendly	\N	https://calendly.com/educarsano	agendar cita	default	69026b8c8a378f13385b4300
2	896	1760	reference	\N	\N	contacto	default	69026bad8a378f13385b4302
1	898	1763	calendly	\N	https://calendly.com/educarsano	agendar cita	default	69133691406dbfb798ca855e
2	898	1764	reference	\N	\N	contacto	default	6913366d406dbfb798ca855c
1	900	1767	calendly	\N	https://calendly.com/educarsano	agendar cita	default	69026b8c8a378f13385b4300
2	900	1768	reference	\N	\N	contacto	default	69026bad8a378f13385b4302
1	872	1711	calendly	\N	https://calendly.com/educarsano	agendar cita	default	69133691406dbfb798ca855e
2	872	1712	reference	\N	\N	contacto	default	6913366d406dbfb798ca855c
1	875	1717	calendly	\N	https://calendly.com/educarsano	agendar cita	default	69133691406dbfb798ca855e
2	875	1718	reference	\N	\N	contacto	default	6913366d406dbfb798ca855c
1	877	1721	calendly	\N	https://calendly.com/educarsano	agendar cita	default	69133691406dbfb798ca855e
2	877	1722	reference	\N	\N	contacto	default	6913366d406dbfb798ca855c
1	881	1729	calendly	\N	https://calendly.com/educarsano	agendar cita	default	68f7a020ad89aa564b316f79
2	881	1730	reference	\N	\N	contacto	default	68f7a03ead89aa564b316f7b
1	883	1733	calendly	\N	https://calendly.com/educarsano	agendar cita	default	68f7a020ad89aa564b316f79
2	883	1734	reference	\N	\N	contacto	default	68f7a03ead89aa564b316f7b
1	576	1119	calendly	\N	https://calendly.com/educarsano	agendar cita	default	6914ddba9077e42716d24d3a
2	576	1120	reference	\N	\N	contacto	default	6914ddca9077e42716d24d3c
1	578	1123	calendly	\N	https://calendly.com/educarsano	agendar cita	default	6914ddba9077e42716d24d3a
2	578	1124	reference	\N	\N	contacto	default	6914ddca9077e42716d24d3c
1	580	1127	calendly	\N	https://calendly.com/educarsano	agendar cita	default	6914ddba9077e42716d24d3a
2	580	1128	reference	\N	\N	contacto	default	6914ddca9077e42716d24d3c
1	800	1567	calendly	\N	https://calendly.com/educarsano	agendar cita	default	69026b8c8a378f13385b4300
2	800	1568	reference	\N	\N	contacto	default	69026bad8a378f13385b4302
1	802	1571	calendly	\N	https://calendly.com/educarsano	agendar cita	default	69026b8c8a378f13385b4300
2	802	1572	reference	\N	\N	contacto	default	69026bad8a378f13385b4302
1	804	1575	calendly	\N	https://calendly.com/educarsano	agendar cita	default	69026b8c8a378f13385b4300
2	804	1576	reference	\N	\N	contacto	default	69026bad8a378f13385b4302
1	806	1579	calendly	\N	https://calendly.com/educarsano	agendar cita	default	69026b8c8a378f13385b4300
2	806	1580	reference	\N	\N	contacto	default	69026bad8a378f13385b4302
\.


--
-- Data for Name: _pages_v_blocks_form_block; Type: TABLE DATA; Schema: public; Owner: -
--

COPY public._pages_v_blocks_form_block (_order, _parent_id, _path, id, enable_header_text, header_text, enable_companion_text, companion_text, form_id, is_reverse, bottom, _uuid, block_name, dark_mode, separator_type, enable_background_image) FROM stdin;
4	829	version.layout	682	t	{"root": {"type": "root", "format": "", "indent": 0, "version": 1, "children": [{"tag": "h2", "type": "heading", "format": "center", "indent": 0, "version": 1, "children": [{"mode": "normal", "text": "conectemos!", "type": "text", "style": "", "detail": 0, "format": 0, "version": 1}], "direction": null}, {"type": "paragraph", "format": "", "indent": 0, "version": 1, "children": [{"mode": "normal", "text": "Lorem ipsum dolor sit amet consectetur. Potenti diam facilisi sagittis qiuisque. Consequat gravida est semper sagittis. Morbi eleifend ac maecenas integer congue viverra morbi.", "type": "text", "style": "", "detail": 0, "format": 0, "version": 1}], "direction": "ltr", "textStyle": "", "textFormat": 0}, {"type": "block", "fields": {"id": "69331a5d5e74d2a163008163", "rrss": [{"id": "69331a5f70b6b23ed6637e4c", "icon": 66, "link": {"url": "www.google.es", "type": "custom", "label": "contacto@educarsano.com"}, "title": "Email"}, {"id": "69331a8a70b6b23ed6637e4e", "icon": 67, "link": {"url": "www.google.es", "type": "custom", "label": "@educarsano"}, "title": "Instagram"}], "blockName": "rrss", "blockType": "social"}, "format": "", "version": 2}, {"type": "paragraph", "format": "", "indent": 0, "version": 1, "children": [], "direction": "ltr", "textStyle": "", "textFormat": 0}], "direction": null}}	t	{"root": {"type": "root", "format": "", "indent": 0, "version": 1, "children": [{"tag": "h3", "type": "heading", "format": "center", "indent": 1, "version": 1, "children": [{"mode": "normal", "text": "Formulario de Contacto", "type": "text", "style": "", "detail": 0, "format": 0, "version": 1}], "direction": null}, {"type": "paragraph", "format": "center", "indent": 0, "version": 1, "children": [{"mode": "normal", "text": "Ponte en contacto conmigo y hablamos!", "type": "text", "style": "", "detail": 0, "format": 0, "version": 1}], "direction": "ltr", "textStyle": "", "textFormat": 0}], "direction": null}}	1	t	-36	693318b170b6b23ed6637e4a	formulario de contacto	dark	separatorYellow	\N
3	842	version.layout	697	t	{"root": {"type": "root", "format": "", "indent": 0, "version": 1, "children": [{"tag": "h3", "type": "heading", "format": "center", "indent": 0, "version": 1, "children": [{"mode": "normal", "text": "conectemos!", "type": "text", "style": "", "detail": 0, "format": 0, "version": 1}], "direction": "ltr"}, {"type": "paragraph", "format": "", "indent": 0, "version": 1, "children": [{"mode": "normal", "text": "Lorem ipsum dolor sit amet consectetur. Potenti diam facilisi sagittis qiuisque. Consequat gravida est semper sagittis. Morbi eleifend ac maecenas integer congue viverra morbi.", "type": "text", "style": "", "detail": 0, "format": 0, "version": 1}], "direction": "ltr", "textStyle": "", "textFormat": 0}, {"type": "block", "fields": {"id": "6914e2e49df7a716df50a126", "rrss": [{"id": "6914e2ed9077e42716d24d40", "icon": 66, "link": {"url": "www.google.es", "type": "custom", "label": "contacto@educarsano.com"}, "title": "Email"}, {"id": "6914e3229077e42716d24d42", "icon": null, "link": {"url": "www.google.es", "type": "custom", "label": "@educarsano"}, "title": "Instagram"}], "blockName": "rrss", "blockType": "social"}, "format": "", "version": 2}, {"type": "paragraph", "format": "", "indent": 0, "version": 1, "children": [], "direction": "ltr", "textStyle": "", "textFormat": 0}], "direction": null}}	t	{"root": {"type": "root", "format": "", "indent": 0, "version": 1, "children": [{"tag": "h2", "type": "heading", "format": "center", "indent": 0, "version": 1, "children": [{"mode": "normal", "text": "Formulario de Contacto", "type": "text", "style": "", "detail": 0, "format": 0, "version": 1}], "direction": "ltr"}], "direction": null}}	1	f	100	6914de439077e42716d24d3e	Formulario de contacto	\N	\N	\N
3	843	version.layout	698	t	{"root": {"type": "root", "format": "", "indent": 0, "version": 1, "children": [{"tag": "h3", "type": "heading", "format": "center", "indent": 0, "version": 1, "children": [{"mode": "normal", "text": "conectemos!", "type": "text", "style": "", "detail": 0, "format": 0, "version": 1}], "direction": "ltr"}, {"type": "paragraph", "format": "", "indent": 0, "version": 1, "children": [{"mode": "normal", "text": "Lorem ipsum dolor sit amet consectetur. Potenti diam facilisi sagittis qiuisque. Consequat gravida est semper sagittis. Morbi eleifend ac maecenas integer congue viverra morbi.", "type": "text", "style": "", "detail": 0, "format": 0, "version": 1}], "direction": "ltr", "textStyle": "", "textFormat": 0}, {"type": "block", "fields": {"id": "6914e2e49df7a716df50a126", "rrss": [{"id": "6914e2ed9077e42716d24d40", "icon": 66, "link": {"url": "www.google.es", "type": "custom", "label": "contacto@educarsano.com"}, "title": "Email"}, {"id": "6914e3229077e42716d24d42", "icon": 67, "link": {"url": "www.google.es", "type": "custom", "label": "@educarsano"}, "title": "Instagram"}], "blockName": "rrss", "blockType": "social"}, "format": "", "version": 2}, {"type": "paragraph", "format": "", "indent": 0, "version": 1, "children": [], "direction": "ltr", "textStyle": "", "textFormat": 0}], "direction": null}}	t	{"root": {"type": "root", "format": "", "indent": 0, "version": 1, "children": [{"tag": "h2", "type": "heading", "format": "center", "indent": 0, "version": 1, "children": [{"mode": "normal", "text": "Formulario de Contacto", "type": "text", "style": "", "detail": 0, "format": 0, "version": 1}], "direction": "ltr"}], "direction": null}}	1	f	100	6914de439077e42716d24d3e	Formulario de contacto	\N	\N	\N
10	847	version.layout	700	t	{"root": {"type": "root", "format": "", "indent": 0, "version": 1, "children": [{"tag": "h2", "type": "heading", "format": "center", "indent": 0, "version": 1, "children": [{"mode": "normal", "text": "conectemos!", "type": "text", "style": "", "detail": 0, "format": 0, "version": 1}], "direction": null}, {"type": "paragraph", "format": "", "indent": 0, "version": 1, "children": [{"mode": "normal", "text": "Lorem ipsum dolor sit amet consectetur. Potenti diam facilisi sagittis qiuisque. Consequat gravida est semper sagittis. Morbi eleifend ac maecenas integer congue viverra morbi.", "type": "text", "style": "", "detail": 0, "format": 0, "version": 1}], "direction": "ltr", "textStyle": "", "textFormat": 0}, {"type": "block", "fields": {"id": "68f7b7713a7bb11e3a36255a", "rrss": [{"id": "68f7b776539115341321864c", "icon": 66, "link": {"url": "www.google.es", "type": "custom", "label": "contacto@educarsano.com"}, "title": "Email"}, {"id": "68f7b7a8539115341321864e", "icon": 67, "link": {"url": "www.google.es", "type": "custom", "label": "@educarsano"}, "title": "Instagram"}], "blockName": "rrss", "blockType": "social"}, "format": "", "version": 2}, {"type": "paragraph", "format": "", "indent": 0, "version": 1, "children": [], "direction": "ltr", "textStyle": "", "textFormat": 0}], "direction": null}}	t	{"root": {"type": "root", "format": "", "indent": 0, "version": 1, "children": [{"tag": "h3", "type": "heading", "format": "center", "indent": 1, "version": 1, "children": [{"mode": "normal", "text": "Formulario de Contacto", "type": "text", "style": "", "detail": 0, "format": 0, "version": 1}], "direction": null}, {"type": "paragraph", "format": "center", "indent": 0, "version": 1, "children": [{"mode": "normal", "text": "Ponte en contacto conmigo y hablamos!", "type": "text", "style": "", "detail": 0, "format": 0, "version": 1}], "direction": "ltr", "textStyle": "", "textFormat": 0}], "direction": null}}	1	t	-39	68f7b71ec5b20bf7bc32e1c1	Formulario de contacto	dark	separatorYellow	\N
3	844	version.layout	699	t	{"root": {"type": "root", "format": "", "indent": 0, "version": 1, "children": [{"tag": "h3", "type": "heading", "format": "center", "indent": 0, "version": 1, "children": [{"mode": "normal", "text": "conectemos!", "type": "text", "style": "", "detail": 0, "format": 0, "version": 1}], "direction": "ltr"}, {"type": "paragraph", "format": "", "indent": 0, "version": 1, "children": [{"mode": "normal", "text": "Lorem ipsum dolor sit amet consectetur. Potenti diam facilisi sagittis qiuisque. Consequat gravida est semper sagittis. Morbi eleifend ac maecenas integer congue viverra morbi.", "type": "text", "style": "", "detail": 0, "format": 0, "version": 1}], "direction": "ltr", "textStyle": "", "textFormat": 0}, {"type": "block", "fields": {"id": "6914e2e49df7a716df50a126", "rrss": [{"id": "6914e2ed9077e42716d24d40", "icon": 66, "link": {"url": "www.google.es", "type": "custom", "label": "contacto@educarsano.com"}, "title": "Email"}, {"id": "6914e3229077e42716d24d42", "icon": 67, "link": {"url": "www.google.es", "type": "custom", "label": "@educarsano"}, "title": "Instagram"}], "blockName": "rrss", "blockType": "social"}, "format": "", "version": 2}, {"type": "paragraph", "format": "", "indent": 0, "version": 1, "children": [], "direction": "ltr", "textStyle": "", "textFormat": 0}], "direction": null}}	t	{"root": {"type": "root", "format": "", "indent": 0, "version": 1, "children": [{"tag": "h2", "type": "heading", "format": "center", "indent": 0, "version": 1, "children": [{"mode": "normal", "text": "Formulario de Contacto", "type": "text", "style": "", "detail": 0, "format": 0, "version": 1}], "direction": "ltr"}], "direction": null}}	1	f	100	6914de439077e42716d24d3e	Formulario de contacto	\N	\N	\N
10	848	version.layout	701	t	{"root": {"type": "root", "format": "", "indent": 0, "version": 1, "children": [{"tag": "h2", "type": "heading", "format": "center", "indent": 0, "version": 1, "children": [{"mode": "normal", "text": "conectemos!", "type": "text", "style": "", "detail": 0, "format": 0, "version": 1}], "direction": null}, {"type": "paragraph", "format": "", "indent": 0, "version": 1, "children": [{"mode": "normal", "text": "Lorem ipsum dolor sit amet consectetur. Potenti diam facilisi sagittis qiuisque. Consequat gravida est semper sagittis. Morbi eleifend ac maecenas integer congue viverra morbi.", "type": "text", "style": "", "detail": 0, "format": 0, "version": 1}], "direction": "ltr", "textStyle": "", "textFormat": 0}, {"type": "block", "fields": {"id": "68f7b7713a7bb11e3a36255a", "rrss": [{"id": "68f7b776539115341321864c", "icon": 66, "link": {"url": "www.google.es", "type": "custom", "label": "contacto@educarsano.com"}, "title": "Email"}, {"id": "68f7b7a8539115341321864e", "icon": 67, "link": {"url": "www.google.es", "type": "custom", "label": "@educarsano"}, "title": "Instagram"}], "blockName": "rrss", "blockType": "social"}, "format": "", "version": 2}, {"type": "paragraph", "format": "", "indent": 0, "version": 1, "children": [], "direction": "ltr", "textStyle": "", "textFormat": 0}], "direction": null}}	t	{"root": {"type": "root", "format": "", "indent": 0, "version": 1, "children": [{"tag": "h3", "type": "heading", "format": "center", "indent": 1, "version": 1, "children": [{"mode": "normal", "text": "Formulario de Contacto", "type": "text", "style": "", "detail": 0, "format": 0, "version": 1}], "direction": null}, {"type": "paragraph", "format": "center", "indent": 0, "version": 1, "children": [{"mode": "normal", "text": "Ponte en contacto conmigo y hablamos!", "type": "text", "style": "", "detail": 0, "format": 0, "version": 1}], "direction": "ltr", "textStyle": "", "textFormat": 0}], "direction": null}}	1	t	-39	68f7b71ec5b20bf7bc32e1c1	Formulario de contacto	dark	separatorYellow	\N
4	830	version.layout	683	t	{"root": {"type": "root", "format": "", "indent": 0, "version": 1, "children": [{"tag": "h2", "type": "heading", "format": "center", "indent": 0, "version": 1, "children": [{"mode": "normal", "text": "conectemos!", "type": "text", "style": "", "detail": 0, "format": 0, "version": 1}], "direction": null}, {"type": "paragraph", "format": "", "indent": 0, "version": 1, "children": [{"mode": "normal", "text": "Lorem ipsum dolor sit amet consectetur. Potenti diam facilisi sagittis qiuisque. Consequat gravida est semper sagittis. Morbi eleifend ac maecenas integer congue viverra morbi.", "type": "text", "style": "", "detail": 0, "format": 0, "version": 1}], "direction": "ltr", "textStyle": "", "textFormat": 0}, {"type": "block", "fields": {"id": "69331a5d5e74d2a163008163", "rrss": [{"id": "69331a5f70b6b23ed6637e4c", "icon": 66, "link": {"url": "www.google.es", "type": "custom", "label": "contacto@educarsano.com"}, "title": "Email"}, {"id": "69331a8a70b6b23ed6637e4e", "icon": 67, "link": {"url": "www.google.es", "type": "custom", "label": "@educarsano"}, "title": "Instagram"}], "blockName": "rrss", "blockType": "social"}, "format": "", "version": 2}, {"type": "paragraph", "format": "", "indent": 0, "version": 1, "children": [], "direction": "ltr", "textStyle": "", "textFormat": 0}], "direction": null}}	t	{"root": {"type": "root", "format": "", "indent": 0, "version": 1, "children": [{"tag": "h3", "type": "heading", "format": "center", "indent": 1, "version": 1, "children": [{"mode": "normal", "text": "Formulario de Contacto", "type": "text", "style": "", "detail": 0, "format": 0, "version": 1}], "direction": null}, {"type": "paragraph", "format": "center", "indent": 0, "version": 1, "children": [{"mode": "normal", "text": "Ponte en contacto conmigo y hablamos!", "type": "text", "style": "", "detail": 0, "format": 0, "version": 1}], "direction": "ltr", "textStyle": "", "textFormat": 0}], "direction": null}}	1	t	-36	693318b170b6b23ed6637e4a	formulario de contacto	dark	separatorYellow	\N
10	840	version.layout	693	t	{"root": {"type": "root", "format": "", "indent": 0, "version": 1, "children": [{"tag": "h2", "type": "heading", "format": "center", "indent": 0, "version": 1, "children": [{"mode": "normal", "text": "conectemos!", "type": "text", "style": "", "detail": 0, "format": 0, "version": 1}], "direction": null}, {"type": "paragraph", "format": "", "indent": 0, "version": 1, "children": [{"mode": "normal", "text": "Lorem ipsum dolor sit amet consectetur. Potenti diam facilisi sagittis qiuisque. Consequat gravida est semper sagittis. Morbi eleifend ac maecenas integer congue viverra morbi.", "type": "text", "style": "", "detail": 0, "format": 0, "version": 1}], "direction": "ltr", "textStyle": "", "textFormat": 0}, {"type": "block", "fields": {"id": "68f7b7713a7bb11e3a36255a", "rrss": [{"id": "68f7b776539115341321864c", "icon": 66, "link": {"url": "www.google.es", "type": "custom", "label": "contacto@educarsano.com"}, "title": "Email"}, {"id": "68f7b7a8539115341321864e", "icon": 67, "link": {"url": "www.google.es", "type": "custom", "label": "@educarsano"}, "title": "Instagram"}], "blockName": "rrss", "blockType": "social"}, "format": "", "version": 2}, {"type": "paragraph", "format": "", "indent": 0, "version": 1, "children": [], "direction": "ltr", "textStyle": "", "textFormat": 0}], "direction": null}}	t	{"root": {"type": "root", "format": "", "indent": 0, "version": 1, "children": [{"tag": "h3", "type": "heading", "format": "center", "indent": 1, "version": 1, "children": [{"mode": "normal", "text": "Formulario de Contacto", "type": "text", "style": "", "detail": 0, "format": 0, "version": 1}], "direction": null}, {"type": "paragraph", "format": "center", "indent": 0, "version": 1, "children": [{"mode": "normal", "text": "Ponte en contacto conmigo y hablamos!", "type": "text", "style": "", "detail": 0, "format": 0, "version": 1}], "direction": "ltr", "textStyle": "", "textFormat": 0}], "direction": null}}	1	t	-39	68f7b71ec5b20bf7bc32e1c1	Formulario de contacto	dark	separatorYellow	\N
1	866	version.layout	729	t	{"root": {"type": "root", "format": "", "indent": 0, "version": 1, "children": [{"tag": "h2", "type": "heading", "format": "center", "indent": 0, "version": 1, "children": [{"mode": "normal", "text": "conectemos!", "type": "text", "style": "", "detail": 0, "format": 0, "version": 1}], "direction": null}, {"type": "paragraph", "format": "", "indent": 0, "version": 1, "children": [{"mode": "normal", "text": "Lorem ipsum dolor sit amet consectetur. Potenti diam facilisi sagittis qiuisque. Consequat gravida est semper sagittis. Morbi eleifend ac maecenas integer congue viverra morbi.", "type": "text", "style": "", "detail": 0, "format": 0, "version": 1}], "direction": "ltr", "textStyle": "", "textFormat": 0}, {"type": "block", "fields": {"id": "693a73da221ed6f1902cc392", "rrss": [{"id": "693a73dc61708c6b781d468f", "icon": 67, "link": {"url": "www.google.es", "type": "custom", "label": "@educarsano"}}], "blockName": "RRSS", "blockType": "social"}, "format": "", "version": 2}, {"type": "paragraph", "format": "", "indent": 0, "version": 1, "children": [], "direction": "ltr", "textStyle": "", "textFormat": 0}], "direction": null}}	t	{"root": {"type": "root", "format": "", "indent": 0, "version": 1, "children": [{"tag": "h3", "type": "heading", "format": "center", "indent": 1, "version": 1, "children": [{"mode": "normal", "text": "Formulario de Contacto", "type": "text", "style": "", "detail": 0, "format": 0, "version": 1}], "direction": null}, {"type": "paragraph", "format": "center", "indent": 0, "version": 1, "children": [{"mode": "normal", "text": "Ponte en contacto conmigo y hablamos!", "type": "text", "style": "", "detail": 0, "format": 0, "version": 1}], "direction": "ltr", "textStyle": "", "textFormat": 0}], "direction": null}}	1	f	100	693a735b61708c6b781d468d	Formulario de contacto	\N	separatorYellow	\N
4	831	version.layout	684	t	{"root": {"type": "root", "format": "", "indent": 0, "version": 1, "children": [{"tag": "h2", "type": "heading", "format": "center", "indent": 0, "version": 1, "children": [{"mode": "normal", "text": "conectemos!", "type": "text", "style": "", "detail": 0, "format": 0, "version": 1}], "direction": null}, {"type": "paragraph", "format": "", "indent": 0, "version": 1, "children": [{"mode": "normal", "text": "Lorem ipsum dolor sit amet consectetur. Potenti diam facilisi sagittis qiuisque. Consequat gravida est semper sagittis. Morbi eleifend ac maecenas integer congue viverra morbi.", "type": "text", "style": "", "detail": 0, "format": 0, "version": 1}], "direction": "ltr", "textStyle": "", "textFormat": 0}, {"type": "block", "fields": {"id": "69331a5d5e74d2a163008163", "rrss": [{"id": "69331a5f70b6b23ed6637e4c", "icon": 66, "link": {"url": "www.google.es", "type": "custom", "label": "contacto@educarsano.com"}, "title": "Email"}, {"id": "69331a8a70b6b23ed6637e4e", "icon": 67, "link": {"url": "www.google.es", "type": "custom", "label": "@educarsano"}, "title": "Instagram"}], "blockName": "rrss", "blockType": "social"}, "format": "", "version": 2}, {"type": "paragraph", "format": "", "indent": 0, "version": 1, "children": [], "direction": "ltr", "textStyle": "", "textFormat": 0}], "direction": null}}	t	{"root": {"type": "root", "format": "", "indent": 0, "version": 1, "children": [{"tag": "h3", "type": "heading", "format": "center", "indent": 1, "version": 1, "children": [{"mode": "normal", "text": "Formulario de Contacto", "type": "text", "style": "", "detail": 0, "format": 0, "version": 1}], "direction": null}, {"type": "paragraph", "format": "center", "indent": 0, "version": 1, "children": [{"mode": "normal", "text": "Ponte en contacto conmigo y hablamos!", "type": "text", "style": "", "detail": 0, "format": 0, "version": 1}], "direction": "ltr", "textStyle": "", "textFormat": 0}], "direction": null}}	1	t	-36	693318b170b6b23ed6637e4a	formulario de contacto	blue	separatorYellow	\N
10	841	version.layout	694	t	{"root": {"type": "root", "format": "", "indent": 0, "version": 1, "children": [{"tag": "h2", "type": "heading", "format": "center", "indent": 0, "version": 1, "children": [{"mode": "normal", "text": "conectemos!", "type": "text", "style": "", "detail": 0, "format": 0, "version": 1}], "direction": null}, {"type": "paragraph", "format": "", "indent": 0, "version": 1, "children": [{"mode": "normal", "text": "Lorem ipsum dolor sit amet consectetur. Potenti diam facilisi sagittis qiuisque. Consequat gravida est semper sagittis. Morbi eleifend ac maecenas integer congue viverra morbi.", "type": "text", "style": "", "detail": 0, "format": 0, "version": 1}], "direction": "ltr", "textStyle": "", "textFormat": 0}, {"type": "block", "fields": {"id": "68f7b7713a7bb11e3a36255a", "rrss": [{"id": "68f7b776539115341321864c", "icon": 66, "link": {"url": "www.google.es", "type": "custom", "label": "contacto@educarsano.com"}, "title": "Email"}, {"id": "68f7b7a8539115341321864e", "icon": 67, "link": {"url": "www.google.es", "type": "custom", "label": "@educarsano"}, "title": "Instagram"}], "blockName": "rrss", "blockType": "social"}, "format": "", "version": 2}, {"type": "paragraph", "format": "", "indent": 0, "version": 1, "children": [], "direction": "ltr", "textStyle": "", "textFormat": 0}], "direction": null}}	t	{"root": {"type": "root", "format": "", "indent": 0, "version": 1, "children": [{"tag": "h3", "type": "heading", "format": "center", "indent": 1, "version": 1, "children": [{"mode": "normal", "text": "Formulario de Contacto", "type": "text", "style": "", "detail": 0, "format": 0, "version": 1}], "direction": null}, {"type": "paragraph", "format": "center", "indent": 0, "version": 1, "children": [{"mode": "normal", "text": "Ponte en contacto conmigo y hablamos!", "type": "text", "style": "", "detail": 0, "format": 0, "version": 1}], "direction": "ltr", "textStyle": "", "textFormat": 0}], "direction": null}}	1	t	-39	68f7b71ec5b20bf7bc32e1c1	Formulario de contacto	dark	separatorYellow	\N
1	867	version.layout	730	t	{"root": {"type": "root", "format": "", "indent": 0, "version": 1, "children": [{"tag": "h2", "type": "heading", "format": "center", "indent": 0, "version": 1, "children": [{"mode": "normal", "text": "conectemos!", "type": "text", "style": "", "detail": 0, "format": 0, "version": 1}], "direction": null}, {"type": "paragraph", "format": "", "indent": 0, "version": 1, "children": [{"mode": "normal", "text": "Lorem ipsum dolor sit amet consectetur. Potenti diam facilisi sagittis qiuisque. Consequat gravida est semper sagittis. Morbi eleifend ac maecenas integer congue viverra morbi.", "type": "text", "style": "", "detail": 0, "format": 0, "version": 1}], "direction": "ltr", "textStyle": "", "textFormat": 0}, {"type": "block", "fields": {"id": "693a73da221ed6f1902cc392", "rrss": [{"id": "693a73dc61708c6b781d468f", "icon": 67, "link": {"url": "www.google.es", "type": "custom", "label": "@educarsano"}}], "blockName": "RRSS", "blockType": "social"}, "format": "", "version": 2}, {"type": "paragraph", "format": "", "indent": 0, "version": 1, "children": [], "direction": "ltr", "textStyle": "", "textFormat": 0}], "direction": null}}	t	{"root": {"type": "root", "format": "", "indent": 0, "version": 1, "children": [{"tag": "h3", "type": "heading", "format": "center", "indent": 1, "version": 1, "children": [{"mode": "normal", "text": "Formulario de Contacto", "type": "text", "style": "", "detail": 0, "format": 0, "version": 1}], "direction": null}, {"type": "paragraph", "format": "center", "indent": 0, "version": 1, "children": [{"mode": "normal", "text": "Ponte en contacto conmigo y hablamos!", "type": "text", "style": "", "detail": 0, "format": 0, "version": 1}], "direction": "ltr", "textStyle": "", "textFormat": 0}], "direction": null}}	1	f	0	693a735b61708c6b781d468d	Formulario de contacto	\N	separatorYellow	\N
10	868	version.layout	731	t	{"root": {"type": "root", "format": "", "indent": 0, "version": 1, "children": [{"tag": "h2", "type": "heading", "format": "center", "indent": 0, "version": 1, "children": [{"mode": "normal", "text": "conectemos!", "type": "text", "style": "", "detail": 0, "format": 0, "version": 1}], "direction": null}, {"type": "paragraph", "format": "", "indent": 0, "version": 1, "children": [{"mode": "normal", "text": "Lorem ipsum dolor sit amet consectetur. Potenti diam facilisi sagittis qiuisque. Consequat gravida est semper sagittis. Morbi eleifend ac maecenas integer congue viverra morbi.", "type": "text", "style": "", "detail": 0, "format": 0, "version": 1}], "direction": "ltr", "textStyle": "", "textFormat": 0}, {"type": "block", "fields": {"id": "68f7b7713a7bb11e3a36255a", "rrss": [{"id": "68f7b776539115341321864c", "icon": 66, "link": {"url": "www.google.es", "type": "custom", "label": "contacto@educarsano.com"}, "title": "Email"}, {"id": "68f7b7a8539115341321864e", "icon": 67, "link": {"url": "www.google.es", "type": "custom", "label": "@educarsano"}, "title": "Instagram"}], "blockName": "rrss", "blockType": "social"}, "format": "", "version": 2}, {"type": "paragraph", "format": "", "indent": 0, "version": 1, "children": [], "direction": "ltr", "textStyle": "", "textFormat": 0}], "direction": null}}	t	{"root": {"type": "root", "format": "", "indent": 0, "version": 1, "children": [{"tag": "h3", "type": "heading", "format": "center", "indent": 1, "version": 1, "children": [{"mode": "normal", "text": "Formulario de Contacto", "type": "text", "style": "", "detail": 0, "format": 0, "version": 1}], "direction": null}, {"type": "paragraph", "format": "center", "indent": 0, "version": 1, "children": [{"mode": "normal", "text": "Ponte en contacto conmigo y hablamos!", "type": "text", "style": "", "detail": 0, "format": 0, "version": 1}], "direction": "ltr", "textStyle": "", "textFormat": 0}], "direction": null}}	1	t	-39	68f7b71ec5b20bf7bc32e1c1	Formulario de contacto	dark	separatorYellow	\N
4	870	version.layout	732	t	{"root": {"type": "root", "format": "", "indent": 0, "version": 1, "children": [{"tag": "h2", "type": "heading", "format": "center", "indent": 0, "version": 1, "children": [{"mode": "normal", "text": "conectemos!", "type": "text", "style": "", "detail": 0, "format": 0, "version": 1}], "direction": null}, {"type": "paragraph", "format": "", "indent": 0, "version": 1, "children": [{"mode": "normal", "text": "Lorem ipsum dolor sit amet consectetur. Potenti diam facilisi sagittis qiuisque. Consequat gravida est semper sagittis. Morbi eleifend ac maecenas integer congue viverra morbi.", "type": "text", "style": "", "detail": 0, "format": 0, "version": 1}], "direction": "ltr", "textStyle": "", "textFormat": 0}, {"type": "block", "fields": {"id": "69331a5d5e74d2a163008163", "rrss": [{"id": "69331a5f70b6b23ed6637e4c", "icon": 66, "link": {"url": "www.google.es", "type": "custom", "label": "contacto@educarsano.com"}, "title": "Email"}, {"id": "69331a8a70b6b23ed6637e4e", "icon": 67, "link": {"url": "www.google.es", "type": "custom", "label": "@educarsano"}, "title": "Instagram"}], "blockName": "rrss", "blockType": "social"}, "format": "", "version": 2}, {"type": "paragraph", "format": "", "indent": 0, "version": 1, "children": [], "direction": "ltr", "textStyle": "", "textFormat": 0}], "direction": null}}	t	{"root": {"type": "root", "format": "", "indent": 0, "version": 1, "children": [{"tag": "h3", "type": "heading", "format": "center", "indent": 1, "version": 1, "children": [{"mode": "normal", "text": "Formulario de Contacto", "type": "text", "style": "", "detail": 0, "format": 0, "version": 1}], "direction": null}, {"type": "paragraph", "format": "center", "indent": 0, "version": 1, "children": [{"mode": "normal", "text": "Ponte en contacto conmigo y hablamos!", "type": "text", "style": "", "detail": 0, "format": 0, "version": 1}], "direction": "ltr", "textStyle": "", "textFormat": 0}], "direction": null}}	1	t	-36	693318b170b6b23ed6637e4a	formulario de contacto	blue	separatorYellow	\N
10	835	version.layout	688	t	{"root": {"type": "root", "format": "", "indent": 0, "version": 1, "children": [{"tag": "h2", "type": "heading", "format": "center", "indent": 0, "version": 1, "children": [{"mode": "normal", "text": "conectemos!", "type": "text", "style": "", "detail": 0, "format": 0, "version": 1}], "direction": null}, {"type": "paragraph", "format": "", "indent": 0, "version": 1, "children": [{"mode": "normal", "text": "Lorem ipsum dolor sit amet consectetur. Potenti diam facilisi sagittis qiuisque. Consequat gravida est semper sagittis. Morbi eleifend ac maecenas integer congue viverra morbi.", "type": "text", "style": "", "detail": 0, "format": 0, "version": 1}], "direction": "ltr", "textStyle": "", "textFormat": 0}, {"type": "block", "fields": {"id": "68f7b7713a7bb11e3a36255a", "rrss": [{"id": "68f7b776539115341321864c", "icon": 66, "link": {"url": "www.google.es", "type": "custom", "label": "contacto@educarsano.com"}, "title": "Email"}, {"id": "68f7b7a8539115341321864e", "icon": 67, "link": {"url": "www.google.es", "type": "custom", "label": "@educarsano"}, "title": "Instagram"}], "blockName": "rrss", "blockType": "social"}, "format": "", "version": 2}, {"type": "paragraph", "format": "", "indent": 0, "version": 1, "children": [], "direction": "ltr", "textStyle": "", "textFormat": 0}], "direction": null}}	t	{"root": {"type": "root", "format": "", "indent": 0, "version": 1, "children": [{"tag": "h3", "type": "heading", "format": "center", "indent": 1, "version": 1, "children": [{"mode": "normal", "text": "Formulario de Contacto", "type": "text", "style": "", "detail": 0, "format": 0, "version": 1}], "direction": null}, {"type": "paragraph", "format": "center", "indent": 0, "version": 1, "children": [{"mode": "normal", "text": "Ponte en contacto conmigo y hablamos!", "type": "text", "style": "", "detail": 0, "format": 0, "version": 1}], "direction": "ltr", "textStyle": "", "textFormat": 0}], "direction": null}}	1	t	-39	68f7b71ec5b20bf7bc32e1c1	Formulario de contacto	\N	separatorYellow	\N
1	858	version.layout	720	t	{"root": {"type": "root", "format": "", "indent": 0, "version": 1, "children": [{"tag": "h2", "type": "heading", "format": "center", "indent": 0, "version": 1, "children": [{"mode": "normal", "text": "conectemos!", "type": "text", "style": "", "detail": 0, "format": 0, "version": 1}], "direction": null}, {"type": "paragraph", "format": "", "indent": 0, "version": 1, "children": [{"mode": "normal", "text": "Lorem ipsum dolor sit amet consectetur. Potenti diam facilisi sagittis qiuisque. Consequat gravida est semper sagittis. Morbi eleifend ac maecenas integer congue viverra morbi.", "type": "text", "style": "", "detail": 0, "format": 0, "version": 1}], "direction": "ltr", "textStyle": "", "textFormat": 0}, {"type": "block", "fields": {"id": "693a73da221ed6f1902cc392", "rrss": [{"id": "693a73dc61708c6b781d468f", "icon": 67, "link": {"url": "www.google.es", "type": "custom", "label": "@educarsano"}}], "blockName": "RRSS", "blockType": "social"}, "format": "", "version": 2}, {"type": "paragraph", "format": "", "indent": 0, "version": 1, "children": [], "direction": "ltr", "textStyle": "", "textFormat": 0}], "direction": null}}	t	{"root": {"type": "root", "format": "", "indent": 0, "version": 1, "children": [{"tag": "h3", "type": "heading", "format": "center", "indent": 1, "version": 1, "children": [{"mode": "normal", "text": "Formulario de Contacto", "type": "text", "style": "", "detail": 0, "format": 0, "version": 1}], "direction": null}, {"type": "paragraph", "format": "center", "indent": 0, "version": 1, "children": [{"mode": "normal", "text": "Ponte en contacto conmigo y hablamos!", "type": "text", "style": "", "detail": 0, "format": 0, "version": 1}], "direction": "ltr", "textStyle": "", "textFormat": 0}], "direction": null}}	1	f	100	693a735b61708c6b781d468d	Formulario de contacto	\N	\N	\N
10	836	version.layout	689	t	{"root": {"type": "root", "format": "", "indent": 0, "version": 1, "children": [{"tag": "h2", "type": "heading", "format": "center", "indent": 0, "version": 1, "children": [{"mode": "normal", "text": "conectemos!", "type": "text", "style": "", "detail": 0, "format": 0, "version": 1}], "direction": null}, {"type": "paragraph", "format": "", "indent": 0, "version": 1, "children": [{"mode": "normal", "text": "Lorem ipsum dolor sit amet consectetur. Potenti diam facilisi sagittis qiuisque. Consequat gravida est semper sagittis. Morbi eleifend ac maecenas integer congue viverra morbi.", "type": "text", "style": "", "detail": 0, "format": 0, "version": 1}], "direction": "ltr", "textStyle": "", "textFormat": 0}, {"type": "block", "fields": {"id": "68f7b7713a7bb11e3a36255a", "rrss": [{"id": "68f7b776539115341321864c", "icon": 66, "link": {"url": "www.google.es", "type": "custom", "label": "contacto@educarsano.com"}, "title": "Email"}, {"id": "68f7b7a8539115341321864e", "icon": 67, "link": {"url": "www.google.es", "type": "custom", "label": "@educarsano"}, "title": "Instagram"}], "blockName": "rrss", "blockType": "social"}, "format": "", "version": 2}, {"type": "paragraph", "format": "", "indent": 0, "version": 1, "children": [], "direction": "ltr", "textStyle": "", "textFormat": 0}], "direction": null}}	t	{"root": {"type": "root", "format": "", "indent": 0, "version": 1, "children": [{"tag": "h3", "type": "heading", "format": "center", "indent": 1, "version": 1, "children": [{"mode": "normal", "text": "Formulario de Contacto", "type": "text", "style": "", "detail": 0, "format": 0, "version": 1}], "direction": null}, {"type": "paragraph", "format": "center", "indent": 0, "version": 1, "children": [{"mode": "normal", "text": "Ponte en contacto conmigo y hablamos!", "type": "text", "style": "", "detail": 0, "format": 0, "version": 1}], "direction": "ltr", "textStyle": "", "textFormat": 0}], "direction": null}}	1	t	-39	68f7b71ec5b20bf7bc32e1c1	Formulario de contacto	\N	separatorYellow	\N
3	606	version.layout	396	t	{"root": {"type": "root", "format": "", "indent": 0, "version": 1, "children": [{"tag": "h3", "type": "heading", "format": "center", "indent": 0, "version": 1, "children": [{"mode": "normal", "text": "conectemos!", "type": "text", "style": "", "detail": 0, "format": 0, "version": 1}], "direction": "ltr"}, {"type": "paragraph", "format": "", "indent": 0, "version": 1, "children": [{"mode": "normal", "text": "Lorem ipsum dolor sit amet consectetur. Potenti diam facilisi sagittis qiuisque. Consequat gravida est semper sagittis. Morbi eleifend ac maecenas integer congue viverra morbi.", "type": "text", "style": "", "detail": 0, "format": 0, "version": 1}], "direction": "ltr", "textStyle": "", "textFormat": 0}, {"type": "block", "fields": {"id": "6914e2e49df7a716df50a126", "rrss": [{"id": "6914e2ed9077e42716d24d40", "icon": 21, "link": {"url": "www.google.es", "type": "custom", "label": "contacto@educarsano.com"}, "title": "Email"}, {"id": "6914e3229077e42716d24d42", "icon": 22, "link": {"url": "www.google.es", "type": "custom", "label": "@educarsano"}, "title": "Instagram"}], "blockName": "rrss", "blockType": "social"}, "format": "", "version": 2}, {"type": "paragraph", "format": "", "indent": 0, "version": 1, "children": [], "direction": "ltr", "textStyle": "", "textFormat": 0}], "direction": null}}	t	{"root": {"type": "root", "format": "", "indent": 0, "version": 1, "children": [{"tag": "h2", "type": "heading", "format": "center", "indent": 0, "version": 1, "children": [{"mode": "normal", "text": "Formulario de Contacto", "type": "text", "style": "", "detail": 0, "format": 0, "version": 1}], "direction": "ltr"}], "direction": null}}	1	f	100	6914de439077e42716d24d3e	Formulario de contacto	\N	\N	\N
1	859	version.layout	721	t	{"root": {"type": "root", "format": "", "indent": 0, "version": 1, "children": [{"tag": "h2", "type": "heading", "format": "center", "indent": 0, "version": 1, "children": [{"mode": "normal", "text": "conectemos!", "type": "text", "style": "", "detail": 0, "format": 0, "version": 1}], "direction": null}, {"type": "paragraph", "format": "", "indent": 0, "version": 1, "children": [{"mode": "normal", "text": "Lorem ipsum dolor sit amet consectetur. Potenti diam facilisi sagittis qiuisque. Consequat gravida est semper sagittis. Morbi eleifend ac maecenas integer congue viverra morbi.", "type": "text", "style": "", "detail": 0, "format": 0, "version": 1}], "direction": "ltr", "textStyle": "", "textFormat": 0}, {"type": "block", "fields": {"id": "693a73da221ed6f1902cc392", "rrss": [{"id": "693a73dc61708c6b781d468f", "icon": 67, "link": {"url": "www.google.es", "type": "custom", "label": "@educarsano"}}], "blockName": "RRSS", "blockType": "social"}, "format": "", "version": 2}, {"type": "paragraph", "format": "", "indent": 0, "version": 1, "children": [], "direction": "ltr", "textStyle": "", "textFormat": 0}], "direction": null}}	t	{"root": {"type": "root", "format": "", "indent": 0, "version": 1, "children": [{"tag": "h3", "type": "heading", "format": "center", "indent": 1, "version": 1, "children": [{"mode": "normal", "text": "Formulario de Contacto", "type": "text", "style": "", "detail": 0, "format": 0, "version": 1}], "direction": null}, {"type": "paragraph", "format": "center", "indent": 0, "version": 1, "children": [{"mode": "normal", "text": "Ponte en contacto conmigo y hablamos!", "type": "text", "style": "", "detail": 0, "format": 0, "version": 1}], "direction": "ltr", "textStyle": "", "textFormat": 0}], "direction": null}}	1	f	100	693a735b61708c6b781d468d	Formulario de contacto	\N	\N	\N
4	871	version.layout	733	t	{"root": {"type": "root", "format": "", "indent": 0, "version": 1, "children": [{"tag": "h2", "type": "heading", "format": "center", "indent": 0, "version": 1, "children": [{"mode": "normal", "text": "conectemos!", "type": "text", "style": "", "detail": 0, "format": 0, "version": 1}], "direction": null}, {"type": "paragraph", "format": "", "indent": 0, "version": 1, "children": [{"mode": "normal", "text": "Lorem ipsum dolor sit amet consectetur. Potenti diam facilisi sagittis qiuisque. Consequat gravida est semper sagittis. Morbi eleifend ac maecenas integer congue viverra morbi.", "type": "text", "style": "", "detail": 0, "format": 0, "version": 1}], "direction": "ltr", "textStyle": "", "textFormat": 0}, {"type": "block", "fields": {"id": "69331a5d5e74d2a163008163", "rrss": [{"id": "69331a5f70b6b23ed6637e4c", "icon": 66, "link": {"url": "www.google.es", "type": "custom", "label": "contacto@educarsano.com"}, "title": "Email"}, {"id": "69331a8a70b6b23ed6637e4e", "icon": 67, "link": {"url": "www.google.es", "type": "custom", "label": "@educarsano"}, "title": "Instagram"}], "blockName": "rrss", "blockType": "social"}, "format": "", "version": 2}, {"type": "paragraph", "format": "", "indent": 0, "version": 1, "children": [], "direction": "ltr", "textStyle": "", "textFormat": 0}], "direction": null}}	t	{"root": {"type": "root", "format": "", "indent": 0, "version": 1, "children": [{"tag": "h3", "type": "heading", "format": "center", "indent": 1, "version": 1, "children": [{"mode": "normal", "text": "Formulario de Contacto", "type": "text", "style": "", "detail": 0, "format": 0, "version": 1}], "direction": null}, {"type": "paragraph", "format": "center", "indent": 0, "version": 1, "children": [{"mode": "normal", "text": "Ponte en contacto conmigo y hablamos!", "type": "text", "style": "", "detail": 0, "format": 0, "version": 1}], "direction": "ltr", "textStyle": "", "textFormat": 0}], "direction": null}}	1	t	-36	693318b170b6b23ed6637e4a	formulario de contacto	blue	separatorYellow	\N
3	607	version.layout	397	t	{"root": {"type": "root", "format": "", "indent": 0, "version": 1, "children": [{"tag": "h3", "type": "heading", "format": "center", "indent": 0, "version": 1, "children": [{"mode": "normal", "text": "conectemos!", "type": "text", "style": "", "detail": 0, "format": 0, "version": 1}], "direction": "ltr"}, {"type": "paragraph", "format": "", "indent": 0, "version": 1, "children": [{"mode": "normal", "text": "Lorem ipsum dolor sit amet consectetur. Potenti diam facilisi sagittis qiuisque. Consequat gravida est semper sagittis. Morbi eleifend ac maecenas integer congue viverra morbi.", "type": "text", "style": "", "detail": 0, "format": 0, "version": 1}], "direction": "ltr", "textStyle": "", "textFormat": 0}, {"type": "block", "fields": {"id": "6914e2e49df7a716df50a126", "rrss": [{"id": "6914e2ed9077e42716d24d40", "icon": 21, "link": {"url": "www.google.es", "type": "custom", "label": "contacto@educarsano.com"}, "title": "Email"}, {"id": "6914e3229077e42716d24d42", "icon": 22, "link": {"url": "www.google.es", "type": "custom", "label": "@educarsano"}, "title": "Instagram"}], "blockName": "rrss", "blockType": "social"}, "format": "", "version": 2}, {"type": "paragraph", "format": "", "indent": 0, "version": 1, "children": [], "direction": "ltr", "textStyle": "", "textFormat": 0}], "direction": null}}	t	{"root": {"type": "root", "format": "", "indent": 0, "version": 1, "children": [{"tag": "h2", "type": "heading", "format": "center", "indent": 0, "version": 1, "children": [{"mode": "normal", "text": "Formulario de Contacto", "type": "text", "style": "", "detail": 0, "format": 0, "version": 1}], "direction": "ltr"}], "direction": null}}	1	f	100	6914de439077e42716d24d3e	Formulario de contacto	\N	\N	\N
4	872	version.layout	734	t	{"root": {"type": "root", "format": "", "indent": 0, "version": 1, "children": [{"tag": "h2", "type": "heading", "format": "center", "indent": 0, "version": 1, "children": [{"mode": "normal", "text": "conectemos!", "type": "text", "style": "", "detail": 0, "format": 0, "version": 1}], "direction": null}, {"type": "paragraph", "format": "", "indent": 0, "version": 1, "children": [{"mode": "normal", "text": "Lorem ipsum dolor sit amet consectetur. Potenti diam facilisi sagittis qiuisque. Consequat gravida est semper sagittis. Morbi eleifend ac maecenas integer congue viverra morbi.", "type": "text", "style": "", "detail": 0, "format": 0, "version": 1}], "direction": "ltr", "textStyle": "", "textFormat": 0}, {"type": "block", "fields": {"id": "69331a5d5e74d2a163008163", "rrss": [{"id": "69331a5f70b6b23ed6637e4c", "icon": 66, "link": {"url": "www.google.es", "type": "custom", "label": "contacto@educarsano.com"}, "title": "Email"}, {"id": "69331a8a70b6b23ed6637e4e", "icon": 67, "link": {"url": "www.google.es", "type": "custom", "label": "@educarsano"}, "title": "Instagram"}], "blockName": "rrss", "blockType": "social"}, "format": "", "version": 2}, {"type": "paragraph", "format": "", "indent": 0, "version": 1, "children": [], "direction": "ltr", "textStyle": "", "textFormat": 0}], "direction": null}}	t	{"root": {"type": "root", "format": "", "indent": 0, "version": 1, "children": [{"tag": "h3", "type": "heading", "format": "center", "indent": 1, "version": 1, "children": [{"mode": "normal", "text": "Formulario de Contacto", "type": "text", "style": "", "detail": 0, "format": 0, "version": 1}], "direction": null}, {"type": "paragraph", "format": "center", "indent": 0, "version": 1, "children": [{"mode": "normal", "text": "Ponte en contacto conmigo y hablamos!", "type": "text", "style": "", "detail": 0, "format": 0, "version": 1}], "direction": "ltr", "textStyle": "", "textFormat": 0}], "direction": null}}	1	t	-36	693318b170b6b23ed6637e4a	formulario de contacto	blue	separatorYellow	\N
3	608	version.layout	398	t	{"root": {"type": "root", "format": "", "indent": 0, "version": 1, "children": [{"tag": "h3", "type": "heading", "format": "center", "indent": 0, "version": 1, "children": [{"mode": "normal", "text": "conectemos!", "type": "text", "style": "", "detail": 0, "format": 0, "version": 1}], "direction": "ltr"}, {"type": "paragraph", "format": "", "indent": 0, "version": 1, "children": [{"mode": "normal", "text": "Lorem ipsum dolor sit amet consectetur. Potenti diam facilisi sagittis qiuisque. Consequat gravida est semper sagittis. Morbi eleifend ac maecenas integer congue viverra morbi.", "type": "text", "style": "", "detail": 0, "format": 0, "version": 1}], "direction": "ltr", "textStyle": "", "textFormat": 0}, {"type": "block", "fields": {"id": "6914e2e49df7a716df50a126", "rrss": [{"id": "6914e2ed9077e42716d24d40", "icon": 21, "link": {"url": "www.google.es", "type": "custom", "label": "contacto@educarsano.com"}, "title": "Email"}, {"id": "6914e3229077e42716d24d42", "icon": 22, "link": {"url": "www.google.es", "type": "custom", "label": "@educarsano"}, "title": "Instagram"}], "blockName": "rrss", "blockType": "social"}, "format": "", "version": 2}, {"type": "paragraph", "format": "", "indent": 0, "version": 1, "children": [], "direction": "ltr", "textStyle": "", "textFormat": 0}], "direction": null}}	t	{"root": {"type": "root", "format": "", "indent": 0, "version": 1, "children": [{"tag": "h2", "type": "heading", "format": "center", "indent": 0, "version": 1, "children": [{"mode": "normal", "text": "Formulario de Contacto", "type": "text", "style": "", "detail": 0, "format": 0, "version": 1}], "direction": "ltr"}], "direction": null}}	1	f	100	6914de439077e42716d24d3e	Formulario de contacto	\N	\N	\N
1	860	version.layout	723	t	{"root": {"type": "root", "format": "", "indent": 0, "version": 1, "children": [{"tag": "h2", "type": "heading", "format": "center", "indent": 0, "version": 1, "children": [{"mode": "normal", "text": "conectemos!", "type": "text", "style": "", "detail": 0, "format": 0, "version": 1}], "direction": null}, {"type": "paragraph", "format": "", "indent": 0, "version": 1, "children": [{"mode": "normal", "text": "Lorem ipsum dolor sit amet consectetur. Potenti diam facilisi sagittis qiuisque. Consequat gravida est semper sagittis. Morbi eleifend ac maecenas integer congue viverra morbi.", "type": "text", "style": "", "detail": 0, "format": 0, "version": 1}], "direction": "ltr", "textStyle": "", "textFormat": 0}, {"type": "block", "fields": {"id": "693a73da221ed6f1902cc392", "rrss": [{"id": "693a73dc61708c6b781d468f", "icon": 67, "link": {"url": "www.google.es", "type": "custom", "label": "@educarsano"}}], "blockName": "RRSS", "blockType": "social"}, "format": "", "version": 2}, {"type": "paragraph", "format": "", "indent": 0, "version": 1, "children": [], "direction": "ltr", "textStyle": "", "textFormat": 0}], "direction": null}}	t	{"root": {"type": "root", "format": "", "indent": 0, "version": 1, "children": [{"tag": "h3", "type": "heading", "format": "center", "indent": 1, "version": 1, "children": [{"mode": "normal", "text": "Formulario de Contacto", "type": "text", "style": "", "detail": 0, "format": 0, "version": 1}], "direction": null}, {"type": "paragraph", "format": "center", "indent": 0, "version": 1, "children": [{"mode": "normal", "text": "Ponte en contacto conmigo y hablamos!", "type": "text", "style": "", "detail": 0, "format": 0, "version": 1}], "direction": "ltr", "textStyle": "", "textFormat": 0}], "direction": null}}	1	f	100	693a735b61708c6b781d468d	Formulario de contacto	\N	\N	\N
10	837	version.layout	690	t	{"root": {"type": "root", "format": "", "indent": 0, "version": 1, "children": [{"tag": "h2", "type": "heading", "format": "center", "indent": 0, "version": 1, "children": [{"mode": "normal", "text": "conectemos!", "type": "text", "style": "", "detail": 0, "format": 0, "version": 1}], "direction": null}, {"type": "paragraph", "format": "", "indent": 0, "version": 1, "children": [{"mode": "normal", "text": "Lorem ipsum dolor sit amet consectetur. Potenti diam facilisi sagittis qiuisque. Consequat gravida est semper sagittis. Morbi eleifend ac maecenas integer congue viverra morbi.", "type": "text", "style": "", "detail": 0, "format": 0, "version": 1}], "direction": "ltr", "textStyle": "", "textFormat": 0}, {"type": "block", "fields": {"id": "68f7b7713a7bb11e3a36255a", "rrss": [{"id": "68f7b776539115341321864c", "icon": 66, "link": {"url": "www.google.es", "type": "custom", "label": "contacto@educarsano.com"}, "title": "Email"}, {"id": "68f7b7a8539115341321864e", "icon": 67, "link": {"url": "www.google.es", "type": "custom", "label": "@educarsano"}, "title": "Instagram"}], "blockName": "rrss", "blockType": "social"}, "format": "", "version": 2}, {"type": "paragraph", "format": "", "indent": 0, "version": 1, "children": [], "direction": "ltr", "textStyle": "", "textFormat": 0}], "direction": null}}	t	{"root": {"type": "root", "format": "", "indent": 0, "version": 1, "children": [{"tag": "h3", "type": "heading", "format": "center", "indent": 1, "version": 1, "children": [{"mode": "normal", "text": "Formulario de Contacto", "type": "text", "style": "", "detail": 0, "format": 0, "version": 1}], "direction": null}, {"type": "paragraph", "format": "center", "indent": 0, "version": 1, "children": [{"mode": "normal", "text": "Ponte en contacto conmigo y hablamos!", "type": "text", "style": "", "detail": 0, "format": 0, "version": 1}], "direction": "ltr", "textStyle": "", "textFormat": 0}], "direction": null}}	1	t	-39	68f7b71ec5b20bf7bc32e1c1	Formulario de contacto	\N	separatorYellow	\N
3	609	version.layout	399	t	{"root": {"type": "root", "format": "", "indent": 0, "version": 1, "children": [{"tag": "h3", "type": "heading", "format": "center", "indent": 0, "version": 1, "children": [{"mode": "normal", "text": "conectemos!", "type": "text", "style": "", "detail": 0, "format": 0, "version": 1}], "direction": "ltr"}, {"type": "paragraph", "format": "", "indent": 0, "version": 1, "children": [{"mode": "normal", "text": "Lorem ipsum dolor sit amet consectetur. Potenti diam facilisi sagittis qiuisque. Consequat gravida est semper sagittis. Morbi eleifend ac maecenas integer congue viverra morbi.", "type": "text", "style": "", "detail": 0, "format": 0, "version": 1}], "direction": "ltr", "textStyle": "", "textFormat": 0}, {"type": "block", "fields": {"id": "6914e2e49df7a716df50a126", "rrss": [{"id": "6914e2ed9077e42716d24d40", "icon": 21, "link": {"url": "www.google.es", "type": "custom", "label": "contacto@educarsano.com"}, "title": "Email"}, {"id": "6914e3229077e42716d24d42", "icon": 22, "link": {"url": "www.google.es", "type": "custom", "label": "@educarsano"}, "title": "Instagram"}], "blockName": "rrss", "blockType": "social"}, "format": "", "version": 2}, {"type": "paragraph", "format": "", "indent": 0, "version": 1, "children": [], "direction": "ltr", "textStyle": "", "textFormat": 0}], "direction": null}}	t	{"root": {"type": "root", "format": "", "indent": 0, "version": 1, "children": [{"tag": "h2", "type": "heading", "format": "center", "indent": 0, "version": 1, "children": [{"mode": "normal", "text": "Formulario de Contacto", "type": "text", "style": "", "detail": 0, "format": 0, "version": 1}], "direction": "ltr"}], "direction": null}}	1	f	100	6914de439077e42716d24d3e	Formulario de contacto	\N	\N	\N
1	861	version.layout	724	t	{"root": {"type": "root", "format": "", "indent": 0, "version": 1, "children": [{"tag": "h2", "type": "heading", "format": "center", "indent": 0, "version": 1, "children": [{"mode": "normal", "text": "conectemos!", "type": "text", "style": "", "detail": 0, "format": 0, "version": 1}], "direction": null}, {"type": "paragraph", "format": "", "indent": 0, "version": 1, "children": [{"mode": "normal", "text": "Lorem ipsum dolor sit amet consectetur. Potenti diam facilisi sagittis qiuisque. Consequat gravida est semper sagittis. Morbi eleifend ac maecenas integer congue viverra morbi.", "type": "text", "style": "", "detail": 0, "format": 0, "version": 1}], "direction": "ltr", "textStyle": "", "textFormat": 0}, {"type": "block", "fields": {"id": "693a73da221ed6f1902cc392", "rrss": [{"id": "693a73dc61708c6b781d468f", "icon": 67, "link": {"url": "www.google.es", "type": "custom", "label": "@educarsano"}}], "blockName": "RRSS", "blockType": "social"}, "format": "", "version": 2}, {"type": "paragraph", "format": "", "indent": 0, "version": 1, "children": [], "direction": "ltr", "textStyle": "", "textFormat": 0}], "direction": null}}	t	{"root": {"type": "root", "format": "", "indent": 0, "version": 1, "children": [{"tag": "h3", "type": "heading", "format": "center", "indent": 1, "version": 1, "children": [{"mode": "normal", "text": "Formulario de Contacto", "type": "text", "style": "", "detail": 0, "format": 0, "version": 1}], "direction": null}, {"type": "paragraph", "format": "center", "indent": 0, "version": 1, "children": [{"mode": "normal", "text": "Ponte en contacto conmigo y hablamos!", "type": "text", "style": "", "detail": 0, "format": 0, "version": 1}], "direction": "ltr", "textStyle": "", "textFormat": 0}], "direction": null}}	1	f	100	693a735b61708c6b781d468d	Formulario de contacto	\N	\N	\N
10	838	version.layout	691	t	{"root": {"type": "root", "format": "", "indent": 0, "version": 1, "children": [{"tag": "h2", "type": "heading", "format": "center", "indent": 0, "version": 1, "children": [{"mode": "normal", "text": "conectemos!", "type": "text", "style": "", "detail": 0, "format": 0, "version": 1}], "direction": null}, {"type": "paragraph", "format": "", "indent": 0, "version": 1, "children": [{"mode": "normal", "text": "Lorem ipsum dolor sit amet consectetur. Potenti diam facilisi sagittis qiuisque. Consequat gravida est semper sagittis. Morbi eleifend ac maecenas integer congue viverra morbi.", "type": "text", "style": "", "detail": 0, "format": 0, "version": 1}], "direction": "ltr", "textStyle": "", "textFormat": 0}, {"type": "block", "fields": {"id": "68f7b7713a7bb11e3a36255a", "rrss": [{"id": "68f7b776539115341321864c", "icon": 66, "link": {"url": "www.google.es", "type": "custom", "label": "contacto@educarsano.com"}, "title": "Email"}, {"id": "68f7b7a8539115341321864e", "icon": 67, "link": {"url": "www.google.es", "type": "custom", "label": "@educarsano"}, "title": "Instagram"}], "blockName": "rrss", "blockType": "social"}, "format": "", "version": 2}, {"type": "paragraph", "format": "", "indent": 0, "version": 1, "children": [], "direction": "ltr", "textStyle": "", "textFormat": 0}], "direction": null}}	t	{"root": {"type": "root", "format": "", "indent": 0, "version": 1, "children": [{"tag": "h3", "type": "heading", "format": "center", "indent": 1, "version": 1, "children": [{"mode": "normal", "text": "Formulario de Contacto", "type": "text", "style": "", "detail": 0, "format": 0, "version": 1}], "direction": null}, {"type": "paragraph", "format": "center", "indent": 0, "version": 1, "children": [{"mode": "normal", "text": "Ponte en contacto conmigo y hablamos!", "type": "text", "style": "", "detail": 0, "format": 0, "version": 1}], "direction": "ltr", "textStyle": "", "textFormat": 0}], "direction": null}}	1	t	-39	68f7b71ec5b20bf7bc32e1c1	Formulario de contacto	\N	separatorYellow	\N
3	610	version.layout	400	t	{"root": {"type": "root", "format": "", "indent": 0, "version": 1, "children": [{"tag": "h3", "type": "heading", "format": "center", "indent": 0, "version": 1, "children": [{"mode": "normal", "text": "conectemos!", "type": "text", "style": "", "detail": 0, "format": 0, "version": 1}], "direction": "ltr"}, {"type": "paragraph", "format": "", "indent": 0, "version": 1, "children": [{"mode": "normal", "text": "Lorem ipsum dolor sit amet consectetur. Potenti diam facilisi sagittis qiuisque. Consequat gravida est semper sagittis. Morbi eleifend ac maecenas integer congue viverra morbi.", "type": "text", "style": "", "detail": 0, "format": 0, "version": 1}], "direction": "ltr", "textStyle": "", "textFormat": 0}, {"type": "block", "fields": {"id": "6914e2e49df7a716df50a126", "rrss": [{"id": "6914e2ed9077e42716d24d40", "icon": 21, "link": {"url": "www.google.es", "type": "custom", "label": "contacto@educarsano.com"}, "title": "Email"}, {"id": "6914e3229077e42716d24d42", "icon": 22, "link": {"url": "www.google.es", "type": "custom", "label": "@educarsano"}, "title": "Instagram"}], "blockName": "rrss", "blockType": "social"}, "format": "", "version": 2}, {"type": "paragraph", "format": "", "indent": 0, "version": 1, "children": [], "direction": "ltr", "textStyle": "", "textFormat": 0}], "direction": null}}	t	{"root": {"type": "root", "format": "", "indent": 0, "version": 1, "children": [{"tag": "h2", "type": "heading", "format": "center", "indent": 0, "version": 1, "children": [{"mode": "normal", "text": "Formulario de Contacto", "type": "text", "style": "", "detail": 0, "format": 0, "version": 1}], "direction": "ltr"}], "direction": null}}	1	f	100	6914de439077e42716d24d3e	Formulario de contacto	\N	\N	\N
1	862	version.layout	725	t	{"root": {"type": "root", "format": "", "indent": 0, "version": 1, "children": [{"tag": "h2", "type": "heading", "format": "center", "indent": 0, "version": 1, "children": [{"mode": "normal", "text": "conectemos!", "type": "text", "style": "", "detail": 0, "format": 0, "version": 1}], "direction": null}, {"type": "paragraph", "format": "", "indent": 0, "version": 1, "children": [{"mode": "normal", "text": "Lorem ipsum dolor sit amet consectetur. Potenti diam facilisi sagittis qiuisque. Consequat gravida est semper sagittis. Morbi eleifend ac maecenas integer congue viverra morbi.", "type": "text", "style": "", "detail": 0, "format": 0, "version": 1}], "direction": "ltr", "textStyle": "", "textFormat": 0}, {"type": "block", "fields": {"id": "693a73da221ed6f1902cc392", "rrss": [{"id": "693a73dc61708c6b781d468f", "icon": 67, "link": {"url": "www.google.es", "type": "custom", "label": "@educarsano"}}], "blockName": "RRSS", "blockType": "social"}, "format": "", "version": 2}, {"type": "paragraph", "format": "", "indent": 0, "version": 1, "children": [], "direction": "ltr", "textStyle": "", "textFormat": 0}], "direction": null}}	t	{"root": {"type": "root", "format": "", "indent": 0, "version": 1, "children": [{"tag": "h3", "type": "heading", "format": "center", "indent": 1, "version": 1, "children": [{"mode": "normal", "text": "Formulario de Contacto", "type": "text", "style": "", "detail": 0, "format": 0, "version": 1}], "direction": null}, {"type": "paragraph", "format": "center", "indent": 0, "version": 1, "children": [{"mode": "normal", "text": "Ponte en contacto conmigo y hablamos!", "type": "text", "style": "", "detail": 0, "format": 0, "version": 1}], "direction": "ltr", "textStyle": "", "textFormat": 0}], "direction": null}}	1	f	100	693a735b61708c6b781d468d	Formulario de contacto	\N	separatorYellow	\N
4	874	version.layout	735	t	{"root": {"type": "root", "format": "", "indent": 0, "version": 1, "children": [{"tag": "h2", "type": "heading", "format": "center", "indent": 0, "version": 1, "children": [{"mode": "normal", "text": "conectemos!", "type": "text", "style": "", "detail": 0, "format": 0, "version": 1}], "direction": null}, {"type": "paragraph", "format": "", "indent": 0, "version": 1, "children": [{"mode": "normal", "text": "Lorem ipsum dolor sit amet consectetur. Potenti diam facilisi sagittis qiuisque. Consequat gravida est semper sagittis. Morbi eleifend ac maecenas integer congue viverra morbi.", "type": "text", "style": "", "detail": 0, "format": 0, "version": 1}], "direction": "ltr", "textStyle": "", "textFormat": 0}, {"type": "block", "fields": {"id": "69331a5d5e74d2a163008163", "rrss": [{"id": "69331a5f70b6b23ed6637e4c", "icon": 66, "link": {"url": "www.google.es", "type": "custom", "label": "contacto@educarsano.com"}, "title": "Email"}, {"id": "69331a8a70b6b23ed6637e4e", "icon": 67, "link": {"url": "www.google.es", "type": "custom", "label": "@educarsano"}, "title": "Instagram"}], "blockName": "rrss", "blockType": "social"}, "format": "", "version": 2}, {"type": "paragraph", "format": "", "indent": 0, "version": 1, "children": [], "direction": "ltr", "textStyle": "", "textFormat": 0}], "direction": null}}	t	{"root": {"type": "root", "format": "", "indent": 0, "version": 1, "children": [{"tag": "h3", "type": "heading", "format": "center", "indent": 1, "version": 1, "children": [{"mode": "normal", "text": "Formulario de Contacto", "type": "text", "style": "", "detail": 0, "format": 0, "version": 1}], "direction": null}, {"type": "paragraph", "format": "center", "indent": 0, "version": 1, "children": [{"mode": "normal", "text": "Ponte en contacto conmigo y hablamos!", "type": "text", "style": "", "detail": 0, "format": 0, "version": 1}], "direction": "ltr", "textStyle": "", "textFormat": 0}], "direction": null}}	1	t	-36	693318b170b6b23ed6637e4a	formulario de contacto	blue	separatorYellow	\N
1	863	version.layout	726	t	{"root": {"type": "root", "format": "", "indent": 0, "version": 1, "children": [{"tag": "h2", "type": "heading", "format": "center", "indent": 0, "version": 1, "children": [{"mode": "normal", "text": "conectemos!", "type": "text", "style": "", "detail": 0, "format": 0, "version": 1}], "direction": null}, {"type": "paragraph", "format": "", "indent": 0, "version": 1, "children": [{"mode": "normal", "text": "Lorem ipsum dolor sit amet consectetur. Potenti diam facilisi sagittis qiuisque. Consequat gravida est semper sagittis. Morbi eleifend ac maecenas integer congue viverra morbi.", "type": "text", "style": "", "detail": 0, "format": 0, "version": 1}], "direction": "ltr", "textStyle": "", "textFormat": 0}, {"type": "block", "fields": {"id": "693a73da221ed6f1902cc392", "rrss": [{"id": "693a73dc61708c6b781d468f", "icon": 67, "link": {"url": "www.google.es", "type": "custom", "label": "@educarsano"}}], "blockName": "RRSS", "blockType": "social"}, "format": "", "version": 2}, {"type": "paragraph", "format": "", "indent": 0, "version": 1, "children": [], "direction": "ltr", "textStyle": "", "textFormat": 0}], "direction": null}}	t	{"root": {"type": "root", "format": "", "indent": 0, "version": 1, "children": [{"tag": "h3", "type": "heading", "format": "center", "indent": 1, "version": 1, "children": [{"mode": "normal", "text": "Formulario de Contacto", "type": "text", "style": "", "detail": 0, "format": 0, "version": 1}], "direction": null}, {"type": "paragraph", "format": "center", "indent": 0, "version": 1, "children": [{"mode": "normal", "text": "Ponte en contacto conmigo y hablamos!", "type": "text", "style": "", "detail": 0, "format": 0, "version": 1}], "direction": "ltr", "textStyle": "", "textFormat": 0}], "direction": null}}	1	f	100	693a735b61708c6b781d468d	Formulario de contacto	\N	separatorYellow	\N
4	826	version.layout	679	t	{"root": {"type": "root", "format": "", "indent": 0, "version": 1, "children": [{"tag": "h2", "type": "heading", "format": "center", "indent": 0, "version": 1, "children": [{"mode": "normal", "text": "conectemos!", "type": "text", "style": "", "detail": 0, "format": 0, "version": 1}], "direction": null}, {"type": "paragraph", "format": "", "indent": 0, "version": 1, "children": [{"mode": "normal", "text": "Lorem ipsum dolor sit amet consectetur. Potenti diam facilisi sagittis qiuisque. Consequat gravida est semper sagittis. Morbi eleifend ac maecenas integer congue viverra morbi.", "type": "text", "style": "", "detail": 0, "format": 0, "version": 1}], "direction": "ltr", "textStyle": "", "textFormat": 0}, {"type": "block", "fields": {"id": "69331a5d5e74d2a163008163", "rrss": [{"id": "69331a5f70b6b23ed6637e4c", "icon": 66, "link": {"url": "www.google.es", "type": "custom", "label": "contacto@educarsano.com"}, "title": "Email"}, {"id": "69331a8a70b6b23ed6637e4e", "icon": 67, "link": {"url": "www.google.es", "type": "custom", "label": "@educarsano"}, "title": "Instagram"}], "blockName": "rrss", "blockType": "social"}, "format": "", "version": 2}, {"type": "paragraph", "format": "", "indent": 0, "version": 1, "children": [], "direction": "ltr", "textStyle": "", "textFormat": 0}], "direction": null}}	t	{"root": {"type": "root", "format": "", "indent": 0, "version": 1, "children": [{"tag": "h3", "type": "heading", "format": "center", "indent": 1, "version": 1, "children": [{"mode": "normal", "text": "Formulario de Contacto", "type": "text", "style": "", "detail": 0, "format": 0, "version": 1}], "direction": null}, {"type": "paragraph", "format": "center", "indent": 0, "version": 1, "children": [{"mode": "normal", "text": "Ponte en contacto conmigo y hablamos!", "type": "text", "style": "", "detail": 0, "format": 0, "version": 1}], "direction": "ltr", "textStyle": "", "textFormat": 0}], "direction": null}}	1	t	-36	693318b170b6b23ed6637e4a	formulario de contacto	dark	separatorYellow	\N
3	611	version.layout	401	t	{"root": {"type": "root", "format": "", "indent": 0, "version": 1, "children": [{"tag": "h3", "type": "heading", "format": "center", "indent": 0, "version": 1, "children": [{"mode": "normal", "text": "conectemos!", "type": "text", "style": "", "detail": 0, "format": 0, "version": 1}], "direction": "ltr"}, {"type": "paragraph", "format": "", "indent": 0, "version": 1, "children": [{"mode": "normal", "text": "Lorem ipsum dolor sit amet consectetur. Potenti diam facilisi sagittis qiuisque. Consequat gravida est semper sagittis. Morbi eleifend ac maecenas integer congue viverra morbi.", "type": "text", "style": "", "detail": 0, "format": 0, "version": 1}], "direction": "ltr", "textStyle": "", "textFormat": 0}, {"type": "block", "fields": {"id": "6914e2e49df7a716df50a126", "rrss": [{"id": "6914e2ed9077e42716d24d40", "icon": 21, "link": {"url": "www.google.es", "type": "custom", "label": "contacto@educarsano.com"}, "title": "Email"}, {"id": "6914e3229077e42716d24d42", "icon": 22, "link": {"url": "www.google.es", "type": "custom", "label": "@educarsano"}, "title": "Instagram"}], "blockName": "rrss", "blockType": "social"}, "format": "", "version": 2}, {"type": "paragraph", "format": "", "indent": 0, "version": 1, "children": [], "direction": "ltr", "textStyle": "", "textFormat": 0}], "direction": null}}	t	{"root": {"type": "root", "format": "", "indent": 0, "version": 1, "children": [{"tag": "h2", "type": "heading", "format": "center", "indent": 0, "version": 1, "children": [{"mode": "normal", "text": "Formulario de Contacto", "type": "text", "style": "", "detail": 0, "format": 0, "version": 1}], "direction": "ltr"}], "direction": null}}	1	f	100	6914de439077e42716d24d3e	Formulario de contacto	\N	\N	\N
1	864	version.layout	727	t	{"root": {"type": "root", "format": "", "indent": 0, "version": 1, "children": [{"tag": "h2", "type": "heading", "format": "center", "indent": 0, "version": 1, "children": [{"mode": "normal", "text": "conectemos!", "type": "text", "style": "", "detail": 0, "format": 0, "version": 1}], "direction": null}, {"type": "paragraph", "format": "", "indent": 0, "version": 1, "children": [{"mode": "normal", "text": "Lorem ipsum dolor sit amet consectetur. Potenti diam facilisi sagittis qiuisque. Consequat gravida est semper sagittis. Morbi eleifend ac maecenas integer congue viverra morbi.", "type": "text", "style": "", "detail": 0, "format": 0, "version": 1}], "direction": "ltr", "textStyle": "", "textFormat": 0}, {"type": "block", "fields": {"id": "693a73da221ed6f1902cc392", "rrss": [{"id": "693a73dc61708c6b781d468f", "icon": 67, "link": {"url": "www.google.es", "type": "custom", "label": "@educarsano"}}], "blockName": "RRSS", "blockType": "social"}, "format": "", "version": 2}, {"type": "paragraph", "format": "", "indent": 0, "version": 1, "children": [], "direction": "ltr", "textStyle": "", "textFormat": 0}], "direction": null}}	t	{"root": {"type": "root", "format": "", "indent": 0, "version": 1, "children": [{"tag": "h3", "type": "heading", "format": "center", "indent": 1, "version": 1, "children": [{"mode": "normal", "text": "Formulario de Contacto", "type": "text", "style": "", "detail": 0, "format": 0, "version": 1}], "direction": null}, {"type": "paragraph", "format": "center", "indent": 0, "version": 1, "children": [{"mode": "normal", "text": "Ponte en contacto conmigo y hablamos!", "type": "text", "style": "", "detail": 0, "format": 0, "version": 1}], "direction": "ltr", "textStyle": "", "textFormat": 0}], "direction": null}}	1	f	100	693a735b61708c6b781d468d	Formulario de contacto	\N	separatorYellow	\N
3	612	version.layout	402	t	{"root": {"type": "root", "format": "", "indent": 0, "version": 1, "children": [{"tag": "h3", "type": "heading", "format": "center", "indent": 0, "version": 1, "children": [{"mode": "normal", "text": "conectemos!", "type": "text", "style": "", "detail": 0, "format": 0, "version": 1}], "direction": "ltr"}, {"type": "paragraph", "format": "", "indent": 0, "version": 1, "children": [{"mode": "normal", "text": "Lorem ipsum dolor sit amet consectetur. Potenti diam facilisi sagittis qiuisque. Consequat gravida est semper sagittis. Morbi eleifend ac maecenas integer congue viverra morbi.", "type": "text", "style": "", "detail": 0, "format": 0, "version": 1}], "direction": "ltr", "textStyle": "", "textFormat": 0}, {"type": "block", "fields": {"id": "6914e2e49df7a716df50a126", "rrss": [{"id": "6914e2ed9077e42716d24d40", "icon": 21, "link": {"url": "www.google.es", "type": "custom", "label": "contacto@educarsano.com"}, "title": "Email"}, {"id": "6914e3229077e42716d24d42", "icon": 22, "link": {"url": "www.google.es", "type": "custom", "label": "@educarsano"}, "title": "Instagram"}], "blockName": "rrss", "blockType": "social"}, "format": "", "version": 2}, {"type": "paragraph", "format": "", "indent": 0, "version": 1, "children": [], "direction": "ltr", "textStyle": "", "textFormat": 0}], "direction": null}}	t	{"root": {"type": "root", "format": "", "indent": 0, "version": 1, "children": [{"tag": "h2", "type": "heading", "format": "center", "indent": 0, "version": 1, "children": [{"mode": "normal", "text": "Formulario de Contacto", "type": "text", "style": "", "detail": 0, "format": 0, "version": 1}], "direction": "ltr"}], "direction": null}}	1	f	100	6914de439077e42716d24d3e	Formulario de contacto	\N	\N	\N
1	865	version.layout	728	t	{"root": {"type": "root", "format": "", "indent": 0, "version": 1, "children": [{"tag": "h2", "type": "heading", "format": "center", "indent": 0, "version": 1, "children": [{"mode": "normal", "text": "conectemos!", "type": "text", "style": "", "detail": 0, "format": 0, "version": 1}], "direction": null}, {"type": "paragraph", "format": "", "indent": 0, "version": 1, "children": [{"mode": "normal", "text": "Lorem ipsum dolor sit amet consectetur. Potenti diam facilisi sagittis qiuisque. Consequat gravida est semper sagittis. Morbi eleifend ac maecenas integer congue viverra morbi.", "type": "text", "style": "", "detail": 0, "format": 0, "version": 1}], "direction": "ltr", "textStyle": "", "textFormat": 0}, {"type": "block", "fields": {"id": "693a73da221ed6f1902cc392", "rrss": [{"id": "693a73dc61708c6b781d468f", "icon": 67, "link": {"url": "www.google.es", "type": "custom", "label": "@educarsano"}}], "blockName": "RRSS", "blockType": "social"}, "format": "", "version": 2}, {"type": "paragraph", "format": "", "indent": 0, "version": 1, "children": [], "direction": "ltr", "textStyle": "", "textFormat": 0}], "direction": null}}	t	{"root": {"type": "root", "format": "", "indent": 0, "version": 1, "children": [{"tag": "h3", "type": "heading", "format": "center", "indent": 1, "version": 1, "children": [{"mode": "normal", "text": "Formulario de Contacto", "type": "text", "style": "", "detail": 0, "format": 0, "version": 1}], "direction": null}, {"type": "paragraph", "format": "center", "indent": 0, "version": 1, "children": [{"mode": "normal", "text": "Ponte en contacto conmigo y hablamos!", "type": "text", "style": "", "detail": 0, "format": 0, "version": 1}], "direction": "ltr", "textStyle": "", "textFormat": 0}], "direction": null}}	1	f	100	693a735b61708c6b781d468d	Formulario de contacto	\N	separatorYellow	\N
4	827	version.layout	680	t	{"root": {"type": "root", "format": "", "indent": 0, "version": 1, "children": [{"tag": "h2", "type": "heading", "format": "center", "indent": 0, "version": 1, "children": [{"mode": "normal", "text": "conectemos!", "type": "text", "style": "", "detail": 0, "format": 0, "version": 1}], "direction": null}, {"type": "paragraph", "format": "", "indent": 0, "version": 1, "children": [{"mode": "normal", "text": "Lorem ipsum dolor sit amet consectetur. Potenti diam facilisi sagittis qiuisque. Consequat gravida est semper sagittis. Morbi eleifend ac maecenas integer congue viverra morbi.", "type": "text", "style": "", "detail": 0, "format": 0, "version": 1}], "direction": "ltr", "textStyle": "", "textFormat": 0}, {"type": "block", "fields": {"id": "69331a5d5e74d2a163008163", "rrss": [{"id": "69331a5f70b6b23ed6637e4c", "icon": 66, "link": {"url": "www.google.es", "type": "custom", "label": "contacto@educarsano.com"}, "title": "Email"}, {"id": "69331a8a70b6b23ed6637e4e", "icon": 67, "link": {"url": "www.google.es", "type": "custom", "label": "@educarsano"}, "title": "Instagram"}], "blockName": "rrss", "blockType": "social"}, "format": "", "version": 2}, {"type": "paragraph", "format": "", "indent": 0, "version": 1, "children": [], "direction": "ltr", "textStyle": "", "textFormat": 0}], "direction": null}}	t	{"root": {"type": "root", "format": "", "indent": 0, "version": 1, "children": [{"tag": "h3", "type": "heading", "format": "center", "indent": 1, "version": 1, "children": [{"mode": "normal", "text": "Formulario de Contacto", "type": "text", "style": "", "detail": 0, "format": 0, "version": 1}], "direction": null}, {"type": "paragraph", "format": "center", "indent": 0, "version": 1, "children": [{"mode": "normal", "text": "Ponte en contacto conmigo y hablamos!", "type": "text", "style": "", "detail": 0, "format": 0, "version": 1}], "direction": "ltr", "textStyle": "", "textFormat": 0}], "direction": null}}	1	t	-36	693318b170b6b23ed6637e4a	formulario de contacto	dark	separatorYellow	\N
4	828	version.layout	681	t	{"root": {"type": "root", "format": "", "indent": 0, "version": 1, "children": [{"tag": "h2", "type": "heading", "format": "center", "indent": 0, "version": 1, "children": [{"mode": "normal", "text": "conectemos!", "type": "text", "style": "", "detail": 0, "format": 0, "version": 1}], "direction": null}, {"type": "paragraph", "format": "", "indent": 0, "version": 1, "children": [{"mode": "normal", "text": "Lorem ipsum dolor sit amet consectetur. Potenti diam facilisi sagittis qiuisque. Consequat gravida est semper sagittis. Morbi eleifend ac maecenas integer congue viverra morbi.", "type": "text", "style": "", "detail": 0, "format": 0, "version": 1}], "direction": "ltr", "textStyle": "", "textFormat": 0}, {"type": "block", "fields": {"id": "69331a5d5e74d2a163008163", "rrss": [{"id": "69331a5f70b6b23ed6637e4c", "icon": 66, "link": {"url": "www.google.es", "type": "custom", "label": "contacto@educarsano.com"}, "title": "Email"}, {"id": "69331a8a70b6b23ed6637e4e", "icon": 67, "link": {"url": "www.google.es", "type": "custom", "label": "@educarsano"}, "title": "Instagram"}], "blockName": "rrss", "blockType": "social"}, "format": "", "version": 2}, {"type": "paragraph", "format": "", "indent": 0, "version": 1, "children": [], "direction": "ltr", "textStyle": "", "textFormat": 0}], "direction": null}}	t	{"root": {"type": "root", "format": "", "indent": 0, "version": 1, "children": [{"tag": "h3", "type": "heading", "format": "center", "indent": 1, "version": 1, "children": [{"mode": "normal", "text": "Formulario de Contacto", "type": "text", "style": "", "detail": 0, "format": 0, "version": 1}], "direction": null}, {"type": "paragraph", "format": "center", "indent": 0, "version": 1, "children": [{"mode": "normal", "text": "Ponte en contacto conmigo y hablamos!", "type": "text", "style": "", "detail": 0, "format": 0, "version": 1}], "direction": "ltr", "textStyle": "", "textFormat": 0}], "direction": null}}	1	t	-36	693318b170b6b23ed6637e4a	formulario de contacto	dark	separatorYellow	\N
10	839	version.layout	692	t	{"root": {"type": "root", "format": "", "indent": 0, "version": 1, "children": [{"tag": "h2", "type": "heading", "format": "center", "indent": 0, "version": 1, "children": [{"mode": "normal", "text": "conectemos!", "type": "text", "style": "", "detail": 0, "format": 0, "version": 1}], "direction": null}, {"type": "paragraph", "format": "", "indent": 0, "version": 1, "children": [{"mode": "normal", "text": "Lorem ipsum dolor sit amet consectetur. Potenti diam facilisi sagittis qiuisque. Consequat gravida est semper sagittis. Morbi eleifend ac maecenas integer congue viverra morbi.", "type": "text", "style": "", "detail": 0, "format": 0, "version": 1}], "direction": "ltr", "textStyle": "", "textFormat": 0}, {"type": "block", "fields": {"id": "68f7b7713a7bb11e3a36255a", "rrss": [{"id": "68f7b776539115341321864c", "icon": 66, "link": {"url": "www.google.es", "type": "custom", "label": "contacto@educarsano.com"}, "title": "Email"}, {"id": "68f7b7a8539115341321864e", "icon": 67, "link": {"url": "www.google.es", "type": "custom", "label": "@educarsano"}, "title": "Instagram"}], "blockName": "rrss", "blockType": "social"}, "format": "", "version": 2}, {"type": "paragraph", "format": "", "indent": 0, "version": 1, "children": [], "direction": "ltr", "textStyle": "", "textFormat": 0}], "direction": null}}	t	{"root": {"type": "root", "format": "", "indent": 0, "version": 1, "children": [{"tag": "h3", "type": "heading", "format": "center", "indent": 1, "version": 1, "children": [{"mode": "normal", "text": "Formulario de Contacto", "type": "text", "style": "", "detail": 0, "format": 0, "version": 1}], "direction": null}, {"type": "paragraph", "format": "center", "indent": 0, "version": 1, "children": [{"mode": "normal", "text": "Ponte en contacto conmigo y hablamos!", "type": "text", "style": "", "detail": 0, "format": 0, "version": 1}], "direction": "ltr", "textStyle": "", "textFormat": 0}], "direction": null}}	1	t	-39	68f7b71ec5b20bf7bc32e1c1	Formulario de contacto	dark	separatorYellow	\N
\.


--
-- Data for Name: _pages_v_blocks_frequently_questions_block; Type: TABLE DATA; Schema: public; Owner: -
--

COPY public._pages_v_blocks_frequently_questions_block (_order, _parent_id, _path, id, enable_title, title, enable_text, content, enable_image, image_id, section_name, _uuid, block_name) FROM stdin;
6	392	version.layout	63	\N	\N	\N	\N	t	\N	\N	691725d2e368e34613671590	FAQ
6	393	version.layout	64	\N	\N	\N	\N	t	\N	\N	691725d2e368e34613671590	FAQ
6	584	version.layout	65	\N	\N	\N	\N	t	\N	\N	691725d2e368e34613671590	FAQ
6	585	version.layout	66	\N	\N	\N	\N	t	\N	\N	691725d2e368e34613671590	FAQ
6	586	version.layout	67	\N	\N	\N	\N	t	\N	\N	691725d2e368e34613671590	FAQ
6	587	version.layout	68	\N	\N	\N	\N	t	\N	\N	691725d2e368e34613671590	FAQ
6	588	version.layout	69	\N	\N	\N	\N	t	\N	\N	691725d2e368e34613671590	FAQ
6	589	version.layout	70	\N	\N	\N	\N	t	\N	\N	691725d2e368e34613671590	FAQ
6	390	version.layout	59	\N	\N	\N	\N	t	\N	\N	691725d2e368e34613671590	FAQ
6	391	version.layout	60	\N	\N	\N	\N	t	\N	\N	691725d2e368e34613671590	FAQ
\.


--
-- Data for Name: _pages_v_blocks_frequently_questions_block_questions; Type: TABLE DATA; Schema: public; Owner: -
--

COPY public._pages_v_blocks_frequently_questions_block_questions (_order, _parent_id, id, question, answer, _uuid) FROM stdin;
1	59	166	pregunta	respuesta	6917261ae368e34613671592
2	59	167	pregunta	respuesta	69172628e368e34613671594
3	59	168	pregunta	respuesta	6917263be368e34613671596
1	60	169	pregunta	respuesta	6917261ae368e34613671592
2	60	170	pregunta	respuesta	69172628e368e34613671594
3	60	171	pregunta	respuesta	6917263be368e34613671596
1	63	178	pregunta	respuesta	6917261ae368e34613671592
2	63	179	pregunta	respuesta	69172628e368e34613671594
3	63	180	pregunta	respuesta	6917263be368e34613671596
1	64	181	pregunta	respuesta	6917261ae368e34613671592
2	64	182	pregunta	respuesta	69172628e368e34613671594
3	64	183	pregunta	respuesta	6917263be368e34613671596
1	65	184	pregunta	respuesta	6917261ae368e34613671592
2	65	185	pregunta	respuesta	69172628e368e34613671594
3	65	186	pregunta	respuesta	6917263be368e34613671596
1	66	187	pregunta	respuesta	6917261ae368e34613671592
2	66	188	pregunta	respuesta	69172628e368e34613671594
3	66	189	pregunta	respuesta	6917263be368e34613671596
1	67	190	pregunta	respuesta	6917261ae368e34613671592
2	67	191	pregunta	respuesta	69172628e368e34613671594
3	67	192	pregunta	respuesta	6917263be368e34613671596
1	68	193	pregunta	respuesta	6917261ae368e34613671592
2	68	194	pregunta	respuesta	69172628e368e34613671594
3	68	195	pregunta	respuesta	6917263be368e34613671596
1	69	196	pregunta	respuesta	6917261ae368e34613671592
2	69	197	pregunta	respuesta	69172628e368e34613671594
3	69	198	pregunta	respuesta	6917263be368e34613671596
1	70	199	pregunta	respuesta	6917261ae368e34613671592
2	70	200	pregunta	respuesta	69172628e368e34613671594
3	70	201	pregunta	respuesta	6917263be368e34613671596
\.


--
-- Data for Name: _pages_v_blocks_list_content; Type: TABLE DATA; Schema: public; Owner: -
--

COPY public._pages_v_blocks_list_content (_order, _parent_id, _path, id, enable_title, title, enable_sub_title, sub_title, enable_background_image, enable_image, field_image_id, is_reverse, bottom, separator_type, section_name, _uuid, block_name, dark_mode) FROM stdin;
4	868	version.layout	1213	t	Servicios	\N	\N	\N	t	59	f	-65	separatorWhite	homeServices	68f79953431c43bc53390a65	Servicios	dark
7	868	version.layout	1214	t	 Qu hace diferente a Educar Sano?	t	{"root": {"type": "root", "format": "", "indent": 0, "version": 1, "children": [{"type": "paragraph", "format": "", "indent": 0, "version": 1, "children": [{"mode": "normal", "text": "Mi propuesta no es genrica ni estandarizada. Acompa desde la experiencia, la empata y una mirada educativa adaptada a cada realidad.", "type": "text", "style": "", "detail": 0, "format": 0, "version": 1}], "direction": null, "textStyle": "", "textFormat": 0}], "direction": null}}	t	t	63	f	-80	separatorBackground	homeDiferences	68f79e0e42986f06cbf2068d	 Qu hace diferente a Educar Sano?	dark
4	836	version.layout	1197	t	Servicios	\N	\N	\N	t	59	f	-65	separatorWhite	homeServices	68f79953431c43bc53390a65	Servicios	dark
7	836	version.layout	1198	t	 Qu hace diferente a Educar Sano?	t	{"root": {"type": "root", "format": "", "indent": 0, "version": 1, "children": [{"type": "paragraph", "format": "", "indent": 0, "version": 1, "children": [{"mode": "normal", "text": "Mi propuesta no es genrica ni estandarizada. Acompa desde la experiencia, la empata y una mirada educativa adaptada a cada realidad.", "type": "text", "style": "", "detail": 0, "format": 0, "version": 1}], "direction": null, "textStyle": "", "textFormat": 0}], "direction": null}}	t	t	63	f	-80	separatorBackground	homeDiferences	68f79e0e42986f06cbf2068d	 Qu hace diferente a Educar Sano?	dark
4	841	version.layout	1207	t	Servicios	\N	\N	\N	t	59	f	-65	separatorWhite	homeServices	68f79953431c43bc53390a65	Servicios	dark
7	841	version.layout	1208	t	 Qu hace diferente a Educar Sano?	t	{"root": {"type": "root", "format": "", "indent": 0, "version": 1, "children": [{"type": "paragraph", "format": "", "indent": 0, "version": 1, "children": [{"mode": "normal", "text": "Mi propuesta no es genrica ni estandarizada. Acompa desde la experiencia, la empata y una mirada educativa adaptada a cada realidad.", "type": "text", "style": "", "detail": 0, "format": 0, "version": 1}], "direction": null, "textStyle": "", "textFormat": 0}], "direction": null}}	t	t	63	f	-80	separatorBackground	homeDiferences	68f79e0e42986f06cbf2068d	 Qu hace diferente a Educar Sano?	dark
4	847	version.layout	1209	t	Servicios	\N	\N	\N	t	59	f	-65	separatorWhite	homeServices	68f79953431c43bc53390a65	Servicios	dark
7	847	version.layout	1210	t	 Qu hace diferente a Educar Sano?	t	{"root": {"type": "root", "format": "", "indent": 0, "version": 1, "children": [{"type": "paragraph", "format": "", "indent": 0, "version": 1, "children": [{"mode": "normal", "text": "Mi propuesta no es genrica ni estandarizada. Acompa desde la experiencia, la empata y una mirada educativa adaptada a cada realidad.", "type": "text", "style": "", "detail": 0, "format": 0, "version": 1}], "direction": null, "textStyle": "", "textFormat": 0}], "direction": null}}	t	t	63	f	-80	separatorBackground	homeDiferences	68f79e0e42986f06cbf2068d	 Qu hace diferente a Educar Sano?	dark
4	848	version.layout	1211	t	Servicios	\N	\N	\N	t	59	f	-65	separatorWhite	homeServices	68f79953431c43bc53390a65	Servicios	dark
7	848	version.layout	1212	t	 Qu hace diferente a Educar Sano?	t	{"root": {"type": "root", "format": "", "indent": 0, "version": 1, "children": [{"type": "paragraph", "format": "", "indent": 0, "version": 1, "children": [{"mode": "normal", "text": "Mi propuesta no es genrica ni estandarizada. Acompa desde la experiencia, la empata y una mirada educativa adaptada a cada realidad.", "type": "text", "style": "", "detail": 0, "format": 0, "version": 1}], "direction": null, "textStyle": "", "textFormat": 0}], "direction": null}}	t	t	63	f	-80	separatorBackground	homeDiferences	68f79e0e42986f06cbf2068d	 Qu hace diferente a Educar Sano?	dark
4	837	version.layout	1199	t	Servicios	\N	\N	\N	t	59	f	-65	separatorWhite	homeServices	68f79953431c43bc53390a65	Servicios	dark
7	837	version.layout	1200	t	 Qu hace diferente a Educar Sano?	t	{"root": {"type": "root", "format": "", "indent": 0, "version": 1, "children": [{"type": "paragraph", "format": "", "indent": 0, "version": 1, "children": [{"mode": "normal", "text": "Mi propuesta no es genrica ni estandarizada. Acompa desde la experiencia, la empata y una mirada educativa adaptada a cada realidad.", "type": "text", "style": "", "detail": 0, "format": 0, "version": 1}], "direction": null, "textStyle": "", "textFormat": 0}], "direction": null}}	t	t	63	f	-80	separatorBackground	homeDiferences	68f79e0e42986f06cbf2068d	 Qu hace diferente a Educar Sano?	dark
4	838	version.layout	1201	t	Servicios	\N	\N	\N	t	59	f	-65	separatorWhite	homeServices	68f79953431c43bc53390a65	Servicios	dark
7	838	version.layout	1202	t	 Qu hace diferente a Educar Sano?	t	{"root": {"type": "root", "format": "", "indent": 0, "version": 1, "children": [{"type": "paragraph", "format": "", "indent": 0, "version": 1, "children": [{"mode": "normal", "text": "Mi propuesta no es genrica ni estandarizada. Acompa desde la experiencia, la empata y una mirada educativa adaptada a cada realidad.", "type": "text", "style": "", "detail": 0, "format": 0, "version": 1}], "direction": null, "textStyle": "", "textFormat": 0}], "direction": null}}	t	t	63	f	-80	separatorBackground	homeDiferences	68f79e0e42986f06cbf2068d	 Qu hace diferente a Educar Sano?	dark
4	839	version.layout	1203	t	Servicios	\N	\N	\N	t	59	f	-65	separatorWhite	homeServices	68f79953431c43bc53390a65	Servicios	dark
7	839	version.layout	1204	t	 Qu hace diferente a Educar Sano?	t	{"root": {"type": "root", "format": "", "indent": 0, "version": 1, "children": [{"type": "paragraph", "format": "", "indent": 0, "version": 1, "children": [{"mode": "normal", "text": "Mi propuesta no es genrica ni estandarizada. Acompa desde la experiencia, la empata y una mirada educativa adaptada a cada realidad.", "type": "text", "style": "", "detail": 0, "format": 0, "version": 1}], "direction": null, "textStyle": "", "textFormat": 0}], "direction": null}}	t	t	63	f	-80	separatorBackground	homeDiferences	68f79e0e42986f06cbf2068d	 Qu hace diferente a Educar Sano?	dark
4	835	version.layout	1195	t	Servicios	\N	\N	\N	t	59	f	-65	separatorWhite	homeServices	68f79953431c43bc53390a65	Servicios	dark
7	835	version.layout	1196	t	 Qu hace diferente a Educar Sano?	t	{"root": {"type": "root", "format": "", "indent": 0, "version": 1, "children": [{"type": "paragraph", "format": "", "indent": 0, "version": 1, "children": [{"mode": "normal", "text": "Mi propuesta no es genrica ni estandarizada. Acompa desde la experiencia, la empata y una mirada educativa adaptada a cada realidad.", "type": "text", "style": "", "detail": 0, "format": 0, "version": 1}], "direction": null, "textStyle": "", "textFormat": 0}], "direction": null}}	t	t	63	f	-80	separatorBackground	homeDiferences	68f79e0e42986f06cbf2068d	 Qu hace diferente a Educar Sano?	dark
4	840	version.layout	1205	t	Servicios	\N	\N	\N	t	59	f	-65	separatorWhite	homeServices	68f79953431c43bc53390a65	Servicios	dark
7	840	version.layout	1206	t	 Qu hace diferente a Educar Sano?	t	{"root": {"type": "root", "format": "", "indent": 0, "version": 1, "children": [{"type": "paragraph", "format": "", "indent": 0, "version": 1, "children": [{"mode": "normal", "text": "Mi propuesta no es genrica ni estandarizada. Acompa desde la experiencia, la empata y una mirada educativa adaptada a cada realidad.", "type": "text", "style": "", "detail": 0, "format": 0, "version": 1}], "direction": null, "textStyle": "", "textFormat": 0}], "direction": null}}	t	t	63	f	-80	separatorBackground	homeDiferences	68f79e0e42986f06cbf2068d	 Qu hace diferente a Educar Sano?	dark
\.


--
-- Data for Name: _pages_v_blocks_list_content_blocks; Type: TABLE DATA; Schema: public; Owner: -
--

COPY public._pages_v_blocks_list_content_blocks (_order, _parent_id, id, enable_filed_title, field_title, enable_icon, media_id, enable_rich_text, rich_text, enable_link, link_type, link_new_tab, link_url, link_label, link_appearance, color, _uuid) FROM stdin;
1	1195	915	t	Asesoramiento familiar	t	105	t	{"root": {"type": "root", "format": "", "indent": 0, "version": 1, "children": [{"type": "paragraph", "format": "", "indent": 0, "version": 1, "children": [{"mode": "normal", "text": "Acompaamiento para mejorar la convivencia y el bienestar en casa.", "type": "text", "style": "", "detail": 0, "format": 0, "version": 1}], "direction": null, "textStyle": "", "textFormat": 0}], "direction": null}}	t	reference	\N	\N	asesoramiento faamiliar	default	transparent	692ad5a62732e16824dec687
1	1209	1013	t	Asesoramiento familiar	t	105	t	{"root": {"type": "root", "format": "", "indent": 0, "version": 1, "children": [{"type": "paragraph", "format": "", "indent": 0, "version": 1, "children": [{"mode": "normal", "text": "Acompaamiento para mejorar la convivencia y el bienestar en casa.", "type": "text", "style": "", "detail": 0, "format": 0, "version": 1}], "direction": null, "textStyle": "", "textFormat": 0}], "direction": null}}	t	reference	\N	\N	asesoramiento faamiliar	default	transparent	692ad5a62732e16824dec687
2	1209	1014	t	Asesoramiento educativo	t	105	t	{"root": {"type": "root", "format": "", "indent": 0, "version": 1, "children": [{"type": "paragraph", "format": "", "indent": 0, "version": 1, "children": [{"mode": "normal", "text": "Orientacin para docentes y profesionales que buscan nuevas herramientas.", "type": "text", "style": "", "detail": 0, "format": 0, "version": 1}], "direction": null, "textStyle": "", "textFormat": 0}], "direction": null}}	t	reference	\N	\N	Asesoramiento-educativo	default	transparent	692c1826fa0d132570dd3aea
3	1209	1015	t	Clases de refuerzo 	t	105	t	{"root": {"type": "root", "format": "", "indent": 0, "version": 1, "children": [{"type": "paragraph", "format": "", "indent": 0, "version": 1, "children": [{"mode": "normal", "text": "Apoyo escolar individualizado con una mirada respetuosa y consciente.", "type": "text", "style": "", "detail": 0, "format": 0, "version": 1}], "direction": null, "textStyle": "", "textFormat": 0}], "direction": null}}	\N	reference	\N	\N	\N	default	transparent	692c188cfa0d132570dd3aec
4	1209	1016	t	Asesoramiento express	t	105	t	{"root": {"type": "root", "format": "", "indent": 0, "version": 1, "children": [{"type": "paragraph", "format": "", "indent": 0, "version": 1, "children": [{"mode": "normal", "text": "Sesiones rpidas para dudas concretas o decisiones urgentes.", "type": "text", "style": "", "detail": 0, "format": 0, "version": 1}], "direction": null, "textStyle": "", "textFormat": 0}], "direction": null}}	\N	reference	\N	\N	\N	default	transparent	692c18c45396350128105952
5	1209	1017	t	Consultora educativa	t	105	t	{"root": {"type": "root", "format": "", "indent": 0, "version": 1, "children": [{"type": "paragraph", "format": "", "indent": 0, "version": 1, "children": [{"mode": "normal", "text": "Transformacin de centros escolares hacia un modelo ms humano e inclusivo.", "type": "text", "style": "", "detail": 0, "format": 0, "version": 1}], "direction": null, "textStyle": "", "textFormat": 0}], "direction": null}}	\N	reference	\N	\N	\N	default	transparent	692c18eb5396350128105954
6	1209	1018	t	Supervisiones pedaggicas	t	105	t	{"root": {"type": "root", "format": "", "indent": 0, "version": 1, "children": [{"type": "paragraph", "format": "", "indent": 0, "version": 1, "children": [{"mode": "normal", "text": "Acompaamiento a equipos docentes para reflexionar y mejorar su prctica educativa.", "type": "text", "style": "", "detail": 0, "format": 0, "version": 1}], "direction": null, "textStyle": "", "textFormat": 0}], "direction": null}}	\N	reference	\N	\N	\N	default	transparent	692c190d5396350128105956
7	1209	1019	t	Formaciones y charlas	t	105	t	{"root": {"type": "root", "format": "", "indent": 0, "version": 1, "children": [{"type": "paragraph", "format": "", "indent": 0, "version": 1, "children": [{"mode": "normal", "text": "Talleres y conferencias para familias, docentes e instituciones", "type": "text", "style": "", "detail": 0, "format": 0, "version": 1}], "direction": null, "textStyle": "", "textFormat": 0}], "direction": null}}	\N	reference	\N	\N	\N	default	transparent	692c19365396350128105958
1	1210	1020	t	Acompaamiento personalizado	t	105	t	{"root": {"type": "root", "format": "", "indent": 0, "version": 1, "children": [{"type": "paragraph", "format": "", "indent": 0, "version": 1, "children": [{"mode": "normal", "text": "Planes ajustados a cada familia y educador/a, con seguimiento cercano y realista.", "type": "text", "style": "", "detail": 0, "format": 0, "version": 1}], "direction": null, "textStyle": "", "textFormat": 0}], "direction": null}}	\N	reference	\N	\N	\N	default	transparent	692c2817d54b4884d5beffae
2	1210	1021	t	Enfoque prctico y actualizado	t	105	t	{"root": {"type": "root", "format": "", "indent": 0, "version": 1, "children": [{"type": "paragraph", "format": "", "indent": 0, "version": 1, "children": [{"mode": "normal", "text": "Herramientas educativas respetuosas y aplicables, basadas en la experiencia.", "type": "text", "style": "", "detail": 0, "format": 0, "version": 1}], "direction": null, "textStyle": "", "textFormat": 0}], "direction": null}}	\N	reference	\N	\N	\N	default	transparent	692c2879d54b4884d5beffb0
3	1210	1022	t	Mirada emptica y social	t	105	t	{"root": {"type": "root", "format": "", "indent": 0, "version": 1, "children": [{"type": "paragraph", "format": "", "indent": 0, "version": 1, "children": [{"mode": "normal", "text": "Escucha, respeto y compromiso con una educacin ms justa y consciente.", "type": "text", "style": "", "detail": 0, "format": 0, "version": 1}], "direction": null, "textStyle": "", "textFormat": 0}], "direction": null}}	\N	reference	\N	\N	\N	default	transparent	692c28a4d54b4884d5beffb2
4	1210	1023	t	Supervisin de casos	t	105	t	{"root": {"type": "root", "format": "", "indent": 0, "version": 1, "children": [{"type": "paragraph", "format": "", "indent": 0, "version": 1, "children": [{"mode": "normal", "text": "Anlisis de situaciones concretas para encontrar estrategias tiles en el aula o en casa.", "type": "text", "style": "", "detail": 0, "format": 0, "version": 1}], "direction": null, "textStyle": "", "textFormat": 0}], "direction": null}}	f	reference	\N	\N	\N	default	transparent	692c28c9d54b4884d5beffb4
5	1210	1024	t	Formaciones a medida	t	105	t	{"root": {"type": "root", "format": "", "indent": 0, "version": 1, "children": [{"type": "paragraph", "format": "", "indent": 0, "version": 1, "children": [{"mode": "normal", "text": "Talleres, charlas y sesiones adaptadas a tus necesidades.", "type": "text", "style": "", "detail": 0, "format": 0, "version": 1}], "direction": null, "textStyle": "", "textFormat": 0}], "direction": null}}	\N	reference	\N	\N	\N	default	transparent	692c28efd54b4884d5beffb6
6	1210	1025	t	Creatividad en la educacin	t	105	t	{"root": {"type": "root", "format": "", "indent": 0, "version": 1, "children": [{"type": "paragraph", "format": "", "indent": 0, "version": 1, "children": [{"mode": "normal", "text": "Respeto y potencia de las habilidades nicas de cada persona para que encuentre su propio estilo de acompaar a la infancia.", "type": "text", "style": "", "detail": 0, "format": 0, "version": 1}], "direction": null, "textStyle": "", "textFormat": 0}], "direction": null}}	\N	reference	\N	\N	\N	default	transparent	692c291dd54b4884d5beffb8
2	1195	916	t	Asesoramiento educativo	t	105	t	{"root": {"type": "root", "format": "", "indent": 0, "version": 1, "children": [{"type": "paragraph", "format": "", "indent": 0, "version": 1, "children": [{"mode": "normal", "text": "Orientacin para docentes y profesionales que buscan nuevas herramientas.", "type": "text", "style": "", "detail": 0, "format": 0, "version": 1}], "direction": null, "textStyle": "", "textFormat": 0}], "direction": null}}	t	reference	\N	\N	Asesoramiento-educativo	default	transparent	692c1826fa0d132570dd3aea
3	1195	917	t	Clases de refuerzo 	t	105	t	{"root": {"type": "root", "format": "", "indent": 0, "version": 1, "children": [{"type": "paragraph", "format": "", "indent": 0, "version": 1, "children": [{"mode": "normal", "text": "Apoyo escolar individualizado con una mirada respetuosa y consciente.", "type": "text", "style": "", "detail": 0, "format": 0, "version": 1}], "direction": null, "textStyle": "", "textFormat": 0}], "direction": null}}	\N	reference	\N	\N	\N	default	transparent	692c188cfa0d132570dd3aec
4	1195	918	t	Asesoramiento express	t	105	t	{"root": {"type": "root", "format": "", "indent": 0, "version": 1, "children": [{"type": "paragraph", "format": "", "indent": 0, "version": 1, "children": [{"mode": "normal", "text": "Sesiones rpidas para dudas concretas o decisiones urgentes.", "type": "text", "style": "", "detail": 0, "format": 0, "version": 1}], "direction": null, "textStyle": "", "textFormat": 0}], "direction": null}}	\N	reference	\N	\N	\N	default	transparent	692c18c45396350128105952
5	1195	919	t	Consultora educativa	t	105	t	{"root": {"type": "root", "format": "", "indent": 0, "version": 1, "children": [{"type": "paragraph", "format": "", "indent": 0, "version": 1, "children": [{"mode": "normal", "text": "Transformacin de centros escolares hacia un modelo ms humano e inclusivo.", "type": "text", "style": "", "detail": 0, "format": 0, "version": 1}], "direction": null, "textStyle": "", "textFormat": 0}], "direction": null}}	\N	reference	\N	\N	\N	default	transparent	692c18eb5396350128105954
6	1195	920	t	Supervisiones pedaggicas	t	105	t	{"root": {"type": "root", "format": "", "indent": 0, "version": 1, "children": [{"type": "paragraph", "format": "", "indent": 0, "version": 1, "children": [{"mode": "normal", "text": "Acompaamiento a equipos docentes para reflexionar y mejorar su prctica educativa.", "type": "text", "style": "", "detail": 0, "format": 0, "version": 1}], "direction": null, "textStyle": "", "textFormat": 0}], "direction": null}}	\N	reference	\N	\N	\N	default	transparent	692c190d5396350128105956
7	1195	921	t	Formaciones y charlas	t	105	t	{"root": {"type": "root", "format": "", "indent": 0, "version": 1, "children": [{"type": "paragraph", "format": "", "indent": 0, "version": 1, "children": [{"mode": "normal", "text": "Talleres y conferencias para familias, docentes e instituciones", "type": "text", "style": "", "detail": 0, "format": 0, "version": 1}], "direction": null, "textStyle": "", "textFormat": 0}], "direction": null}}	\N	reference	\N	\N	\N	default	transparent	692c19365396350128105958
1	1196	922	t	Acompaamiento personalizado	t	105	t	{"root": {"type": "root", "format": "", "indent": 0, "version": 1, "children": [{"type": "paragraph", "format": "", "indent": 0, "version": 1, "children": [{"mode": "normal", "text": "Planes ajustados a cada familia y educador/a, con seguimiento cercano y realista.", "type": "text", "style": "", "detail": 0, "format": 0, "version": 1}], "direction": null, "textStyle": "", "textFormat": 0}], "direction": null}}	\N	reference	\N	\N	\N	default	transparent	692c2817d54b4884d5beffae
2	1196	923	t	Enfoque prctico y actualizado	t	105	t	{"root": {"type": "root", "format": "", "indent": 0, "version": 1, "children": [{"type": "paragraph", "format": "", "indent": 0, "version": 1, "children": [{"mode": "normal", "text": "Herramientas educativas respetuosas y aplicables, basadas en la experiencia.", "type": "text", "style": "", "detail": 0, "format": 0, "version": 1}], "direction": null, "textStyle": "", "textFormat": 0}], "direction": null}}	\N	reference	\N	\N	\N	default	transparent	692c2879d54b4884d5beffb0
3	1196	924	t	Mirada emptica y social	t	105	t	{"root": {"type": "root", "format": "", "indent": 0, "version": 1, "children": [{"type": "paragraph", "format": "", "indent": 0, "version": 1, "children": [{"mode": "normal", "text": "Escucha, respeto y compromiso con una educacin ms justa y consciente.", "type": "text", "style": "", "detail": 0, "format": 0, "version": 1}], "direction": null, "textStyle": "", "textFormat": 0}], "direction": null}}	\N	reference	\N	\N	\N	default	transparent	692c28a4d54b4884d5beffb2
4	1196	925	t	Supervisin de casos	t	105	t	{"root": {"type": "root", "format": "", "indent": 0, "version": 1, "children": [{"type": "paragraph", "format": "", "indent": 0, "version": 1, "children": [{"mode": "normal", "text": "Anlisis de situaciones concretas para encontrar estrategias tiles en el aula o en casa.", "type": "text", "style": "", "detail": 0, "format": 0, "version": 1}], "direction": null, "textStyle": "", "textFormat": 0}], "direction": null}}	f	reference	\N	\N	\N	default	transparent	692c28c9d54b4884d5beffb4
5	1196	926	t	Formaciones a medida	t	105	t	{"root": {"type": "root", "format": "", "indent": 0, "version": 1, "children": [{"type": "paragraph", "format": "", "indent": 0, "version": 1, "children": [{"mode": "normal", "text": "Talleres, charlas y sesiones adaptadas a tus necesidades.", "type": "text", "style": "", "detail": 0, "format": 0, "version": 1}], "direction": null, "textStyle": "", "textFormat": 0}], "direction": null}}	\N	reference	\N	\N	\N	default	transparent	692c28efd54b4884d5beffb6
6	1196	927	t	Creatividad en la educacin	t	105	t	{"root": {"type": "root", "format": "", "indent": 0, "version": 1, "children": [{"type": "paragraph", "format": "", "indent": 0, "version": 1, "children": [{"mode": "normal", "text": "Respeto y potencia de las habilidades nicas de cada persona para que encuentre su propio estilo de acompaar a la infancia.", "type": "text", "style": "", "detail": 0, "format": 0, "version": 1}], "direction": null, "textStyle": "", "textFormat": 0}], "direction": null}}	\N	reference	\N	\N	\N	default	transparent	692c291dd54b4884d5beffb8
7	1196	928	t	Precios accesibles	t	105	t	{"root": {"type": "root", "format": "", "indent": 0, "version": 1, "children": [{"type": "paragraph", "format": "", "indent": 0, "version": 1, "children": [{"mode": "normal", "text": "Tarifas sociales para madres solteras y familias con pocos recursos.", "type": "text", "style": "", "detail": 0, "format": 0, "version": 1}], "direction": null, "textStyle": "", "textFormat": 0}, {"type": "paragraph", "format": "", "indent": 0, "version": 1, "children": [{"mode": "normal", "text": "  [Ver tarifas sociales]", "type": "text", "style": "", "detail": 0, "format": 0, "version": 1}], "direction": null, "textStyle": "", "textFormat": 0}], "direction": null}}	\N	reference	\N	\N	\N	default	transparent	692c293dd54b4884d5beffba
7	1210	1026	t	Precios accesibles	t	105	t	{"root": {"type": "root", "format": "", "indent": 0, "version": 1, "children": [{"type": "paragraph", "format": "", "indent": 0, "version": 1, "children": [{"mode": "normal", "text": "Tarifas sociales para madres solteras y familias con pocos recursos.", "type": "text", "style": "", "detail": 0, "format": 0, "version": 1}], "direction": null, "textStyle": "", "textFormat": 0}, {"type": "paragraph", "format": "", "indent": 0, "version": 1, "children": [{"mode": "normal", "text": "  [Ver tarifas sociales]", "type": "text", "style": "", "detail": 0, "format": 0, "version": 1}], "direction": null, "textStyle": "", "textFormat": 0}], "direction": null}}	\N	reference	\N	\N	\N	default	transparent	692c293dd54b4884d5beffba
5	1207	1003	t	Consultora educativa	t	105	t	{"root": {"type": "root", "format": "", "indent": 0, "version": 1, "children": [{"type": "paragraph", "format": "", "indent": 0, "version": 1, "children": [{"mode": "normal", "text": "Transformacin de centros escolares hacia un modelo ms humano e inclusivo.", "type": "text", "style": "", "detail": 0, "format": 0, "version": 1}], "direction": null, "textStyle": "", "textFormat": 0}], "direction": null}}	\N	reference	\N	\N	\N	default	transparent	692c18eb5396350128105954
6	1207	1004	t	Supervisiones pedaggicas	t	105	t	{"root": {"type": "root", "format": "", "indent": 0, "version": 1, "children": [{"type": "paragraph", "format": "", "indent": 0, "version": 1, "children": [{"mode": "normal", "text": "Acompaamiento a equipos docentes para reflexionar y mejorar su prctica educativa.", "type": "text", "style": "", "detail": 0, "format": 0, "version": 1}], "direction": null, "textStyle": "", "textFormat": 0}], "direction": null}}	\N	reference	\N	\N	\N	default	transparent	692c190d5396350128105956
7	1207	1005	t	Formaciones y charlas	t	105	t	{"root": {"type": "root", "format": "", "indent": 0, "version": 1, "children": [{"type": "paragraph", "format": "", "indent": 0, "version": 1, "children": [{"mode": "normal", "text": "Talleres y conferencias para familias, docentes e instituciones", "type": "text", "style": "", "detail": 0, "format": 0, "version": 1}], "direction": null, "textStyle": "", "textFormat": 0}], "direction": null}}	\N	reference	\N	\N	\N	default	transparent	692c19365396350128105958
1	1208	1006	t	Acompaamiento personalizado	t	105	t	{"root": {"type": "root", "format": "", "indent": 0, "version": 1, "children": [{"type": "paragraph", "format": "", "indent": 0, "version": 1, "children": [{"mode": "normal", "text": "Planes ajustados a cada familia y educador/a, con seguimiento cercano y realista.", "type": "text", "style": "", "detail": 0, "format": 0, "version": 1}], "direction": null, "textStyle": "", "textFormat": 0}], "direction": null}}	\N	reference	\N	\N	\N	default	transparent	692c2817d54b4884d5beffae
2	1208	1007	t	Enfoque prctico y actualizado	t	105	t	{"root": {"type": "root", "format": "", "indent": 0, "version": 1, "children": [{"type": "paragraph", "format": "", "indent": 0, "version": 1, "children": [{"mode": "normal", "text": "Herramientas educativas respetuosas y aplicables, basadas en la experiencia.", "type": "text", "style": "", "detail": 0, "format": 0, "version": 1}], "direction": null, "textStyle": "", "textFormat": 0}], "direction": null}}	\N	reference	\N	\N	\N	default	transparent	692c2879d54b4884d5beffb0
3	1208	1008	t	Mirada emptica y social	t	105	t	{"root": {"type": "root", "format": "", "indent": 0, "version": 1, "children": [{"type": "paragraph", "format": "", "indent": 0, "version": 1, "children": [{"mode": "normal", "text": "Escucha, respeto y compromiso con una educacin ms justa y consciente.", "type": "text", "style": "", "detail": 0, "format": 0, "version": 1}], "direction": null, "textStyle": "", "textFormat": 0}], "direction": null}}	\N	reference	\N	\N	\N	default	transparent	692c28a4d54b4884d5beffb2
4	1208	1009	t	Supervisin de casos	t	105	t	{"root": {"type": "root", "format": "", "indent": 0, "version": 1, "children": [{"type": "paragraph", "format": "", "indent": 0, "version": 1, "children": [{"mode": "normal", "text": "Anlisis de situaciones concretas para encontrar estrategias tiles en el aula o en casa.", "type": "text", "style": "", "detail": 0, "format": 0, "version": 1}], "direction": null, "textStyle": "", "textFormat": 0}], "direction": null}}	f	reference	\N	\N	\N	default	transparent	692c28c9d54b4884d5beffb4
1	1197	929	t	Asesoramiento familiar	t	105	t	{"root": {"type": "root", "format": "", "indent": 0, "version": 1, "children": [{"type": "paragraph", "format": "", "indent": 0, "version": 1, "children": [{"mode": "normal", "text": "Acompaamiento para mejorar la convivencia y el bienestar en casa.", "type": "text", "style": "", "detail": 0, "format": 0, "version": 1}], "direction": null, "textStyle": "", "textFormat": 0}], "direction": null}}	t	reference	\N	\N	asesoramiento faamiliar	default	transparent	692ad5a62732e16824dec687
1	1211	1027	t	Asesoramiento familiar	t	105	t	{"root": {"type": "root", "format": "", "indent": 0, "version": 1, "children": [{"type": "paragraph", "format": "", "indent": 0, "version": 1, "children": [{"mode": "normal", "text": "Acompaamiento para mejorar la convivencia y el bienestar en casa.", "type": "text", "style": "", "detail": 0, "format": 0, "version": 1}], "direction": null, "textStyle": "", "textFormat": 0}], "direction": null}}	t	reference	\N	\N	asesoramiento faamiliar	default	transparent	692ad5a62732e16824dec687
2	1211	1028	t	Asesoramiento educativo	t	105	t	{"root": {"type": "root", "format": "", "indent": 0, "version": 1, "children": [{"type": "paragraph", "format": "", "indent": 0, "version": 1, "children": [{"mode": "normal", "text": "Orientacin para docentes y profesionales que buscan nuevas herramientas.", "type": "text", "style": "", "detail": 0, "format": 0, "version": 1}], "direction": null, "textStyle": "", "textFormat": 0}], "direction": null}}	t	reference	\N	\N	Asesoramiento-educativo	default	transparent	692c1826fa0d132570dd3aea
3	1211	1029	t	Clases de refuerzo 	t	105	t	{"root": {"type": "root", "format": "", "indent": 0, "version": 1, "children": [{"type": "paragraph", "format": "", "indent": 0, "version": 1, "children": [{"mode": "normal", "text": "Apoyo escolar individualizado con una mirada respetuosa y consciente.", "type": "text", "style": "", "detail": 0, "format": 0, "version": 1}], "direction": null, "textStyle": "", "textFormat": 0}], "direction": null}}	\N	reference	\N	\N	\N	default	transparent	692c188cfa0d132570dd3aec
4	1211	1030	t	Asesoramiento express	t	105	t	{"root": {"type": "root", "format": "", "indent": 0, "version": 1, "children": [{"type": "paragraph", "format": "", "indent": 0, "version": 1, "children": [{"mode": "normal", "text": "Sesiones rpidas para dudas concretas o decisiones urgentes.", "type": "text", "style": "", "detail": 0, "format": 0, "version": 1}], "direction": null, "textStyle": "", "textFormat": 0}], "direction": null}}	\N	reference	\N	\N	\N	default	transparent	692c18c45396350128105952
5	1211	1031	t	Consultora educativa	t	105	t	{"root": {"type": "root", "format": "", "indent": 0, "version": 1, "children": [{"type": "paragraph", "format": "", "indent": 0, "version": 1, "children": [{"mode": "normal", "text": "Transformacin de centros escolares hacia un modelo ms humano e inclusivo.", "type": "text", "style": "", "detail": 0, "format": 0, "version": 1}], "direction": null, "textStyle": "", "textFormat": 0}], "direction": null}}	\N	reference	\N	\N	\N	default	transparent	692c18eb5396350128105954
6	1211	1032	t	Supervisiones pedaggicas	t	105	t	{"root": {"type": "root", "format": "", "indent": 0, "version": 1, "children": [{"type": "paragraph", "format": "", "indent": 0, "version": 1, "children": [{"mode": "normal", "text": "Acompaamiento a equipos docentes para reflexionar y mejorar su prctica educativa.", "type": "text", "style": "", "detail": 0, "format": 0, "version": 1}], "direction": null, "textStyle": "", "textFormat": 0}], "direction": null}}	\N	reference	\N	\N	\N	default	transparent	692c190d5396350128105956
7	1211	1033	t	Formaciones y charlas	t	105	t	{"root": {"type": "root", "format": "", "indent": 0, "version": 1, "children": [{"type": "paragraph", "format": "", "indent": 0, "version": 1, "children": [{"mode": "normal", "text": "Talleres y conferencias para familias, docentes e instituciones", "type": "text", "style": "", "detail": 0, "format": 0, "version": 1}], "direction": null, "textStyle": "", "textFormat": 0}], "direction": null}}	\N	reference	\N	\N	\N	default	transparent	692c19365396350128105958
1	1212	1034	t	Acompaamiento personalizado	t	105	t	{"root": {"type": "root", "format": "", "indent": 0, "version": 1, "children": [{"type": "paragraph", "format": "", "indent": 0, "version": 1, "children": [{"mode": "normal", "text": "Planes ajustados a cada familia y educador/a, con seguimiento cercano y realista.", "type": "text", "style": "", "detail": 0, "format": 0, "version": 1}], "direction": null, "textStyle": "", "textFormat": 0}], "direction": null}}	\N	reference	\N	\N	\N	default	transparent	692c2817d54b4884d5beffae
2	1212	1035	t	Enfoque prctico y actualizado	t	105	t	{"root": {"type": "root", "format": "", "indent": 0, "version": 1, "children": [{"type": "paragraph", "format": "", "indent": 0, "version": 1, "children": [{"mode": "normal", "text": "Herramientas educativas respetuosas y aplicables, basadas en la experiencia.", "type": "text", "style": "", "detail": 0, "format": 0, "version": 1}], "direction": null, "textStyle": "", "textFormat": 0}], "direction": null}}	\N	reference	\N	\N	\N	default	transparent	692c2879d54b4884d5beffb0
2	1197	930	t	Asesoramiento educativo	t	105	t	{"root": {"type": "root", "format": "", "indent": 0, "version": 1, "children": [{"type": "paragraph", "format": "", "indent": 0, "version": 1, "children": [{"mode": "normal", "text": "Orientacin para docentes y profesionales que buscan nuevas herramientas.", "type": "text", "style": "", "detail": 0, "format": 0, "version": 1}], "direction": null, "textStyle": "", "textFormat": 0}], "direction": null}}	t	reference	\N	\N	Asesoramiento-educativo	default	transparent	692c1826fa0d132570dd3aea
3	1197	931	t	Clases de refuerzo 	t	105	t	{"root": {"type": "root", "format": "", "indent": 0, "version": 1, "children": [{"type": "paragraph", "format": "", "indent": 0, "version": 1, "children": [{"mode": "normal", "text": "Apoyo escolar individualizado con una mirada respetuosa y consciente.", "type": "text", "style": "", "detail": 0, "format": 0, "version": 1}], "direction": null, "textStyle": "", "textFormat": 0}], "direction": null}}	\N	reference	\N	\N	\N	default	transparent	692c188cfa0d132570dd3aec
4	1197	932	t	Asesoramiento express	t	105	t	{"root": {"type": "root", "format": "", "indent": 0, "version": 1, "children": [{"type": "paragraph", "format": "", "indent": 0, "version": 1, "children": [{"mode": "normal", "text": "Sesiones rpidas para dudas concretas o decisiones urgentes.", "type": "text", "style": "", "detail": 0, "format": 0, "version": 1}], "direction": null, "textStyle": "", "textFormat": 0}], "direction": null}}	\N	reference	\N	\N	\N	default	transparent	692c18c45396350128105952
3	1212	1036	t	Mirada emptica y social	t	105	t	{"root": {"type": "root", "format": "", "indent": 0, "version": 1, "children": [{"type": "paragraph", "format": "", "indent": 0, "version": 1, "children": [{"mode": "normal", "text": "Escucha, respeto y compromiso con una educacin ms justa y consciente.", "type": "text", "style": "", "detail": 0, "format": 0, "version": 1}], "direction": null, "textStyle": "", "textFormat": 0}], "direction": null}}	\N	reference	\N	\N	\N	default	transparent	692c28a4d54b4884d5beffb2
5	1197	933	t	Consultora educativa	t	105	t	{"root": {"type": "root", "format": "", "indent": 0, "version": 1, "children": [{"type": "paragraph", "format": "", "indent": 0, "version": 1, "children": [{"mode": "normal", "text": "Transformacin de centros escolares hacia un modelo ms humano e inclusivo.", "type": "text", "style": "", "detail": 0, "format": 0, "version": 1}], "direction": null, "textStyle": "", "textFormat": 0}], "direction": null}}	\N	reference	\N	\N	\N	default	transparent	692c18eb5396350128105954
6	1197	934	t	Supervisiones pedaggicas	t	105	t	{"root": {"type": "root", "format": "", "indent": 0, "version": 1, "children": [{"type": "paragraph", "format": "", "indent": 0, "version": 1, "children": [{"mode": "normal", "text": "Acompaamiento a equipos docentes para reflexionar y mejorar su prctica educativa.", "type": "text", "style": "", "detail": 0, "format": 0, "version": 1}], "direction": null, "textStyle": "", "textFormat": 0}], "direction": null}}	\N	reference	\N	\N	\N	default	transparent	692c190d5396350128105956
7	1197	935	t	Formaciones y charlas	t	105	t	{"root": {"type": "root", "format": "", "indent": 0, "version": 1, "children": [{"type": "paragraph", "format": "", "indent": 0, "version": 1, "children": [{"mode": "normal", "text": "Talleres y conferencias para familias, docentes e instituciones", "type": "text", "style": "", "detail": 0, "format": 0, "version": 1}], "direction": null, "textStyle": "", "textFormat": 0}], "direction": null}}	\N	reference	\N	\N	\N	default	transparent	692c19365396350128105958
1	1198	936	t	Acompaamiento personalizado	t	105	t	{"root": {"type": "root", "format": "", "indent": 0, "version": 1, "children": [{"type": "paragraph", "format": "", "indent": 0, "version": 1, "children": [{"mode": "normal", "text": "Planes ajustados a cada familia y educador/a, con seguimiento cercano y realista.", "type": "text", "style": "", "detail": 0, "format": 0, "version": 1}], "direction": null, "textStyle": "", "textFormat": 0}], "direction": null}}	\N	reference	\N	\N	\N	default	transparent	692c2817d54b4884d5beffae
2	1198	937	t	Enfoque prctico y actualizado	t	105	t	{"root": {"type": "root", "format": "", "indent": 0, "version": 1, "children": [{"type": "paragraph", "format": "", "indent": 0, "version": 1, "children": [{"mode": "normal", "text": "Herramientas educativas respetuosas y aplicables, basadas en la experiencia.", "type": "text", "style": "", "detail": 0, "format": 0, "version": 1}], "direction": null, "textStyle": "", "textFormat": 0}], "direction": null}}	\N	reference	\N	\N	\N	default	transparent	692c2879d54b4884d5beffb0
3	1198	938	t	Mirada emptica y social	t	105	t	{"root": {"type": "root", "format": "", "indent": 0, "version": 1, "children": [{"type": "paragraph", "format": "", "indent": 0, "version": 1, "children": [{"mode": "normal", "text": "Escucha, respeto y compromiso con una educacin ms justa y consciente.", "type": "text", "style": "", "detail": 0, "format": 0, "version": 1}], "direction": null, "textStyle": "", "textFormat": 0}], "direction": null}}	\N	reference	\N	\N	\N	default	transparent	692c28a4d54b4884d5beffb2
4	1198	939	t	Supervisin de casos	t	105	t	{"root": {"type": "root", "format": "", "indent": 0, "version": 1, "children": [{"type": "paragraph", "format": "", "indent": 0, "version": 1, "children": [{"mode": "normal", "text": "Anlisis de situaciones concretas para encontrar estrategias tiles en el aula o en casa.", "type": "text", "style": "", "detail": 0, "format": 0, "version": 1}], "direction": null, "textStyle": "", "textFormat": 0}], "direction": null}}	f	reference	\N	\N	\N	default	transparent	692c28c9d54b4884d5beffb4
5	1198	940	t	Formaciones a medida	t	105	t	{"root": {"type": "root", "format": "", "indent": 0, "version": 1, "children": [{"type": "paragraph", "format": "", "indent": 0, "version": 1, "children": [{"mode": "normal", "text": "Talleres, charlas y sesiones adaptadas a tus necesidades.", "type": "text", "style": "", "detail": 0, "format": 0, "version": 1}], "direction": null, "textStyle": "", "textFormat": 0}], "direction": null}}	\N	reference	\N	\N	\N	default	transparent	692c28efd54b4884d5beffb6
6	1198	941	t	Creatividad en la educacin	t	105	t	{"root": {"type": "root", "format": "", "indent": 0, "version": 1, "children": [{"type": "paragraph", "format": "", "indent": 0, "version": 1, "children": [{"mode": "normal", "text": "Respeto y potencia de las habilidades nicas de cada persona para que encuentre su propio estilo de acompaar a la infancia.", "type": "text", "style": "", "detail": 0, "format": 0, "version": 1}], "direction": null, "textStyle": "", "textFormat": 0}], "direction": null}}	\N	reference	\N	\N	\N	default	transparent	692c291dd54b4884d5beffb8
7	1198	942	t	Precios accesibles	t	105	t	{"root": {"type": "root", "format": "", "indent": 0, "version": 1, "children": [{"type": "paragraph", "format": "", "indent": 0, "version": 1, "children": [{"mode": "normal", "text": "Tarifas sociales para madres solteras y familias con pocos recursos.", "type": "text", "style": "", "detail": 0, "format": 0, "version": 1}], "direction": null, "textStyle": "", "textFormat": 0}, {"type": "paragraph", "format": "", "indent": 0, "version": 1, "children": [{"mode": "normal", "text": "  [Ver tarifas sociales]", "type": "text", "style": "", "detail": 0, "format": 0, "version": 1}], "direction": null, "textStyle": "", "textFormat": 0}], "direction": null}}	\N	reference	\N	\N	\N	default	transparent	692c293dd54b4884d5beffba
1	1199	943	t	Asesoramiento familiar	t	105	t	{"root": {"type": "root", "format": "", "indent": 0, "version": 1, "children": [{"type": "paragraph", "format": "", "indent": 0, "version": 1, "children": [{"mode": "normal", "text": "Acompaamiento para mejorar la convivencia y el bienestar en casa.", "type": "text", "style": "", "detail": 0, "format": 0, "version": 1}], "direction": null, "textStyle": "", "textFormat": 0}], "direction": null}}	t	reference	\N	\N	asesoramiento faamiliar	default	transparent	692ad5a62732e16824dec687
2	1199	944	t	Asesoramiento educativo	t	105	t	{"root": {"type": "root", "format": "", "indent": 0, "version": 1, "children": [{"type": "paragraph", "format": "", "indent": 0, "version": 1, "children": [{"mode": "normal", "text": "Orientacin para docentes y profesionales que buscan nuevas herramientas.", "type": "text", "style": "", "detail": 0, "format": 0, "version": 1}], "direction": null, "textStyle": "", "textFormat": 0}], "direction": null}}	t	reference	\N	\N	Asesoramiento-educativo	default	transparent	692c1826fa0d132570dd3aea
4	1212	1037	t	Supervisin de casos	t	105	t	{"root": {"type": "root", "format": "", "indent": 0, "version": 1, "children": [{"type": "paragraph", "format": "", "indent": 0, "version": 1, "children": [{"mode": "normal", "text": "Anlisis de situaciones concretas para encontrar estrategias tiles en el aula o en casa.", "type": "text", "style": "", "detail": 0, "format": 0, "version": 1}], "direction": null, "textStyle": "", "textFormat": 0}], "direction": null}}	f	reference	\N	\N	\N	default	transparent	692c28c9d54b4884d5beffb4
5	1212	1038	t	Formaciones a medida	t	105	t	{"root": {"type": "root", "format": "", "indent": 0, "version": 1, "children": [{"type": "paragraph", "format": "", "indent": 0, "version": 1, "children": [{"mode": "normal", "text": "Talleres, charlas y sesiones adaptadas a tus necesidades.", "type": "text", "style": "", "detail": 0, "format": 0, "version": 1}], "direction": null, "textStyle": "", "textFormat": 0}], "direction": null}}	\N	reference	\N	\N	\N	default	transparent	692c28efd54b4884d5beffb6
6	1212	1039	t	Creatividad en la educacin	t	105	t	{"root": {"type": "root", "format": "", "indent": 0, "version": 1, "children": [{"type": "paragraph", "format": "", "indent": 0, "version": 1, "children": [{"mode": "normal", "text": "Respeto y potencia de las habilidades nicas de cada persona para que encuentre su propio estilo de acompaar a la infancia.", "type": "text", "style": "", "detail": 0, "format": 0, "version": 1}], "direction": null, "textStyle": "", "textFormat": 0}], "direction": null}}	\N	reference	\N	\N	\N	default	transparent	692c291dd54b4884d5beffb8
7	1212	1040	t	Precios accesibles	t	105	t	{"root": {"type": "root", "format": "", "indent": 0, "version": 1, "children": [{"type": "paragraph", "format": "", "indent": 0, "version": 1, "children": [{"mode": "normal", "text": "Tarifas sociales para madres solteras y familias con pocos recursos.", "type": "text", "style": "", "detail": 0, "format": 0, "version": 1}], "direction": null, "textStyle": "", "textFormat": 0}, {"type": "paragraph", "format": "", "indent": 0, "version": 1, "children": [{"mode": "normal", "text": "  [Ver tarifas sociales]", "type": "text", "style": "", "detail": 0, "format": 0, "version": 1}], "direction": null, "textStyle": "", "textFormat": 0}], "direction": null}}	\N	reference	\N	\N	\N	default	transparent	692c293dd54b4884d5beffba
3	1199	945	t	Clases de refuerzo 	t	105	t	{"root": {"type": "root", "format": "", "indent": 0, "version": 1, "children": [{"type": "paragraph", "format": "", "indent": 0, "version": 1, "children": [{"mode": "normal", "text": "Apoyo escolar individualizado con una mirada respetuosa y consciente.", "type": "text", "style": "", "detail": 0, "format": 0, "version": 1}], "direction": null, "textStyle": "", "textFormat": 0}], "direction": null}}	\N	reference	\N	\N	\N	default	transparent	692c188cfa0d132570dd3aec
4	1199	946	t	Asesoramiento express	t	105	t	{"root": {"type": "root", "format": "", "indent": 0, "version": 1, "children": [{"type": "paragraph", "format": "", "indent": 0, "version": 1, "children": [{"mode": "normal", "text": "Sesiones rpidas para dudas concretas o decisiones urgentes.", "type": "text", "style": "", "detail": 0, "format": 0, "version": 1}], "direction": null, "textStyle": "", "textFormat": 0}], "direction": null}}	\N	reference	\N	\N	\N	default	transparent	692c18c45396350128105952
5	1199	947	t	Consultora educativa	t	105	t	{"root": {"type": "root", "format": "", "indent": 0, "version": 1, "children": [{"type": "paragraph", "format": "", "indent": 0, "version": 1, "children": [{"mode": "normal", "text": "Transformacin de centros escolares hacia un modelo ms humano e inclusivo.", "type": "text", "style": "", "detail": 0, "format": 0, "version": 1}], "direction": null, "textStyle": "", "textFormat": 0}], "direction": null}}	\N	reference	\N	\N	\N	default	transparent	692c18eb5396350128105954
6	1199	948	t	Supervisiones pedaggicas	t	105	t	{"root": {"type": "root", "format": "", "indent": 0, "version": 1, "children": [{"type": "paragraph", "format": "", "indent": 0, "version": 1, "children": [{"mode": "normal", "text": "Acompaamiento a equipos docentes para reflexionar y mejorar su prctica educativa.", "type": "text", "style": "", "detail": 0, "format": 0, "version": 1}], "direction": null, "textStyle": "", "textFormat": 0}], "direction": null}}	\N	reference	\N	\N	\N	default	transparent	692c190d5396350128105956
7	1199	949	t	Formaciones y charlas	t	105	t	{"root": {"type": "root", "format": "", "indent": 0, "version": 1, "children": [{"type": "paragraph", "format": "", "indent": 0, "version": 1, "children": [{"mode": "normal", "text": "Talleres y conferencias para familias, docentes e instituciones", "type": "text", "style": "", "detail": 0, "format": 0, "version": 1}], "direction": null, "textStyle": "", "textFormat": 0}], "direction": null}}	\N	reference	\N	\N	\N	default	transparent	692c19365396350128105958
1	1200	950	t	Acompaamiento personalizado	t	105	t	{"root": {"type": "root", "format": "", "indent": 0, "version": 1, "children": [{"type": "paragraph", "format": "", "indent": 0, "version": 1, "children": [{"mode": "normal", "text": "Planes ajustados a cada familia y educador/a, con seguimiento cercano y realista.", "type": "text", "style": "", "detail": 0, "format": 0, "version": 1}], "direction": null, "textStyle": "", "textFormat": 0}], "direction": null}}	\N	reference	\N	\N	\N	default	transparent	692c2817d54b4884d5beffae
1	1213	1041	t	Asesoramiento familiar	t	105	t	{"root": {"type": "root", "format": "", "indent": 0, "version": 1, "children": [{"type": "paragraph", "format": "", "indent": 0, "version": 1, "children": [{"mode": "normal", "text": "Acompaamiento para mejorar la convivencia y el bienestar en casa.", "type": "text", "style": "", "detail": 0, "format": 0, "version": 1}], "direction": null, "textStyle": "", "textFormat": 0}], "direction": null}}	t	reference	\N	\N	asesoramiento faamiliar	default	transparent	692ad5a62732e16824dec687
2	1213	1042	t	Asesoramiento educativo	t	105	t	{"root": {"type": "root", "format": "", "indent": 0, "version": 1, "children": [{"type": "paragraph", "format": "", "indent": 0, "version": 1, "children": [{"mode": "normal", "text": "Orientacin para docentes y profesionales que buscan nuevas herramientas.", "type": "text", "style": "", "detail": 0, "format": 0, "version": 1}], "direction": null, "textStyle": "", "textFormat": 0}], "direction": null}}	t	reference	\N	\N	Asesoramiento-educativo	default	transparent	692c1826fa0d132570dd3aea
3	1213	1043	t	Clases de refuerzo 	t	105	t	{"root": {"type": "root", "format": "", "indent": 0, "version": 1, "children": [{"type": "paragraph", "format": "", "indent": 0, "version": 1, "children": [{"mode": "normal", "text": "Apoyo escolar individualizado con una mirada respetuosa y consciente.", "type": "text", "style": "", "detail": 0, "format": 0, "version": 1}], "direction": null, "textStyle": "", "textFormat": 0}], "direction": null}}	\N	reference	\N	\N	\N	default	transparent	692c188cfa0d132570dd3aec
4	1213	1044	t	Asesoramiento express	t	105	t	{"root": {"type": "root", "format": "", "indent": 0, "version": 1, "children": [{"type": "paragraph", "format": "", "indent": 0, "version": 1, "children": [{"mode": "normal", "text": "Sesiones rpidas para dudas concretas o decisiones urgentes.", "type": "text", "style": "", "detail": 0, "format": 0, "version": 1}], "direction": null, "textStyle": "", "textFormat": 0}], "direction": null}}	\N	reference	\N	\N	\N	default	transparent	692c18c45396350128105952
5	1213	1045	t	Consultora educativa	t	105	t	{"root": {"type": "root", "format": "", "indent": 0, "version": 1, "children": [{"type": "paragraph", "format": "", "indent": 0, "version": 1, "children": [{"mode": "normal", "text": "Transformacin de centros escolares hacia un modelo ms humano e inclusivo.", "type": "text", "style": "", "detail": 0, "format": 0, "version": 1}], "direction": null, "textStyle": "", "textFormat": 0}], "direction": null}}	\N	reference	\N	\N	\N	default	transparent	692c18eb5396350128105954
6	1213	1046	t	Supervisiones pedaggicas	t	105	t	{"root": {"type": "root", "format": "", "indent": 0, "version": 1, "children": [{"type": "paragraph", "format": "", "indent": 0, "version": 1, "children": [{"mode": "normal", "text": "Acompaamiento a equipos docentes para reflexionar y mejorar su prctica educativa.", "type": "text", "style": "", "detail": 0, "format": 0, "version": 1}], "direction": null, "textStyle": "", "textFormat": 0}], "direction": null}}	\N	reference	\N	\N	\N	default	transparent	692c190d5396350128105956
7	1213	1047	t	Formaciones y charlas	t	105	t	{"root": {"type": "root", "format": "", "indent": 0, "version": 1, "children": [{"type": "paragraph", "format": "", "indent": 0, "version": 1, "children": [{"mode": "normal", "text": "Talleres y conferencias para familias, docentes e instituciones", "type": "text", "style": "", "detail": 0, "format": 0, "version": 1}], "direction": null, "textStyle": "", "textFormat": 0}], "direction": null}}	\N	reference	\N	\N	\N	default	transparent	692c19365396350128105958
1	1214	1048	t	Acompaamiento personalizado	t	105	t	{"root": {"type": "root", "format": "", "indent": 0, "version": 1, "children": [{"type": "paragraph", "format": "", "indent": 0, "version": 1, "children": [{"mode": "normal", "text": "Planes ajustados a cada familia y educador/a, con seguimiento cercano y realista.", "type": "text", "style": "", "detail": 0, "format": 0, "version": 1}], "direction": null, "textStyle": "", "textFormat": 0}], "direction": null}}	\N	reference	\N	\N	\N	default	transparent	692c2817d54b4884d5beffae
2	1214	1049	t	Enfoque prctico y actualizado	t	105	t	{"root": {"type": "root", "format": "", "indent": 0, "version": 1, "children": [{"type": "paragraph", "format": "", "indent": 0, "version": 1, "children": [{"mode": "normal", "text": "Herramientas educativas respetuosas y aplicables, basadas en la experiencia.", "type": "text", "style": "", "detail": 0, "format": 0, "version": 1}], "direction": null, "textStyle": "", "textFormat": 0}], "direction": null}}	\N	reference	\N	\N	\N	default	transparent	692c2879d54b4884d5beffb0
3	1214	1050	t	Mirada emptica y social	t	105	t	{"root": {"type": "root", "format": "", "indent": 0, "version": 1, "children": [{"type": "paragraph", "format": "", "indent": 0, "version": 1, "children": [{"mode": "normal", "text": "Escucha, respeto y compromiso con una educacin ms justa y consciente.", "type": "text", "style": "", "detail": 0, "format": 0, "version": 1}], "direction": null, "textStyle": "", "textFormat": 0}], "direction": null}}	\N	reference	\N	\N	\N	default	transparent	692c28a4d54b4884d5beffb2
4	1214	1051	t	Supervisin de casos	t	105	t	{"root": {"type": "root", "format": "", "indent": 0, "version": 1, "children": [{"type": "paragraph", "format": "", "indent": 0, "version": 1, "children": [{"mode": "normal", "text": "Anlisis de situaciones concretas para encontrar estrategias tiles en el aula o en casa.", "type": "text", "style": "", "detail": 0, "format": 0, "version": 1}], "direction": null, "textStyle": "", "textFormat": 0}], "direction": null}}	f	reference	\N	\N	\N	default	transparent	692c28c9d54b4884d5beffb4
5	1214	1052	t	Formaciones a medida	t	105	t	{"root": {"type": "root", "format": "", "indent": 0, "version": 1, "children": [{"type": "paragraph", "format": "", "indent": 0, "version": 1, "children": [{"mode": "normal", "text": "Talleres, charlas y sesiones adaptadas a tus necesidades.", "type": "text", "style": "", "detail": 0, "format": 0, "version": 1}], "direction": null, "textStyle": "", "textFormat": 0}], "direction": null}}	\N	reference	\N	\N	\N	default	transparent	692c28efd54b4884d5beffb6
6	1214	1053	t	Creatividad en la educacin	t	105	t	{"root": {"type": "root", "format": "", "indent": 0, "version": 1, "children": [{"type": "paragraph", "format": "", "indent": 0, "version": 1, "children": [{"mode": "normal", "text": "Respeto y potencia de las habilidades nicas de cada persona para que encuentre su propio estilo de acompaar a la infancia.", "type": "text", "style": "", "detail": 0, "format": 0, "version": 1}], "direction": null, "textStyle": "", "textFormat": 0}], "direction": null}}	\N	reference	\N	\N	\N	default	transparent	692c291dd54b4884d5beffb8
7	1214	1054	t	Precios accesibles	t	105	t	{"root": {"type": "root", "format": "", "indent": 0, "version": 1, "children": [{"type": "paragraph", "format": "", "indent": 0, "version": 1, "children": [{"mode": "normal", "text": "Tarifas sociales para madres solteras y familias con pocos recursos.", "type": "text", "style": "", "detail": 0, "format": 0, "version": 1}], "direction": null, "textStyle": "", "textFormat": 0}, {"type": "paragraph", "format": "", "indent": 0, "version": 1, "children": [{"mode": "normal", "text": "  [Ver tarifas sociales]", "type": "text", "style": "", "detail": 0, "format": 0, "version": 1}], "direction": null, "textStyle": "", "textFormat": 0}], "direction": null}}	\N	reference	\N	\N	\N	default	transparent	692c293dd54b4884d5beffba
2	1200	951	t	Enfoque prctico y actualizado	t	105	t	{"root": {"type": "root", "format": "", "indent": 0, "version": 1, "children": [{"type": "paragraph", "format": "", "indent": 0, "version": 1, "children": [{"mode": "normal", "text": "Herramientas educativas respetuosas y aplicables, basadas en la experiencia.", "type": "text", "style": "", "detail": 0, "format": 0, "version": 1}], "direction": null, "textStyle": "", "textFormat": 0}], "direction": null}}	\N	reference	\N	\N	\N	default	transparent	692c2879d54b4884d5beffb0
3	1200	952	t	Mirada emptica y social	t	105	t	{"root": {"type": "root", "format": "", "indent": 0, "version": 1, "children": [{"type": "paragraph", "format": "", "indent": 0, "version": 1, "children": [{"mode": "normal", "text": "Escucha, respeto y compromiso con una educacin ms justa y consciente.", "type": "text", "style": "", "detail": 0, "format": 0, "version": 1}], "direction": null, "textStyle": "", "textFormat": 0}], "direction": null}}	\N	reference	\N	\N	\N	default	transparent	692c28a4d54b4884d5beffb2
4	1200	953	t	Supervisin de casos	t	105	t	{"root": {"type": "root", "format": "", "indent": 0, "version": 1, "children": [{"type": "paragraph", "format": "", "indent": 0, "version": 1, "children": [{"mode": "normal", "text": "Anlisis de situaciones concretas para encontrar estrategias tiles en el aula o en casa.", "type": "text", "style": "", "detail": 0, "format": 0, "version": 1}], "direction": null, "textStyle": "", "textFormat": 0}], "direction": null}}	f	reference	\N	\N	\N	default	transparent	692c28c9d54b4884d5beffb4
5	1200	954	t	Formaciones a medida	t	105	t	{"root": {"type": "root", "format": "", "indent": 0, "version": 1, "children": [{"type": "paragraph", "format": "", "indent": 0, "version": 1, "children": [{"mode": "normal", "text": "Talleres, charlas y sesiones adaptadas a tus necesidades.", "type": "text", "style": "", "detail": 0, "format": 0, "version": 1}], "direction": null, "textStyle": "", "textFormat": 0}], "direction": null}}	\N	reference	\N	\N	\N	default	transparent	692c28efd54b4884d5beffb6
6	1200	955	t	Creatividad en la educacin	t	105	t	{"root": {"type": "root", "format": "", "indent": 0, "version": 1, "children": [{"type": "paragraph", "format": "", "indent": 0, "version": 1, "children": [{"mode": "normal", "text": "Respeto y potencia de las habilidades nicas de cada persona para que encuentre su propio estilo de acompaar a la infancia.", "type": "text", "style": "", "detail": 0, "format": 0, "version": 1}], "direction": null, "textStyle": "", "textFormat": 0}], "direction": null}}	\N	reference	\N	\N	\N	default	transparent	692c291dd54b4884d5beffb8
7	1200	956	t	Precios accesibles	t	105	t	{"root": {"type": "root", "format": "", "indent": 0, "version": 1, "children": [{"type": "paragraph", "format": "", "indent": 0, "version": 1, "children": [{"mode": "normal", "text": "Tarifas sociales para madres solteras y familias con pocos recursos.", "type": "text", "style": "", "detail": 0, "format": 0, "version": 1}], "direction": null, "textStyle": "", "textFormat": 0}, {"type": "paragraph", "format": "", "indent": 0, "version": 1, "children": [{"mode": "normal", "text": "  [Ver tarifas sociales]", "type": "text", "style": "", "detail": 0, "format": 0, "version": 1}], "direction": null, "textStyle": "", "textFormat": 0}], "direction": null}}	\N	reference	\N	\N	\N	default	transparent	692c293dd54b4884d5beffba
5	1208	1010	t	Formaciones a medida	t	105	t	{"root": {"type": "root", "format": "", "indent": 0, "version": 1, "children": [{"type": "paragraph", "format": "", "indent": 0, "version": 1, "children": [{"mode": "normal", "text": "Talleres, charlas y sesiones adaptadas a tus necesidades.", "type": "text", "style": "", "detail": 0, "format": 0, "version": 1}], "direction": null, "textStyle": "", "textFormat": 0}], "direction": null}}	\N	reference	\N	\N	\N	default	transparent	692c28efd54b4884d5beffb6
6	1208	1011	t	Creatividad en la educacin	t	105	t	{"root": {"type": "root", "format": "", "indent": 0, "version": 1, "children": [{"type": "paragraph", "format": "", "indent": 0, "version": 1, "children": [{"mode": "normal", "text": "Respeto y potencia de las habilidades nicas de cada persona para que encuentre su propio estilo de acompaar a la infancia.", "type": "text", "style": "", "detail": 0, "format": 0, "version": 1}], "direction": null, "textStyle": "", "textFormat": 0}], "direction": null}}	\N	reference	\N	\N	\N	default	transparent	692c291dd54b4884d5beffb8
1	1201	957	t	Asesoramiento familiar	t	105	t	{"root": {"type": "root", "format": "", "indent": 0, "version": 1, "children": [{"type": "paragraph", "format": "", "indent": 0, "version": 1, "children": [{"mode": "normal", "text": "Acompaamiento para mejorar la convivencia y el bienestar en casa.", "type": "text", "style": "", "detail": 0, "format": 0, "version": 1}], "direction": null, "textStyle": "", "textFormat": 0}], "direction": null}}	t	reference	\N	\N	asesoramiento faamiliar	default	transparent	692ad5a62732e16824dec687
2	1201	958	t	Asesoramiento educativo	t	105	t	{"root": {"type": "root", "format": "", "indent": 0, "version": 1, "children": [{"type": "paragraph", "format": "", "indent": 0, "version": 1, "children": [{"mode": "normal", "text": "Orientacin para docentes y profesionales que buscan nuevas herramientas.", "type": "text", "style": "", "detail": 0, "format": 0, "version": 1}], "direction": null, "textStyle": "", "textFormat": 0}], "direction": null}}	t	reference	\N	\N	Asesoramiento-educativo	default	transparent	692c1826fa0d132570dd3aea
3	1201	959	t	Clases de refuerzo 	t	105	t	{"root": {"type": "root", "format": "", "indent": 0, "version": 1, "children": [{"type": "paragraph", "format": "", "indent": 0, "version": 1, "children": [{"mode": "normal", "text": "Apoyo escolar individualizado con una mirada respetuosa y consciente.", "type": "text", "style": "", "detail": 0, "format": 0, "version": 1}], "direction": null, "textStyle": "", "textFormat": 0}], "direction": null}}	\N	reference	\N	\N	\N	default	transparent	692c188cfa0d132570dd3aec
4	1201	960	t	Asesoramiento express	t	105	t	{"root": {"type": "root", "format": "", "indent": 0, "version": 1, "children": [{"type": "paragraph", "format": "", "indent": 0, "version": 1, "children": [{"mode": "normal", "text": "Sesiones rpidas para dudas concretas o decisiones urgentes.", "type": "text", "style": "", "detail": 0, "format": 0, "version": 1}], "direction": null, "textStyle": "", "textFormat": 0}], "direction": null}}	\N	reference	\N	\N	\N	default	transparent	692c18c45396350128105952
5	1201	961	t	Consultora educativa	t	105	t	{"root": {"type": "root", "format": "", "indent": 0, "version": 1, "children": [{"type": "paragraph", "format": "", "indent": 0, "version": 1, "children": [{"mode": "normal", "text": "Transformacin de centros escolares hacia un modelo ms humano e inclusivo.", "type": "text", "style": "", "detail": 0, "format": 0, "version": 1}], "direction": null, "textStyle": "", "textFormat": 0}], "direction": null}}	\N	reference	\N	\N	\N	default	transparent	692c18eb5396350128105954
6	1201	962	t	Supervisiones pedaggicas	t	105	t	{"root": {"type": "root", "format": "", "indent": 0, "version": 1, "children": [{"type": "paragraph", "format": "", "indent": 0, "version": 1, "children": [{"mode": "normal", "text": "Acompaamiento a equipos docentes para reflexionar y mejorar su prctica educativa.", "type": "text", "style": "", "detail": 0, "format": 0, "version": 1}], "direction": null, "textStyle": "", "textFormat": 0}], "direction": null}}	\N	reference	\N	\N	\N	default	transparent	692c190d5396350128105956
7	1201	963	t	Formaciones y charlas	t	105	t	{"root": {"type": "root", "format": "", "indent": 0, "version": 1, "children": [{"type": "paragraph", "format": "", "indent": 0, "version": 1, "children": [{"mode": "normal", "text": "Talleres y conferencias para familias, docentes e instituciones", "type": "text", "style": "", "detail": 0, "format": 0, "version": 1}], "direction": null, "textStyle": "", "textFormat": 0}], "direction": null}}	\N	reference	\N	\N	\N	default	transparent	692c19365396350128105958
1	1202	964	t	Acompaamiento personalizado	t	105	t	{"root": {"type": "root", "format": "", "indent": 0, "version": 1, "children": [{"type": "paragraph", "format": "", "indent": 0, "version": 1, "children": [{"mode": "normal", "text": "Planes ajustados a cada familia y educador/a, con seguimiento cercano y realista.", "type": "text", "style": "", "detail": 0, "format": 0, "version": 1}], "direction": null, "textStyle": "", "textFormat": 0}], "direction": null}}	\N	reference	\N	\N	\N	default	transparent	692c2817d54b4884d5beffae
2	1202	965	t	Enfoque prctico y actualizado	t	105	t	{"root": {"type": "root", "format": "", "indent": 0, "version": 1, "children": [{"type": "paragraph", "format": "", "indent": 0, "version": 1, "children": [{"mode": "normal", "text": "Herramientas educativas respetuosas y aplicables, basadas en la experiencia.", "type": "text", "style": "", "detail": 0, "format": 0, "version": 1}], "direction": null, "textStyle": "", "textFormat": 0}], "direction": null}}	\N	reference	\N	\N	\N	default	transparent	692c2879d54b4884d5beffb0
3	1202	966	t	Mirada emptica y social	t	105	t	{"root": {"type": "root", "format": "", "indent": 0, "version": 1, "children": [{"type": "paragraph", "format": "", "indent": 0, "version": 1, "children": [{"mode": "normal", "text": "Escucha, respeto y compromiso con una educacin ms justa y consciente.", "type": "text", "style": "", "detail": 0, "format": 0, "version": 1}], "direction": null, "textStyle": "", "textFormat": 0}], "direction": null}}	\N	reference	\N	\N	\N	default	transparent	692c28a4d54b4884d5beffb2
4	1202	967	t	Supervisin de casos	t	105	t	{"root": {"type": "root", "format": "", "indent": 0, "version": 1, "children": [{"type": "paragraph", "format": "", "indent": 0, "version": 1, "children": [{"mode": "normal", "text": "Anlisis de situaciones concretas para encontrar estrategias tiles en el aula o en casa.", "type": "text", "style": "", "detail": 0, "format": 0, "version": 1}], "direction": null, "textStyle": "", "textFormat": 0}], "direction": null}}	f	reference	\N	\N	\N	default	transparent	692c28c9d54b4884d5beffb4
5	1202	968	t	Formaciones a medida	t	105	t	{"root": {"type": "root", "format": "", "indent": 0, "version": 1, "children": [{"type": "paragraph", "format": "", "indent": 0, "version": 1, "children": [{"mode": "normal", "text": "Talleres, charlas y sesiones adaptadas a tus necesidades.", "type": "text", "style": "", "detail": 0, "format": 0, "version": 1}], "direction": null, "textStyle": "", "textFormat": 0}], "direction": null}}	\N	reference	\N	\N	\N	default	transparent	692c28efd54b4884d5beffb6
6	1202	969	t	Creatividad en la educacin	t	105	t	{"root": {"type": "root", "format": "", "indent": 0, "version": 1, "children": [{"type": "paragraph", "format": "", "indent": 0, "version": 1, "children": [{"mode": "normal", "text": "Respeto y potencia de las habilidades nicas de cada persona para que encuentre su propio estilo de acompaar a la infancia.", "type": "text", "style": "", "detail": 0, "format": 0, "version": 1}], "direction": null, "textStyle": "", "textFormat": 0}], "direction": null}}	\N	reference	\N	\N	\N	default	transparent	692c291dd54b4884d5beffb8
7	1202	970	t	Precios accesibles	t	105	t	{"root": {"type": "root", "format": "", "indent": 0, "version": 1, "children": [{"type": "paragraph", "format": "", "indent": 0, "version": 1, "children": [{"mode": "normal", "text": "Tarifas sociales para madres solteras y familias con pocos recursos.", "type": "text", "style": "", "detail": 0, "format": 0, "version": 1}], "direction": null, "textStyle": "", "textFormat": 0}, {"type": "paragraph", "format": "", "indent": 0, "version": 1, "children": [{"mode": "normal", "text": "  [Ver tarifas sociales]", "type": "text", "style": "", "detail": 0, "format": 0, "version": 1}], "direction": null, "textStyle": "", "textFormat": 0}], "direction": null}}	\N	reference	\N	\N	\N	default	transparent	692c293dd54b4884d5beffba
7	1208	1012	t	Precios accesibles	t	105	t	{"root": {"type": "root", "format": "", "indent": 0, "version": 1, "children": [{"type": "paragraph", "format": "", "indent": 0, "version": 1, "children": [{"mode": "normal", "text": "Tarifas sociales para madres solteras y familias con pocos recursos.", "type": "text", "style": "", "detail": 0, "format": 0, "version": 1}], "direction": null, "textStyle": "", "textFormat": 0}, {"type": "paragraph", "format": "", "indent": 0, "version": 1, "children": [{"mode": "normal", "text": "  [Ver tarifas sociales]", "type": "text", "style": "", "detail": 0, "format": 0, "version": 1}], "direction": null, "textStyle": "", "textFormat": 0}], "direction": null}}	\N	reference	\N	\N	\N	default	transparent	692c293dd54b4884d5beffba
1	1203	971	t	Asesoramiento familiar	t	105	t	{"root": {"type": "root", "format": "", "indent": 0, "version": 1, "children": [{"type": "paragraph", "format": "", "indent": 0, "version": 1, "children": [{"mode": "normal", "text": "Acompaamiento para mejorar la convivencia y el bienestar en casa.", "type": "text", "style": "", "detail": 0, "format": 0, "version": 1}], "direction": null, "textStyle": "", "textFormat": 0}], "direction": null}}	t	reference	\N	\N	asesoramiento faamiliar	default	transparent	692ad5a62732e16824dec687
2	1203	972	t	Asesoramiento educativo	t	105	t	{"root": {"type": "root", "format": "", "indent": 0, "version": 1, "children": [{"type": "paragraph", "format": "", "indent": 0, "version": 1, "children": [{"mode": "normal", "text": "Orientacin para docentes y profesionales que buscan nuevas herramientas.", "type": "text", "style": "", "detail": 0, "format": 0, "version": 1}], "direction": null, "textStyle": "", "textFormat": 0}], "direction": null}}	t	reference	\N	\N	Asesoramiento-educativo	default	transparent	692c1826fa0d132570dd3aea
3	1203	973	t	Clases de refuerzo 	t	105	t	{"root": {"type": "root", "format": "", "indent": 0, "version": 1, "children": [{"type": "paragraph", "format": "", "indent": 0, "version": 1, "children": [{"mode": "normal", "text": "Apoyo escolar individualizado con una mirada respetuosa y consciente.", "type": "text", "style": "", "detail": 0, "format": 0, "version": 1}], "direction": null, "textStyle": "", "textFormat": 0}], "direction": null}}	\N	reference	\N	\N	\N	default	transparent	692c188cfa0d132570dd3aec
4	1203	974	t	Asesoramiento express	t	105	t	{"root": {"type": "root", "format": "", "indent": 0, "version": 1, "children": [{"type": "paragraph", "format": "", "indent": 0, "version": 1, "children": [{"mode": "normal", "text": "Sesiones rpidas para dudas concretas o decisiones urgentes.", "type": "text", "style": "", "detail": 0, "format": 0, "version": 1}], "direction": null, "textStyle": "", "textFormat": 0}], "direction": null}}	\N	reference	\N	\N	\N	default	transparent	692c18c45396350128105952
5	1203	975	t	Consultora educativa	t	105	t	{"root": {"type": "root", "format": "", "indent": 0, "version": 1, "children": [{"type": "paragraph", "format": "", "indent": 0, "version": 1, "children": [{"mode": "normal", "text": "Transformacin de centros escolares hacia un modelo ms humano e inclusivo.", "type": "text", "style": "", "detail": 0, "format": 0, "version": 1}], "direction": null, "textStyle": "", "textFormat": 0}], "direction": null}}	\N	reference	\N	\N	\N	default	transparent	692c18eb5396350128105954
6	1203	976	t	Supervisiones pedaggicas	t	105	t	{"root": {"type": "root", "format": "", "indent": 0, "version": 1, "children": [{"type": "paragraph", "format": "", "indent": 0, "version": 1, "children": [{"mode": "normal", "text": "Acompaamiento a equipos docentes para reflexionar y mejorar su prctica educativa.", "type": "text", "style": "", "detail": 0, "format": 0, "version": 1}], "direction": null, "textStyle": "", "textFormat": 0}], "direction": null}}	\N	reference	\N	\N	\N	default	transparent	692c190d5396350128105956
7	1203	977	t	Formaciones y charlas	t	105	t	{"root": {"type": "root", "format": "", "indent": 0, "version": 1, "children": [{"type": "paragraph", "format": "", "indent": 0, "version": 1, "children": [{"mode": "normal", "text": "Talleres y conferencias para familias, docentes e instituciones", "type": "text", "style": "", "detail": 0, "format": 0, "version": 1}], "direction": null, "textStyle": "", "textFormat": 0}], "direction": null}}	\N	reference	\N	\N	\N	default	transparent	692c19365396350128105958
1	1204	978	t	Acompaamiento personalizado	t	105	t	{"root": {"type": "root", "format": "", "indent": 0, "version": 1, "children": [{"type": "paragraph", "format": "", "indent": 0, "version": 1, "children": [{"mode": "normal", "text": "Planes ajustados a cada familia y educador/a, con seguimiento cercano y realista.", "type": "text", "style": "", "detail": 0, "format": 0, "version": 1}], "direction": null, "textStyle": "", "textFormat": 0}], "direction": null}}	\N	reference	\N	\N	\N	default	transparent	692c2817d54b4884d5beffae
2	1204	979	t	Enfoque prctico y actualizado	t	105	t	{"root": {"type": "root", "format": "", "indent": 0, "version": 1, "children": [{"type": "paragraph", "format": "", "indent": 0, "version": 1, "children": [{"mode": "normal", "text": "Herramientas educativas respetuosas y aplicables, basadas en la experiencia.", "type": "text", "style": "", "detail": 0, "format": 0, "version": 1}], "direction": null, "textStyle": "", "textFormat": 0}], "direction": null}}	\N	reference	\N	\N	\N	default	transparent	692c2879d54b4884d5beffb0
3	1204	980	t	Mirada emptica y social	t	105	t	{"root": {"type": "root", "format": "", "indent": 0, "version": 1, "children": [{"type": "paragraph", "format": "", "indent": 0, "version": 1, "children": [{"mode": "normal", "text": "Escucha, respeto y compromiso con una educacin ms justa y consciente.", "type": "text", "style": "", "detail": 0, "format": 0, "version": 1}], "direction": null, "textStyle": "", "textFormat": 0}], "direction": null}}	\N	reference	\N	\N	\N	default	transparent	692c28a4d54b4884d5beffb2
4	1204	981	t	Supervisin de casos	t	105	t	{"root": {"type": "root", "format": "", "indent": 0, "version": 1, "children": [{"type": "paragraph", "format": "", "indent": 0, "version": 1, "children": [{"mode": "normal", "text": "Anlisis de situaciones concretas para encontrar estrategias tiles en el aula o en casa.", "type": "text", "style": "", "detail": 0, "format": 0, "version": 1}], "direction": null, "textStyle": "", "textFormat": 0}], "direction": null}}	f	reference	\N	\N	\N	default	transparent	692c28c9d54b4884d5beffb4
5	1204	982	t	Formaciones a medida	t	105	t	{"root": {"type": "root", "format": "", "indent": 0, "version": 1, "children": [{"type": "paragraph", "format": "", "indent": 0, "version": 1, "children": [{"mode": "normal", "text": "Talleres, charlas y sesiones adaptadas a tus necesidades.", "type": "text", "style": "", "detail": 0, "format": 0, "version": 1}], "direction": null, "textStyle": "", "textFormat": 0}], "direction": null}}	\N	reference	\N	\N	\N	default	transparent	692c28efd54b4884d5beffb6
6	1204	983	t	Creatividad en la educacin	t	105	t	{"root": {"type": "root", "format": "", "indent": 0, "version": 1, "children": [{"type": "paragraph", "format": "", "indent": 0, "version": 1, "children": [{"mode": "normal", "text": "Respeto y potencia de las habilidades nicas de cada persona para que encuentre su propio estilo de acompaar a la infancia.", "type": "text", "style": "", "detail": 0, "format": 0, "version": 1}], "direction": null, "textStyle": "", "textFormat": 0}], "direction": null}}	\N	reference	\N	\N	\N	default	transparent	692c291dd54b4884d5beffb8
7	1204	984	t	Precios accesibles	t	105	t	{"root": {"type": "root", "format": "", "indent": 0, "version": 1, "children": [{"type": "paragraph", "format": "", "indent": 0, "version": 1, "children": [{"mode": "normal", "text": "Tarifas sociales para madres solteras y familias con pocos recursos.", "type": "text", "style": "", "detail": 0, "format": 0, "version": 1}], "direction": null, "textStyle": "", "textFormat": 0}, {"type": "paragraph", "format": "", "indent": 0, "version": 1, "children": [{"mode": "normal", "text": "  [Ver tarifas sociales]", "type": "text", "style": "", "detail": 0, "format": 0, "version": 1}], "direction": null, "textStyle": "", "textFormat": 0}], "direction": null}}	\N	reference	\N	\N	\N	default	transparent	692c293dd54b4884d5beffba
1	1205	985	t	Asesoramiento familiar	t	105	t	{"root": {"type": "root", "format": "", "indent": 0, "version": 1, "children": [{"type": "paragraph", "format": "", "indent": 0, "version": 1, "children": [{"mode": "normal", "text": "Acompaamiento para mejorar la convivencia y el bienestar en casa.", "type": "text", "style": "", "detail": 0, "format": 0, "version": 1}], "direction": null, "textStyle": "", "textFormat": 0}], "direction": null}}	t	reference	\N	\N	asesoramiento faamiliar	default	transparent	692ad5a62732e16824dec687
2	1205	986	t	Asesoramiento educativo	t	105	t	{"root": {"type": "root", "format": "", "indent": 0, "version": 1, "children": [{"type": "paragraph", "format": "", "indent": 0, "version": 1, "children": [{"mode": "normal", "text": "Orientacin para docentes y profesionales que buscan nuevas herramientas.", "type": "text", "style": "", "detail": 0, "format": 0, "version": 1}], "direction": null, "textStyle": "", "textFormat": 0}], "direction": null}}	t	reference	\N	\N	Asesoramiento-educativo	default	transparent	692c1826fa0d132570dd3aea
3	1205	987	t	Clases de refuerzo 	t	105	t	{"root": {"type": "root", "format": "", "indent": 0, "version": 1, "children": [{"type": "paragraph", "format": "", "indent": 0, "version": 1, "children": [{"mode": "normal", "text": "Apoyo escolar individualizado con una mirada respetuosa y consciente.", "type": "text", "style": "", "detail": 0, "format": 0, "version": 1}], "direction": null, "textStyle": "", "textFormat": 0}], "direction": null}}	\N	reference	\N	\N	\N	default	transparent	692c188cfa0d132570dd3aec
4	1205	988	t	Asesoramiento express	t	105	t	{"root": {"type": "root", "format": "", "indent": 0, "version": 1, "children": [{"type": "paragraph", "format": "", "indent": 0, "version": 1, "children": [{"mode": "normal", "text": "Sesiones rpidas para dudas concretas o decisiones urgentes.", "type": "text", "style": "", "detail": 0, "format": 0, "version": 1}], "direction": null, "textStyle": "", "textFormat": 0}], "direction": null}}	\N	reference	\N	\N	\N	default	transparent	692c18c45396350128105952
5	1205	989	t	Consultora educativa	t	105	t	{"root": {"type": "root", "format": "", "indent": 0, "version": 1, "children": [{"type": "paragraph", "format": "", "indent": 0, "version": 1, "children": [{"mode": "normal", "text": "Transformacin de centros escolares hacia un modelo ms humano e inclusivo.", "type": "text", "style": "", "detail": 0, "format": 0, "version": 1}], "direction": null, "textStyle": "", "textFormat": 0}], "direction": null}}	\N	reference	\N	\N	\N	default	transparent	692c18eb5396350128105954
6	1205	990	t	Supervisiones pedaggicas	t	105	t	{"root": {"type": "root", "format": "", "indent": 0, "version": 1, "children": [{"type": "paragraph", "format": "", "indent": 0, "version": 1, "children": [{"mode": "normal", "text": "Acompaamiento a equipos docentes para reflexionar y mejorar su prctica educativa.", "type": "text", "style": "", "detail": 0, "format": 0, "version": 1}], "direction": null, "textStyle": "", "textFormat": 0}], "direction": null}}	\N	reference	\N	\N	\N	default	transparent	692c190d5396350128105956
7	1205	991	t	Formaciones y charlas	t	105	t	{"root": {"type": "root", "format": "", "indent": 0, "version": 1, "children": [{"type": "paragraph", "format": "", "indent": 0, "version": 1, "children": [{"mode": "normal", "text": "Talleres y conferencias para familias, docentes e instituciones", "type": "text", "style": "", "detail": 0, "format": 0, "version": 1}], "direction": null, "textStyle": "", "textFormat": 0}], "direction": null}}	\N	reference	\N	\N	\N	default	transparent	692c19365396350128105958
1	1206	992	t	Acompaamiento personalizado	t	105	t	{"root": {"type": "root", "format": "", "indent": 0, "version": 1, "children": [{"type": "paragraph", "format": "", "indent": 0, "version": 1, "children": [{"mode": "normal", "text": "Planes ajustados a cada familia y educador/a, con seguimiento cercano y realista.", "type": "text", "style": "", "detail": 0, "format": 0, "version": 1}], "direction": null, "textStyle": "", "textFormat": 0}], "direction": null}}	\N	reference	\N	\N	\N	default	transparent	692c2817d54b4884d5beffae
2	1206	993	t	Enfoque prctico y actualizado	t	105	t	{"root": {"type": "root", "format": "", "indent": 0, "version": 1, "children": [{"type": "paragraph", "format": "", "indent": 0, "version": 1, "children": [{"mode": "normal", "text": "Herramientas educativas respetuosas y aplicables, basadas en la experiencia.", "type": "text", "style": "", "detail": 0, "format": 0, "version": 1}], "direction": null, "textStyle": "", "textFormat": 0}], "direction": null}}	\N	reference	\N	\N	\N	default	transparent	692c2879d54b4884d5beffb0
3	1206	994	t	Mirada emptica y social	t	105	t	{"root": {"type": "root", "format": "", "indent": 0, "version": 1, "children": [{"type": "paragraph", "format": "", "indent": 0, "version": 1, "children": [{"mode": "normal", "text": "Escucha, respeto y compromiso con una educacin ms justa y consciente.", "type": "text", "style": "", "detail": 0, "format": 0, "version": 1}], "direction": null, "textStyle": "", "textFormat": 0}], "direction": null}}	\N	reference	\N	\N	\N	default	transparent	692c28a4d54b4884d5beffb2
4	1206	995	t	Supervisin de casos	t	105	t	{"root": {"type": "root", "format": "", "indent": 0, "version": 1, "children": [{"type": "paragraph", "format": "", "indent": 0, "version": 1, "children": [{"mode": "normal", "text": "Anlisis de situaciones concretas para encontrar estrategias tiles en el aula o en casa.", "type": "text", "style": "", "detail": 0, "format": 0, "version": 1}], "direction": null, "textStyle": "", "textFormat": 0}], "direction": null}}	f	reference	\N	\N	\N	default	transparent	692c28c9d54b4884d5beffb4
5	1206	996	t	Formaciones a medida	t	105	t	{"root": {"type": "root", "format": "", "indent": 0, "version": 1, "children": [{"type": "paragraph", "format": "", "indent": 0, "version": 1, "children": [{"mode": "normal", "text": "Talleres, charlas y sesiones adaptadas a tus necesidades.", "type": "text", "style": "", "detail": 0, "format": 0, "version": 1}], "direction": null, "textStyle": "", "textFormat": 0}], "direction": null}}	\N	reference	\N	\N	\N	default	transparent	692c28efd54b4884d5beffb6
6	1206	997	t	Creatividad en la educacin	t	105	t	{"root": {"type": "root", "format": "", "indent": 0, "version": 1, "children": [{"type": "paragraph", "format": "", "indent": 0, "version": 1, "children": [{"mode": "normal", "text": "Respeto y potencia de las habilidades nicas de cada persona para que encuentre su propio estilo de acompaar a la infancia.", "type": "text", "style": "", "detail": 0, "format": 0, "version": 1}], "direction": null, "textStyle": "", "textFormat": 0}], "direction": null}}	\N	reference	\N	\N	\N	default	transparent	692c291dd54b4884d5beffb8
7	1206	998	t	Precios accesibles	t	105	t	{"root": {"type": "root", "format": "", "indent": 0, "version": 1, "children": [{"type": "paragraph", "format": "", "indent": 0, "version": 1, "children": [{"mode": "normal", "text": "Tarifas sociales para madres solteras y familias con pocos recursos.", "type": "text", "style": "", "detail": 0, "format": 0, "version": 1}], "direction": null, "textStyle": "", "textFormat": 0}, {"type": "paragraph", "format": "", "indent": 0, "version": 1, "children": [{"mode": "normal", "text": "  [Ver tarifas sociales]", "type": "text", "style": "", "detail": 0, "format": 0, "version": 1}], "direction": null, "textStyle": "", "textFormat": 0}], "direction": null}}	\N	reference	\N	\N	\N	default	transparent	692c293dd54b4884d5beffba
1	1207	999	t	Asesoramiento familiar	t	105	t	{"root": {"type": "root", "format": "", "indent": 0, "version": 1, "children": [{"type": "paragraph", "format": "", "indent": 0, "version": 1, "children": [{"mode": "normal", "text": "Acompaamiento para mejorar la convivencia y el bienestar en casa.", "type": "text", "style": "", "detail": 0, "format": 0, "version": 1}], "direction": null, "textStyle": "", "textFormat": 0}], "direction": null}}	t	reference	\N	\N	asesoramiento faamiliar	default	transparent	692ad5a62732e16824dec687
2	1207	1000	t	Asesoramiento educativo	t	105	t	{"root": {"type": "root", "format": "", "indent": 0, "version": 1, "children": [{"type": "paragraph", "format": "", "indent": 0, "version": 1, "children": [{"mode": "normal", "text": "Orientacin para docentes y profesionales que buscan nuevas herramientas.", "type": "text", "style": "", "detail": 0, "format": 0, "version": 1}], "direction": null, "textStyle": "", "textFormat": 0}], "direction": null}}	t	reference	\N	\N	Asesoramiento-educativo	default	transparent	692c1826fa0d132570dd3aea
3	1207	1001	t	Clases de refuerzo 	t	105	t	{"root": {"type": "root", "format": "", "indent": 0, "version": 1, "children": [{"type": "paragraph", "format": "", "indent": 0, "version": 1, "children": [{"mode": "normal", "text": "Apoyo escolar individualizado con una mirada respetuosa y consciente.", "type": "text", "style": "", "detail": 0, "format": 0, "version": 1}], "direction": null, "textStyle": "", "textFormat": 0}], "direction": null}}	\N	reference	\N	\N	\N	default	transparent	692c188cfa0d132570dd3aec
4	1207	1002	t	Asesoramiento express	t	105	t	{"root": {"type": "root", "format": "", "indent": 0, "version": 1, "children": [{"type": "paragraph", "format": "", "indent": 0, "version": 1, "children": [{"mode": "normal", "text": "Sesiones rpidas para dudas concretas o decisiones urgentes.", "type": "text", "style": "", "detail": 0, "format": 0, "version": 1}], "direction": null, "textStyle": "", "textFormat": 0}], "direction": null}}	\N	reference	\N	\N	\N	default	transparent	692c18c45396350128105952
\.


--
-- Data for Name: _pages_v_blocks_media_block; Type: TABLE DATA; Schema: public; Owner: -
--

COPY public._pages_v_blocks_media_block (_order, _parent_id, _path, id, media_id, section_name, _uuid, block_name) FROM stdin;
\.


--
-- Data for Name: _pages_v_blocks_post_carousel_block; Type: TABLE DATA; Schema: public; Owner: -
--

COPY public._pages_v_blocks_post_carousel_block (_order, _parent_id, _path, id, is_reverse, bottom, separator_type, _uuid, block_name, enable_background_image, dark_mode) FROM stdin;
3	826	version.layout	525	t	0	separatorYellow	691d8cf93531105b2f8b2cdf	Carrusel de posts	\N	blue
3	827	version.layout	526	t	0	separatorYellow	691d8cf93531105b2f8b2cdf	Carrusel de posts	\N	dark
3	828	version.layout	527	t	0	separatorYellow	691d8cf93531105b2f8b2cdf	Carrusel de posts	\N	dark
3	829	version.layout	528	t	0	separatorYellow	691d8cf93531105b2f8b2cdf	Carrusel de posts	\N	blue
3	830	version.layout	529	t	0	separatorYellow	691d8cf93531105b2f8b2cdf	Carrusel de posts	\N	dark
3	831	version.layout	530	t	0	separatorYellow	691d8cf93531105b2f8b2cdf	Carrusel de posts	\N	dark
9	835	version.layout	534	f	-1	separatorYellow	6916492d9b13dd4f26d262db	Carrusel de Posts	f	dark
9	836	version.layout	535	f	-1	separatorYellow	6916492d9b13dd4f26d262db	Carrusel de Posts	f	blue
9	837	version.layout	536	t	-1	separatorYellow	6916492d9b13dd4f26d262db	Carrusel de Posts	f	blue
9	838	version.layout	537	f	-1	separatorYellow	6916492d9b13dd4f26d262db	Carrusel de Posts	f	blue
9	839	version.layout	538	f	-1	separatorYellow	6916492d9b13dd4f26d262db	Carrusel de Posts	f	blue
9	840	version.layout	539	f	-1	separatorYellow	6916492d9b13dd4f26d262db	Carrusel de Posts	f	dark
9	841	version.layout	540	f	-1	separatorYellow	6916492d9b13dd4f26d262db	Carrusel de Posts	f	blue
9	847	version.layout	541	f	-1	separatorYellow	6916492d9b13dd4f26d262db	Carrusel de Posts	f	blue
9	848	version.layout	542	f	-1	separatorYellow	6916492d9b13dd4f26d262db	Carrusel de Posts	f	blue
9	868	version.layout	543	f	-1	separatorYellow	6916492d9b13dd4f26d262db	Carrusel de Posts	f	blue
3	870	version.layout	544	t	0	separatorYellow	691d8cf93531105b2f8b2cdf	Carrusel de posts	\N	dark
3	871	version.layout	545	t	0	separatorYellow	691d8cf93531105b2f8b2cdf	Carrusel de posts	\N	dark
3	872	version.layout	546	t	0	separatorYellow	691d8cf93531105b2f8b2cdf	Carrusel de posts	\N	dark
3	874	version.layout	547	t	0	separatorYellow	691d8cf93531105b2f8b2cdf	Carrusel de posts	\N	dark
\.


--
-- Data for Name: _pages_v_blocks_quote_block; Type: TABLE DATA; Schema: public; Owner: -
--

COPY public._pages_v_blocks_quote_block (_order, _parent_id, _path, id, rich_text, enable_image, image_id, is_reverse, bottom, separator_type, section_name, _uuid, block_name) FROM stdin;
\.


--
-- Data for Name: _pages_v_blocks_quote_block_links; Type: TABLE DATA; Schema: public; Owner: -
--

COPY public._pages_v_blocks_quote_block_links (_order, _parent_id, id, link_type, link_new_tab, link_url, link_label, link_appearance, _uuid) FROM stdin;
\.


--
-- Data for Name: _pages_v_blocks_service; Type: TABLE DATA; Schema: public; Owner: -
--

COPY public._pages_v_blocks_service (_order, _parent_id, _path, id, title, enable_background_image, is_reverse, bottom, separator_type, section_name, _uuid, block_name, rich_text, dark_mode) FROM stdin;
1	584	version.layout	513	Qu es?	\N	f	100	\N	s-service	69170f05dd2924b16bc2208f	Qu es?	\N	\N
2	584	version.layout	514	Qu se trabaja?	t	f	100	\N	s-service	691710655b241dfe7d3c8aa9	Qu se trabaja?	\N	\N
3	584	version.layout	515	Beneficios	\N	f	100	\N	s-service	6917116a5149fcbcda2d6242	Beneficios	\N	\N
3	585	version.layout	518	Beneficios	\N	f	100	\N	s-service	6917116a5149fcbcda2d6242	Beneficios	{"root": {"type": "root", "format": "", "indent": 0, "version": 1, "children": [{"type": "paragraph", "format": "", "indent": 0, "version": 1, "children": [{"mode": "normal", "text": "a", "type": "text", "style": "", "detail": 0, "format": 0, "version": 1}], "direction": null, "textStyle": "", "textFormat": 0}], "direction": null}}	\N
1	586	version.layout	519	Qu es?	\N	f	100	\N	s-service	69170f05dd2924b16bc2208f	Qu es?	{"root": {"type": "root", "format": "", "indent": 0, "version": 1, "children": [{"type": "paragraph", "format": "", "indent": 0, "version": 1, "children": [{"mode": "normal", "text": "a", "type": "text", "style": "", "detail": 0, "format": 0, "version": 1}], "direction": null, "textStyle": "", "textFormat": 0}], "direction": null}}	\N
2	586	version.layout	520	Qu se trabaja?	t	f	100	\N	s-service	691710655b241dfe7d3c8aa9	Qu se trabaja?	{"root": {"type": "root", "format": "", "indent": 0, "version": 1, "children": [{"type": "paragraph", "format": "", "indent": 0, "version": 1, "children": [{"mode": "normal", "text": "a", "type": "text", "style": "", "detail": 0, "format": 0, "version": 1}], "direction": null, "textStyle": "", "textFormat": 0}], "direction": null}}	\N
3	586	version.layout	521	Beneficios	\N	f	100	\N	s-service	6917116a5149fcbcda2d6242	Beneficios	{"root": {"type": "root", "format": "", "indent": 0, "version": 1, "children": [{"type": "paragraph", "format": "", "indent": 0, "version": 1, "children": [{"mode": "normal", "text": "a", "type": "text", "style": "", "detail": 0, "format": 0, "version": 1}], "direction": null, "textStyle": "", "textFormat": 0}], "direction": null}}	\N
1	587	version.layout	522	Qu es?	\N	f	100	\N	s-service	69170f05dd2924b16bc2208f	Qu es?	{"root": {"type": "root", "format": "", "indent": 0, "version": 1, "children": [{"type": "paragraph", "format": "", "indent": 0, "version": 1, "children": [{"mode": "normal", "text": "a", "type": "text", "style": "", "detail": 0, "format": 0, "version": 1}], "direction": null, "textStyle": "", "textFormat": 0}], "direction": null}}	\N
1	390	version.layout	472	Qu es?	\N	f	100	\N	s-service	69170f05dd2924b16bc2208f	Qu es?	\N	\N
2	390	version.layout	473	Qu se trabaja?	t	f	100	\N	s-service	691710655b241dfe7d3c8aa9	Qu se trabaja?	\N	\N
3	390	version.layout	474	Beneficios	\N	f	100	\N	s-service	6917116a5149fcbcda2d6242	Beneficios	\N	\N
1	391	version.layout	475	Qu es?	\N	f	100	\N	s-service	69170f05dd2924b16bc2208f	Qu es?	\N	\N
2	391	version.layout	476	Qu se trabaja?	t	f	100	\N	s-service	691710655b241dfe7d3c8aa9	Qu se trabaja?	\N	\N
3	391	version.layout	477	Beneficios	\N	f	100	\N	s-service	6917116a5149fcbcda2d6242	Beneficios	\N	\N
1	392	version.layout	484	Qu es?	\N	f	100	\N	s-service	69170f05dd2924b16bc2208f	Qu es?	\N	\N
2	392	version.layout	485	Qu se trabaja?	t	f	100	\N	s-service	691710655b241dfe7d3c8aa9	Qu se trabaja?	\N	\N
3	392	version.layout	486	Beneficios	\N	f	100	\N	s-service	6917116a5149fcbcda2d6242	Beneficios	\N	\N
1	393	version.layout	487	Qu es?	\N	f	100	\N	s-service	69170f05dd2924b16bc2208f	Qu es?	\N	\N
2	393	version.layout	488	Qu se trabaja?	t	f	100	\N	s-service	691710655b241dfe7d3c8aa9	Qu se trabaja?	\N	\N
3	393	version.layout	489	Beneficios	\N	f	100	\N	s-service	6917116a5149fcbcda2d6242	Beneficios	\N	\N
1	585	version.layout	516	Qu es?	\N	f	100	\N	s-service	69170f05dd2924b16bc2208f	Qu es?	{"root": {"type": "root", "format": "", "indent": 0, "version": 1, "children": [{"type": "paragraph", "format": "", "indent": 0, "version": 1, "children": [{"mode": "normal", "text": "a", "type": "text", "style": "", "detail": 0, "format": 0, "version": 1}], "direction": null, "textStyle": "", "textFormat": 0}], "direction": null}}	\N
2	585	version.layout	517	Qu se trabaja?	t	f	100	\N	s-service	691710655b241dfe7d3c8aa9	Qu se trabaja?	{"root": {"type": "root", "format": "", "indent": 0, "version": 1, "children": [{"type": "paragraph", "format": "", "indent": 0, "version": 1, "children": [{"mode": "normal", "text": "a", "type": "text", "style": "", "detail": 0, "format": 0, "version": 1}], "direction": null, "textStyle": "", "textFormat": 0}], "direction": null}}	\N
2	587	version.layout	523	Qu se trabaja?	t	f	100	\N	s-service	691710655b241dfe7d3c8aa9	Qu se trabaja?	{"root": {"type": "root", "format": "", "indent": 0, "version": 1, "children": [{"type": "paragraph", "format": "", "indent": 0, "version": 1, "children": [{"mode": "normal", "text": "a", "type": "text", "style": "", "detail": 0, "format": 0, "version": 1}], "direction": null, "textStyle": "", "textFormat": 0}], "direction": null}}	\N
3	587	version.layout	524	Beneficios	\N	f	100	\N	s-service	6917116a5149fcbcda2d6242	Beneficios	{"root": {"type": "root", "format": "", "indent": 0, "version": 1, "children": [{"type": "paragraph", "format": "", "indent": 0, "version": 1, "children": [{"mode": "normal", "text": "a", "type": "text", "style": "", "detail": 0, "format": 0, "version": 1}], "direction": null, "textStyle": "", "textFormat": 0}], "direction": null}}	\N
1	588	version.layout	525	Qu es?	\N	f	100	\N	s-service	69170f05dd2924b16bc2208f	Qu es?	{"root": {"type": "root", "format": "", "indent": 0, "version": 1, "children": [{"type": "paragraph", "format": "", "indent": 0, "version": 1, "children": [{"mode": "normal", "text": "a", "type": "text", "style": "", "detail": 0, "format": 0, "version": 1}], "direction": null, "textStyle": "", "textFormat": 0}], "direction": null}}	\N
2	588	version.layout	526	Qu se trabaja?	t	f	100	\N	s-service	691710655b241dfe7d3c8aa9	Qu se trabaja?	{"root": {"type": "root", "format": "", "indent": 0, "version": 1, "children": [{"type": "paragraph", "format": "", "indent": 0, "version": 1, "children": [{"mode": "normal", "text": "a", "type": "text", "style": "", "detail": 0, "format": 0, "version": 1}], "direction": null, "textStyle": "", "textFormat": 0}], "direction": null}}	\N
3	588	version.layout	527	Beneficios	\N	f	100	\N	s-service	6917116a5149fcbcda2d6242	Beneficios	{"root": {"type": "root", "format": "", "indent": 0, "version": 1, "children": [{"type": "paragraph", "format": "", "indent": 0, "version": 1, "children": [{"mode": "normal", "text": "a", "type": "text", "style": "", "detail": 0, "format": 0, "version": 1}], "direction": null, "textStyle": "", "textFormat": 0}], "direction": null}}	\N
1	589	version.layout	528	Qu es?	\N	f	100	\N	s-service	69170f05dd2924b16bc2208f	Qu es?	{"root": {"type": "root", "format": "", "indent": 0, "version": 1, "children": [{"type": "paragraph", "format": "", "indent": 0, "version": 1, "children": [{"mode": "normal", "text": "a", "type": "text", "style": "", "detail": 0, "format": 0, "version": 1}], "direction": null, "textStyle": "", "textFormat": 0}], "direction": null}}	\N
2	589	version.layout	529	Qu se trabaja?	t	f	100	\N	s-service	691710655b241dfe7d3c8aa9	Qu se trabaja?	{"root": {"type": "root", "format": "", "indent": 0, "version": 1, "children": [{"type": "paragraph", "format": "", "indent": 0, "version": 1, "children": [{"mode": "normal", "text": "a", "type": "text", "style": "", "detail": 0, "format": 0, "version": 1}], "direction": null, "textStyle": "", "textFormat": 0}], "direction": null}}	\N
3	589	version.layout	530	Beneficios	\N	f	100	\N	s-service	6917116a5149fcbcda2d6242	Beneficios	{"root": {"type": "root", "format": "", "indent": 0, "version": 1, "children": [{"type": "paragraph", "format": "", "indent": 0, "version": 1, "children": [{"mode": "normal", "text": "a", "type": "text", "style": "", "detail": 0, "format": 0, "version": 1}], "direction": null, "textStyle": "", "textFormat": 0}], "direction": null}}	\N
1	606	version.layout	533	Asesoramiento familiar	f	f	100	separatorWhite	s-service	691af36d8bc453f731112679	Asesoramiento familiar	{"root": {"type": "root", "format": "", "indent": 0, "version": 1, "children": [{"type": "paragraph", "format": "", "indent": 0, "version": 1, "children": [{"mode": "normal", "text": "El asesoramiento familiar es un espacio de acompaamiento profesional que brinda orientacin y estrategias prcticas para mejorar la comunicacin, resolver conflictos y fortalecer los vnculos entre los miembros de la familia. Est dirigido a padres, madres, cuidadores/as o hijos/as, de forma individual o conjunta, segn las necesidades de cada situacin.Se trabaja de forma personalizada y flexible, partiendo siempre de la escucha activa y sin juicios, con un acompaamiento cercano desde la calidez y el respeto.", "type": "text", "style": "", "detail": 0, "format": 0, "version": 1}], "direction": null, "textStyle": "", "textFormat": 0}], "direction": null}}	blue
1	607	version.layout	534	Asesoramiento familiar	f	t	100	separatorWhite	s-service	691af36d8bc453f731112679	Asesoramiento familiar	{"root": {"type": "root", "format": "", "indent": 0, "version": 1, "children": [{"type": "paragraph", "format": "", "indent": 0, "version": 1, "children": [{"mode": "normal", "text": "El asesoramiento familiar es un espacio de acompaamiento profesional que brinda orientacin y estrategias prcticas para mejorar la comunicacin, resolver conflictos y fortalecer los vnculos entre los miembros de la familia. Est dirigido a padres, madres, cuidadores/as o hijos/as, de forma individual o conjunta, segn las necesidades de cada situacin.Se trabaja de forma personalizada y flexible, partiendo siempre de la escucha activa y sin juicios, con un acompaamiento cercano desde la calidez y el respeto.", "type": "text", "style": "", "detail": 0, "format": 0, "version": 1}], "direction": null, "textStyle": "", "textFormat": 0}], "direction": null}}	blue
1	608	version.layout	535	Asesoramiento familiar	f	t	-70	separatorWhite	s-service	691af36d8bc453f731112679	Asesoramiento familiar	{"root": {"type": "root", "format": "", "indent": 0, "version": 1, "children": [{"type": "paragraph", "format": "", "indent": 0, "version": 1, "children": [{"mode": "normal", "text": "El asesoramiento familiar es un espacio de acompaamiento profesional que brinda orientacin y estrategias prcticas para mejorar la comunicacin, resolver conflictos y fortalecer los vnculos entre los miembros de la familia. Est dirigido a padres, madres, cuidadores/as o hijos/as, de forma individual o conjunta, segn las necesidades de cada situacin.Se trabaja de forma personalizada y flexible, partiendo siempre de la escucha activa y sin juicios, con un acompaamiento cercano desde la calidez y el respeto.", "type": "text", "style": "", "detail": 0, "format": 0, "version": 1}], "direction": null, "textStyle": "", "textFormat": 0}], "direction": null}}	blue
1	609	version.layout	536	Asesoramiento familiar	f	t	\N	separatorWhite	s-service	691af36d8bc453f731112679	Asesoramiento familiar	{"root": {"type": "root", "format": "", "indent": 0, "version": 1, "children": [{"type": "paragraph", "format": "", "indent": 0, "version": 1, "children": [{"mode": "normal", "text": "El asesoramiento familiar es un espacio de acompaamiento profesional que brinda orientacin y estrategias prcticas para mejorar la comunicacin, resolver conflictos y fortalecer los vnculos entre los miembros de la familia. Est dirigido a padres, madres, cuidadores/as o hijos/as, de forma individual o conjunta, segn las necesidades de cada situacin.Se trabaja de forma personalizada y flexible, partiendo siempre de la escucha activa y sin juicios, con un acompaamiento cercano desde la calidez y el respeto.", "type": "text", "style": "", "detail": 0, "format": 0, "version": 1}], "direction": null, "textStyle": "", "textFormat": 0}], "direction": null}}	blue
1	610	version.layout	537	Asesoramiento familiar	f	t	-70	separatorWhite	s-service	691af36d8bc453f731112679	Asesoramiento familiar	{"root": {"type": "root", "format": "", "indent": 0, "version": 1, "children": [{"type": "paragraph", "format": "", "indent": 0, "version": 1, "children": [{"mode": "normal", "text": "El asesoramiento familiar es un espacio de acompaamiento profesional que brinda orientacin y estrategias prcticas para mejorar la comunicacin, resolver conflictos y fortalecer los vnculos entre los miembros de la familia. Est dirigido a padres, madres, cuidadores/as o hijos/as, de forma individual o conjunta, segn las necesidades de cada situacin.Se trabaja de forma personalizada y flexible, partiendo siempre de la escucha activa y sin juicios, con un acompaamiento cercano desde la calidez y el respeto.", "type": "text", "style": "", "detail": 0, "format": 0, "version": 1}], "direction": null, "textStyle": "", "textFormat": 0}], "direction": null}}	blue
1	611	version.layout	538	Asesoramiento familiar	f	t	-70	separatorWhite	s-service	691af36d8bc453f731112679	Asesoramiento familiar	{"root": {"type": "root", "format": "", "indent": 0, "version": 1, "children": [{"type": "paragraph", "format": "", "indent": 0, "version": 1, "children": [{"mode": "normal", "text": "El asesoramiento familiar es un espacio de acompaamiento profesional que brinda orientacin y estrategias prcticas para mejorar la comunicacin, resolver conflictos y fortalecer los vnculos entre los miembros de la familia. Est dirigido a padres, madres, cuidadores/as o hijos/as, de forma individual o conjunta, segn las necesidades de cada situacin.Se trabaja de forma personalizada y flexible, partiendo siempre de la escucha activa y sin juicios, con un acompaamiento cercano desde la calidez y el respeto.", "type": "text", "style": "", "detail": 0, "format": 0, "version": 1}], "direction": null, "textStyle": "", "textFormat": 0}], "direction": null}}	dark
1	612	version.layout	539	Asesoramiento familiar	f	t	-70	separatorWhite	s-service	691af36d8bc453f731112679	Asesoramiento familiar	{"root": {"type": "root", "format": "", "indent": 0, "version": 1, "children": [{"type": "paragraph", "format": "", "indent": 0, "version": 1, "children": [{"mode": "normal", "text": "El asesoramiento familiar es un espacio de acompaamiento profesional que brinda orientacin y estrategias prcticas para mejorar la comunicacin, resolver conflictos y fortalecer los vnculos entre los miembros de la familia. Est dirigido a padres, madres, cuidadores/as o hijos/as, de forma individual o conjunta, segn las necesidades de cada situacin.Se trabaja de forma personalizada y flexible, partiendo siempre de la escucha activa y sin juicios, con un acompaamiento cercano desde la calidez y el respeto.", "type": "text", "style": "", "detail": 0, "format": 0, "version": 1}], "direction": null, "textStyle": "", "textFormat": 0}], "direction": null}}	dark
1	842	version.layout	542	Asesoramiento familiar	f	t	-70	separatorWhite	s-service	691af36d8bc453f731112679	Asesoramiento familiar	{"root": {"type": "root", "format": "", "indent": 0, "version": 1, "children": [{"type": "paragraph", "format": "", "indent": 0, "version": 1, "children": [{"mode": "normal", "text": "El asesoramiento familiar es un espacio de acompaamiento profesional que brinda orientacin y estrategias prcticas para mejorar la comunicacin, resolver conflictos y fortalecer los vnculos entre los miembros de la familia. Est dirigido a padres, madres, cuidadores/as o hijos/as, de forma individual o conjunta, segn las necesidades de cada situacin.Se trabaja de forma personalizada y flexible, partiendo siempre de la escucha activa y sin juicios, con un acompaamiento cercano desde la calidez y el respeto.", "type": "text", "style": "", "detail": 0, "format": 0, "version": 1}], "direction": null, "textStyle": "", "textFormat": 0}], "direction": null}}	dark
1	843	version.layout	543	Asesoramiento familiar	f	t	-70	separatorWhite	s-service	691af36d8bc453f731112679	Asesoramiento familiar	{"root": {"type": "root", "format": "", "indent": 0, "version": 1, "children": [{"type": "paragraph", "format": "", "indent": 0, "version": 1, "children": [{"mode": "normal", "text": "El asesoramiento familiar es un espacio de acompaamiento profesional que brinda orientacin y estrategias prcticas para mejorar la comunicacin, resolver conflictos y fortalecer los vnculos entre los miembros de la familia. Est dirigido a padres, madres, cuidadores/as o hijos/as, de forma individual o conjunta, segn las necesidades de cada situacin.Se trabaja de forma personalizada y flexible, partiendo siempre de la escucha activa y sin juicios, con un acompaamiento cercano desde la calidez y el respeto.", "type": "text", "style": "", "detail": 0, "format": 0, "version": 1}], "direction": null, "textStyle": "", "textFormat": 0}], "direction": null}}	dark
1	844	version.layout	544	Asesoramiento familiar	f	t	-70	separatorWhite	s-service	691af36d8bc453f731112679	Asesoramiento familiar	{"root": {"type": "root", "format": "", "indent": 0, "version": 1, "children": [{"type": "paragraph", "format": "", "indent": 0, "version": 1, "children": [{"mode": "normal", "text": "El asesoramiento familiar es un espacio de acompaamiento profesional que brinda orientacin y estrategias prcticas para mejorar la comunicacin, resolver conflictos y fortalecer los vnculos entre los miembros de la familia. Est dirigido a padres, madres, cuidadores/as o hijos/as, de forma individual o conjunta, segn las necesidades de cada situacin.Se trabaja de forma personalizada y flexible, partiendo siempre de la escucha activa y sin juicios, con un acompaamiento cercano desde la calidez y el respeto.", "type": "text", "style": "", "detail": 0, "format": 0, "version": 1}], "direction": null, "textStyle": "", "textFormat": 0}], "direction": null}}	dark
\.


--
-- Data for Name: _pages_v_blocks_service_accordions; Type: TABLE DATA; Schema: public; Owner: -
--

COPY public._pages_v_blocks_service_accordions (_order, _parent_id, id, title, content, _uuid) FROM stdin;
1	533	61	Objetivo	{"root": {"type": "root", "format": "", "indent": 0, "version": 1, "children": [{"type": "paragraph", "format": "", "indent": 0, "version": 1, "children": [{"mode": "normal", "text": "El OBJETIVO es construir un PLAN DE ACCIN PERSONALIZADO que permita transformar situaciones conflictivas o desgastantes en oportunidades para fortalecer los vnculos familiares y mejorar la calidad de vida emocional de todos los integrantes.", "type": "text", "style": "", "detail": 0, "format": 0, "version": 1}], "direction": null, "textStyle": "", "textFormat": 0}, {"type": "paragraph", "format": "", "indent": 0, "version": 1, "children": [{"mode": "normal", "text": "Todo tipo de familia es bienvenida, sin importar su estructura, conformacin o identidad.", "type": "text", "style": "", "detail": 0, "format": 0, "version": 1}], "direction": null, "textStyle": "", "textFormat": 0}], "direction": null}}	691b8181ff8137662ae542ca
2	533	62	Qu se trabaja?	{"root": {"type": "root", "format": "", "indent": 0, "version": 1, "children": [{"tag": "ul", "type": "list", "start": 1, "format": "", "indent": 0, "version": 1, "children": [{"type": "listitem", "value": 1, "format": "", "indent": 0, "version": 1, "children": [{"mode": "normal", "text": "Convivencia y comunicacin efectiva en la familia.", "type": "text", "style": "", "detail": 0, "format": 0, "version": 1}], "direction": null}, {"type": "listitem", "value": 2, "format": "", "indent": 0, "version": 1, "children": [{"mode": "normal", "text": "Establecimiento de lmites y normas desde una crianza respetuosa y consciente.", "type": "text", "style": "", "detail": 0, "format": 0, "version": 1}], "direction": null}, {"type": "listitem", "value": 3, "format": "", "indent": 0, "version": 1, "children": [{"mode": "normal", "text": "Manejo y regulacin de emociones tanto de adultos como de nios y adolescentes.", "type": "text", "style": "", "detail": 0, "format": 0, "version": 1}], "direction": null}, {"type": "listitem", "value": 4, "format": "", "indent": 0, "version": 1, "children": [{"mode": "normal", "text": "Estrategias para resolver conflictos de manera pacfica.", "type": "text", "style": "", "detail": 0, "format": 0, "version": 1}], "direction": null}, {"type": "listitem", "value": 5, "format": "", "indent": 0, "version": 1, "children": [{"mode": "normal", "text": "Apoyo durante etapas de cambio o crisis familiares.", "type": "text", "style": "", "detail": 0, "format": 0, "version": 1}], "direction": null}, {"type": "listitem", "value": 6, "format": "", "indent": 0, "version": 1, "children": [{"mode": "normal", "text": "Prevencin y acompaamiento en situaciones de estrs o tensin familiar", "type": "text", "style": "", "detail": 0, "format": 0, "version": 1}], "direction": null}, {"type": "listitem", "value": 7, "format": "", "indent": 0, "version": 1, "children": [{"mode": "normal", "text": ".Herramientas para afrontar desafos en la vida familiar", "type": "text", "style": "", "detail": 0, "format": 0, "version": 1}], "direction": null}], "listType": "bullet", "direction": null}], "direction": null}}	691b81aa5d8525448ff02543
3	533	63	Beneficios	{"root": {"type": "root", "format": "", "indent": 0, "version": 1, "children": [{"type": "paragraph", "format": "", "indent": 0, "version": 1, "children": [{"mode": "normal", "text": "Mejora la comunicacin entre los miembros de la familia", "type": "text", "style": "", "detail": 0, "format": 1, "version": 1}, {"type": "linebreak", "version": 1}, {"mode": "normal", "text": " Ayuda a expresar emociones, necesidades y desacuerdos de forma ms sana y respetuosa.", "type": "text", "style": "", "detail": 0, "format": 0, "version": 1}], "direction": null, "textStyle": "", "textFormat": 1}, {"type": "paragraph", "format": "", "indent": 0, "version": 1, "children": [{"mode": "normal", "text": "Fortalece los vnculos afectivos", "type": "text", "style": "", "detail": 0, "format": 1, "version": 1}, {"type": "linebreak", "version": 1}, {"mode": "normal", "text": " Promueve el entendimiento mutuo, la empata y el apoyo emocional.", "type": "text", "style": "", "detail": 0, "format": 0, "version": 1}], "direction": null, "textStyle": "", "textFormat": 1}, {"type": "paragraph", "format": "", "indent": 0, "version": 1, "children": [{"mode": "normal", "text": "Previene y resuelve conflictos familiares", "type": "text", "style": "", "detail": 0, "format": 1, "version": 1}, {"type": "linebreak", "version": 1}, {"mode": "normal", "text": " Brinda herramientas para manejar tensiones y desacuerdos.", "type": "text", "style": "", "detail": 0, "format": 0, "version": 1}], "direction": null, "textStyle": "", "textFormat": 1}, {"type": "paragraph", "format": "", "indent": 0, "version": 1, "children": [{"mode": "normal", "text": "Favorece el desarrollo emocional de hijos/as", "type": "text", "style": "", "detail": 0, "format": 1, "version": 1}, {"type": "linebreak", "version": 1}, {"mode": "normal", "text": " Ofrece un entorno ms estable y seguro para nixs y adolescentes crezcan con confianza.", "type": "text", "style": "", "detail": 0, "format": 0, "version": 1}], "direction": null, "textStyle": "", "textFormat": 1}, {"type": "paragraph", "format": "", "indent": 0, "version": 1, "children": [{"mode": "normal", "text": "Acompaa procesos de cambio o transicin", "type": "text", "style": "", "detail": 0, "format": 1, "version": 1}, {"type": "linebreak", "version": 1}, {"mode": "normal", "text": " Como separaciones, mudanzas, duelos, adopciones, nuevas parejas o nacimientos.", "type": "text", "style": "", "detail": 0, "format": 0, "version": 1}], "direction": null, "textStyle": "", "textFormat": 1}, {"type": "paragraph", "format": "", "indent": 0, "version": 1, "children": [{"mode": "normal", "text": "Apoya a padres, madres y cuidadores/as en su rol", "type": "text", "style": "", "detail": 0, "format": 1, "version": 1}, {"type": "linebreak", "version": 1}, {"mode": "normal", "text": " Refuerza habilidades parentales, manejo de lmites y estrategias de crianza.", "type": "text", "style": "", "detail": 0, "format": 0, "version": 1}], "direction": null, "textStyle": "", "textFormat": 1}, {"type": "paragraph", "format": "", "indent": 0, "version": 1, "children": [{"mode": "normal", "text": "Fomenta el bienestar integral de la familia", "type": "text", "style": "", "detail": 0, "format": 1, "version": 1}, {"type": "linebreak", "version": 1}, {"mode": "normal", "text": " Mejora la salud emocional general, reduce el estrs y promueve una convivencia ms armoniosa.", "type": "text", "style": "", "detail": 0, "format": 0, "version": 1}], "direction": null, "textStyle": "", "textFormat": 0}], "direction": null, "textFormat": 1}}	691b85a88d7af98647a587c1
4	533	64	Modalidad	{"root": {"type": "root", "format": "", "indent": 0, "version": 1, "children": [{"type": "paragraph", "format": "", "indent": 0, "version": 1, "children": [{"mode": "normal", "text": "Modalidad online, ideal para quienes prefieren la flexibilidad y comodidad de conectarse desde cualquier lugar.", "type": "text", "style": "", "detail": 0, "format": 1, "version": 1}], "direction": null, "textStyle": "", "textFormat": 1}, {"type": "paragraph", "format": "", "indent": 0, "version": 1, "children": [{"mode": "normal", "text": "Asesoramiento familiar a domicilio, para acompaar a las familias en su entorno cotidiano, facilitando un espacio cercano y cmodo.", "type": "text", "style": "", "detail": 0, "format": 1, "version": 1}], "direction": null, "textStyle": "", "textFormat": 0}], "direction": null, "textFormat": 1}}	691b86134d272e51c67896b2
5	533	65	Tarifa	{"root": {"type": "root", "format": "", "indent": 0, "version": 1, "children": [{"type": "paragraph", "format": "", "indent": 0, "version": 1, "children": [{"mode": "normal", "text": " Sesin de 60 minutos para trabajar un tema concreto o dar seguimiento a procesos a largo plazo.", "type": "text", "style": "", "detail": 0, "format": 0, "version": 1}, {"type": "linebreak", "version": 1}, {"mode": "normal", "text": " Est pensado tanto para familias como para educador@s que necesiten claridad, apoyo y herramientas adaptadas a su situacin.", "type": "text", "style": "", "detail": 0, "format": 0, "version": 1}, {"type": "linebreak", "version": 1}, {"mode": "normal", "text": " Incluye orientacin personalizada y propuesta de accin segn tu caso.", "type": "text", "style": "", "detail": 0, "format": 0, "version": 1}], "direction": null, "textStyle": "", "textFormat": 0}, {"type": "paragraph", "format": "", "indent": 0, "version": 1, "children": [{"mode": "normal", "text": "60 euros", "type": "text", "style": "", "detail": 0, "format": 1, "version": 1}], "direction": null, "textStyle": "", "textFormat": 1}], "direction": null, "textFormat": 1}}	691b86594d272e51c67896b4
1	534	66	Objetivo	{"root": {"type": "root", "format": "", "indent": 0, "version": 1, "children": [{"type": "paragraph", "format": "", "indent": 0, "version": 1, "children": [{"mode": "normal", "text": "El OBJETIVO es construir un PLAN DE ACCIN PERSONALIZADO que permita transformar situaciones conflictivas o desgastantes en oportunidades para fortalecer los vnculos familiares y mejorar la calidad de vida emocional de todos los integrantes.", "type": "text", "style": "", "detail": 0, "format": 0, "version": 1}], "direction": null, "textStyle": "", "textFormat": 0}, {"type": "paragraph", "format": "", "indent": 0, "version": 1, "children": [{"mode": "normal", "text": "Todo tipo de familia es bienvenida, sin importar su estructura, conformacin o identidad.", "type": "text", "style": "", "detail": 0, "format": 0, "version": 1}], "direction": null, "textStyle": "", "textFormat": 0}], "direction": null}}	691b8181ff8137662ae542ca
2	534	67	Qu se trabaja?	{"root": {"type": "root", "format": "", "indent": 0, "version": 1, "children": [{"tag": "ul", "type": "list", "start": 1, "format": "", "indent": 0, "version": 1, "children": [{"type": "listitem", "value": 1, "format": "", "indent": 0, "version": 1, "children": [{"mode": "normal", "text": "Convivencia y comunicacin efectiva en la familia.", "type": "text", "style": "", "detail": 0, "format": 0, "version": 1}], "direction": null}, {"type": "listitem", "value": 2, "format": "", "indent": 0, "version": 1, "children": [{"mode": "normal", "text": "Establecimiento de lmites y normas desde una crianza respetuosa y consciente.", "type": "text", "style": "", "detail": 0, "format": 0, "version": 1}], "direction": null}, {"type": "listitem", "value": 3, "format": "", "indent": 0, "version": 1, "children": [{"mode": "normal", "text": "Manejo y regulacin de emociones tanto de adultos como de nios y adolescentes.", "type": "text", "style": "", "detail": 0, "format": 0, "version": 1}], "direction": null}, {"type": "listitem", "value": 4, "format": "", "indent": 0, "version": 1, "children": [{"mode": "normal", "text": "Estrategias para resolver conflictos de manera pacfica.", "type": "text", "style": "", "detail": 0, "format": 0, "version": 1}], "direction": null}, {"type": "listitem", "value": 5, "format": "", "indent": 0, "version": 1, "children": [{"mode": "normal", "text": "Apoyo durante etapas de cambio o crisis familiares.", "type": "text", "style": "", "detail": 0, "format": 0, "version": 1}], "direction": null}, {"type": "listitem", "value": 6, "format": "", "indent": 0, "version": 1, "children": [{"mode": "normal", "text": "Prevencin y acompaamiento en situaciones de estrs o tensin familiar", "type": "text", "style": "", "detail": 0, "format": 0, "version": 1}], "direction": null}, {"type": "listitem", "value": 7, "format": "", "indent": 0, "version": 1, "children": [{"mode": "normal", "text": ".Herramientas para afrontar desafos en la vida familiar", "type": "text", "style": "", "detail": 0, "format": 0, "version": 1}], "direction": null}], "listType": "bullet", "direction": null}], "direction": null}}	691b81aa5d8525448ff02543
3	534	68	Beneficios	{"root": {"type": "root", "format": "", "indent": 0, "version": 1, "children": [{"type": "paragraph", "format": "", "indent": 0, "version": 1, "children": [{"mode": "normal", "text": "Mejora la comunicacin entre los miembros de la familia", "type": "text", "style": "", "detail": 0, "format": 1, "version": 1}, {"type": "linebreak", "version": 1}, {"mode": "normal", "text": " Ayuda a expresar emociones, necesidades y desacuerdos de forma ms sana y respetuosa.", "type": "text", "style": "", "detail": 0, "format": 0, "version": 1}], "direction": null, "textStyle": "", "textFormat": 1}, {"type": "paragraph", "format": "", "indent": 0, "version": 1, "children": [{"mode": "normal", "text": "Fortalece los vnculos afectivos", "type": "text", "style": "", "detail": 0, "format": 1, "version": 1}, {"type": "linebreak", "version": 1}, {"mode": "normal", "text": " Promueve el entendimiento mutuo, la empata y el apoyo emocional.", "type": "text", "style": "", "detail": 0, "format": 0, "version": 1}], "direction": null, "textStyle": "", "textFormat": 1}, {"type": "paragraph", "format": "", "indent": 0, "version": 1, "children": [{"mode": "normal", "text": "Previene y resuelve conflictos familiares", "type": "text", "style": "", "detail": 0, "format": 1, "version": 1}, {"type": "linebreak", "version": 1}, {"mode": "normal", "text": " Brinda herramientas para manejar tensiones y desacuerdos.", "type": "text", "style": "", "detail": 0, "format": 0, "version": 1}], "direction": null, "textStyle": "", "textFormat": 1}, {"type": "paragraph", "format": "", "indent": 0, "version": 1, "children": [{"mode": "normal", "text": "Favorece el desarrollo emocional de hijos/as", "type": "text", "style": "", "detail": 0, "format": 1, "version": 1}, {"type": "linebreak", "version": 1}, {"mode": "normal", "text": " Ofrece un entorno ms estable y seguro para nixs y adolescentes crezcan con confianza.", "type": "text", "style": "", "detail": 0, "format": 0, "version": 1}], "direction": null, "textStyle": "", "textFormat": 1}, {"type": "paragraph", "format": "", "indent": 0, "version": 1, "children": [{"mode": "normal", "text": "Acompaa procesos de cambio o transicin", "type": "text", "style": "", "detail": 0, "format": 1, "version": 1}, {"type": "linebreak", "version": 1}, {"mode": "normal", "text": " Como separaciones, mudanzas, duelos, adopciones, nuevas parejas o nacimientos.", "type": "text", "style": "", "detail": 0, "format": 0, "version": 1}], "direction": null, "textStyle": "", "textFormat": 1}, {"type": "paragraph", "format": "", "indent": 0, "version": 1, "children": [{"mode": "normal", "text": "Apoya a padres, madres y cuidadores/as en su rol", "type": "text", "style": "", "detail": 0, "format": 1, "version": 1}, {"type": "linebreak", "version": 1}, {"mode": "normal", "text": " Refuerza habilidades parentales, manejo de lmites y estrategias de crianza.", "type": "text", "style": "", "detail": 0, "format": 0, "version": 1}], "direction": null, "textStyle": "", "textFormat": 1}, {"type": "paragraph", "format": "", "indent": 0, "version": 1, "children": [{"mode": "normal", "text": "Fomenta el bienestar integral de la familia", "type": "text", "style": "", "detail": 0, "format": 1, "version": 1}, {"type": "linebreak", "version": 1}, {"mode": "normal", "text": " Mejora la salud emocional general, reduce el estrs y promueve una convivencia ms armoniosa.", "type": "text", "style": "", "detail": 0, "format": 0, "version": 1}], "direction": null, "textStyle": "", "textFormat": 0}], "direction": null, "textFormat": 1}}	691b85a88d7af98647a587c1
4	534	69	Modalidad	{"root": {"type": "root", "format": "", "indent": 0, "version": 1, "children": [{"type": "paragraph", "format": "", "indent": 0, "version": 1, "children": [{"mode": "normal", "text": "Modalidad online, ideal para quienes prefieren la flexibilidad y comodidad de conectarse desde cualquier lugar.", "type": "text", "style": "", "detail": 0, "format": 1, "version": 1}], "direction": null, "textStyle": "", "textFormat": 1}, {"type": "paragraph", "format": "", "indent": 0, "version": 1, "children": [{"mode": "normal", "text": "Asesoramiento familiar a domicilio, para acompaar a las familias en su entorno cotidiano, facilitando un espacio cercano y cmodo.", "type": "text", "style": "", "detail": 0, "format": 1, "version": 1}], "direction": null, "textStyle": "", "textFormat": 0}], "direction": null, "textFormat": 1}}	691b86134d272e51c67896b2
5	534	70	Tarifa	{"root": {"type": "root", "format": "", "indent": 0, "version": 1, "children": [{"type": "paragraph", "format": "", "indent": 0, "version": 1, "children": [{"mode": "normal", "text": " Sesin de 60 minutos para trabajar un tema concreto o dar seguimiento a procesos a largo plazo.", "type": "text", "style": "", "detail": 0, "format": 0, "version": 1}, {"type": "linebreak", "version": 1}, {"mode": "normal", "text": " Est pensado tanto para familias como para educador@s que necesiten claridad, apoyo y herramientas adaptadas a su situacin.", "type": "text", "style": "", "detail": 0, "format": 0, "version": 1}, {"type": "linebreak", "version": 1}, {"mode": "normal", "text": " Incluye orientacin personalizada y propuesta de accin segn tu caso.", "type": "text", "style": "", "detail": 0, "format": 0, "version": 1}], "direction": null, "textStyle": "", "textFormat": 0}, {"type": "paragraph", "format": "", "indent": 0, "version": 1, "children": [{"mode": "normal", "text": "60 euros", "type": "text", "style": "", "detail": 0, "format": 1, "version": 1}], "direction": null, "textStyle": "", "textFormat": 1}], "direction": null, "textFormat": 1}}	691b86594d272e51c67896b4
1	535	71	Objetivo	{"root": {"type": "root", "format": "", "indent": 0, "version": 1, "children": [{"type": "paragraph", "format": "", "indent": 0, "version": 1, "children": [{"mode": "normal", "text": "El OBJETIVO es construir un PLAN DE ACCIN PERSONALIZADO que permita transformar situaciones conflictivas o desgastantes en oportunidades para fortalecer los vnculos familiares y mejorar la calidad de vida emocional de todos los integrantes.", "type": "text", "style": "", "detail": 0, "format": 0, "version": 1}], "direction": null, "textStyle": "", "textFormat": 0}, {"type": "paragraph", "format": "", "indent": 0, "version": 1, "children": [{"mode": "normal", "text": "Todo tipo de familia es bienvenida, sin importar su estructura, conformacin o identidad.", "type": "text", "style": "", "detail": 0, "format": 0, "version": 1}], "direction": null, "textStyle": "", "textFormat": 0}], "direction": null}}	691b8181ff8137662ae542ca
2	535	72	Qu se trabaja?	{"root": {"type": "root", "format": "", "indent": 0, "version": 1, "children": [{"tag": "ul", "type": "list", "start": 1, "format": "", "indent": 0, "version": 1, "children": [{"type": "listitem", "value": 1, "format": "", "indent": 0, "version": 1, "children": [{"mode": "normal", "text": "Convivencia y comunicacin efectiva en la familia.", "type": "text", "style": "", "detail": 0, "format": 0, "version": 1}], "direction": null}, {"type": "listitem", "value": 2, "format": "", "indent": 0, "version": 1, "children": [{"mode": "normal", "text": "Establecimiento de lmites y normas desde una crianza respetuosa y consciente.", "type": "text", "style": "", "detail": 0, "format": 0, "version": 1}], "direction": null}, {"type": "listitem", "value": 3, "format": "", "indent": 0, "version": 1, "children": [{"mode": "normal", "text": "Manejo y regulacin de emociones tanto de adultos como de nios y adolescentes.", "type": "text", "style": "", "detail": 0, "format": 0, "version": 1}], "direction": null}, {"type": "listitem", "value": 4, "format": "", "indent": 0, "version": 1, "children": [{"mode": "normal", "text": "Estrategias para resolver conflictos de manera pacfica.", "type": "text", "style": "", "detail": 0, "format": 0, "version": 1}], "direction": null}, {"type": "listitem", "value": 5, "format": "", "indent": 0, "version": 1, "children": [{"mode": "normal", "text": "Apoyo durante etapas de cambio o crisis familiares.", "type": "text", "style": "", "detail": 0, "format": 0, "version": 1}], "direction": null}, {"type": "listitem", "value": 6, "format": "", "indent": 0, "version": 1, "children": [{"mode": "normal", "text": "Prevencin y acompaamiento en situaciones de estrs o tensin familiar", "type": "text", "style": "", "detail": 0, "format": 0, "version": 1}], "direction": null}, {"type": "listitem", "value": 7, "format": "", "indent": 0, "version": 1, "children": [{"mode": "normal", "text": ".Herramientas para afrontar desafos en la vida familiar", "type": "text", "style": "", "detail": 0, "format": 0, "version": 1}], "direction": null}], "listType": "bullet", "direction": null}], "direction": null}}	691b81aa5d8525448ff02543
3	535	73	Beneficios	{"root": {"type": "root", "format": "", "indent": 0, "version": 1, "children": [{"type": "paragraph", "format": "", "indent": 0, "version": 1, "children": [{"mode": "normal", "text": "Mejora la comunicacin entre los miembros de la familia", "type": "text", "style": "", "detail": 0, "format": 1, "version": 1}, {"type": "linebreak", "version": 1}, {"mode": "normal", "text": " Ayuda a expresar emociones, necesidades y desacuerdos de forma ms sana y respetuosa.", "type": "text", "style": "", "detail": 0, "format": 0, "version": 1}], "direction": null, "textStyle": "", "textFormat": 1}, {"type": "paragraph", "format": "", "indent": 0, "version": 1, "children": [{"mode": "normal", "text": "Fortalece los vnculos afectivos", "type": "text", "style": "", "detail": 0, "format": 1, "version": 1}, {"type": "linebreak", "version": 1}, {"mode": "normal", "text": " Promueve el entendimiento mutuo, la empata y el apoyo emocional.", "type": "text", "style": "", "detail": 0, "format": 0, "version": 1}], "direction": null, "textStyle": "", "textFormat": 1}, {"type": "paragraph", "format": "", "indent": 0, "version": 1, "children": [{"mode": "normal", "text": "Previene y resuelve conflictos familiares", "type": "text", "style": "", "detail": 0, "format": 1, "version": 1}, {"type": "linebreak", "version": 1}, {"mode": "normal", "text": " Brinda herramientas para manejar tensiones y desacuerdos.", "type": "text", "style": "", "detail": 0, "format": 0, "version": 1}], "direction": null, "textStyle": "", "textFormat": 1}, {"type": "paragraph", "format": "", "indent": 0, "version": 1, "children": [{"mode": "normal", "text": "Favorece el desarrollo emocional de hijos/as", "type": "text", "style": "", "detail": 0, "format": 1, "version": 1}, {"type": "linebreak", "version": 1}, {"mode": "normal", "text": " Ofrece un entorno ms estable y seguro para nixs y adolescentes crezcan con confianza.", "type": "text", "style": "", "detail": 0, "format": 0, "version": 1}], "direction": null, "textStyle": "", "textFormat": 1}, {"type": "paragraph", "format": "", "indent": 0, "version": 1, "children": [{"mode": "normal", "text": "Acompaa procesos de cambio o transicin", "type": "text", "style": "", "detail": 0, "format": 1, "version": 1}, {"type": "linebreak", "version": 1}, {"mode": "normal", "text": " Como separaciones, mudanzas, duelos, adopciones, nuevas parejas o nacimientos.", "type": "text", "style": "", "detail": 0, "format": 0, "version": 1}], "direction": null, "textStyle": "", "textFormat": 1}, {"type": "paragraph", "format": "", "indent": 0, "version": 1, "children": [{"mode": "normal", "text": "Apoya a padres, madres y cuidadores/as en su rol", "type": "text", "style": "", "detail": 0, "format": 1, "version": 1}, {"type": "linebreak", "version": 1}, {"mode": "normal", "text": " Refuerza habilidades parentales, manejo de lmites y estrategias de crianza.", "type": "text", "style": "", "detail": 0, "format": 0, "version": 1}], "direction": null, "textStyle": "", "textFormat": 1}, {"type": "paragraph", "format": "", "indent": 0, "version": 1, "children": [{"mode": "normal", "text": "Fomenta el bienestar integral de la familia", "type": "text", "style": "", "detail": 0, "format": 1, "version": 1}, {"type": "linebreak", "version": 1}, {"mode": "normal", "text": " Mejora la salud emocional general, reduce el estrs y promueve una convivencia ms armoniosa.", "type": "text", "style": "", "detail": 0, "format": 0, "version": 1}], "direction": null, "textStyle": "", "textFormat": 0}], "direction": null, "textFormat": 1}}	691b85a88d7af98647a587c1
4	535	74	Modalidad	{"root": {"type": "root", "format": "", "indent": 0, "version": 1, "children": [{"type": "paragraph", "format": "", "indent": 0, "version": 1, "children": [{"mode": "normal", "text": "Modalidad online, ideal para quienes prefieren la flexibilidad y comodidad de conectarse desde cualquier lugar.", "type": "text", "style": "", "detail": 0, "format": 1, "version": 1}], "direction": null, "textStyle": "", "textFormat": 1}, {"type": "paragraph", "format": "", "indent": 0, "version": 1, "children": [{"mode": "normal", "text": "Asesoramiento familiar a domicilio, para acompaar a las familias en su entorno cotidiano, facilitando un espacio cercano y cmodo.", "type": "text", "style": "", "detail": 0, "format": 1, "version": 1}], "direction": null, "textStyle": "", "textFormat": 0}], "direction": null, "textFormat": 1}}	691b86134d272e51c67896b2
5	535	75	Tarifa	{"root": {"type": "root", "format": "", "indent": 0, "version": 1, "children": [{"type": "paragraph", "format": "", "indent": 0, "version": 1, "children": [{"mode": "normal", "text": " Sesin de 60 minutos para trabajar un tema concreto o dar seguimiento a procesos a largo plazo.", "type": "text", "style": "", "detail": 0, "format": 0, "version": 1}, {"type": "linebreak", "version": 1}, {"mode": "normal", "text": " Est pensado tanto para familias como para educador@s que necesiten claridad, apoyo y herramientas adaptadas a su situacin.", "type": "text", "style": "", "detail": 0, "format": 0, "version": 1}, {"type": "linebreak", "version": 1}, {"mode": "normal", "text": " Incluye orientacin personalizada y propuesta de accin segn tu caso.", "type": "text", "style": "", "detail": 0, "format": 0, "version": 1}], "direction": null, "textStyle": "", "textFormat": 0}, {"type": "paragraph", "format": "", "indent": 0, "version": 1, "children": [{"mode": "normal", "text": "60 euros", "type": "text", "style": "", "detail": 0, "format": 1, "version": 1}], "direction": null, "textStyle": "", "textFormat": 1}], "direction": null, "textFormat": 1}}	691b86594d272e51c67896b4
1	536	76	Objetivo	{"root": {"type": "root", "format": "", "indent": 0, "version": 1, "children": [{"type": "paragraph", "format": "", "indent": 0, "version": 1, "children": [{"mode": "normal", "text": "El OBJETIVO es construir un PLAN DE ACCIN PERSONALIZADO que permita transformar situaciones conflictivas o desgastantes en oportunidades para fortalecer los vnculos familiares y mejorar la calidad de vida emocional de todos los integrantes.", "type": "text", "style": "", "detail": 0, "format": 0, "version": 1}], "direction": null, "textStyle": "", "textFormat": 0}, {"type": "paragraph", "format": "", "indent": 0, "version": 1, "children": [{"mode": "normal", "text": "Todo tipo de familia es bienvenida, sin importar su estructura, conformacin o identidad.", "type": "text", "style": "", "detail": 0, "format": 0, "version": 1}], "direction": null, "textStyle": "", "textFormat": 0}], "direction": null}}	691b8181ff8137662ae542ca
2	536	77	Qu se trabaja?	{"root": {"type": "root", "format": "", "indent": 0, "version": 1, "children": [{"tag": "ul", "type": "list", "start": 1, "format": "", "indent": 0, "version": 1, "children": [{"type": "listitem", "value": 1, "format": "", "indent": 0, "version": 1, "children": [{"mode": "normal", "text": "Convivencia y comunicacin efectiva en la familia.", "type": "text", "style": "", "detail": 0, "format": 0, "version": 1}], "direction": null}, {"type": "listitem", "value": 2, "format": "", "indent": 0, "version": 1, "children": [{"mode": "normal", "text": "Establecimiento de lmites y normas desde una crianza respetuosa y consciente.", "type": "text", "style": "", "detail": 0, "format": 0, "version": 1}], "direction": null}, {"type": "listitem", "value": 3, "format": "", "indent": 0, "version": 1, "children": [{"mode": "normal", "text": "Manejo y regulacin de emociones tanto de adultos como de nios y adolescentes.", "type": "text", "style": "", "detail": 0, "format": 0, "version": 1}], "direction": null}, {"type": "listitem", "value": 4, "format": "", "indent": 0, "version": 1, "children": [{"mode": "normal", "text": "Estrategias para resolver conflictos de manera pacfica.", "type": "text", "style": "", "detail": 0, "format": 0, "version": 1}], "direction": null}, {"type": "listitem", "value": 5, "format": "", "indent": 0, "version": 1, "children": [{"mode": "normal", "text": "Apoyo durante etapas de cambio o crisis familiares.", "type": "text", "style": "", "detail": 0, "format": 0, "version": 1}], "direction": null}, {"type": "listitem", "value": 6, "format": "", "indent": 0, "version": 1, "children": [{"mode": "normal", "text": "Prevencin y acompaamiento en situaciones de estrs o tensin familiar", "type": "text", "style": "", "detail": 0, "format": 0, "version": 1}], "direction": null}, {"type": "listitem", "value": 7, "format": "", "indent": 0, "version": 1, "children": [{"mode": "normal", "text": ".Herramientas para afrontar desafos en la vida familiar", "type": "text", "style": "", "detail": 0, "format": 0, "version": 1}], "direction": null}], "listType": "bullet", "direction": null}], "direction": null}}	691b81aa5d8525448ff02543
3	536	78	Beneficios	{"root": {"type": "root", "format": "", "indent": 0, "version": 1, "children": [{"type": "paragraph", "format": "", "indent": 0, "version": 1, "children": [{"mode": "normal", "text": "Mejora la comunicacin entre los miembros de la familia", "type": "text", "style": "", "detail": 0, "format": 1, "version": 1}, {"type": "linebreak", "version": 1}, {"mode": "normal", "text": " Ayuda a expresar emociones, necesidades y desacuerdos de forma ms sana y respetuosa.", "type": "text", "style": "", "detail": 0, "format": 0, "version": 1}], "direction": null, "textStyle": "", "textFormat": 1}, {"type": "paragraph", "format": "", "indent": 0, "version": 1, "children": [{"mode": "normal", "text": "Fortalece los vnculos afectivos", "type": "text", "style": "", "detail": 0, "format": 1, "version": 1}, {"type": "linebreak", "version": 1}, {"mode": "normal", "text": " Promueve el entendimiento mutuo, la empata y el apoyo emocional.", "type": "text", "style": "", "detail": 0, "format": 0, "version": 1}], "direction": null, "textStyle": "", "textFormat": 1}, {"type": "paragraph", "format": "", "indent": 0, "version": 1, "children": [{"mode": "normal", "text": "Previene y resuelve conflictos familiares", "type": "text", "style": "", "detail": 0, "format": 1, "version": 1}, {"type": "linebreak", "version": 1}, {"mode": "normal", "text": " Brinda herramientas para manejar tensiones y desacuerdos.", "type": "text", "style": "", "detail": 0, "format": 0, "version": 1}], "direction": null, "textStyle": "", "textFormat": 1}, {"type": "paragraph", "format": "", "indent": 0, "version": 1, "children": [{"mode": "normal", "text": "Favorece el desarrollo emocional de hijos/as", "type": "text", "style": "", "detail": 0, "format": 1, "version": 1}, {"type": "linebreak", "version": 1}, {"mode": "normal", "text": " Ofrece un entorno ms estable y seguro para nixs y adolescentes crezcan con confianza.", "type": "text", "style": "", "detail": 0, "format": 0, "version": 1}], "direction": null, "textStyle": "", "textFormat": 1}, {"type": "paragraph", "format": "", "indent": 0, "version": 1, "children": [{"mode": "normal", "text": "Acompaa procesos de cambio o transicin", "type": "text", "style": "", "detail": 0, "format": 1, "version": 1}, {"type": "linebreak", "version": 1}, {"mode": "normal", "text": " Como separaciones, mudanzas, duelos, adopciones, nuevas parejas o nacimientos.", "type": "text", "style": "", "detail": 0, "format": 0, "version": 1}], "direction": null, "textStyle": "", "textFormat": 1}, {"type": "paragraph", "format": "", "indent": 0, "version": 1, "children": [{"mode": "normal", "text": "Apoya a padres, madres y cuidadores/as en su rol", "type": "text", "style": "", "detail": 0, "format": 1, "version": 1}, {"type": "linebreak", "version": 1}, {"mode": "normal", "text": " Refuerza habilidades parentales, manejo de lmites y estrategias de crianza.", "type": "text", "style": "", "detail": 0, "format": 0, "version": 1}], "direction": null, "textStyle": "", "textFormat": 1}, {"type": "paragraph", "format": "", "indent": 0, "version": 1, "children": [{"mode": "normal", "text": "Fomenta el bienestar integral de la familia", "type": "text", "style": "", "detail": 0, "format": 1, "version": 1}, {"type": "linebreak", "version": 1}, {"mode": "normal", "text": " Mejora la salud emocional general, reduce el estrs y promueve una convivencia ms armoniosa.", "type": "text", "style": "", "detail": 0, "format": 0, "version": 1}], "direction": null, "textStyle": "", "textFormat": 0}], "direction": null, "textFormat": 1}}	691b85a88d7af98647a587c1
4	536	79	Modalidad	{"root": {"type": "root", "format": "", "indent": 0, "version": 1, "children": [{"type": "paragraph", "format": "", "indent": 0, "version": 1, "children": [{"mode": "normal", "text": "Modalidad online, ideal para quienes prefieren la flexibilidad y comodidad de conectarse desde cualquier lugar.", "type": "text", "style": "", "detail": 0, "format": 1, "version": 1}], "direction": null, "textStyle": "", "textFormat": 1}, {"type": "paragraph", "format": "", "indent": 0, "version": 1, "children": [{"mode": "normal", "text": "Asesoramiento familiar a domicilio, para acompaar a las familias en su entorno cotidiano, facilitando un espacio cercano y cmodo.", "type": "text", "style": "", "detail": 0, "format": 1, "version": 1}], "direction": null, "textStyle": "", "textFormat": 0}], "direction": null, "textFormat": 1}}	691b86134d272e51c67896b2
5	536	80	Tarifa	{"root": {"type": "root", "format": "", "indent": 0, "version": 1, "children": [{"type": "paragraph", "format": "", "indent": 0, "version": 1, "children": [{"mode": "normal", "text": " Sesin de 60 minutos para trabajar un tema concreto o dar seguimiento a procesos a largo plazo.", "type": "text", "style": "", "detail": 0, "format": 0, "version": 1}, {"type": "linebreak", "version": 1}, {"mode": "normal", "text": " Est pensado tanto para familias como para educador@s que necesiten claridad, apoyo y herramientas adaptadas a su situacin.", "type": "text", "style": "", "detail": 0, "format": 0, "version": 1}, {"type": "linebreak", "version": 1}, {"mode": "normal", "text": " Incluye orientacin personalizada y propuesta de accin segn tu caso.", "type": "text", "style": "", "detail": 0, "format": 0, "version": 1}], "direction": null, "textStyle": "", "textFormat": 0}, {"type": "paragraph", "format": "", "indent": 0, "version": 1, "children": [{"mode": "normal", "text": "60 euros", "type": "text", "style": "", "detail": 0, "format": 1, "version": 1}], "direction": null, "textStyle": "", "textFormat": 1}], "direction": null, "textFormat": 1}}	691b86594d272e51c67896b4
1	537	81	Objetivo	{"root": {"type": "root", "format": "", "indent": 0, "version": 1, "children": [{"type": "paragraph", "format": "", "indent": 0, "version": 1, "children": [{"mode": "normal", "text": "El OBJETIVO es construir un PLAN DE ACCIN PERSONALIZADO que permita transformar situaciones conflictivas o desgastantes en oportunidades para fortalecer los vnculos familiares y mejorar la calidad de vida emocional de todos los integrantes.", "type": "text", "style": "", "detail": 0, "format": 0, "version": 1}], "direction": null, "textStyle": "", "textFormat": 0}, {"type": "paragraph", "format": "", "indent": 0, "version": 1, "children": [{"mode": "normal", "text": "Todo tipo de familia es bienvenida, sin importar su estructura, conformacin o identidad.", "type": "text", "style": "", "detail": 0, "format": 0, "version": 1}], "direction": null, "textStyle": "", "textFormat": 0}], "direction": null}}	691b8181ff8137662ae542ca
2	537	82	Qu se trabaja?	{"root": {"type": "root", "format": "", "indent": 0, "version": 1, "children": [{"tag": "ul", "type": "list", "start": 1, "format": "", "indent": 0, "version": 1, "children": [{"type": "listitem", "value": 1, "format": "", "indent": 0, "version": 1, "children": [{"mode": "normal", "text": "Convivencia y comunicacin efectiva en la familia.", "type": "text", "style": "", "detail": 0, "format": 0, "version": 1}], "direction": null}, {"type": "listitem", "value": 2, "format": "", "indent": 0, "version": 1, "children": [{"mode": "normal", "text": "Establecimiento de lmites y normas desde una crianza respetuosa y consciente.", "type": "text", "style": "", "detail": 0, "format": 0, "version": 1}], "direction": null}, {"type": "listitem", "value": 3, "format": "", "indent": 0, "version": 1, "children": [{"mode": "normal", "text": "Manejo y regulacin de emociones tanto de adultos como de nios y adolescentes.", "type": "text", "style": "", "detail": 0, "format": 0, "version": 1}], "direction": null}, {"type": "listitem", "value": 4, "format": "", "indent": 0, "version": 1, "children": [{"mode": "normal", "text": "Estrategias para resolver conflictos de manera pacfica.", "type": "text", "style": "", "detail": 0, "format": 0, "version": 1}], "direction": null}, {"type": "listitem", "value": 5, "format": "", "indent": 0, "version": 1, "children": [{"mode": "normal", "text": "Apoyo durante etapas de cambio o crisis familiares.", "type": "text", "style": "", "detail": 0, "format": 0, "version": 1}], "direction": null}, {"type": "listitem", "value": 6, "format": "", "indent": 0, "version": 1, "children": [{"mode": "normal", "text": "Prevencin y acompaamiento en situaciones de estrs o tensin familiar", "type": "text", "style": "", "detail": 0, "format": 0, "version": 1}], "direction": null}, {"type": "listitem", "value": 7, "format": "", "indent": 0, "version": 1, "children": [{"mode": "normal", "text": ".Herramientas para afrontar desafos en la vida familiar", "type": "text", "style": "", "detail": 0, "format": 0, "version": 1}], "direction": null}], "listType": "bullet", "direction": null}], "direction": null}}	691b81aa5d8525448ff02543
3	537	83	Beneficios	{"root": {"type": "root", "format": "", "indent": 0, "version": 1, "children": [{"type": "paragraph", "format": "", "indent": 0, "version": 1, "children": [{"mode": "normal", "text": "Mejora la comunicacin entre los miembros de la familia", "type": "text", "style": "", "detail": 0, "format": 1, "version": 1}, {"type": "linebreak", "version": 1}, {"mode": "normal", "text": " Ayuda a expresar emociones, necesidades y desacuerdos de forma ms sana y respetuosa.", "type": "text", "style": "", "detail": 0, "format": 0, "version": 1}], "direction": null, "textStyle": "", "textFormat": 1}, {"type": "paragraph", "format": "", "indent": 0, "version": 1, "children": [{"mode": "normal", "text": "Fortalece los vnculos afectivos", "type": "text", "style": "", "detail": 0, "format": 1, "version": 1}, {"type": "linebreak", "version": 1}, {"mode": "normal", "text": " Promueve el entendimiento mutuo, la empata y el apoyo emocional.", "type": "text", "style": "", "detail": 0, "format": 0, "version": 1}], "direction": null, "textStyle": "", "textFormat": 1}, {"type": "paragraph", "format": "", "indent": 0, "version": 1, "children": [{"mode": "normal", "text": "Previene y resuelve conflictos familiares", "type": "text", "style": "", "detail": 0, "format": 1, "version": 1}, {"type": "linebreak", "version": 1}, {"mode": "normal", "text": " Brinda herramientas para manejar tensiones y desacuerdos.", "type": "text", "style": "", "detail": 0, "format": 0, "version": 1}], "direction": null, "textStyle": "", "textFormat": 1}, {"type": "paragraph", "format": "", "indent": 0, "version": 1, "children": [{"mode": "normal", "text": "Favorece el desarrollo emocional de hijos/as", "type": "text", "style": "", "detail": 0, "format": 1, "version": 1}, {"type": "linebreak", "version": 1}, {"mode": "normal", "text": " Ofrece un entorno ms estable y seguro para nixs y adolescentes crezcan con confianza.", "type": "text", "style": "", "detail": 0, "format": 0, "version": 1}], "direction": null, "textStyle": "", "textFormat": 1}, {"type": "paragraph", "format": "", "indent": 0, "version": 1, "children": [{"mode": "normal", "text": "Acompaa procesos de cambio o transicin", "type": "text", "style": "", "detail": 0, "format": 1, "version": 1}, {"type": "linebreak", "version": 1}, {"mode": "normal", "text": " Como separaciones, mudanzas, duelos, adopciones, nuevas parejas o nacimientos.", "type": "text", "style": "", "detail": 0, "format": 0, "version": 1}], "direction": null, "textStyle": "", "textFormat": 1}, {"type": "paragraph", "format": "", "indent": 0, "version": 1, "children": [{"mode": "normal", "text": "Apoya a padres, madres y cuidadores/as en su rol", "type": "text", "style": "", "detail": 0, "format": 1, "version": 1}, {"type": "linebreak", "version": 1}, {"mode": "normal", "text": " Refuerza habilidades parentales, manejo de lmites y estrategias de crianza.", "type": "text", "style": "", "detail": 0, "format": 0, "version": 1}], "direction": null, "textStyle": "", "textFormat": 1}, {"type": "paragraph", "format": "", "indent": 0, "version": 1, "children": [{"mode": "normal", "text": "Fomenta el bienestar integral de la familia", "type": "text", "style": "", "detail": 0, "format": 1, "version": 1}, {"type": "linebreak", "version": 1}, {"mode": "normal", "text": " Mejora la salud emocional general, reduce el estrs y promueve una convivencia ms armoniosa.", "type": "text", "style": "", "detail": 0, "format": 0, "version": 1}], "direction": null, "textStyle": "", "textFormat": 0}], "direction": null, "textFormat": 1}}	691b85a88d7af98647a587c1
4	537	84	Modalidad	{"root": {"type": "root", "format": "", "indent": 0, "version": 1, "children": [{"type": "paragraph", "format": "", "indent": 0, "version": 1, "children": [{"mode": "normal", "text": "Modalidad online, ideal para quienes prefieren la flexibilidad y comodidad de conectarse desde cualquier lugar.", "type": "text", "style": "", "detail": 0, "format": 1, "version": 1}], "direction": null, "textStyle": "", "textFormat": 1}, {"type": "paragraph", "format": "", "indent": 0, "version": 1, "children": [{"mode": "normal", "text": "Asesoramiento familiar a domicilio, para acompaar a las familias en su entorno cotidiano, facilitando un espacio cercano y cmodo.", "type": "text", "style": "", "detail": 0, "format": 1, "version": 1}], "direction": null, "textStyle": "", "textFormat": 0}], "direction": null, "textFormat": 1}}	691b86134d272e51c67896b2
5	537	85	Tarifa	{"root": {"type": "root", "format": "", "indent": 0, "version": 1, "children": [{"type": "paragraph", "format": "", "indent": 0, "version": 1, "children": [{"mode": "normal", "text": " Sesin de 60 minutos para trabajar un tema concreto o dar seguimiento a procesos a largo plazo.", "type": "text", "style": "", "detail": 0, "format": 0, "version": 1}, {"type": "linebreak", "version": 1}, {"mode": "normal", "text": " Est pensado tanto para familias como para educador@s que necesiten claridad, apoyo y herramientas adaptadas a su situacin.", "type": "text", "style": "", "detail": 0, "format": 0, "version": 1}, {"type": "linebreak", "version": 1}, {"mode": "normal", "text": " Incluye orientacin personalizada y propuesta de accin segn tu caso.", "type": "text", "style": "", "detail": 0, "format": 0, "version": 1}], "direction": null, "textStyle": "", "textFormat": 0}, {"type": "paragraph", "format": "", "indent": 0, "version": 1, "children": [{"mode": "normal", "text": "60 euros", "type": "text", "style": "", "detail": 0, "format": 1, "version": 1}], "direction": null, "textStyle": "", "textFormat": 1}], "direction": null, "textFormat": 1}}	691b86594d272e51c67896b4
1	538	86	Objetivo	{"root": {"type": "root", "format": "", "indent": 0, "version": 1, "children": [{"type": "paragraph", "format": "", "indent": 0, "version": 1, "children": [{"mode": "normal", "text": "El OBJETIVO es construir un PLAN DE ACCIN PERSONALIZADO que permita transformar situaciones conflictivas o desgastantes en oportunidades para fortalecer los vnculos familiares y mejorar la calidad de vida emocional de todos los integrantes.", "type": "text", "style": "", "detail": 0, "format": 0, "version": 1}], "direction": null, "textStyle": "", "textFormat": 0}, {"type": "paragraph", "format": "", "indent": 0, "version": 1, "children": [{"mode": "normal", "text": "Todo tipo de familia es bienvenida, sin importar su estructura, conformacin o identidad.", "type": "text", "style": "", "detail": 0, "format": 0, "version": 1}], "direction": null, "textStyle": "", "textFormat": 0}], "direction": null}}	691b8181ff8137662ae542ca
2	538	87	Qu se trabaja?	{"root": {"type": "root", "format": "", "indent": 0, "version": 1, "children": [{"tag": "ul", "type": "list", "start": 1, "format": "", "indent": 0, "version": 1, "children": [{"type": "listitem", "value": 1, "format": "", "indent": 0, "version": 1, "children": [{"mode": "normal", "text": "Convivencia y comunicacin efectiva en la familia.", "type": "text", "style": "", "detail": 0, "format": 0, "version": 1}], "direction": null}, {"type": "listitem", "value": 2, "format": "", "indent": 0, "version": 1, "children": [{"mode": "normal", "text": "Establecimiento de lmites y normas desde una crianza respetuosa y consciente.", "type": "text", "style": "", "detail": 0, "format": 0, "version": 1}], "direction": null}, {"type": "listitem", "value": 3, "format": "", "indent": 0, "version": 1, "children": [{"mode": "normal", "text": "Manejo y regulacin de emociones tanto de adultos como de nios y adolescentes.", "type": "text", "style": "", "detail": 0, "format": 0, "version": 1}], "direction": null}, {"type": "listitem", "value": 4, "format": "", "indent": 0, "version": 1, "children": [{"mode": "normal", "text": "Estrategias para resolver conflictos de manera pacfica.", "type": "text", "style": "", "detail": 0, "format": 0, "version": 1}], "direction": null}, {"type": "listitem", "value": 5, "format": "", "indent": 0, "version": 1, "children": [{"mode": "normal", "text": "Apoyo durante etapas de cambio o crisis familiares.", "type": "text", "style": "", "detail": 0, "format": 0, "version": 1}], "direction": null}, {"type": "listitem", "value": 6, "format": "", "indent": 0, "version": 1, "children": [{"mode": "normal", "text": "Prevencin y acompaamiento en situaciones de estrs o tensin familiar", "type": "text", "style": "", "detail": 0, "format": 0, "version": 1}], "direction": null}, {"type": "listitem", "value": 7, "format": "", "indent": 0, "version": 1, "children": [{"mode": "normal", "text": ".Herramientas para afrontar desafos en la vida familiar", "type": "text", "style": "", "detail": 0, "format": 0, "version": 1}], "direction": null}], "listType": "bullet", "direction": null}], "direction": null}}	691b81aa5d8525448ff02543
3	538	88	Beneficios	{"root": {"type": "root", "format": "", "indent": 0, "version": 1, "children": [{"type": "paragraph", "format": "", "indent": 0, "version": 1, "children": [{"mode": "normal", "text": "Mejora la comunicacin entre los miembros de la familia", "type": "text", "style": "", "detail": 0, "format": 1, "version": 1}, {"type": "linebreak", "version": 1}, {"mode": "normal", "text": " Ayuda a expresar emociones, necesidades y desacuerdos de forma ms sana y respetuosa.", "type": "text", "style": "", "detail": 0, "format": 0, "version": 1}], "direction": null, "textStyle": "", "textFormat": 1}, {"type": "paragraph", "format": "", "indent": 0, "version": 1, "children": [{"mode": "normal", "text": "Fortalece los vnculos afectivos", "type": "text", "style": "", "detail": 0, "format": 1, "version": 1}, {"type": "linebreak", "version": 1}, {"mode": "normal", "text": " Promueve el entendimiento mutuo, la empata y el apoyo emocional.", "type": "text", "style": "", "detail": 0, "format": 0, "version": 1}], "direction": null, "textStyle": "", "textFormat": 1}, {"type": "paragraph", "format": "", "indent": 0, "version": 1, "children": [{"mode": "normal", "text": "Previene y resuelve conflictos familiares", "type": "text", "style": "", "detail": 0, "format": 1, "version": 1}, {"type": "linebreak", "version": 1}, {"mode": "normal", "text": " Brinda herramientas para manejar tensiones y desacuerdos.", "type": "text", "style": "", "detail": 0, "format": 0, "version": 1}], "direction": null, "textStyle": "", "textFormat": 1}, {"type": "paragraph", "format": "", "indent": 0, "version": 1, "children": [{"mode": "normal", "text": "Favorece el desarrollo emocional de hijos/as", "type": "text", "style": "", "detail": 0, "format": 1, "version": 1}, {"type": "linebreak", "version": 1}, {"mode": "normal", "text": " Ofrece un entorno ms estable y seguro para nixs y adolescentes crezcan con confianza.", "type": "text", "style": "", "detail": 0, "format": 0, "version": 1}], "direction": null, "textStyle": "", "textFormat": 1}, {"type": "paragraph", "format": "", "indent": 0, "version": 1, "children": [{"mode": "normal", "text": "Acompaa procesos de cambio o transicin", "type": "text", "style": "", "detail": 0, "format": 1, "version": 1}, {"type": "linebreak", "version": 1}, {"mode": "normal", "text": " Como separaciones, mudanzas, duelos, adopciones, nuevas parejas o nacimientos.", "type": "text", "style": "", "detail": 0, "format": 0, "version": 1}], "direction": null, "textStyle": "", "textFormat": 1}, {"type": "paragraph", "format": "", "indent": 0, "version": 1, "children": [{"mode": "normal", "text": "Apoya a padres, madres y cuidadores/as en su rol", "type": "text", "style": "", "detail": 0, "format": 1, "version": 1}, {"type": "linebreak", "version": 1}, {"mode": "normal", "text": " Refuerza habilidades parentales, manejo de lmites y estrategias de crianza.", "type": "text", "style": "", "detail": 0, "format": 0, "version": 1}], "direction": null, "textStyle": "", "textFormat": 1}, {"type": "paragraph", "format": "", "indent": 0, "version": 1, "children": [{"mode": "normal", "text": "Fomenta el bienestar integral de la familia", "type": "text", "style": "", "detail": 0, "format": 1, "version": 1}, {"type": "linebreak", "version": 1}, {"mode": "normal", "text": " Mejora la salud emocional general, reduce el estrs y promueve una convivencia ms armoniosa.", "type": "text", "style": "", "detail": 0, "format": 0, "version": 1}], "direction": null, "textStyle": "", "textFormat": 0}], "direction": null, "textFormat": 1}}	691b85a88d7af98647a587c1
4	538	89	Modalidad	{"root": {"type": "root", "format": "", "indent": 0, "version": 1, "children": [{"type": "paragraph", "format": "", "indent": 0, "version": 1, "children": [{"mode": "normal", "text": "Modalidad online, ideal para quienes prefieren la flexibilidad y comodidad de conectarse desde cualquier lugar.", "type": "text", "style": "", "detail": 0, "format": 1, "version": 1}], "direction": null, "textStyle": "", "textFormat": 1}, {"type": "paragraph", "format": "", "indent": 0, "version": 1, "children": [{"mode": "normal", "text": "Asesoramiento familiar a domicilio, para acompaar a las familias en su entorno cotidiano, facilitando un espacio cercano y cmodo.", "type": "text", "style": "", "detail": 0, "format": 1, "version": 1}], "direction": null, "textStyle": "", "textFormat": 0}], "direction": null, "textFormat": 1}}	691b86134d272e51c67896b2
5	538	90	Tarifa	{"root": {"type": "root", "format": "", "indent": 0, "version": 1, "children": [{"type": "paragraph", "format": "", "indent": 0, "version": 1, "children": [{"mode": "normal", "text": " Sesin de 60 minutos para trabajar un tema concreto o dar seguimiento a procesos a largo plazo.", "type": "text", "style": "", "detail": 0, "format": 0, "version": 1}, {"type": "linebreak", "version": 1}, {"mode": "normal", "text": " Est pensado tanto para familias como para educador@s que necesiten claridad, apoyo y herramientas adaptadas a su situacin.", "type": "text", "style": "", "detail": 0, "format": 0, "version": 1}, {"type": "linebreak", "version": 1}, {"mode": "normal", "text": " Incluye orientacin personalizada y propuesta de accin segn tu caso.", "type": "text", "style": "", "detail": 0, "format": 0, "version": 1}], "direction": null, "textStyle": "", "textFormat": 0}, {"type": "paragraph", "format": "", "indent": 0, "version": 1, "children": [{"mode": "normal", "text": "60 euros", "type": "text", "style": "", "detail": 0, "format": 1, "version": 1}], "direction": null, "textStyle": "", "textFormat": 1}], "direction": null, "textFormat": 1}}	691b86594d272e51c67896b4
1	539	91	Objetivo	{"root": {"type": "root", "format": "", "indent": 0, "version": 1, "children": [{"type": "paragraph", "format": "", "indent": 0, "version": 1, "children": [{"mode": "normal", "text": "El OBJETIVO es construir un PLAN DE ACCIN PERSONALIZADO que permita transformar situaciones conflictivas o desgastantes en oportunidades para fortalecer los vnculos familiares y mejorar la calidad de vida emocional de todos los integrantes.", "type": "text", "style": "", "detail": 0, "format": 0, "version": 1}], "direction": null, "textStyle": "", "textFormat": 0}, {"type": "paragraph", "format": "", "indent": 0, "version": 1, "children": [{"mode": "normal", "text": "Todo tipo de familia es bienvenida, sin importar su estructura, conformacin o identidad.", "type": "text", "style": "", "detail": 0, "format": 0, "version": 1}], "direction": null, "textStyle": "", "textFormat": 0}], "direction": null}}	691b8181ff8137662ae542ca
2	539	92	Qu se trabaja?	{"root": {"type": "root", "format": "", "indent": 0, "version": 1, "children": [{"tag": "ul", "type": "list", "start": 1, "format": "", "indent": 0, "version": 1, "children": [{"type": "listitem", "value": 1, "format": "", "indent": 0, "version": 1, "children": [{"mode": "normal", "text": "Convivencia y comunicacin efectiva en la familia.", "type": "text", "style": "", "detail": 0, "format": 0, "version": 1}], "direction": null}, {"type": "listitem", "value": 2, "format": "", "indent": 0, "version": 1, "children": [{"mode": "normal", "text": "Establecimiento de lmites y normas desde una crianza respetuosa y consciente.", "type": "text", "style": "", "detail": 0, "format": 0, "version": 1}], "direction": null}, {"type": "listitem", "value": 3, "format": "", "indent": 0, "version": 1, "children": [{"mode": "normal", "text": "Manejo y regulacin de emociones tanto de adultos como de nios y adolescentes.", "type": "text", "style": "", "detail": 0, "format": 0, "version": 1}], "direction": null}, {"type": "listitem", "value": 4, "format": "", "indent": 0, "version": 1, "children": [{"mode": "normal", "text": "Estrategias para resolver conflictos de manera pacfica.", "type": "text", "style": "", "detail": 0, "format": 0, "version": 1}], "direction": null}, {"type": "listitem", "value": 5, "format": "", "indent": 0, "version": 1, "children": [{"mode": "normal", "text": "Apoyo durante etapas de cambio o crisis familiares.", "type": "text", "style": "", "detail": 0, "format": 0, "version": 1}], "direction": null}, {"type": "listitem", "value": 6, "format": "", "indent": 0, "version": 1, "children": [{"mode": "normal", "text": "Prevencin y acompaamiento en situaciones de estrs o tensin familiar", "type": "text", "style": "", "detail": 0, "format": 0, "version": 1}], "direction": null}, {"type": "listitem", "value": 7, "format": "", "indent": 0, "version": 1, "children": [{"mode": "normal", "text": ".Herramientas para afrontar desafos en la vida familiar", "type": "text", "style": "", "detail": 0, "format": 0, "version": 1}], "direction": null}], "listType": "bullet", "direction": null}], "direction": null}}	691b81aa5d8525448ff02543
3	539	93	Beneficios	{"root": {"type": "root", "format": "", "indent": 0, "version": 1, "children": [{"type": "paragraph", "format": "", "indent": 0, "version": 1, "children": [{"mode": "normal", "text": "Mejora la comunicacin entre los miembros de la familia", "type": "text", "style": "", "detail": 0, "format": 1, "version": 1}, {"type": "linebreak", "version": 1}, {"mode": "normal", "text": " Ayuda a expresar emociones, necesidades y desacuerdos de forma ms sana y respetuosa.", "type": "text", "style": "", "detail": 0, "format": 0, "version": 1}], "direction": null, "textStyle": "", "textFormat": 1}, {"type": "paragraph", "format": "", "indent": 0, "version": 1, "children": [{"mode": "normal", "text": "Fortalece los vnculos afectivos", "type": "text", "style": "", "detail": 0, "format": 1, "version": 1}, {"type": "linebreak", "version": 1}, {"mode": "normal", "text": " Promueve el entendimiento mutuo, la empata y el apoyo emocional.", "type": "text", "style": "", "detail": 0, "format": 0, "version": 1}], "direction": null, "textStyle": "", "textFormat": 1}, {"type": "paragraph", "format": "", "indent": 0, "version": 1, "children": [{"mode": "normal", "text": "Previene y resuelve conflictos familiares", "type": "text", "style": "", "detail": 0, "format": 1, "version": 1}, {"type": "linebreak", "version": 1}, {"mode": "normal", "text": " Brinda herramientas para manejar tensiones y desacuerdos.", "type": "text", "style": "", "detail": 0, "format": 0, "version": 1}], "direction": null, "textStyle": "", "textFormat": 1}, {"type": "paragraph", "format": "", "indent": 0, "version": 1, "children": [{"mode": "normal", "text": "Favorece el desarrollo emocional de hijos/as", "type": "text", "style": "", "detail": 0, "format": 1, "version": 1}, {"type": "linebreak", "version": 1}, {"mode": "normal", "text": " Ofrece un entorno ms estable y seguro para nixs y adolescentes crezcan con confianza.", "type": "text", "style": "", "detail": 0, "format": 0, "version": 1}], "direction": null, "textStyle": "", "textFormat": 1}, {"type": "paragraph", "format": "", "indent": 0, "version": 1, "children": [{"mode": "normal", "text": "Acompaa procesos de cambio o transicin", "type": "text", "style": "", "detail": 0, "format": 1, "version": 1}, {"type": "linebreak", "version": 1}, {"mode": "normal", "text": " Como separaciones, mudanzas, duelos, adopciones, nuevas parejas o nacimientos.", "type": "text", "style": "", "detail": 0, "format": 0, "version": 1}], "direction": null, "textStyle": "", "textFormat": 1}, {"type": "paragraph", "format": "", "indent": 0, "version": 1, "children": [{"mode": "normal", "text": "Apoya a padres, madres y cuidadores/as en su rol", "type": "text", "style": "", "detail": 0, "format": 1, "version": 1}, {"type": "linebreak", "version": 1}, {"mode": "normal", "text": " Refuerza habilidades parentales, manejo de lmites y estrategias de crianza.", "type": "text", "style": "", "detail": 0, "format": 0, "version": 1}], "direction": null, "textStyle": "", "textFormat": 1}, {"type": "paragraph", "format": "", "indent": 0, "version": 1, "children": [{"mode": "normal", "text": "Fomenta el bienestar integral de la familia", "type": "text", "style": "", "detail": 0, "format": 1, "version": 1}, {"type": "linebreak", "version": 1}, {"mode": "normal", "text": " Mejora la salud emocional general, reduce el estrs y promueve una convivencia ms armoniosa.", "type": "text", "style": "", "detail": 0, "format": 0, "version": 1}], "direction": null, "textStyle": "", "textFormat": 0}], "direction": null, "textFormat": 1}}	691b85a88d7af98647a587c1
4	539	94	Modalidad	{"root": {"type": "root", "format": "", "indent": 0, "version": 1, "children": [{"type": "paragraph", "format": "", "indent": 0, "version": 1, "children": [{"mode": "normal", "text": "Modalidad online, ideal para quienes prefieren la flexibilidad y comodidad de conectarse desde cualquier lugar.", "type": "text", "style": "", "detail": 0, "format": 1, "version": 1}], "direction": null, "textStyle": "", "textFormat": 1}, {"type": "paragraph", "format": "", "indent": 0, "version": 1, "children": [{"mode": "normal", "text": "Asesoramiento familiar a domicilio, para acompaar a las familias en su entorno cotidiano, facilitando un espacio cercano y cmodo.", "type": "text", "style": "", "detail": 0, "format": 1, "version": 1}], "direction": null, "textStyle": "", "textFormat": 0}], "direction": null, "textFormat": 1}}	691b86134d272e51c67896b2
5	539	95	Tarifa	{"root": {"type": "root", "format": "", "indent": 0, "version": 1, "children": [{"type": "paragraph", "format": "", "indent": 0, "version": 1, "children": [{"mode": "normal", "text": " Sesin de 60 minutos para trabajar un tema concreto o dar seguimiento a procesos a largo plazo.", "type": "text", "style": "", "detail": 0, "format": 0, "version": 1}, {"type": "linebreak", "version": 1}, {"mode": "normal", "text": " Est pensado tanto para familias como para educador@s que necesiten claridad, apoyo y herramientas adaptadas a su situacin.", "type": "text", "style": "", "detail": 0, "format": 0, "version": 1}, {"type": "linebreak", "version": 1}, {"mode": "normal", "text": " Incluye orientacin personalizada y propuesta de accin segn tu caso.", "type": "text", "style": "", "detail": 0, "format": 0, "version": 1}], "direction": null, "textStyle": "", "textFormat": 0}, {"type": "paragraph", "format": "", "indent": 0, "version": 1, "children": [{"mode": "normal", "text": "60 euros", "type": "text", "style": "", "detail": 0, "format": 1, "version": 1}], "direction": null, "textStyle": "", "textFormat": 1}], "direction": null, "textFormat": 1}}	691b86594d272e51c67896b4
1	542	106	Objetivo	{"root": {"type": "root", "format": "", "indent": 0, "version": 1, "children": [{"type": "paragraph", "format": "", "indent": 0, "version": 1, "children": [{"mode": "normal", "text": "El OBJETIVO es construir un PLAN DE ACCIN PERSONALIZADO que permita transformar situaciones conflictivas o desgastantes en oportunidades para fortalecer los vnculos familiares y mejorar la calidad de vida emocional de todos los integrantes.", "type": "text", "style": "", "detail": 0, "format": 0, "version": 1}], "direction": null, "textStyle": "", "textFormat": 0}, {"type": "paragraph", "format": "", "indent": 0, "version": 1, "children": [{"mode": "normal", "text": "Todo tipo de familia es bienvenida, sin importar su estructura, conformacin o identidad.", "type": "text", "style": "", "detail": 0, "format": 0, "version": 1}], "direction": null, "textStyle": "", "textFormat": 0}], "direction": null}}	691b8181ff8137662ae542ca
2	542	107	Qu se trabaja?	{"root": {"type": "root", "format": "", "indent": 0, "version": 1, "children": [{"tag": "ul", "type": "list", "start": 1, "format": "", "indent": 0, "version": 1, "children": [{"type": "listitem", "value": 1, "format": "", "indent": 0, "version": 1, "children": [{"mode": "normal", "text": "Convivencia y comunicacin efectiva en la familia.", "type": "text", "style": "", "detail": 0, "format": 0, "version": 1}], "direction": null}, {"type": "listitem", "value": 2, "format": "", "indent": 0, "version": 1, "children": [{"mode": "normal", "text": "Establecimiento de lmites y normas desde una crianza respetuosa y consciente.", "type": "text", "style": "", "detail": 0, "format": 0, "version": 1}], "direction": null}, {"type": "listitem", "value": 3, "format": "", "indent": 0, "version": 1, "children": [{"mode": "normal", "text": "Manejo y regulacin de emociones tanto de adultos como de nios y adolescentes.", "type": "text", "style": "", "detail": 0, "format": 0, "version": 1}], "direction": null}, {"type": "listitem", "value": 4, "format": "", "indent": 0, "version": 1, "children": [{"mode": "normal", "text": "Estrategias para resolver conflictos de manera pacfica.", "type": "text", "style": "", "detail": 0, "format": 0, "version": 1}], "direction": null}, {"type": "listitem", "value": 5, "format": "", "indent": 0, "version": 1, "children": [{"mode": "normal", "text": "Apoyo durante etapas de cambio o crisis familiares.", "type": "text", "style": "", "detail": 0, "format": 0, "version": 1}], "direction": null}, {"type": "listitem", "value": 6, "format": "", "indent": 0, "version": 1, "children": [{"mode": "normal", "text": "Prevencin y acompaamiento en situaciones de estrs o tensin familiar", "type": "text", "style": "", "detail": 0, "format": 0, "version": 1}], "direction": null}, {"type": "listitem", "value": 7, "format": "", "indent": 0, "version": 1, "children": [{"mode": "normal", "text": ".Herramientas para afrontar desafos en la vida familiar", "type": "text", "style": "", "detail": 0, "format": 0, "version": 1}], "direction": null}], "listType": "bullet", "direction": null}], "direction": null}}	691b81aa5d8525448ff02543
3	542	108	Beneficios	{"root": {"type": "root", "format": "", "indent": 0, "version": 1, "children": [{"type": "paragraph", "format": "", "indent": 0, "version": 1, "children": [{"mode": "normal", "text": "Mejora la comunicacin entre los miembros de la familia", "type": "text", "style": "", "detail": 0, "format": 1, "version": 1}, {"type": "linebreak", "version": 1}, {"mode": "normal", "text": " Ayuda a expresar emociones, necesidades y desacuerdos de forma ms sana y respetuosa.", "type": "text", "style": "", "detail": 0, "format": 0, "version": 1}], "direction": null, "textStyle": "", "textFormat": 1}, {"type": "paragraph", "format": "", "indent": 0, "version": 1, "children": [{"mode": "normal", "text": "Fortalece los vnculos afectivos", "type": "text", "style": "", "detail": 0, "format": 1, "version": 1}, {"type": "linebreak", "version": 1}, {"mode": "normal", "text": " Promueve el entendimiento mutuo, la empata y el apoyo emocional.", "type": "text", "style": "", "detail": 0, "format": 0, "version": 1}], "direction": null, "textStyle": "", "textFormat": 1}, {"type": "paragraph", "format": "", "indent": 0, "version": 1, "children": [{"mode": "normal", "text": "Previene y resuelve conflictos familiares", "type": "text", "style": "", "detail": 0, "format": 1, "version": 1}, {"type": "linebreak", "version": 1}, {"mode": "normal", "text": " Brinda herramientas para manejar tensiones y desacuerdos.", "type": "text", "style": "", "detail": 0, "format": 0, "version": 1}], "direction": null, "textStyle": "", "textFormat": 1}, {"type": "paragraph", "format": "", "indent": 0, "version": 1, "children": [{"mode": "normal", "text": "Favorece el desarrollo emocional de hijos/as", "type": "text", "style": "", "detail": 0, "format": 1, "version": 1}, {"type": "linebreak", "version": 1}, {"mode": "normal", "text": " Ofrece un entorno ms estable y seguro para nixs y adolescentes crezcan con confianza.", "type": "text", "style": "", "detail": 0, "format": 0, "version": 1}], "direction": null, "textStyle": "", "textFormat": 1}, {"type": "paragraph", "format": "", "indent": 0, "version": 1, "children": [{"mode": "normal", "text": "Acompaa procesos de cambio o transicin", "type": "text", "style": "", "detail": 0, "format": 1, "version": 1}, {"type": "linebreak", "version": 1}, {"mode": "normal", "text": " Como separaciones, mudanzas, duelos, adopciones, nuevas parejas o nacimientos.", "type": "text", "style": "", "detail": 0, "format": 0, "version": 1}], "direction": null, "textStyle": "", "textFormat": 1}, {"type": "paragraph", "format": "", "indent": 0, "version": 1, "children": [{"mode": "normal", "text": "Apoya a padres, madres y cuidadores/as en su rol", "type": "text", "style": "", "detail": 0, "format": 1, "version": 1}, {"type": "linebreak", "version": 1}, {"mode": "normal", "text": " Refuerza habilidades parentales, manejo de lmites y estrategias de crianza.", "type": "text", "style": "", "detail": 0, "format": 0, "version": 1}], "direction": null, "textStyle": "", "textFormat": 1}, {"type": "paragraph", "format": "", "indent": 0, "version": 1, "children": [{"mode": "normal", "text": "Fomenta el bienestar integral de la familia", "type": "text", "style": "", "detail": 0, "format": 1, "version": 1}, {"type": "linebreak", "version": 1}, {"mode": "normal", "text": " Mejora la salud emocional general, reduce el estrs y promueve una convivencia ms armoniosa.", "type": "text", "style": "", "detail": 0, "format": 0, "version": 1}], "direction": null, "textStyle": "", "textFormat": 0}], "direction": null, "textFormat": 1}}	691b85a88d7af98647a587c1
4	542	109	Modalidad	{"root": {"type": "root", "format": "", "indent": 0, "version": 1, "children": [{"type": "paragraph", "format": "", "indent": 0, "version": 1, "children": [{"mode": "normal", "text": "Modalidad online, ideal para quienes prefieren la flexibilidad y comodidad de conectarse desde cualquier lugar.", "type": "text", "style": "", "detail": 0, "format": 1, "version": 1}], "direction": null, "textStyle": "", "textFormat": 1}, {"type": "paragraph", "format": "", "indent": 0, "version": 1, "children": [{"mode": "normal", "text": "Asesoramiento familiar a domicilio, para acompaar a las familias en su entorno cotidiano, facilitando un espacio cercano y cmodo.", "type": "text", "style": "", "detail": 0, "format": 1, "version": 1}], "direction": null, "textStyle": "", "textFormat": 0}], "direction": null, "textFormat": 1}}	691b86134d272e51c67896b2
5	542	110	Tarifa	{"root": {"type": "root", "format": "", "indent": 0, "version": 1, "children": [{"type": "paragraph", "format": "", "indent": 0, "version": 1, "children": [{"mode": "normal", "text": " Sesin de 60 minutos para trabajar un tema concreto o dar seguimiento a procesos a largo plazo.", "type": "text", "style": "", "detail": 0, "format": 0, "version": 1}, {"type": "linebreak", "version": 1}, {"mode": "normal", "text": " Est pensado tanto para familias como para educador@s que necesiten claridad, apoyo y herramientas adaptadas a su situacin.", "type": "text", "style": "", "detail": 0, "format": 0, "version": 1}, {"type": "linebreak", "version": 1}, {"mode": "normal", "text": " Incluye orientacin personalizada y propuesta de accin segn tu caso.", "type": "text", "style": "", "detail": 0, "format": 0, "version": 1}], "direction": null, "textStyle": "", "textFormat": 0}, {"type": "paragraph", "format": "", "indent": 0, "version": 1, "children": [{"mode": "normal", "text": "60 euros", "type": "text", "style": "", "detail": 0, "format": 1, "version": 1}], "direction": null, "textStyle": "", "textFormat": 1}], "direction": null, "textFormat": 1}}	691b86594d272e51c67896b4
1	543	111	Objetivo	{"root": {"type": "root", "format": "", "indent": 0, "version": 1, "children": [{"type": "paragraph", "format": "", "indent": 0, "version": 1, "children": [{"mode": "normal", "text": "El OBJETIVO es construir un PLAN DE ACCIN PERSONALIZADO que permita transformar situaciones conflictivas o desgastantes en oportunidades para fortalecer los vnculos familiares y mejorar la calidad de vida emocional de todos los integrantes.", "type": "text", "style": "", "detail": 0, "format": 0, "version": 1}], "direction": null, "textStyle": "", "textFormat": 0}, {"type": "paragraph", "format": "", "indent": 0, "version": 1, "children": [{"mode": "normal", "text": "Todo tipo de familia es bienvenida, sin importar su estructura, conformacin o identidad.", "type": "text", "style": "", "detail": 0, "format": 0, "version": 1}], "direction": null, "textStyle": "", "textFormat": 0}], "direction": null}}	691b8181ff8137662ae542ca
2	543	112	Qu se trabaja?	{"root": {"type": "root", "format": "", "indent": 0, "version": 1, "children": [{"tag": "ul", "type": "list", "start": 1, "format": "", "indent": 0, "version": 1, "children": [{"type": "listitem", "value": 1, "format": "", "indent": 0, "version": 1, "children": [{"mode": "normal", "text": "Convivencia y comunicacin efectiva en la familia.", "type": "text", "style": "", "detail": 0, "format": 0, "version": 1}], "direction": null}, {"type": "listitem", "value": 2, "format": "", "indent": 0, "version": 1, "children": [{"mode": "normal", "text": "Establecimiento de lmites y normas desde una crianza respetuosa y consciente.", "type": "text", "style": "", "detail": 0, "format": 0, "version": 1}], "direction": null}, {"type": "listitem", "value": 3, "format": "", "indent": 0, "version": 1, "children": [{"mode": "normal", "text": "Manejo y regulacin de emociones tanto de adultos como de nios y adolescentes.", "type": "text", "style": "", "detail": 0, "format": 0, "version": 1}], "direction": null}, {"type": "listitem", "value": 4, "format": "", "indent": 0, "version": 1, "children": [{"mode": "normal", "text": "Estrategias para resolver conflictos de manera pacfica.", "type": "text", "style": "", "detail": 0, "format": 0, "version": 1}], "direction": null}, {"type": "listitem", "value": 5, "format": "", "indent": 0, "version": 1, "children": [{"mode": "normal", "text": "Apoyo durante etapas de cambio o crisis familiares.", "type": "text", "style": "", "detail": 0, "format": 0, "version": 1}], "direction": null}, {"type": "listitem", "value": 6, "format": "", "indent": 0, "version": 1, "children": [{"mode": "normal", "text": "Prevencin y acompaamiento en situaciones de estrs o tensin familiar", "type": "text", "style": "", "detail": 0, "format": 0, "version": 1}], "direction": null}, {"type": "listitem", "value": 7, "format": "", "indent": 0, "version": 1, "children": [{"mode": "normal", "text": ".Herramientas para afrontar desafos en la vida familiar", "type": "text", "style": "", "detail": 0, "format": 0, "version": 1}], "direction": null}], "listType": "bullet", "direction": null}], "direction": null}}	691b81aa5d8525448ff02543
3	543	113	Beneficios	{"root": {"type": "root", "format": "", "indent": 0, "version": 1, "children": [{"type": "paragraph", "format": "", "indent": 0, "version": 1, "children": [{"mode": "normal", "text": "Mejora la comunicacin entre los miembros de la familia", "type": "text", "style": "", "detail": 0, "format": 1, "version": 1}, {"type": "linebreak", "version": 1}, {"mode": "normal", "text": " Ayuda a expresar emociones, necesidades y desacuerdos de forma ms sana y respetuosa.", "type": "text", "style": "", "detail": 0, "format": 0, "version": 1}], "direction": null, "textStyle": "", "textFormat": 1}, {"type": "paragraph", "format": "", "indent": 0, "version": 1, "children": [{"mode": "normal", "text": "Fortalece los vnculos afectivos", "type": "text", "style": "", "detail": 0, "format": 1, "version": 1}, {"type": "linebreak", "version": 1}, {"mode": "normal", "text": " Promueve el entendimiento mutuo, la empata y el apoyo emocional.", "type": "text", "style": "", "detail": 0, "format": 0, "version": 1}], "direction": null, "textStyle": "", "textFormat": 1}, {"type": "paragraph", "format": "", "indent": 0, "version": 1, "children": [{"mode": "normal", "text": "Previene y resuelve conflictos familiares", "type": "text", "style": "", "detail": 0, "format": 1, "version": 1}, {"type": "linebreak", "version": 1}, {"mode": "normal", "text": " Brinda herramientas para manejar tensiones y desacuerdos.", "type": "text", "style": "", "detail": 0, "format": 0, "version": 1}], "direction": null, "textStyle": "", "textFormat": 1}, {"type": "paragraph", "format": "", "indent": 0, "version": 1, "children": [{"mode": "normal", "text": "Favorece el desarrollo emocional de hijos/as", "type": "text", "style": "", "detail": 0, "format": 1, "version": 1}, {"type": "linebreak", "version": 1}, {"mode": "normal", "text": " Ofrece un entorno ms estable y seguro para nixs y adolescentes crezcan con confianza.", "type": "text", "style": "", "detail": 0, "format": 0, "version": 1}], "direction": null, "textStyle": "", "textFormat": 1}, {"type": "paragraph", "format": "", "indent": 0, "version": 1, "children": [{"mode": "normal", "text": "Acompaa procesos de cambio o transicin", "type": "text", "style": "", "detail": 0, "format": 1, "version": 1}, {"type": "linebreak", "version": 1}, {"mode": "normal", "text": " Como separaciones, mudanzas, duelos, adopciones, nuevas parejas o nacimientos.", "type": "text", "style": "", "detail": 0, "format": 0, "version": 1}], "direction": null, "textStyle": "", "textFormat": 1}, {"type": "paragraph", "format": "", "indent": 0, "version": 1, "children": [{"mode": "normal", "text": "Apoya a padres, madres y cuidadores/as en su rol", "type": "text", "style": "", "detail": 0, "format": 1, "version": 1}, {"type": "linebreak", "version": 1}, {"mode": "normal", "text": " Refuerza habilidades parentales, manejo de lmites y estrategias de crianza.", "type": "text", "style": "", "detail": 0, "format": 0, "version": 1}], "direction": null, "textStyle": "", "textFormat": 1}, {"type": "paragraph", "format": "", "indent": 0, "version": 1, "children": [{"mode": "normal", "text": "Fomenta el bienestar integral de la familia", "type": "text", "style": "", "detail": 0, "format": 1, "version": 1}, {"type": "linebreak", "version": 1}, {"mode": "normal", "text": " Mejora la salud emocional general, reduce el estrs y promueve una convivencia ms armoniosa.", "type": "text", "style": "", "detail": 0, "format": 0, "version": 1}], "direction": null, "textStyle": "", "textFormat": 0}], "direction": null, "textFormat": 1}}	691b85a88d7af98647a587c1
4	543	114	Modalidad	{"root": {"type": "root", "format": "", "indent": 0, "version": 1, "children": [{"type": "paragraph", "format": "", "indent": 0, "version": 1, "children": [{"mode": "normal", "text": "Modalidad online, ideal para quienes prefieren la flexibilidad y comodidad de conectarse desde cualquier lugar.", "type": "text", "style": "", "detail": 0, "format": 1, "version": 1}], "direction": null, "textStyle": "", "textFormat": 1}, {"type": "paragraph", "format": "", "indent": 0, "version": 1, "children": [{"mode": "normal", "text": "Asesoramiento familiar a domicilio, para acompaar a las familias en su entorno cotidiano, facilitando un espacio cercano y cmodo.", "type": "text", "style": "", "detail": 0, "format": 1, "version": 1}], "direction": null, "textStyle": "", "textFormat": 0}], "direction": null, "textFormat": 1}}	691b86134d272e51c67896b2
5	543	115	Tarifa	{"root": {"type": "root", "format": "", "indent": 0, "version": 1, "children": [{"type": "paragraph", "format": "", "indent": 0, "version": 1, "children": [{"mode": "normal", "text": " Sesin de 60 minutos para trabajar un tema concreto o dar seguimiento a procesos a largo plazo.", "type": "text", "style": "", "detail": 0, "format": 0, "version": 1}, {"type": "linebreak", "version": 1}, {"mode": "normal", "text": " Est pensado tanto para familias como para educador@s que necesiten claridad, apoyo y herramientas adaptadas a su situacin.", "type": "text", "style": "", "detail": 0, "format": 0, "version": 1}, {"type": "linebreak", "version": 1}, {"mode": "normal", "text": " Incluye orientacin personalizada y propuesta de accin segn tu caso.", "type": "text", "style": "", "detail": 0, "format": 0, "version": 1}], "direction": null, "textStyle": "", "textFormat": 0}, {"type": "paragraph", "format": "", "indent": 0, "version": 1, "children": [{"mode": "normal", "text": "60 euros", "type": "text", "style": "", "detail": 0, "format": 1, "version": 1}], "direction": null, "textStyle": "", "textFormat": 1}], "direction": null, "textFormat": 1}}	691b86594d272e51c67896b4
1	544	116	Objetivo	{"root": {"type": "root", "format": "", "indent": 0, "version": 1, "children": [{"type": "paragraph", "format": "", "indent": 0, "version": 1, "children": [{"mode": "normal", "text": "El OBJETIVO es construir un PLAN DE ACCIN PERSONALIZADO que permita transformar situaciones conflictivas o desgastantes en oportunidades para fortalecer los vnculos familiares y mejorar la calidad de vida emocional de todos los integrantes.", "type": "text", "style": "", "detail": 0, "format": 0, "version": 1}], "direction": null, "textStyle": "", "textFormat": 0}, {"type": "paragraph", "format": "", "indent": 0, "version": 1, "children": [{"mode": "normal", "text": "Todo tipo de familia es bienvenida, sin importar su estructura, conformacin o identidad.", "type": "text", "style": "", "detail": 0, "format": 0, "version": 1}], "direction": null, "textStyle": "", "textFormat": 0}], "direction": null}}	691b8181ff8137662ae542ca
2	544	117	Qu se trabaja?	{"root": {"type": "root", "format": "", "indent": 0, "version": 1, "children": [{"tag": "ul", "type": "list", "start": 1, "format": "", "indent": 0, "version": 1, "children": [{"type": "listitem", "value": 1, "format": "", "indent": 0, "version": 1, "children": [{"mode": "normal", "text": "Convivencia y comunicacin efectiva en la familia.", "type": "text", "style": "", "detail": 0, "format": 0, "version": 1}], "direction": null}, {"type": "listitem", "value": 2, "format": "", "indent": 0, "version": 1, "children": [{"mode": "normal", "text": "Establecimiento de lmites y normas desde una crianza respetuosa y consciente.", "type": "text", "style": "", "detail": 0, "format": 0, "version": 1}], "direction": null}, {"type": "listitem", "value": 3, "format": "", "indent": 0, "version": 1, "children": [{"mode": "normal", "text": "Manejo y regulacin de emociones tanto de adultos como de nios y adolescentes.", "type": "text", "style": "", "detail": 0, "format": 0, "version": 1}], "direction": null}, {"type": "listitem", "value": 4, "format": "", "indent": 0, "version": 1, "children": [{"mode": "normal", "text": "Estrategias para resolver conflictos de manera pacfica.", "type": "text", "style": "", "detail": 0, "format": 0, "version": 1}], "direction": null}, {"type": "listitem", "value": 5, "format": "", "indent": 0, "version": 1, "children": [{"mode": "normal", "text": "Apoyo durante etapas de cambio o crisis familiares.", "type": "text", "style": "", "detail": 0, "format": 0, "version": 1}], "direction": null}, {"type": "listitem", "value": 6, "format": "", "indent": 0, "version": 1, "children": [{"mode": "normal", "text": "Prevencin y acompaamiento en situaciones de estrs o tensin familiar", "type": "text", "style": "", "detail": 0, "format": 0, "version": 1}], "direction": null}, {"type": "listitem", "value": 7, "format": "", "indent": 0, "version": 1, "children": [{"mode": "normal", "text": ".Herramientas para afrontar desafos en la vida familiar", "type": "text", "style": "", "detail": 0, "format": 0, "version": 1}], "direction": null}], "listType": "bullet", "direction": null}], "direction": null}}	691b81aa5d8525448ff02543
3	544	118	Beneficios	{"root": {"type": "root", "format": "", "indent": 0, "version": 1, "children": [{"type": "paragraph", "format": "", "indent": 0, "version": 1, "children": [{"mode": "normal", "text": "Mejora la comunicacin entre los miembros de la familia", "type": "text", "style": "", "detail": 0, "format": 1, "version": 1}, {"type": "linebreak", "version": 1}, {"mode": "normal", "text": " Ayuda a expresar emociones, necesidades y desacuerdos de forma ms sana y respetuosa.", "type": "text", "style": "", "detail": 0, "format": 0, "version": 1}], "direction": null, "textStyle": "", "textFormat": 1}, {"type": "paragraph", "format": "", "indent": 0, "version": 1, "children": [{"mode": "normal", "text": "Fortalece los vnculos afectivos", "type": "text", "style": "", "detail": 0, "format": 1, "version": 1}, {"type": "linebreak", "version": 1}, {"mode": "normal", "text": " Promueve el entendimiento mutuo, la empata y el apoyo emocional.", "type": "text", "style": "", "detail": 0, "format": 0, "version": 1}], "direction": null, "textStyle": "", "textFormat": 1}, {"type": "paragraph", "format": "", "indent": 0, "version": 1, "children": [{"mode": "normal", "text": "Previene y resuelve conflictos familiares", "type": "text", "style": "", "detail": 0, "format": 1, "version": 1}, {"type": "linebreak", "version": 1}, {"mode": "normal", "text": " Brinda herramientas para manejar tensiones y desacuerdos.", "type": "text", "style": "", "detail": 0, "format": 0, "version": 1}], "direction": null, "textStyle": "", "textFormat": 1}, {"type": "paragraph", "format": "", "indent": 0, "version": 1, "children": [{"mode": "normal", "text": "Favorece el desarrollo emocional de hijos/as", "type": "text", "style": "", "detail": 0, "format": 1, "version": 1}, {"type": "linebreak", "version": 1}, {"mode": "normal", "text": " Ofrece un entorno ms estable y seguro para nixs y adolescentes crezcan con confianza.", "type": "text", "style": "", "detail": 0, "format": 0, "version": 1}], "direction": null, "textStyle": "", "textFormat": 1}, {"type": "paragraph", "format": "", "indent": 0, "version": 1, "children": [{"mode": "normal", "text": "Acompaa procesos de cambio o transicin", "type": "text", "style": "", "detail": 0, "format": 1, "version": 1}, {"type": "linebreak", "version": 1}, {"mode": "normal", "text": " Como separaciones, mudanzas, duelos, adopciones, nuevas parejas o nacimientos.", "type": "text", "style": "", "detail": 0, "format": 0, "version": 1}], "direction": null, "textStyle": "", "textFormat": 1}, {"type": "paragraph", "format": "", "indent": 0, "version": 1, "children": [{"mode": "normal", "text": "Apoya a padres, madres y cuidadores/as en su rol", "type": "text", "style": "", "detail": 0, "format": 1, "version": 1}, {"type": "linebreak", "version": 1}, {"mode": "normal", "text": " Refuerza habilidades parentales, manejo de lmites y estrategias de crianza.", "type": "text", "style": "", "detail": 0, "format": 0, "version": 1}], "direction": null, "textStyle": "", "textFormat": 1}, {"type": "paragraph", "format": "", "indent": 0, "version": 1, "children": [{"mode": "normal", "text": "Fomenta el bienestar integral de la familia", "type": "text", "style": "", "detail": 0, "format": 1, "version": 1}, {"type": "linebreak", "version": 1}, {"mode": "normal", "text": " Mejora la salud emocional general, reduce el estrs y promueve una convivencia ms armoniosa.", "type": "text", "style": "", "detail": 0, "format": 0, "version": 1}], "direction": null, "textStyle": "", "textFormat": 0}], "direction": null, "textFormat": 1}}	691b85a88d7af98647a587c1
4	544	119	Modalidad	{"root": {"type": "root", "format": "", "indent": 0, "version": 1, "children": [{"type": "paragraph", "format": "", "indent": 0, "version": 1, "children": [{"mode": "normal", "text": "Modalidad online, ideal para quienes prefieren la flexibilidad y comodidad de conectarse desde cualquier lugar.", "type": "text", "style": "", "detail": 0, "format": 1, "version": 1}], "direction": null, "textStyle": "", "textFormat": 1}, {"type": "paragraph", "format": "", "indent": 0, "version": 1, "children": [{"mode": "normal", "text": "Asesoramiento familiar a domicilio, para acompaar a las familias en su entorno cotidiano, facilitando un espacio cercano y cmodo.", "type": "text", "style": "", "detail": 0, "format": 1, "version": 1}], "direction": null, "textStyle": "", "textFormat": 0}], "direction": null, "textFormat": 1}}	691b86134d272e51c67896b2
5	544	120	Tarifa	{"root": {"type": "root", "format": "", "indent": 0, "version": 1, "children": [{"type": "paragraph", "format": "", "indent": 0, "version": 1, "children": [{"mode": "normal", "text": " Sesin de 60 minutos para trabajar un tema concreto o dar seguimiento a procesos a largo plazo.", "type": "text", "style": "", "detail": 0, "format": 0, "version": 1}, {"type": "linebreak", "version": 1}, {"mode": "normal", "text": " Est pensado tanto para familias como para educador@s que necesiten claridad, apoyo y herramientas adaptadas a su situacin.", "type": "text", "style": "", "detail": 0, "format": 0, "version": 1}, {"type": "linebreak", "version": 1}, {"mode": "normal", "text": " Incluye orientacin personalizada y propuesta de accin segn tu caso.", "type": "text", "style": "", "detail": 0, "format": 0, "version": 1}], "direction": null, "textStyle": "", "textFormat": 0}, {"type": "paragraph", "format": "", "indent": 0, "version": 1, "children": [{"mode": "normal", "text": "60 euros", "type": "text", "style": "", "detail": 0, "format": 1, "version": 1}], "direction": null, "textStyle": "", "textFormat": 1}], "direction": null, "textFormat": 1}}	691b86594d272e51c67896b4
\.


--
-- Data for Name: _pages_v_blocks_service_list_block; Type: TABLE DATA; Schema: public; Owner: -
--

COPY public._pages_v_blocks_service_list_block (_order, _parent_id, _path, id, enable_title, title, enable_background_image, is_reverse, bottom, separator_type, section_name, _uuid, block_name, dark_mode) FROM stdin;
1	826	version.layout	151	t	Servicios	\N	t	-65	\N	service-list	691306adb6900a691354ec94	lista de servicios	dark
1	827	version.layout	152	t	Servicios	\N	t	-65	\N	service-list	691306adb6900a691354ec94	lista de servicios	dark
1	828	version.layout	153	t	Servicios	\N	t	-65	\N	service-list	691306adb6900a691354ec94	lista de servicios	dark
1	829	version.layout	154	t	Servicios	\N	t	-65	\N	service-list	691306adb6900a691354ec94	lista de servicios	dark
1	830	version.layout	155	t	Servicios	\N	t	-65	\N	service-list	691306adb6900a691354ec94	lista de servicios	dark
1	831	version.layout	156	t	Servicios	\N	t	-65	\N	service-list	691306adb6900a691354ec94	lista de servicios	dark
1	870	version.layout	157	t	Servicios	\N	t	-65	\N	service-list	691306adb6900a691354ec94	lista de servicios	dark
1	871	version.layout	158	t	Servicios	\N	t	-65	\N	service-list	691306adb6900a691354ec94	lista de servicios	dark
1	872	version.layout	159	t	Servicios	\N	t	-65	\N	service-list	691306adb6900a691354ec94	lista de servicios	dark
1	874	version.layout	160	t	Servicios	\N	t	-65	\N	service-list	691306adb6900a691354ec94	lista de servicios	dark
\.


--
-- Data for Name: _pages_v_blocks_service_list_block_blocks; Type: TABLE DATA; Schema: public; Owner: -
--

COPY public._pages_v_blocks_service_list_block_blocks (_order, _parent_id, id, enable_filed_title, field_title, enable_icon, media_id, enable_rich_text, rich_text, _uuid, link_type, link_new_tab, link_url, link_label, link_appearance) FROM stdin;
1	157	1104	t	Asesoramiento familiar	t	68	t	{"root": {"type": "root", "format": "", "indent": 0, "version": 1, "children": [{"type": "paragraph", "format": "", "indent": 0, "version": 1, "children": [{"mode": "normal", "text": "Un espacio de acompaamiento profesional que brinda orientacin y estrategias prcticas para mejorar la comunicacin, resolver conflictos y fortalecer los vnculos entre los miembros de la familia.", "type": "text", "style": "", "detail": 0, "format": 0, "version": 1}], "direction": null, "textStyle": "", "textFormat": 0}], "direction": null}}	691306b7b6900a691354ec96	reference	\N	\N	Saber ms	outline
2	157	1105	t	Asesoramiento educativo	t	68	t	{"root": {"type": "root", "format": "", "indent": 0, "version": 1, "children": [{"type": "paragraph", "format": "", "indent": 0, "version": 1, "children": [{"mode": "normal", "text": "Dirigido a docentes, directivos, estudiantes y profesionales de la educacin que buscan mejorar su experiencia en el mbito escolar, fortalecer su rol y adquirir herramientas para una convivencia educativa ms efectiva y respetuosa.", "type": "text", "style": "", "detail": 0, "format": 0, "version": 1}], "direction": null, "textStyle": "", "textFormat": 0}], "direction": null}}	691306feb6900a691354ec98	reference	\N	\N	Saber ms	outline
3	157	1106	t	Clases de refuerzo	t	68	t	{"root": {"type": "root", "format": "", "indent": 0, "version": 1, "children": [{"type": "paragraph", "format": "", "indent": 0, "version": 1, "children": [{"mode": "normal", "text": " Clases de refuerzo acadmico para nios y nias de 6 a 12 aos, combinando el aprendizaje escolar con el desarrollo de habilidades para la vida y la convivencia.", "type": "text", "style": "", "detail": 0, "format": 0, "version": 1}], "direction": null, "textStyle": "", "textFormat": 0}], "direction": null}}	69130701b6900a691354ec9a	reference	\N	\N	Saber ms	outline
4	157	1107	t	Asesoramiento express por email	t	68	t	{"root": {"type": "root", "format": "", "indent": 0, "version": 1, "children": [{"type": "paragraph", "format": "", "indent": 0, "version": 1, "children": [{"mode": "normal", "text": "Asesoramiento express, pensado para resolver dudas puntuales y concretas de forma gil y directa. Est disponible tanto para familias como para educadores que necesiten orientacin especfica sobre una situacin particular, sin iniciar un proceso ms largo.", "type": "text", "style": "", "detail": 0, "format": 0, "version": 1}], "direction": null, "textStyle": "", "textFormat": 0}], "direction": null}}	69130704b6900a691354ec9c	reference	\N	\N	Saber ms	outline
5	157	1108	t	Supervisiones pedaggicas	t	68	t	{"root": {"type": "root", "format": "", "indent": 0, "version": 1, "children": [{"type": "paragraph", "format": "", "indent": 0, "version": 1, "children": [{"mode": "normal", "text": " Supervisiones pedaggicas dirigidas a docentes, directivos y equipos educativos, realizadas en el aula o en el centro escolar. Estas supervisiones consisten en la observacin sin juicio de las dinmicas y prcticas pedaggicas, con el fin de reflexionar y mejorar la gestin del aula, la comunicacin y el liderazgo.", "type": "text", "style": "", "detail": 0, "format": 0, "version": 1}], "direction": null, "textStyle": "", "textFormat": 0}], "direction": null}}	69133217b6900a691354ec9e	reference	\N	\N	Saber ms	outline
6	157	1109	t	Consultora educativa	t	68	t	{"root": {"type": "root", "format": "", "indent": 0, "version": 1, "children": [{"type": "paragraph", "format": "", "indent": 0, "version": 1, "children": [{"mode": "normal", "text": "consultora educativa dirigido a instituciones, equipos directivos y profesionales de la educacin que buscan acompaamiento integral y estratgico para mejorar sus prcticas y gestin.", "type": "text", "style": "", "detail": 0, "format": 0, "version": 1}], "direction": null, "textStyle": "", "textFormat": 0}, {"type": "paragraph", "format": "", "indent": 0, "version": 1, "children": [{"mode": "normal", "text": "A diferencia del asesoramiento, la consultora se enfoca en procesos ms largos y profundos, que incluyen anlisis detallados, diseo de planes de mejora y seguimiento continuo.", "type": "text", "style": "", "detail": 0, "format": 0, "version": 1}], "direction": null, "textStyle": "", "textFormat": 0}], "direction": null}}	69133278b6900a691354eca0	reference	\N	\N	Saber ms	outline
7	157	1110	t	Formaciones,Talleres y charlas	t	68	t	{"root": {"type": "root", "format": "", "indent": 0, "version": 1, "children": [{"type": "paragraph", "format": "", "indent": 0, "version": 1, "children": [{"mode": "normal", "text": "Ofrezco espacios formativos pensados para acompaar procesos educativos con sentido, generar dilogo, y construir entornos ms humanos, respetuosos y sostenibles.", "type": "text", "style": "", "detail": 0, "format": 0, "version": 1}], "direction": null, "textStyle": "", "textFormat": 0}, {"type": "paragraph", "format": "", "indent": 0, "version": 1, "children": [{"mode": "normal", "text": "Las formaciones pueden ser personalizadas y adaptadas a las realidades y necesidades de cada entorno educativo, familiar o comunitario.", "type": "text", "style": "", "detail": 0, "format": 0, "version": 1}], "direction": null, "textStyle": "", "textFormat": 0}], "direction": null}}	691332f1b6900a691354eca2	reference	\N	\N	Saber ms	outline
8	157	1111	t	Tarifa social disponible	t	68	t	{"root": {"type": "root", "format": "", "indent": 0, "version": 1, "children": [{"type": "paragraph", "format": "", "indent": 0, "version": 1, "children": [{"mode": "normal", "text": "Comprendo que no todas las personas atraviesan las mismas situaciones econmicas.", "type": "text", "style": "", "detail": 0, "format": 0, "version": 1}], "direction": null, "textStyle": "", "textFormat": 0}, {"type": "paragraph", "format": "", "indent": 0, "version": 1, "children": [{"mode": "normal", "text": "Por eso, ofrezco algunas plazas mensuales con tarifa reducida, destinadas a quienes realmente lo necesiten.", "type": "text", "style": "", "detail": 0, "format": 0, "version": 1}], "direction": null, "textStyle": "", "textFormat": 0}, {"type": "paragraph", "format": "", "indent": 0, "version": 1, "children": [{"mode": "normal", "text": "No se requiere documentacin ni justificantes.", "type": "text", "style": "", "detail": 0, "format": 1, "version": 1}, {"type": "linebreak", "version": 1}, {"mode": "normal", "text": "Confo en tu palabra y en el buen uso de este recurso solidario.", "type": "text", "style": "", "detail": 0, "format": 0, "version": 1}], "direction": null, "textStyle": "", "textFormat": 1}, {"type": "paragraph", "format": "", "indent": 0, "version": 1, "children": [{"mode": "normal", "text": "Si sientes que esta opcin es para ti, puedes escribirme con total confianza.", "type": "text", "style": "", "detail": 0, "format": 0, "version": 1}], "direction": null, "textStyle": "", "textFormat": 0}], "direction": null}}	69133348b6900a691354eca4	reference	\N	\N	Contacto	outline
1	158	1112	t	Asesoramiento familiar	t	68	t	{"root": {"type": "root", "format": "", "indent": 0, "version": 1, "children": [{"type": "paragraph", "format": "", "indent": 0, "version": 1, "children": [{"mode": "normal", "text": "Un espacio de acompaamiento profesional que brinda orientacin y estrategias prcticas para mejorar la comunicacin, resolver conflictos y fortalecer los vnculos entre los miembros de la familia.", "type": "text", "style": "", "detail": 0, "format": 0, "version": 1}], "direction": null, "textStyle": "", "textFormat": 0}], "direction": null}}	691306b7b6900a691354ec96	reference	\N	\N	Saber ms	outline
2	158	1113	t	Asesoramiento educativo	t	68	t	{"root": {"type": "root", "format": "", "indent": 0, "version": 1, "children": [{"type": "paragraph", "format": "", "indent": 0, "version": 1, "children": [{"mode": "normal", "text": "Dirigido a docentes, directivos, estudiantes y profesionales de la educacin que buscan mejorar su experiencia en el mbito escolar, fortalecer su rol y adquirir herramientas para una convivencia educativa ms efectiva y respetuosa.", "type": "text", "style": "", "detail": 0, "format": 0, "version": 1}], "direction": null, "textStyle": "", "textFormat": 0}], "direction": null}}	691306feb6900a691354ec98	reference	\N	\N	Saber ms	outline
3	158	1114	t	Clases de refuerzo	t	68	t	{"root": {"type": "root", "format": "", "indent": 0, "version": 1, "children": [{"type": "paragraph", "format": "", "indent": 0, "version": 1, "children": [{"mode": "normal", "text": " Clases de refuerzo acadmico para nios y nias de 6 a 12 aos, combinando el aprendizaje escolar con el desarrollo de habilidades para la vida y la convivencia.", "type": "text", "style": "", "detail": 0, "format": 0, "version": 1}], "direction": null, "textStyle": "", "textFormat": 0}], "direction": null}}	69130701b6900a691354ec9a	reference	\N	\N	Saber ms	outline
4	158	1115	t	Asesoramiento express por email	t	68	t	{"root": {"type": "root", "format": "", "indent": 0, "version": 1, "children": [{"type": "paragraph", "format": "", "indent": 0, "version": 1, "children": [{"mode": "normal", "text": "Asesoramiento express, pensado para resolver dudas puntuales y concretas de forma gil y directa. Est disponible tanto para familias como para educadores que necesiten orientacin especfica sobre una situacin particular, sin iniciar un proceso ms largo.", "type": "text", "style": "", "detail": 0, "format": 0, "version": 1}], "direction": null, "textStyle": "", "textFormat": 0}], "direction": null}}	69130704b6900a691354ec9c	reference	\N	\N	Saber ms	outline
5	158	1116	t	Supervisiones pedaggicas	t	68	t	{"root": {"type": "root", "format": "", "indent": 0, "version": 1, "children": [{"type": "paragraph", "format": "", "indent": 0, "version": 1, "children": [{"mode": "normal", "text": " Supervisiones pedaggicas dirigidas a docentes, directivos y equipos educativos, realizadas en el aula o en el centro escolar. Estas supervisiones consisten en la observacin sin juicio de las dinmicas y prcticas pedaggicas, con el fin de reflexionar y mejorar la gestin del aula, la comunicacin y el liderazgo.", "type": "text", "style": "", "detail": 0, "format": 0, "version": 1}], "direction": null, "textStyle": "", "textFormat": 0}], "direction": null}}	69133217b6900a691354ec9e	reference	\N	\N	Saber ms	outline
6	158	1117	t	Consultora educativa	t	68	t	{"root": {"type": "root", "format": "", "indent": 0, "version": 1, "children": [{"type": "paragraph", "format": "", "indent": 0, "version": 1, "children": [{"mode": "normal", "text": "consultora educativa dirigido a instituciones, equipos directivos y profesionales de la educacin que buscan acompaamiento integral y estratgico para mejorar sus prcticas y gestin.", "type": "text", "style": "", "detail": 0, "format": 0, "version": 1}], "direction": null, "textStyle": "", "textFormat": 0}, {"type": "paragraph", "format": "", "indent": 0, "version": 1, "children": [{"mode": "normal", "text": "A diferencia del asesoramiento, la consultora se enfoca en procesos ms largos y profundos, que incluyen anlisis detallados, diseo de planes de mejora y seguimiento continuo.", "type": "text", "style": "", "detail": 0, "format": 0, "version": 1}], "direction": null, "textStyle": "", "textFormat": 0}], "direction": null}}	69133278b6900a691354eca0	reference	\N	\N	Saber ms	outline
7	158	1118	t	Formaciones,Talleres y charlas	t	68	t	{"root": {"type": "root", "format": "", "indent": 0, "version": 1, "children": [{"type": "paragraph", "format": "", "indent": 0, "version": 1, "children": [{"mode": "normal", "text": "Ofrezco espacios formativos pensados para acompaar procesos educativos con sentido, generar dilogo, y construir entornos ms humanos, respetuosos y sostenibles.", "type": "text", "style": "", "detail": 0, "format": 0, "version": 1}], "direction": null, "textStyle": "", "textFormat": 0}, {"type": "paragraph", "format": "", "indent": 0, "version": 1, "children": [{"mode": "normal", "text": "Las formaciones pueden ser personalizadas y adaptadas a las realidades y necesidades de cada entorno educativo, familiar o comunitario.", "type": "text", "style": "", "detail": 0, "format": 0, "version": 1}], "direction": null, "textStyle": "", "textFormat": 0}], "direction": null}}	691332f1b6900a691354eca2	reference	\N	\N	Saber ms	outline
8	158	1119	t	Tarifa social disponible	t	68	t	{"root": {"type": "root", "format": "", "indent": 0, "version": 1, "children": [{"type": "paragraph", "format": "", "indent": 0, "version": 1, "children": [{"mode": "normal", "text": "Comprendo que no todas las personas atraviesan las mismas situaciones econmicas.", "type": "text", "style": "", "detail": 0, "format": 0, "version": 1}], "direction": null, "textStyle": "", "textFormat": 0}, {"type": "paragraph", "format": "", "indent": 0, "version": 1, "children": [{"mode": "normal", "text": "Por eso, ofrezco algunas plazas mensuales con tarifa reducida, destinadas a quienes realmente lo necesiten.", "type": "text", "style": "", "detail": 0, "format": 0, "version": 1}], "direction": null, "textStyle": "", "textFormat": 0}, {"type": "paragraph", "format": "", "indent": 0, "version": 1, "children": [{"mode": "normal", "text": "No se requiere documentacin ni justificantes.", "type": "text", "style": "", "detail": 0, "format": 1, "version": 1}, {"type": "linebreak", "version": 1}, {"mode": "normal", "text": "Confo en tu palabra y en el buen uso de este recurso solidario.", "type": "text", "style": "", "detail": 0, "format": 0, "version": 1}], "direction": null, "textStyle": "", "textFormat": 1}, {"type": "paragraph", "format": "", "indent": 0, "version": 1, "children": [{"mode": "normal", "text": "Si sientes que esta opcin es para ti, puedes escribirme con total confianza.", "type": "text", "style": "", "detail": 0, "format": 0, "version": 1}], "direction": null, "textStyle": "", "textFormat": 0}], "direction": null}}	69133348b6900a691354eca4	reference	\N	\N	Contacto	outline
1	159	1120	t	Asesoramiento familiar	t	68	t	{"root": {"type": "root", "format": "", "indent": 0, "version": 1, "children": [{"type": "paragraph", "format": "", "indent": 0, "version": 1, "children": [{"mode": "normal", "text": "Un espacio de acompaamiento profesional que brinda orientacin y estrategias prcticas para mejorar la comunicacin, resolver conflictos y fortalecer los vnculos entre los miembros de la familia.", "type": "text", "style": "", "detail": 0, "format": 0, "version": 1}], "direction": null, "textStyle": "", "textFormat": 0}], "direction": null}}	691306b7b6900a691354ec96	reference	\N	\N	Saber ms	outline
2	159	1121	t	Asesoramiento educativo	t	68	t	{"root": {"type": "root", "format": "", "indent": 0, "version": 1, "children": [{"type": "paragraph", "format": "", "indent": 0, "version": 1, "children": [{"mode": "normal", "text": "Dirigido a docentes, directivos, estudiantes y profesionales de la educacin que buscan mejorar su experiencia en el mbito escolar, fortalecer su rol y adquirir herramientas para una convivencia educativa ms efectiva y respetuosa.", "type": "text", "style": "", "detail": 0, "format": 0, "version": 1}], "direction": null, "textStyle": "", "textFormat": 0}], "direction": null}}	691306feb6900a691354ec98	reference	\N	\N	Saber ms	outline
3	159	1122	t	Clases de refuerzo	t	68	t	{"root": {"type": "root", "format": "", "indent": 0, "version": 1, "children": [{"type": "paragraph", "format": "", "indent": 0, "version": 1, "children": [{"mode": "normal", "text": " Clases de refuerzo acadmico para nios y nias de 6 a 12 aos, combinando el aprendizaje escolar con el desarrollo de habilidades para la vida y la convivencia.", "type": "text", "style": "", "detail": 0, "format": 0, "version": 1}], "direction": null, "textStyle": "", "textFormat": 0}], "direction": null}}	69130701b6900a691354ec9a	reference	\N	\N	Saber ms	outline
4	159	1123	t	Asesoramiento express por email	t	68	t	{"root": {"type": "root", "format": "", "indent": 0, "version": 1, "children": [{"type": "paragraph", "format": "", "indent": 0, "version": 1, "children": [{"mode": "normal", "text": "Asesoramiento express, pensado para resolver dudas puntuales y concretas de forma gil y directa. Est disponible tanto para familias como para educadores que necesiten orientacin especfica sobre una situacin particular, sin iniciar un proceso ms largo.", "type": "text", "style": "", "detail": 0, "format": 0, "version": 1}], "direction": null, "textStyle": "", "textFormat": 0}], "direction": null}}	69130704b6900a691354ec9c	reference	\N	\N	Saber ms	outline
2	154	1081	t	Asesoramiento educativo	t	68	t	{"root": {"type": "root", "format": "", "indent": 0, "version": 1, "children": [{"type": "paragraph", "format": "", "indent": 0, "version": 1, "children": [{"mode": "normal", "text": "Dirigido a docentes, directivos, estudiantes y profesionales de la educacin que buscan mejorar su experiencia en el mbito escolar, fortalecer su rol y adquirir herramientas para una convivencia educativa ms efectiva y respetuosa.", "type": "text", "style": "", "detail": 0, "format": 0, "version": 1}], "direction": null, "textStyle": "", "textFormat": 0}], "direction": null}}	691306feb6900a691354ec98	reference	\N	\N	Saber ms	outline
5	159	1124	t	Supervisiones pedaggicas	t	68	t	{"root": {"type": "root", "format": "", "indent": 0, "version": 1, "children": [{"type": "paragraph", "format": "", "indent": 0, "version": 1, "children": [{"mode": "normal", "text": " Supervisiones pedaggicas dirigidas a docentes, directivos y equipos educativos, realizadas en el aula o en el centro escolar. Estas supervisiones consisten en la observacin sin juicio de las dinmicas y prcticas pedaggicas, con el fin de reflexionar y mejorar la gestin del aula, la comunicacin y el liderazgo.", "type": "text", "style": "", "detail": 0, "format": 0, "version": 1}], "direction": null, "textStyle": "", "textFormat": 0}], "direction": null}}	69133217b6900a691354ec9e	reference	\N	\N	Saber ms	outline
6	159	1125	t	Consultora educativa	t	68	t	{"root": {"type": "root", "format": "", "indent": 0, "version": 1, "children": [{"type": "paragraph", "format": "", "indent": 0, "version": 1, "children": [{"mode": "normal", "text": "consultora educativa dirigido a instituciones, equipos directivos y profesionales de la educacin que buscan acompaamiento integral y estratgico para mejorar sus prcticas y gestin.", "type": "text", "style": "", "detail": 0, "format": 0, "version": 1}], "direction": null, "textStyle": "", "textFormat": 0}, {"type": "paragraph", "format": "", "indent": 0, "version": 1, "children": [{"mode": "normal", "text": "A diferencia del asesoramiento, la consultora se enfoca en procesos ms largos y profundos, que incluyen anlisis detallados, diseo de planes de mejora y seguimiento continuo.", "type": "text", "style": "", "detail": 0, "format": 0, "version": 1}], "direction": null, "textStyle": "", "textFormat": 0}], "direction": null}}	69133278b6900a691354eca0	reference	\N	\N	Saber ms	outline
7	159	1126	t	Formaciones,Talleres y charlas	t	68	t	{"root": {"type": "root", "format": "", "indent": 0, "version": 1, "children": [{"type": "paragraph", "format": "", "indent": 0, "version": 1, "children": [{"mode": "normal", "text": "Ofrezco espacios formativos pensados para acompaar procesos educativos con sentido, generar dilogo, y construir entornos ms humanos, respetuosos y sostenibles.", "type": "text", "style": "", "detail": 0, "format": 0, "version": 1}], "direction": null, "textStyle": "", "textFormat": 0}, {"type": "paragraph", "format": "", "indent": 0, "version": 1, "children": [{"mode": "normal", "text": "Las formaciones pueden ser personalizadas y adaptadas a las realidades y necesidades de cada entorno educativo, familiar o comunitario.", "type": "text", "style": "", "detail": 0, "format": 0, "version": 1}], "direction": null, "textStyle": "", "textFormat": 0}], "direction": null}}	691332f1b6900a691354eca2	reference	\N	\N	Saber ms	outline
8	159	1127	t	Tarifa social disponible	t	68	t	{"root": {"type": "root", "format": "", "indent": 0, "version": 1, "children": [{"type": "paragraph", "format": "", "indent": 0, "version": 1, "children": [{"mode": "normal", "text": "Comprendo que no todas las personas atraviesan las mismas situaciones econmicas.", "type": "text", "style": "", "detail": 0, "format": 0, "version": 1}], "direction": null, "textStyle": "", "textFormat": 0}, {"type": "paragraph", "format": "", "indent": 0, "version": 1, "children": [{"mode": "normal", "text": "Por eso, ofrezco algunas plazas mensuales con tarifa reducida, destinadas a quienes realmente lo necesiten.", "type": "text", "style": "", "detail": 0, "format": 0, "version": 1}], "direction": null, "textStyle": "", "textFormat": 0}, {"type": "paragraph", "format": "", "indent": 0, "version": 1, "children": [{"mode": "normal", "text": "No se requiere documentacin ni justificantes.", "type": "text", "style": "", "detail": 0, "format": 1, "version": 1}, {"type": "linebreak", "version": 1}, {"mode": "normal", "text": "Confo en tu palabra y en el buen uso de este recurso solidario.", "type": "text", "style": "", "detail": 0, "format": 0, "version": 1}], "direction": null, "textStyle": "", "textFormat": 1}, {"type": "paragraph", "format": "", "indent": 0, "version": 1, "children": [{"mode": "normal", "text": "Si sientes que esta opcin es para ti, puedes escribirme con total confianza.", "type": "text", "style": "", "detail": 0, "format": 0, "version": 1}], "direction": null, "textStyle": "", "textFormat": 0}], "direction": null}}	69133348b6900a691354eca4	reference	\N	\N	Contacto	outline
3	154	1082	t	Clases de refuerzo	t	68	t	{"root": {"type": "root", "format": "", "indent": 0, "version": 1, "children": [{"type": "paragraph", "format": "", "indent": 0, "version": 1, "children": [{"mode": "normal", "text": " Clases de refuerzo acadmico para nios y nias de 6 a 12 aos, combinando el aprendizaje escolar con el desarrollo de habilidades para la vida y la convivencia.", "type": "text", "style": "", "detail": 0, "format": 0, "version": 1}], "direction": null, "textStyle": "", "textFormat": 0}], "direction": null}}	69130701b6900a691354ec9a	reference	\N	\N	Saber ms	outline
1	160	1128	t	Asesoramiento familiar	t	68	t	{"root": {"type": "root", "format": "", "indent": 0, "version": 1, "children": [{"type": "paragraph", "format": "", "indent": 0, "version": 1, "children": [{"mode": "normal", "text": "Un espacio de acompaamiento profesional que brinda orientacin y estrategias prcticas para mejorar la comunicacin, resolver conflictos y fortalecer los vnculos entre los miembros de la familia.", "type": "text", "style": "", "detail": 0, "format": 0, "version": 1}], "direction": null, "textStyle": "", "textFormat": 0}], "direction": null}}	691306b7b6900a691354ec96	reference	\N	\N	Saber ms	outline
2	160	1129	t	Asesoramiento educativo	t	68	t	{"root": {"type": "root", "format": "", "indent": 0, "version": 1, "children": [{"type": "paragraph", "format": "", "indent": 0, "version": 1, "children": [{"mode": "normal", "text": "Dirigido a docentes, directivos, estudiantes y profesionales de la educacin que buscan mejorar su experiencia en el mbito escolar, fortalecer su rol y adquirir herramientas para una convivencia educativa ms efectiva y respetuosa.", "type": "text", "style": "", "detail": 0, "format": 0, "version": 1}], "direction": null, "textStyle": "", "textFormat": 0}], "direction": null}}	691306feb6900a691354ec98	reference	\N	\N	Saber ms	outline
3	160	1130	t	Clases de refuerzo	t	68	t	{"root": {"type": "root", "format": "", "indent": 0, "version": 1, "children": [{"type": "paragraph", "format": "", "indent": 0, "version": 1, "children": [{"mode": "normal", "text": " Clases de refuerzo acadmico para nios y nias de 6 a 12 aos, combinando el aprendizaje escolar con el desarrollo de habilidades para la vida y la convivencia.", "type": "text", "style": "", "detail": 0, "format": 0, "version": 1}], "direction": null, "textStyle": "", "textFormat": 0}], "direction": null}}	69130701b6900a691354ec9a	reference	\N	\N	Saber ms	outline
4	160	1131	t	Asesoramiento express por email	t	68	t	{"root": {"type": "root", "format": "", "indent": 0, "version": 1, "children": [{"type": "paragraph", "format": "", "indent": 0, "version": 1, "children": [{"mode": "normal", "text": "Asesoramiento express, pensado para resolver dudas puntuales y concretas de forma gil y directa. Est disponible tanto para familias como para educadores que necesiten orientacin especfica sobre una situacin particular, sin iniciar un proceso ms largo.", "type": "text", "style": "", "detail": 0, "format": 0, "version": 1}], "direction": null, "textStyle": "", "textFormat": 0}], "direction": null}}	69130704b6900a691354ec9c	reference	\N	\N	Saber ms	outline
5	160	1132	t	Supervisiones pedaggicas	t	68	t	{"root": {"type": "root", "format": "", "indent": 0, "version": 1, "children": [{"type": "paragraph", "format": "", "indent": 0, "version": 1, "children": [{"mode": "normal", "text": " Supervisiones pedaggicas dirigidas a docentes, directivos y equipos educativos, realizadas en el aula o en el centro escolar. Estas supervisiones consisten en la observacin sin juicio de las dinmicas y prcticas pedaggicas, con el fin de reflexionar y mejorar la gestin del aula, la comunicacin y el liderazgo.", "type": "text", "style": "", "detail": 0, "format": 0, "version": 1}], "direction": null, "textStyle": "", "textFormat": 0}], "direction": null}}	69133217b6900a691354ec9e	reference	\N	\N	Saber ms	outline
6	160	1133	t	Consultora educativa	t	68	t	{"root": {"type": "root", "format": "", "indent": 0, "version": 1, "children": [{"type": "paragraph", "format": "", "indent": 0, "version": 1, "children": [{"mode": "normal", "text": "consultora educativa dirigido a instituciones, equipos directivos y profesionales de la educacin que buscan acompaamiento integral y estratgico para mejorar sus prcticas y gestin.", "type": "text", "style": "", "detail": 0, "format": 0, "version": 1}], "direction": null, "textStyle": "", "textFormat": 0}, {"type": "paragraph", "format": "", "indent": 0, "version": 1, "children": [{"mode": "normal", "text": "A diferencia del asesoramiento, la consultora se enfoca en procesos ms largos y profundos, que incluyen anlisis detallados, diseo de planes de mejora y seguimiento continuo.", "type": "text", "style": "", "detail": 0, "format": 0, "version": 1}], "direction": null, "textStyle": "", "textFormat": 0}], "direction": null}}	69133278b6900a691354eca0	reference	\N	\N	Saber ms	outline
7	160	1134	t	Formaciones,Talleres y charlas	t	68	t	{"root": {"type": "root", "format": "", "indent": 0, "version": 1, "children": [{"type": "paragraph", "format": "", "indent": 0, "version": 1, "children": [{"mode": "normal", "text": "Ofrezco espacios formativos pensados para acompaar procesos educativos con sentido, generar dilogo, y construir entornos ms humanos, respetuosos y sostenibles.", "type": "text", "style": "", "detail": 0, "format": 0, "version": 1}], "direction": null, "textStyle": "", "textFormat": 0}, {"type": "paragraph", "format": "", "indent": 0, "version": 1, "children": [{"mode": "normal", "text": "Las formaciones pueden ser personalizadas y adaptadas a las realidades y necesidades de cada entorno educativo, familiar o comunitario.", "type": "text", "style": "", "detail": 0, "format": 0, "version": 1}], "direction": null, "textStyle": "", "textFormat": 0}], "direction": null}}	691332f1b6900a691354eca2	reference	\N	\N	Saber ms	outline
8	160	1135	t	Tarifa social disponible	t	68	t	{"root": {"type": "root", "format": "", "indent": 0, "version": 1, "children": [{"type": "paragraph", "format": "", "indent": 0, "version": 1, "children": [{"mode": "normal", "text": "Comprendo que no todas las personas atraviesan las mismas situaciones econmicas.", "type": "text", "style": "", "detail": 0, "format": 0, "version": 1}], "direction": null, "textStyle": "", "textFormat": 0}, {"type": "paragraph", "format": "", "indent": 0, "version": 1, "children": [{"mode": "normal", "text": "Por eso, ofrezco algunas plazas mensuales con tarifa reducida, destinadas a quienes realmente lo necesiten.", "type": "text", "style": "", "detail": 0, "format": 0, "version": 1}], "direction": null, "textStyle": "", "textFormat": 0}, {"type": "paragraph", "format": "", "indent": 0, "version": 1, "children": [{"mode": "normal", "text": "No se requiere documentacin ni justificantes.", "type": "text", "style": "", "detail": 0, "format": 1, "version": 1}, {"type": "linebreak", "version": 1}, {"mode": "normal", "text": "Confo en tu palabra y en el buen uso de este recurso solidario.", "type": "text", "style": "", "detail": 0, "format": 0, "version": 1}], "direction": null, "textStyle": "", "textFormat": 1}, {"type": "paragraph", "format": "", "indent": 0, "version": 1, "children": [{"mode": "normal", "text": "Si sientes que esta opcin es para ti, puedes escribirme con total confianza.", "type": "text", "style": "", "detail": 0, "format": 0, "version": 1}], "direction": null, "textStyle": "", "textFormat": 0}], "direction": null}}	69133348b6900a691354eca4	reference	\N	\N	Contacto	outline
4	154	1083	t	Asesoramiento express por email	t	68	t	{"root": {"type": "root", "format": "", "indent": 0, "version": 1, "children": [{"type": "paragraph", "format": "", "indent": 0, "version": 1, "children": [{"mode": "normal", "text": "Asesoramiento express, pensado para resolver dudas puntuales y concretas de forma gil y directa. Est disponible tanto para familias como para educadores que necesiten orientacin especfica sobre una situacin particular, sin iniciar un proceso ms largo.", "type": "text", "style": "", "detail": 0, "format": 0, "version": 1}], "direction": null, "textStyle": "", "textFormat": 0}], "direction": null}}	69130704b6900a691354ec9c	reference	\N	\N	Saber ms	outline
5	154	1084	t	Supervisiones pedaggicas	t	68	t	{"root": {"type": "root", "format": "", "indent": 0, "version": 1, "children": [{"type": "paragraph", "format": "", "indent": 0, "version": 1, "children": [{"mode": "normal", "text": " Supervisiones pedaggicas dirigidas a docentes, directivos y equipos educativos, realizadas en el aula o en el centro escolar. Estas supervisiones consisten en la observacin sin juicio de las dinmicas y prcticas pedaggicas, con el fin de reflexionar y mejorar la gestin del aula, la comunicacin y el liderazgo.", "type": "text", "style": "", "detail": 0, "format": 0, "version": 1}], "direction": null, "textStyle": "", "textFormat": 0}], "direction": null}}	69133217b6900a691354ec9e	reference	\N	\N	Saber ms	outline
6	154	1085	t	Consultora educativa	t	68	t	{"root": {"type": "root", "format": "", "indent": 0, "version": 1, "children": [{"type": "paragraph", "format": "", "indent": 0, "version": 1, "children": [{"mode": "normal", "text": "consultora educativa dirigido a instituciones, equipos directivos y profesionales de la educacin que buscan acompaamiento integral y estratgico para mejorar sus prcticas y gestin.", "type": "text", "style": "", "detail": 0, "format": 0, "version": 1}], "direction": null, "textStyle": "", "textFormat": 0}, {"type": "paragraph", "format": "", "indent": 0, "version": 1, "children": [{"mode": "normal", "text": "A diferencia del asesoramiento, la consultora se enfoca en procesos ms largos y profundos, que incluyen anlisis detallados, diseo de planes de mejora y seguimiento continuo.", "type": "text", "style": "", "detail": 0, "format": 0, "version": 1}], "direction": null, "textStyle": "", "textFormat": 0}], "direction": null}}	69133278b6900a691354eca0	reference	\N	\N	Saber ms	outline
7	154	1086	t	Formaciones,Talleres y charlas	t	68	t	{"root": {"type": "root", "format": "", "indent": 0, "version": 1, "children": [{"type": "paragraph", "format": "", "indent": 0, "version": 1, "children": [{"mode": "normal", "text": "Ofrezco espacios formativos pensados para acompaar procesos educativos con sentido, generar dilogo, y construir entornos ms humanos, respetuosos y sostenibles.", "type": "text", "style": "", "detail": 0, "format": 0, "version": 1}], "direction": null, "textStyle": "", "textFormat": 0}, {"type": "paragraph", "format": "", "indent": 0, "version": 1, "children": [{"mode": "normal", "text": "Las formaciones pueden ser personalizadas y adaptadas a las realidades y necesidades de cada entorno educativo, familiar o comunitario.", "type": "text", "style": "", "detail": 0, "format": 0, "version": 1}], "direction": null, "textStyle": "", "textFormat": 0}], "direction": null}}	691332f1b6900a691354eca2	reference	\N	\N	Saber ms	outline
8	154	1087	t	Tarifa social disponible	t	68	t	{"root": {"type": "root", "format": "", "indent": 0, "version": 1, "children": [{"type": "paragraph", "format": "", "indent": 0, "version": 1, "children": [{"mode": "normal", "text": "Comprendo que no todas las personas atraviesan las mismas situaciones econmicas.", "type": "text", "style": "", "detail": 0, "format": 0, "version": 1}], "direction": null, "textStyle": "", "textFormat": 0}, {"type": "paragraph", "format": "", "indent": 0, "version": 1, "children": [{"mode": "normal", "text": "Por eso, ofrezco algunas plazas mensuales con tarifa reducida, destinadas a quienes realmente lo necesiten.", "type": "text", "style": "", "detail": 0, "format": 0, "version": 1}], "direction": null, "textStyle": "", "textFormat": 0}, {"type": "paragraph", "format": "", "indent": 0, "version": 1, "children": [{"mode": "normal", "text": "No se requiere documentacin ni justificantes.", "type": "text", "style": "", "detail": 0, "format": 1, "version": 1}, {"type": "linebreak", "version": 1}, {"mode": "normal", "text": "Confo en tu palabra y en el buen uso de este recurso solidario.", "type": "text", "style": "", "detail": 0, "format": 0, "version": 1}], "direction": null, "textStyle": "", "textFormat": 1}, {"type": "paragraph", "format": "", "indent": 0, "version": 1, "children": [{"mode": "normal", "text": "Si sientes que esta opcin es para ti, puedes escribirme con total confianza.", "type": "text", "style": "", "detail": 0, "format": 0, "version": 1}], "direction": null, "textStyle": "", "textFormat": 0}], "direction": null}}	69133348b6900a691354eca4	reference	\N	\N	Contacto	outline
8	156	1103	t	Tarifa social disponible	t	68	t	{"root": {"type": "root", "format": "", "indent": 0, "version": 1, "children": [{"type": "paragraph", "format": "", "indent": 0, "version": 1, "children": [{"mode": "normal", "text": "Comprendo que no todas las personas atraviesan las mismas situaciones econmicas.", "type": "text", "style": "", "detail": 0, "format": 0, "version": 1}], "direction": null, "textStyle": "", "textFormat": 0}, {"type": "paragraph", "format": "", "indent": 0, "version": 1, "children": [{"mode": "normal", "text": "Por eso, ofrezco algunas plazas mensuales con tarifa reducida, destinadas a quienes realmente lo necesiten.", "type": "text", "style": "", "detail": 0, "format": 0, "version": 1}], "direction": null, "textStyle": "", "textFormat": 0}, {"type": "paragraph", "format": "", "indent": 0, "version": 1, "children": [{"mode": "normal", "text": "No se requiere documentacin ni justificantes.", "type": "text", "style": "", "detail": 0, "format": 1, "version": 1}, {"type": "linebreak", "version": 1}, {"mode": "normal", "text": "Confo en tu palabra y en el buen uso de este recurso solidario.", "type": "text", "style": "", "detail": 0, "format": 0, "version": 1}], "direction": null, "textStyle": "", "textFormat": 1}, {"type": "paragraph", "format": "", "indent": 0, "version": 1, "children": [{"mode": "normal", "text": "Si sientes que esta opcin es para ti, puedes escribirme con total confianza.", "type": "text", "style": "", "detail": 0, "format": 0, "version": 1}], "direction": null, "textStyle": "", "textFormat": 0}], "direction": null}}	69133348b6900a691354eca4	reference	\N	\N	Contacto	outline
1	151	1056	t	Asesoramiento familiar	t	68	t	{"root": {"type": "root", "format": "", "indent": 0, "version": 1, "children": [{"type": "paragraph", "format": "", "indent": 0, "version": 1, "children": [{"mode": "normal", "text": "Un espacio de acompaamiento profesional que brinda orientacin y estrategias prcticas para mejorar la comunicacin, resolver conflictos y fortalecer los vnculos entre los miembros de la familia.", "type": "text", "style": "", "detail": 0, "format": 0, "version": 1}], "direction": null, "textStyle": "", "textFormat": 0}], "direction": null}}	691306b7b6900a691354ec96	reference	\N	\N	Saber ms	outline
2	151	1057	t	Asesoramiento educativo	t	68	t	{"root": {"type": "root", "format": "", "indent": 0, "version": 1, "children": [{"type": "paragraph", "format": "", "indent": 0, "version": 1, "children": [{"mode": "normal", "text": "Dirigido a docentes, directivos, estudiantes y profesionales de la educacin que buscan mejorar su experiencia en el mbito escolar, fortalecer su rol y adquirir herramientas para una convivencia educativa ms efectiva y respetuosa.", "type": "text", "style": "", "detail": 0, "format": 0, "version": 1}], "direction": null, "textStyle": "", "textFormat": 0}], "direction": null}}	691306feb6900a691354ec98	reference	\N	\N	Saber ms	outline
3	151	1058	t	Clases de refuerzo	t	68	t	{"root": {"type": "root", "format": "", "indent": 0, "version": 1, "children": [{"type": "paragraph", "format": "", "indent": 0, "version": 1, "children": [{"mode": "normal", "text": " Clases de refuerzo acadmico para nios y nias de 6 a 12 aos, combinando el aprendizaje escolar con el desarrollo de habilidades para la vida y la convivencia.", "type": "text", "style": "", "detail": 0, "format": 0, "version": 1}], "direction": null, "textStyle": "", "textFormat": 0}], "direction": null}}	69130701b6900a691354ec9a	reference	\N	\N	Saber ms	outline
4	151	1059	t	Asesoramiento express por email	t	68	t	{"root": {"type": "root", "format": "", "indent": 0, "version": 1, "children": [{"type": "paragraph", "format": "", "indent": 0, "version": 1, "children": [{"mode": "normal", "text": "Asesoramiento express, pensado para resolver dudas puntuales y concretas de forma gil y directa. Est disponible tanto para familias como para educadores que necesiten orientacin especfica sobre una situacin particular, sin iniciar un proceso ms largo.", "type": "text", "style": "", "detail": 0, "format": 0, "version": 1}], "direction": null, "textStyle": "", "textFormat": 0}], "direction": null}}	69130704b6900a691354ec9c	reference	\N	\N	Saber ms	outline
5	151	1060	t	Supervisiones pedaggicas	t	68	t	{"root": {"type": "root", "format": "", "indent": 0, "version": 1, "children": [{"type": "paragraph", "format": "", "indent": 0, "version": 1, "children": [{"mode": "normal", "text": " Supervisiones pedaggicas dirigidas a docentes, directivos y equipos educativos, realizadas en el aula o en el centro escolar. Estas supervisiones consisten en la observacin sin juicio de las dinmicas y prcticas pedaggicas, con el fin de reflexionar y mejorar la gestin del aula, la comunicacin y el liderazgo.", "type": "text", "style": "", "detail": 0, "format": 0, "version": 1}], "direction": null, "textStyle": "", "textFormat": 0}], "direction": null}}	69133217b6900a691354ec9e	reference	\N	\N	Saber ms	outline
1	155	1088	t	Asesoramiento familiar	t	68	t	{"root": {"type": "root", "format": "", "indent": 0, "version": 1, "children": [{"type": "paragraph", "format": "", "indent": 0, "version": 1, "children": [{"mode": "normal", "text": "Un espacio de acompaamiento profesional que brinda orientacin y estrategias prcticas para mejorar la comunicacin, resolver conflictos y fortalecer los vnculos entre los miembros de la familia.", "type": "text", "style": "", "detail": 0, "format": 0, "version": 1}], "direction": null, "textStyle": "", "textFormat": 0}], "direction": null}}	691306b7b6900a691354ec96	reference	\N	\N	Saber ms	outline
6	151	1061	t	Consultora educativa	t	68	t	{"root": {"type": "root", "format": "", "indent": 0, "version": 1, "children": [{"type": "paragraph", "format": "", "indent": 0, "version": 1, "children": [{"mode": "normal", "text": "consultora educativa dirigido a instituciones, equipos directivos y profesionales de la educacin que buscan acompaamiento integral y estratgico para mejorar sus prcticas y gestin.", "type": "text", "style": "", "detail": 0, "format": 0, "version": 1}], "direction": null, "textStyle": "", "textFormat": 0}, {"type": "paragraph", "format": "", "indent": 0, "version": 1, "children": [{"mode": "normal", "text": "A diferencia del asesoramiento, la consultora se enfoca en procesos ms largos y profundos, que incluyen anlisis detallados, diseo de planes de mejora y seguimiento continuo.", "type": "text", "style": "", "detail": 0, "format": 0, "version": 1}], "direction": null, "textStyle": "", "textFormat": 0}], "direction": null}}	69133278b6900a691354eca0	reference	\N	\N	Saber ms	outline
7	151	1062	t	Formaciones,Talleres y charlas	t	68	t	{"root": {"type": "root", "format": "", "indent": 0, "version": 1, "children": [{"type": "paragraph", "format": "", "indent": 0, "version": 1, "children": [{"mode": "normal", "text": "Ofrezco espacios formativos pensados para acompaar procesos educativos con sentido, generar dilogo, y construir entornos ms humanos, respetuosos y sostenibles.", "type": "text", "style": "", "detail": 0, "format": 0, "version": 1}], "direction": null, "textStyle": "", "textFormat": 0}, {"type": "paragraph", "format": "", "indent": 0, "version": 1, "children": [{"mode": "normal", "text": "Las formaciones pueden ser personalizadas y adaptadas a las realidades y necesidades de cada entorno educativo, familiar o comunitario.", "type": "text", "style": "", "detail": 0, "format": 0, "version": 1}], "direction": null, "textStyle": "", "textFormat": 0}], "direction": null}}	691332f1b6900a691354eca2	reference	\N	\N	Saber ms	outline
8	151	1063	t	Tarifa social disponible	t	68	t	{"root": {"type": "root", "format": "", "indent": 0, "version": 1, "children": [{"type": "paragraph", "format": "", "indent": 0, "version": 1, "children": [{"mode": "normal", "text": "Comprendo que no todas las personas atraviesan las mismas situaciones econmicas.", "type": "text", "style": "", "detail": 0, "format": 0, "version": 1}], "direction": null, "textStyle": "", "textFormat": 0}, {"type": "paragraph", "format": "", "indent": 0, "version": 1, "children": [{"mode": "normal", "text": "Por eso, ofrezco algunas plazas mensuales con tarifa reducida, destinadas a quienes realmente lo necesiten.", "type": "text", "style": "", "detail": 0, "format": 0, "version": 1}], "direction": null, "textStyle": "", "textFormat": 0}, {"type": "paragraph", "format": "", "indent": 0, "version": 1, "children": [{"mode": "normal", "text": "No se requiere documentacin ni justificantes.", "type": "text", "style": "", "detail": 0, "format": 1, "version": 1}, {"type": "linebreak", "version": 1}, {"mode": "normal", "text": "Confo en tu palabra y en el buen uso de este recurso solidario.", "type": "text", "style": "", "detail": 0, "format": 0, "version": 1}], "direction": null, "textStyle": "", "textFormat": 1}, {"type": "paragraph", "format": "", "indent": 0, "version": 1, "children": [{"mode": "normal", "text": "Si sientes que esta opcin es para ti, puedes escribirme con total confianza.", "type": "text", "style": "", "detail": 0, "format": 0, "version": 1}], "direction": null, "textStyle": "", "textFormat": 0}], "direction": null}}	69133348b6900a691354eca4	reference	\N	\N	Contacto	outline
2	155	1089	t	Asesoramiento educativo	t	68	t	{"root": {"type": "root", "format": "", "indent": 0, "version": 1, "children": [{"type": "paragraph", "format": "", "indent": 0, "version": 1, "children": [{"mode": "normal", "text": "Dirigido a docentes, directivos, estudiantes y profesionales de la educacin que buscan mejorar su experiencia en el mbito escolar, fortalecer su rol y adquirir herramientas para una convivencia educativa ms efectiva y respetuosa.", "type": "text", "style": "", "detail": 0, "format": 0, "version": 1}], "direction": null, "textStyle": "", "textFormat": 0}], "direction": null}}	691306feb6900a691354ec98	reference	\N	\N	Saber ms	outline
1	152	1064	t	Asesoramiento familiar	t	68	t	{"root": {"type": "root", "format": "", "indent": 0, "version": 1, "children": [{"type": "paragraph", "format": "", "indent": 0, "version": 1, "children": [{"mode": "normal", "text": "Un espacio de acompaamiento profesional que brinda orientacin y estrategias prcticas para mejorar la comunicacin, resolver conflictos y fortalecer los vnculos entre los miembros de la familia.", "type": "text", "style": "", "detail": 0, "format": 0, "version": 1}], "direction": null, "textStyle": "", "textFormat": 0}], "direction": null}}	691306b7b6900a691354ec96	reference	\N	\N	Saber ms	outline
2	152	1065	t	Asesoramiento educativo	t	68	t	{"root": {"type": "root", "format": "", "indent": 0, "version": 1, "children": [{"type": "paragraph", "format": "", "indent": 0, "version": 1, "children": [{"mode": "normal", "text": "Dirigido a docentes, directivos, estudiantes y profesionales de la educacin que buscan mejorar su experiencia en el mbito escolar, fortalecer su rol y adquirir herramientas para una convivencia educativa ms efectiva y respetuosa.", "type": "text", "style": "", "detail": 0, "format": 0, "version": 1}], "direction": null, "textStyle": "", "textFormat": 0}], "direction": null}}	691306feb6900a691354ec98	reference	\N	\N	Saber ms	outline
3	152	1066	t	Clases de refuerzo	t	68	t	{"root": {"type": "root", "format": "", "indent": 0, "version": 1, "children": [{"type": "paragraph", "format": "", "indent": 0, "version": 1, "children": [{"mode": "normal", "text": " Clases de refuerzo acadmico para nios y nias de 6 a 12 aos, combinando el aprendizaje escolar con el desarrollo de habilidades para la vida y la convivencia.", "type": "text", "style": "", "detail": 0, "format": 0, "version": 1}], "direction": null, "textStyle": "", "textFormat": 0}], "direction": null}}	69130701b6900a691354ec9a	reference	\N	\N	Saber ms	outline
4	152	1067	t	Asesoramiento express por email	t	68	t	{"root": {"type": "root", "format": "", "indent": 0, "version": 1, "children": [{"type": "paragraph", "format": "", "indent": 0, "version": 1, "children": [{"mode": "normal", "text": "Asesoramiento express, pensado para resolver dudas puntuales y concretas de forma gil y directa. Est disponible tanto para familias como para educadores que necesiten orientacin especfica sobre una situacin particular, sin iniciar un proceso ms largo.", "type": "text", "style": "", "detail": 0, "format": 0, "version": 1}], "direction": null, "textStyle": "", "textFormat": 0}], "direction": null}}	69130704b6900a691354ec9c	reference	\N	\N	Saber ms	outline
5	152	1068	t	Supervisiones pedaggicas	t	68	t	{"root": {"type": "root", "format": "", "indent": 0, "version": 1, "children": [{"type": "paragraph", "format": "", "indent": 0, "version": 1, "children": [{"mode": "normal", "text": " Supervisiones pedaggicas dirigidas a docentes, directivos y equipos educativos, realizadas en el aula o en el centro escolar. Estas supervisiones consisten en la observacin sin juicio de las dinmicas y prcticas pedaggicas, con el fin de reflexionar y mejorar la gestin del aula, la comunicacin y el liderazgo.", "type": "text", "style": "", "detail": 0, "format": 0, "version": 1}], "direction": null, "textStyle": "", "textFormat": 0}], "direction": null}}	69133217b6900a691354ec9e	reference	\N	\N	Saber ms	outline
6	152	1069	t	Consultora educativa	t	68	t	{"root": {"type": "root", "format": "", "indent": 0, "version": 1, "children": [{"type": "paragraph", "format": "", "indent": 0, "version": 1, "children": [{"mode": "normal", "text": "consultora educativa dirigido a instituciones, equipos directivos y profesionales de la educacin que buscan acompaamiento integral y estratgico para mejorar sus prcticas y gestin.", "type": "text", "style": "", "detail": 0, "format": 0, "version": 1}], "direction": null, "textStyle": "", "textFormat": 0}, {"type": "paragraph", "format": "", "indent": 0, "version": 1, "children": [{"mode": "normal", "text": "A diferencia del asesoramiento, la consultora se enfoca en procesos ms largos y profundos, que incluyen anlisis detallados, diseo de planes de mejora y seguimiento continuo.", "type": "text", "style": "", "detail": 0, "format": 0, "version": 1}], "direction": null, "textStyle": "", "textFormat": 0}], "direction": null}}	69133278b6900a691354eca0	reference	\N	\N	Saber ms	outline
7	152	1070	t	Formaciones,Talleres y charlas	t	68	t	{"root": {"type": "root", "format": "", "indent": 0, "version": 1, "children": [{"type": "paragraph", "format": "", "indent": 0, "version": 1, "children": [{"mode": "normal", "text": "Ofrezco espacios formativos pensados para acompaar procesos educativos con sentido, generar dilogo, y construir entornos ms humanos, respetuosos y sostenibles.", "type": "text", "style": "", "detail": 0, "format": 0, "version": 1}], "direction": null, "textStyle": "", "textFormat": 0}, {"type": "paragraph", "format": "", "indent": 0, "version": 1, "children": [{"mode": "normal", "text": "Las formaciones pueden ser personalizadas y adaptadas a las realidades y necesidades de cada entorno educativo, familiar o comunitario.", "type": "text", "style": "", "detail": 0, "format": 0, "version": 1}], "direction": null, "textStyle": "", "textFormat": 0}], "direction": null}}	691332f1b6900a691354eca2	reference	\N	\N	Saber ms	outline
8	152	1071	t	Tarifa social disponible	t	68	t	{"root": {"type": "root", "format": "", "indent": 0, "version": 1, "children": [{"type": "paragraph", "format": "", "indent": 0, "version": 1, "children": [{"mode": "normal", "text": "Comprendo que no todas las personas atraviesan las mismas situaciones econmicas.", "type": "text", "style": "", "detail": 0, "format": 0, "version": 1}], "direction": null, "textStyle": "", "textFormat": 0}, {"type": "paragraph", "format": "", "indent": 0, "version": 1, "children": [{"mode": "normal", "text": "Por eso, ofrezco algunas plazas mensuales con tarifa reducida, destinadas a quienes realmente lo necesiten.", "type": "text", "style": "", "detail": 0, "format": 0, "version": 1}], "direction": null, "textStyle": "", "textFormat": 0}, {"type": "paragraph", "format": "", "indent": 0, "version": 1, "children": [{"mode": "normal", "text": "No se requiere documentacin ni justificantes.", "type": "text", "style": "", "detail": 0, "format": 1, "version": 1}, {"type": "linebreak", "version": 1}, {"mode": "normal", "text": "Confo en tu palabra y en el buen uso de este recurso solidario.", "type": "text", "style": "", "detail": 0, "format": 0, "version": 1}], "direction": null, "textStyle": "", "textFormat": 1}, {"type": "paragraph", "format": "", "indent": 0, "version": 1, "children": [{"mode": "normal", "text": "Si sientes que esta opcin es para ti, puedes escribirme con total confianza.", "type": "text", "style": "", "detail": 0, "format": 0, "version": 1}], "direction": null, "textStyle": "", "textFormat": 0}], "direction": null}}	69133348b6900a691354eca4	reference	\N	\N	Contacto	outline
1	153	1072	t	Asesoramiento familiar	t	68	t	{"root": {"type": "root", "format": "", "indent": 0, "version": 1, "children": [{"type": "paragraph", "format": "", "indent": 0, "version": 1, "children": [{"mode": "normal", "text": "Un espacio de acompaamiento profesional que brinda orientacin y estrategias prcticas para mejorar la comunicacin, resolver conflictos y fortalecer los vnculos entre los miembros de la familia.", "type": "text", "style": "", "detail": 0, "format": 0, "version": 1}], "direction": null, "textStyle": "", "textFormat": 0}], "direction": null}}	691306b7b6900a691354ec96	reference	\N	\N	Saber ms	outline
2	153	1073	t	Asesoramiento educativo	t	68	t	{"root": {"type": "root", "format": "", "indent": 0, "version": 1, "children": [{"type": "paragraph", "format": "", "indent": 0, "version": 1, "children": [{"mode": "normal", "text": "Dirigido a docentes, directivos, estudiantes y profesionales de la educacin que buscan mejorar su experiencia en el mbito escolar, fortalecer su rol y adquirir herramientas para una convivencia educativa ms efectiva y respetuosa.", "type": "text", "style": "", "detail": 0, "format": 0, "version": 1}], "direction": null, "textStyle": "", "textFormat": 0}], "direction": null}}	691306feb6900a691354ec98	reference	\N	\N	Saber ms	outline
3	153	1074	t	Clases de refuerzo	t	68	t	{"root": {"type": "root", "format": "", "indent": 0, "version": 1, "children": [{"type": "paragraph", "format": "", "indent": 0, "version": 1, "children": [{"mode": "normal", "text": " Clases de refuerzo acadmico para nios y nias de 6 a 12 aos, combinando el aprendizaje escolar con el desarrollo de habilidades para la vida y la convivencia.", "type": "text", "style": "", "detail": 0, "format": 0, "version": 1}], "direction": null, "textStyle": "", "textFormat": 0}], "direction": null}}	69130701b6900a691354ec9a	reference	\N	\N	Saber ms	outline
4	153	1075	t	Asesoramiento express por email	t	68	t	{"root": {"type": "root", "format": "", "indent": 0, "version": 1, "children": [{"type": "paragraph", "format": "", "indent": 0, "version": 1, "children": [{"mode": "normal", "text": "Asesoramiento express, pensado para resolver dudas puntuales y concretas de forma gil y directa. Est disponible tanto para familias como para educadores que necesiten orientacin especfica sobre una situacin particular, sin iniciar un proceso ms largo.", "type": "text", "style": "", "detail": 0, "format": 0, "version": 1}], "direction": null, "textStyle": "", "textFormat": 0}], "direction": null}}	69130704b6900a691354ec9c	reference	\N	\N	Saber ms	outline
5	153	1076	t	Supervisiones pedaggicas	t	68	t	{"root": {"type": "root", "format": "", "indent": 0, "version": 1, "children": [{"type": "paragraph", "format": "", "indent": 0, "version": 1, "children": [{"mode": "normal", "text": " Supervisiones pedaggicas dirigidas a docentes, directivos y equipos educativos, realizadas en el aula o en el centro escolar. Estas supervisiones consisten en la observacin sin juicio de las dinmicas y prcticas pedaggicas, con el fin de reflexionar y mejorar la gestin del aula, la comunicacin y el liderazgo.", "type": "text", "style": "", "detail": 0, "format": 0, "version": 1}], "direction": null, "textStyle": "", "textFormat": 0}], "direction": null}}	69133217b6900a691354ec9e	reference	\N	\N	Saber ms	outline
6	153	1077	t	Consultora educativa	t	68	t	{"root": {"type": "root", "format": "", "indent": 0, "version": 1, "children": [{"type": "paragraph", "format": "", "indent": 0, "version": 1, "children": [{"mode": "normal", "text": "consultora educativa dirigido a instituciones, equipos directivos y profesionales de la educacin que buscan acompaamiento integral y estratgico para mejorar sus prcticas y gestin.", "type": "text", "style": "", "detail": 0, "format": 0, "version": 1}], "direction": null, "textStyle": "", "textFormat": 0}, {"type": "paragraph", "format": "", "indent": 0, "version": 1, "children": [{"mode": "normal", "text": "A diferencia del asesoramiento, la consultora se enfoca en procesos ms largos y profundos, que incluyen anlisis detallados, diseo de planes de mejora y seguimiento continuo.", "type": "text", "style": "", "detail": 0, "format": 0, "version": 1}], "direction": null, "textStyle": "", "textFormat": 0}], "direction": null}}	69133278b6900a691354eca0	reference	\N	\N	Saber ms	outline
7	153	1078	t	Formaciones,Talleres y charlas	t	68	t	{"root": {"type": "root", "format": "", "indent": 0, "version": 1, "children": [{"type": "paragraph", "format": "", "indent": 0, "version": 1, "children": [{"mode": "normal", "text": "Ofrezco espacios formativos pensados para acompaar procesos educativos con sentido, generar dilogo, y construir entornos ms humanos, respetuosos y sostenibles.", "type": "text", "style": "", "detail": 0, "format": 0, "version": 1}], "direction": null, "textStyle": "", "textFormat": 0}, {"type": "paragraph", "format": "", "indent": 0, "version": 1, "children": [{"mode": "normal", "text": "Las formaciones pueden ser personalizadas y adaptadas a las realidades y necesidades de cada entorno educativo, familiar o comunitario.", "type": "text", "style": "", "detail": 0, "format": 0, "version": 1}], "direction": null, "textStyle": "", "textFormat": 0}], "direction": null}}	691332f1b6900a691354eca2	reference	\N	\N	Saber ms	outline
8	153	1079	t	Tarifa social disponible	t	68	t	{"root": {"type": "root", "format": "", "indent": 0, "version": 1, "children": [{"type": "paragraph", "format": "", "indent": 0, "version": 1, "children": [{"mode": "normal", "text": "Comprendo que no todas las personas atraviesan las mismas situaciones econmicas.", "type": "text", "style": "", "detail": 0, "format": 0, "version": 1}], "direction": null, "textStyle": "", "textFormat": 0}, {"type": "paragraph", "format": "", "indent": 0, "version": 1, "children": [{"mode": "normal", "text": "Por eso, ofrezco algunas plazas mensuales con tarifa reducida, destinadas a quienes realmente lo necesiten.", "type": "text", "style": "", "detail": 0, "format": 0, "version": 1}], "direction": null, "textStyle": "", "textFormat": 0}, {"type": "paragraph", "format": "", "indent": 0, "version": 1, "children": [{"mode": "normal", "text": "No se requiere documentacin ni justificantes.", "type": "text", "style": "", "detail": 0, "format": 1, "version": 1}, {"type": "linebreak", "version": 1}, {"mode": "normal", "text": "Confo en tu palabra y en el buen uso de este recurso solidario.", "type": "text", "style": "", "detail": 0, "format": 0, "version": 1}], "direction": null, "textStyle": "", "textFormat": 1}, {"type": "paragraph", "format": "", "indent": 0, "version": 1, "children": [{"mode": "normal", "text": "Si sientes que esta opcin es para ti, puedes escribirme con total confianza.", "type": "text", "style": "", "detail": 0, "format": 0, "version": 1}], "direction": null, "textStyle": "", "textFormat": 0}], "direction": null}}	69133348b6900a691354eca4	reference	\N	\N	Contacto	outline
3	155	1090	t	Clases de refuerzo	t	68	t	{"root": {"type": "root", "format": "", "indent": 0, "version": 1, "children": [{"type": "paragraph", "format": "", "indent": 0, "version": 1, "children": [{"mode": "normal", "text": " Clases de refuerzo acadmico para nios y nias de 6 a 12 aos, combinando el aprendizaje escolar con el desarrollo de habilidades para la vida y la convivencia.", "type": "text", "style": "", "detail": 0, "format": 0, "version": 1}], "direction": null, "textStyle": "", "textFormat": 0}], "direction": null}}	69130701b6900a691354ec9a	reference	\N	\N	Saber ms	outline
4	155	1091	t	Asesoramiento express por email	t	68	t	{"root": {"type": "root", "format": "", "indent": 0, "version": 1, "children": [{"type": "paragraph", "format": "", "indent": 0, "version": 1, "children": [{"mode": "normal", "text": "Asesoramiento express, pensado para resolver dudas puntuales y concretas de forma gil y directa. Est disponible tanto para familias como para educadores que necesiten orientacin especfica sobre una situacin particular, sin iniciar un proceso ms largo.", "type": "text", "style": "", "detail": 0, "format": 0, "version": 1}], "direction": null, "textStyle": "", "textFormat": 0}], "direction": null}}	69130704b6900a691354ec9c	reference	\N	\N	Saber ms	outline
5	155	1092	t	Supervisiones pedaggicas	t	68	t	{"root": {"type": "root", "format": "", "indent": 0, "version": 1, "children": [{"type": "paragraph", "format": "", "indent": 0, "version": 1, "children": [{"mode": "normal", "text": " Supervisiones pedaggicas dirigidas a docentes, directivos y equipos educativos, realizadas en el aula o en el centro escolar. Estas supervisiones consisten en la observacin sin juicio de las dinmicas y prcticas pedaggicas, con el fin de reflexionar y mejorar la gestin del aula, la comunicacin y el liderazgo.", "type": "text", "style": "", "detail": 0, "format": 0, "version": 1}], "direction": null, "textStyle": "", "textFormat": 0}], "direction": null}}	69133217b6900a691354ec9e	reference	\N	\N	Saber ms	outline
1	154	1080	t	Asesoramiento familiar	t	68	t	{"root": {"type": "root", "format": "", "indent": 0, "version": 1, "children": [{"type": "paragraph", "format": "", "indent": 0, "version": 1, "children": [{"mode": "normal", "text": "Un espacio de acompaamiento profesional que brinda orientacin y estrategias prcticas para mejorar la comunicacin, resolver conflictos y fortalecer los vnculos entre los miembros de la familia.", "type": "text", "style": "", "detail": 0, "format": 0, "version": 1}], "direction": null, "textStyle": "", "textFormat": 0}], "direction": null}}	691306b7b6900a691354ec96	reference	\N	\N	Saber ms	outline
1	156	1096	t	Asesoramiento familiar	t	68	t	{"root": {"type": "root", "format": "", "indent": 0, "version": 1, "children": [{"type": "paragraph", "format": "", "indent": 0, "version": 1, "children": [{"mode": "normal", "text": "Un espacio de acompaamiento profesional que brinda orientacin y estrategias prcticas para mejorar la comunicacin, resolver conflictos y fortalecer los vnculos entre los miembros de la familia.", "type": "text", "style": "", "detail": 0, "format": 0, "version": 1}], "direction": null, "textStyle": "", "textFormat": 0}], "direction": null}}	691306b7b6900a691354ec96	reference	\N	\N	Saber ms	outline
2	156	1097	t	Asesoramiento educativo	t	68	t	{"root": {"type": "root", "format": "", "indent": 0, "version": 1, "children": [{"type": "paragraph", "format": "", "indent": 0, "version": 1, "children": [{"mode": "normal", "text": "Dirigido a docentes, directivos, estudiantes y profesionales de la educacin que buscan mejorar su experiencia en el mbito escolar, fortalecer su rol y adquirir herramientas para una convivencia educativa ms efectiva y respetuosa.", "type": "text", "style": "", "detail": 0, "format": 0, "version": 1}], "direction": null, "textStyle": "", "textFormat": 0}], "direction": null}}	691306feb6900a691354ec98	reference	\N	\N	Saber ms	outline
3	156	1098	t	Clases de refuerzo	t	68	t	{"root": {"type": "root", "format": "", "indent": 0, "version": 1, "children": [{"type": "paragraph", "format": "", "indent": 0, "version": 1, "children": [{"mode": "normal", "text": " Clases de refuerzo acadmico para nios y nias de 6 a 12 aos, combinando el aprendizaje escolar con el desarrollo de habilidades para la vida y la convivencia.", "type": "text", "style": "", "detail": 0, "format": 0, "version": 1}], "direction": null, "textStyle": "", "textFormat": 0}], "direction": null}}	69130701b6900a691354ec9a	reference	\N	\N	Saber ms	outline
4	156	1099	t	Asesoramiento express por email	t	68	t	{"root": {"type": "root", "format": "", "indent": 0, "version": 1, "children": [{"type": "paragraph", "format": "", "indent": 0, "version": 1, "children": [{"mode": "normal", "text": "Asesoramiento express, pensado para resolver dudas puntuales y concretas de forma gil y directa. Est disponible tanto para familias como para educadores que necesiten orientacin especfica sobre una situacin particular, sin iniciar un proceso ms largo.", "type": "text", "style": "", "detail": 0, "format": 0, "version": 1}], "direction": null, "textStyle": "", "textFormat": 0}], "direction": null}}	69130704b6900a691354ec9c	reference	\N	\N	Saber ms	outline
5	156	1100	t	Supervisiones pedaggicas	t	68	t	{"root": {"type": "root", "format": "", "indent": 0, "version": 1, "children": [{"type": "paragraph", "format": "", "indent": 0, "version": 1, "children": [{"mode": "normal", "text": " Supervisiones pedaggicas dirigidas a docentes, directivos y equipos educativos, realizadas en el aula o en el centro escolar. Estas supervisiones consisten en la observacin sin juicio de las dinmicas y prcticas pedaggicas, con el fin de reflexionar y mejorar la gestin del aula, la comunicacin y el liderazgo.", "type": "text", "style": "", "detail": 0, "format": 0, "version": 1}], "direction": null, "textStyle": "", "textFormat": 0}], "direction": null}}	69133217b6900a691354ec9e	reference	\N	\N	Saber ms	outline
6	156	1101	t	Consultora educativa	t	68	t	{"root": {"type": "root", "format": "", "indent": 0, "version": 1, "children": [{"type": "paragraph", "format": "", "indent": 0, "version": 1, "children": [{"mode": "normal", "text": "consultora educativa dirigido a instituciones, equipos directivos y profesionales de la educacin que buscan acompaamiento integral y estratgico para mejorar sus prcticas y gestin.", "type": "text", "style": "", "detail": 0, "format": 0, "version": 1}], "direction": null, "textStyle": "", "textFormat": 0}, {"type": "paragraph", "format": "", "indent": 0, "version": 1, "children": [{"mode": "normal", "text": "A diferencia del asesoramiento, la consultora se enfoca en procesos ms largos y profundos, que incluyen anlisis detallados, diseo de planes de mejora y seguimiento continuo.", "type": "text", "style": "", "detail": 0, "format": 0, "version": 1}], "direction": null, "textStyle": "", "textFormat": 0}], "direction": null}}	69133278b6900a691354eca0	reference	\N	\N	Saber ms	outline
7	156	1102	t	Formaciones,Talleres y charlas	t	68	t	{"root": {"type": "root", "format": "", "indent": 0, "version": 1, "children": [{"type": "paragraph", "format": "", "indent": 0, "version": 1, "children": [{"mode": "normal", "text": "Ofrezco espacios formativos pensados para acompaar procesos educativos con sentido, generar dilogo, y construir entornos ms humanos, respetuosos y sostenibles.", "type": "text", "style": "", "detail": 0, "format": 0, "version": 1}], "direction": null, "textStyle": "", "textFormat": 0}, {"type": "paragraph", "format": "", "indent": 0, "version": 1, "children": [{"mode": "normal", "text": "Las formaciones pueden ser personalizadas y adaptadas a las realidades y necesidades de cada entorno educativo, familiar o comunitario.", "type": "text", "style": "", "detail": 0, "format": 0, "version": 1}], "direction": null, "textStyle": "", "textFormat": 0}], "direction": null}}	691332f1b6900a691354eca2	reference	\N	\N	Saber ms	outline
6	155	1093	t	Consultora educativa	t	68	t	{"root": {"type": "root", "format": "", "indent": 0, "version": 1, "children": [{"type": "paragraph", "format": "", "indent": 0, "version": 1, "children": [{"mode": "normal", "text": "consultora educativa dirigido a instituciones, equipos directivos y profesionales de la educacin que buscan acompaamiento integral y estratgico para mejorar sus prcticas y gestin.", "type": "text", "style": "", "detail": 0, "format": 0, "version": 1}], "direction": null, "textStyle": "", "textFormat": 0}, {"type": "paragraph", "format": "", "indent": 0, "version": 1, "children": [{"mode": "normal", "text": "A diferencia del asesoramiento, la consultora se enfoca en procesos ms largos y profundos, que incluyen anlisis detallados, diseo de planes de mejora y seguimiento continuo.", "type": "text", "style": "", "detail": 0, "format": 0, "version": 1}], "direction": null, "textStyle": "", "textFormat": 0}], "direction": null}}	69133278b6900a691354eca0	reference	\N	\N	Saber ms	outline
7	155	1094	t	Formaciones,Talleres y charlas	t	68	t	{"root": {"type": "root", "format": "", "indent": 0, "version": 1, "children": [{"type": "paragraph", "format": "", "indent": 0, "version": 1, "children": [{"mode": "normal", "text": "Ofrezco espacios formativos pensados para acompaar procesos educativos con sentido, generar dilogo, y construir entornos ms humanos, respetuosos y sostenibles.", "type": "text", "style": "", "detail": 0, "format": 0, "version": 1}], "direction": null, "textStyle": "", "textFormat": 0}, {"type": "paragraph", "format": "", "indent": 0, "version": 1, "children": [{"mode": "normal", "text": "Las formaciones pueden ser personalizadas y adaptadas a las realidades y necesidades de cada entorno educativo, familiar o comunitario.", "type": "text", "style": "", "detail": 0, "format": 0, "version": 1}], "direction": null, "textStyle": "", "textFormat": 0}], "direction": null}}	691332f1b6900a691354eca2	reference	\N	\N	Saber ms	outline
8	155	1095	t	Tarifa social disponible	t	68	t	{"root": {"type": "root", "format": "", "indent": 0, "version": 1, "children": [{"type": "paragraph", "format": "", "indent": 0, "version": 1, "children": [{"mode": "normal", "text": "Comprendo que no todas las personas atraviesan las mismas situaciones econmicas.", "type": "text", "style": "", "detail": 0, "format": 0, "version": 1}], "direction": null, "textStyle": "", "textFormat": 0}, {"type": "paragraph", "format": "", "indent": 0, "version": 1, "children": [{"mode": "normal", "text": "Por eso, ofrezco algunas plazas mensuales con tarifa reducida, destinadas a quienes realmente lo necesiten.", "type": "text", "style": "", "detail": 0, "format": 0, "version": 1}], "direction": null, "textStyle": "", "textFormat": 0}, {"type": "paragraph", "format": "", "indent": 0, "version": 1, "children": [{"mode": "normal", "text": "No se requiere documentacin ni justificantes.", "type": "text", "style": "", "detail": 0, "format": 1, "version": 1}, {"type": "linebreak", "version": 1}, {"mode": "normal", "text": "Confo en tu palabra y en el buen uso de este recurso solidario.", "type": "text", "style": "", "detail": 0, "format": 0, "version": 1}], "direction": null, "textStyle": "", "textFormat": 1}, {"type": "paragraph", "format": "", "indent": 0, "version": 1, "children": [{"mode": "normal", "text": "Si sientes que esta opcin es para ti, puedes escribirme con total confianza.", "type": "text", "style": "", "detail": 0, "format": 0, "version": 1}], "direction": null, "textStyle": "", "textFormat": 0}], "direction": null}}	69133348b6900a691354eca4	reference	\N	\N	Contacto	outline
\.


--
-- Data for Name: _pages_v_blocks_simple_list_content; Type: TABLE DATA; Schema: public; Owner: -
--

COPY public._pages_v_blocks_simple_list_content (_order, _parent_id, _path, id, enable_title, title, enable_background_image, is_reverse, bottom, separator_type, section_name, _uuid, block_name, dark_mode, image_id) FROM stdin;
5	838	version.layout	1231	t	Este espacio es para ti...	f	t	-88	\N	homeIsForYou	68f79af089f5b3661274fffe	Este espacio es para ti...	dark	91
8	838	version.layout	1232	t	Mi visin educativa	t	t	-104	separatorBackground	homeMyVision	68f7a081ad89aa564b316f7d	Mi visin educativa	dark	92
5	839	version.layout	1233	t	Este espacio es para ti...	f	t	-88	\N	homeIsForYou	68f79af089f5b3661274fffe	Este espacio es para ti...	dark	91
8	839	version.layout	1234	t	Mi visin educativa	t	t	-104	separatorBackground	homeMyVision	68f7a081ad89aa564b316f7d	Mi visin educativa	dark	92
5	840	version.layout	1235	t	Este espacio es para ti...	f	t	-88	\N	homeIsForYou	68f79af089f5b3661274fffe	Este espacio es para ti...	dark	91
8	840	version.layout	1236	t	Mi visin educativa	t	t	-104	separatorBackground	homeMyVision	68f7a081ad89aa564b316f7d	Mi visin educativa	dark	92
5	841	version.layout	1237	t	Este espacio es para ti...	f	t	-88	\N	homeIsForYou	68f79af089f5b3661274fffe	Este espacio es para ti...	dark	91
8	841	version.layout	1238	t	Mi visin educativa	t	t	-104	separatorBackground	homeMyVision	68f7a081ad89aa564b316f7d	Mi visin educativa	dark	92
5	847	version.layout	1239	t	Este espacio es para ti...	f	t	-88	\N	homeIsForYou	68f79af089f5b3661274fffe	Este espacio es para ti...	dark	91
8	847	version.layout	1240	t	Mi visin educativa	t	t	-104	separatorBackground	homeMyVision	68f7a081ad89aa564b316f7d	Mi visin educativa	dark	92
5	848	version.layout	1241	t	Este espacio es para ti...	f	t	-88	\N	homeIsForYou	68f79af089f5b3661274fffe	Este espacio es para ti...	dark	91
8	848	version.layout	1242	t	Mi visin educativa	t	t	-104	separatorBackground	homeMyVision	68f7a081ad89aa564b316f7d	Mi visin educativa	dark	92
5	868	version.layout	1243	t	Este espacio es para ti...	f	t	-88	\N	homeIsForYou	68f79af089f5b3661274fffe	Este espacio es para ti...	dark	91
8	868	version.layout	1244	t	Mi visin educativa	t	t	-104	separatorBackground	homeMyVision	68f7a081ad89aa564b316f7d	Mi visin educativa	dark	92
5	835	version.layout	1225	t	Este espacio es para ti...	f	t	-88	\N	homeIsForYou	68f79af089f5b3661274fffe	Este espacio es para ti...	dark	91
8	835	version.layout	1226	t	Mi visin educativa	t	t	-104	separatorBackground	homeMyVision	68f7a081ad89aa564b316f7d	Mi visin educativa	dark	92
5	836	version.layout	1227	t	Este espacio es para ti...	f	t	-88	\N	homeIsForYou	68f79af089f5b3661274fffe	Este espacio es para ti...	dark	91
8	836	version.layout	1228	t	Mi visin educativa	t	t	-104	separatorBackground	homeMyVision	68f7a081ad89aa564b316f7d	Mi visin educativa	dark	92
5	837	version.layout	1229	t	Este espacio es para ti...	f	t	-88	\N	homeIsForYou	68f79af089f5b3661274fffe	Este espacio es para ti...	dark	91
8	837	version.layout	1230	t	Mi visin educativa	t	t	-104	separatorBackground	homeMyVision	68f7a081ad89aa564b316f7d	Mi visin educativa	dark	92
\.


--
-- Data for Name: _pages_v_blocks_simple_list_content_blocks; Type: TABLE DATA; Schema: public; Owner: -
--

COPY public._pages_v_blocks_simple_list_content_blocks (_order, _parent_id, id, enable_icon, media_id, enable_rich_text, rich_text, color, _uuid) FROM stdin;
1	1243	8049	t	61	t	{"root": {"type": "root", "format": "", "indent": 0, "version": 1, "children": [{"type": "paragraph", "format": "", "indent": 0, "version": 1, "children": [{"mode": "normal", "text": "Si quieres revisar hbitos y dinmicas familiares o escolares.", "type": "text", "style": "", "detail": 0, "format": 0, "version": 1}], "direction": null, "textStyle": "", "textFormat": 0}], "direction": null}}	yellow	68f79b4789f5b36612750000
2	1243	8050	t	61	t	{"root": {"type": "root", "format": "", "indent": 0, "version": 1, "children": [{"type": "paragraph", "format": "", "indent": 0, "version": 1, "children": [{"mode": "normal", "text": "Si buscas nuevas estrategias para acompaar a tus hij@s o estudiantes.", "type": "text", "style": "", "detail": 0, "format": 0, "version": 1}], "direction": null, "textStyle": "", "textFormat": 0}], "direction": null}}	yellow	68f79b7789f5b36612750002
3	1243	8051	t	61	t	{"root": {"type": "root", "format": "", "indent": 0, "version": 1, "children": [{"type": "paragraph", "format": "", "indent": 0, "version": 1, "children": [{"mode": "normal", "text": "Si valoras una educacin ms respetuosa y consciente y emptica.", "type": "text", "style": "", "detail": 0, "format": 0, "version": 1}], "direction": null, "textStyle": "", "textFormat": 0}], "direction": null}}	yellow	68f79b8d89f5b36612750004
4	1243	8052	t	61	t	{"root": {"type": "root", "format": "", "indent": 0, "version": 1, "children": [{"type": "paragraph", "format": "", "indent": 0, "version": 1, "children": [{"mode": "normal", "text": "Si necesitas orientacin profesional para tomar decisiones con claridad.", "type": "text", "style": "", "detail": 0, "format": 0, "version": 1}], "direction": null, "textStyle": "", "textFormat": 0}], "direction": null}}	yellow	68f79b9e89f5b36612750006
5	1243	8053	t	61	t	{"root": {"type": "root", "format": "", "indent": 0, "version": 1, "children": [{"type": "paragraph", "format": "", "indent": 0, "version": 1, "children": [{"mode": "normal", "text": "Si crees que educar es tambin transformar la sociedad.", "type": "text", "style": "", "detail": 0, "format": 0, "version": 1}], "direction": null, "textStyle": "", "textFormat": 0}], "direction": null}}	yellow	68f79bd089f5b36612750008
1	1244	8054	t	61	t	{"root": {"type": "root", "format": "", "indent": 0, "version": 1, "children": [{"type": "paragraph", "format": "", "indent": 0, "version": 1, "children": [{"mode": "normal", "text": "La educacin debe ser un espacio de bienestar compartido, donde la empata, el cuidado y la conciencia social estn en el centro", "type": "text", "style": "", "detail": 0, "format": 0, "version": 1}], "direction": null, "textStyle": "", "textFormat": 0}], "direction": null}}	red	68f7a0fcad89aa564b316f7f
2	1244	8055	t	61	t	{"root": {"type": "root", "format": "", "indent": 0, "version": 1, "children": [{"type": "paragraph", "format": "", "indent": 0, "version": 1, "children": [{"mode": "normal", "text": "La escuela y la familia son agentes de transformacin social, capaces de formar personas autnomas, reflexivas y comprometidas.", "type": "text", "style": "", "detail": 0, "format": 0, "version": 1}], "direction": null, "textStyle": "", "textFormat": 0}], "direction": null}}	red	68f7a12bad89aa564b316f81
3	1244	8056	t	61	t	{"root": {"type": "root", "format": "", "indent": 0, "version": 1, "children": [{"type": "paragraph", "format": "", "indent": 0, "version": 1, "children": [{"mode": "normal", "text": "Igualdad de gnero: Educacin libre de estereotipos y respetuosa con todas las identidades.", "type": "text", "style": "", "detail": 0, "format": 0, "version": 1}], "direction": null, "textStyle": "", "textFormat": 0}], "direction": null}}	red	68f7a157ad89aa564b316f85
4	1244	8057	t	61	t	{"root": {"type": "root", "format": "", "indent": 0, "version": 1, "children": [{"type": "paragraph", "format": "", "indent": 0, "version": 1, "children": [{"mode": "normal", "text": "Educacin inclusiva y reparadora: Reconozco la diversidad y acompao necesidades individuales.", "type": "text", "style": "", "detail": 0, "format": 0, "version": 1}], "direction": null, "textStyle": "", "textFormat": 0}], "direction": null}}	red	68f7a16cad89aa564b316f87
5	1244	8058	t	61	t	{"root": {"type": "root", "format": "", "indent": 0, "version": 1, "children": [{"type": "paragraph", "format": "", "indent": 0, "version": 1, "children": [{"mode": "normal", "text": "Educacin para la transformacin social: Fomento la empata, la solidaridad y la conciencia social.", "type": "text", "style": "", "detail": 0, "format": 0, "version": 1}], "direction": null, "textStyle": "", "textFormat": 0}], "direction": null}}	red	68f7a18dad89aa564b316f89
6	1244	8059	t	61	t	{"root": {"type": "root", "format": "", "indent": 0, "version": 1, "children": [{"type": "paragraph", "format": "", "indent": 0, "version": 1, "children": [{"mode": "normal", "text": "Pedagogas innovadoras y de cuidado: Metodologas activas centradas en el bienestar del alumnado.", "type": "text", "style": "", "detail": 0, "format": 0, "version": 1}], "direction": null, "textStyle": "", "textFormat": 0}], "direction": null}}	red	68f7a19fad89aa564b316f8b
7	1244	8060	t	61	t	{"root": {"type": "root", "format": "", "indent": 0, "version": 1, "children": [{"type": "paragraph", "format": "", "indent": 0, "version": 1, "children": [{"mode": "normal", "text": "Fomento del pensamiento crtico: Enseo a pensar de forma autnoma, reflexiva y responsable.", "type": "text", "style": "", "detail": 0, "format": 0, "version": 1}], "direction": null, "textStyle": "", "textFormat": 0}], "direction": null}}	red	68f7a1b1ad89aa564b316f8d
8	1244	8061	t	61	t	{"root": {"type": "root", "format": "", "indent": 0, "version": 1, "children": [{"type": "paragraph", "format": "", "indent": 0, "version": 1, "children": [{"mode": "normal", "text": "Coherencia educativa: Trabajo desde la integridad entre pensamiento, emocin y accin.", "type": "text", "style": "", "detail": 0, "format": 0, "version": 1}], "direction": null, "textStyle": "", "textFormat": 0}], "direction": null}}	red	68f7a1c4ad89aa564b316f8f
9	1244	8062	t	61	t	{"root": {"type": "root", "format": "", "indent": 0, "version": 1, "children": [{"type": "paragraph", "format": "", "indent": 0, "version": 1, "children": [{"mode": "normal", "text": "Educacin ecolgica y consciente: Promuevo el respeto por el medio ambiente y hbitos sostenibles.", "type": "text", "style": "", "detail": 0, "format": 0, "version": 1}], "direction": null, "textStyle": "", "textFormat": 0}], "direction": null}}	red	68f7a1d7ad89aa564b316f91
1	1231	7965	t	61	t	{"root": {"type": "root", "format": "", "indent": 0, "version": 1, "children": [{"type": "paragraph", "format": "", "indent": 0, "version": 1, "children": [{"mode": "normal", "text": "Si quieres revisar hbitos y dinmicas familiares o escolares.", "type": "text", "style": "", "detail": 0, "format": 0, "version": 1}], "direction": null, "textStyle": "", "textFormat": 0}], "direction": null}}	yellow	68f79b4789f5b36612750000
2	1231	7966	t	61	t	{"root": {"type": "root", "format": "", "indent": 0, "version": 1, "children": [{"type": "paragraph", "format": "", "indent": 0, "version": 1, "children": [{"mode": "normal", "text": "Si buscas nuevas estrategias para acompaar a tus hij@s o estudiantes.", "type": "text", "style": "", "detail": 0, "format": 0, "version": 1}], "direction": null, "textStyle": "", "textFormat": 0}], "direction": null}}	yellow	68f79b7789f5b36612750002
3	1231	7967	t	61	t	{"root": {"type": "root", "format": "", "indent": 0, "version": 1, "children": [{"type": "paragraph", "format": "", "indent": 0, "version": 1, "children": [{"mode": "normal", "text": "Si valoras una educacin ms respetuosa y consciente y emptica.", "type": "text", "style": "", "detail": 0, "format": 0, "version": 1}], "direction": null, "textStyle": "", "textFormat": 0}], "direction": null}}	yellow	68f79b8d89f5b36612750004
4	1231	7968	t	61	t	{"root": {"type": "root", "format": "", "indent": 0, "version": 1, "children": [{"type": "paragraph", "format": "", "indent": 0, "version": 1, "children": [{"mode": "normal", "text": "Si necesitas orientacin profesional para tomar decisiones con claridad.", "type": "text", "style": "", "detail": 0, "format": 0, "version": 1}], "direction": null, "textStyle": "", "textFormat": 0}], "direction": null}}	yellow	68f79b9e89f5b36612750006
5	1231	7969	t	61	t	{"root": {"type": "root", "format": "", "indent": 0, "version": 1, "children": [{"type": "paragraph", "format": "", "indent": 0, "version": 1, "children": [{"mode": "normal", "text": "Si crees que educar es tambin transformar la sociedad.", "type": "text", "style": "", "detail": 0, "format": 0, "version": 1}], "direction": null, "textStyle": "", "textFormat": 0}], "direction": null}}	yellow	68f79bd089f5b36612750008
1	1232	7970	t	61	t	{"root": {"type": "root", "format": "", "indent": 0, "version": 1, "children": [{"type": "paragraph", "format": "", "indent": 0, "version": 1, "children": [{"mode": "normal", "text": "La educacin debe ser un espacio de bienestar compartido, donde la empata, el cuidado y la conciencia social estn en el centro", "type": "text", "style": "", "detail": 0, "format": 0, "version": 1}], "direction": null, "textStyle": "", "textFormat": 0}], "direction": null}}	red	68f7a0fcad89aa564b316f7f
4	1230	7959	t	61	t	{"root": {"type": "root", "format": "", "indent": 0, "version": 1, "children": [{"type": "paragraph", "format": "", "indent": 0, "version": 1, "children": [{"mode": "normal", "text": "Educacin inclusiva y reparadora: Reconozco la diversidad y acompao necesidades individuales.", "type": "text", "style": "", "detail": 0, "format": 0, "version": 1}], "direction": null, "textStyle": "", "textFormat": 0}], "direction": null}}	red	68f7a16cad89aa564b316f87
5	1230	7960	t	61	t	{"root": {"type": "root", "format": "", "indent": 0, "version": 1, "children": [{"type": "paragraph", "format": "", "indent": 0, "version": 1, "children": [{"mode": "normal", "text": "Educacin para la transformacin social: Fomento la empata, la solidaridad y la conciencia social.", "type": "text", "style": "", "detail": 0, "format": 0, "version": 1}], "direction": null, "textStyle": "", "textFormat": 0}], "direction": null}}	red	68f7a18dad89aa564b316f89
6	1230	7961	t	61	t	{"root": {"type": "root", "format": "", "indent": 0, "version": 1, "children": [{"type": "paragraph", "format": "", "indent": 0, "version": 1, "children": [{"mode": "normal", "text": "Pedagogas innovadoras y de cuidado: Metodologas activas centradas en el bienestar del alumnado.", "type": "text", "style": "", "detail": 0, "format": 0, "version": 1}], "direction": null, "textStyle": "", "textFormat": 0}], "direction": null}}	red	68f7a19fad89aa564b316f8b
7	1230	7962	t	61	t	{"root": {"type": "root", "format": "", "indent": 0, "version": 1, "children": [{"type": "paragraph", "format": "", "indent": 0, "version": 1, "children": [{"mode": "normal", "text": "Fomento del pensamiento crtico: Enseo a pensar de forma autnoma, reflexiva y responsable.", "type": "text", "style": "", "detail": 0, "format": 0, "version": 1}], "direction": null, "textStyle": "", "textFormat": 0}], "direction": null}}	red	68f7a1b1ad89aa564b316f8d
8	1230	7963	t	61	t	{"root": {"type": "root", "format": "", "indent": 0, "version": 1, "children": [{"type": "paragraph", "format": "", "indent": 0, "version": 1, "children": [{"mode": "normal", "text": "Coherencia educativa: Trabajo desde la integridad entre pensamiento, emocin y accin.", "type": "text", "style": "", "detail": 0, "format": 0, "version": 1}], "direction": null, "textStyle": "", "textFormat": 0}], "direction": null}}	red	68f7a1c4ad89aa564b316f8f
9	1230	7964	t	61	t	{"root": {"type": "root", "format": "", "indent": 0, "version": 1, "children": [{"type": "paragraph", "format": "", "indent": 0, "version": 1, "children": [{"mode": "normal", "text": "Educacin ecolgica y consciente: Promuevo el respeto por el medio ambiente y hbitos sostenibles.", "type": "text", "style": "", "detail": 0, "format": 0, "version": 1}], "direction": null, "textStyle": "", "textFormat": 0}], "direction": null}}	red	68f7a1d7ad89aa564b316f91
2	1232	7971	t	61	t	{"root": {"type": "root", "format": "", "indent": 0, "version": 1, "children": [{"type": "paragraph", "format": "", "indent": 0, "version": 1, "children": [{"mode": "normal", "text": "La escuela y la familia son agentes de transformacin social, capaces de formar personas autnomas, reflexivas y comprometidas.", "type": "text", "style": "", "detail": 0, "format": 0, "version": 1}], "direction": null, "textStyle": "", "textFormat": 0}], "direction": null}}	red	68f7a12bad89aa564b316f81
3	1232	7972	t	61	t	{"root": {"type": "root", "format": "", "indent": 0, "version": 1, "children": [{"type": "paragraph", "format": "", "indent": 0, "version": 1, "children": [{"mode": "normal", "text": "Igualdad de gnero: Educacin libre de estereotipos y respetuosa con todas las identidades.", "type": "text", "style": "", "detail": 0, "format": 0, "version": 1}], "direction": null, "textStyle": "", "textFormat": 0}], "direction": null}}	red	68f7a157ad89aa564b316f85
4	1232	7973	t	61	t	{"root": {"type": "root", "format": "", "indent": 0, "version": 1, "children": [{"type": "paragraph", "format": "", "indent": 0, "version": 1, "children": [{"mode": "normal", "text": "Educacin inclusiva y reparadora: Reconozco la diversidad y acompao necesidades individuales.", "type": "text", "style": "", "detail": 0, "format": 0, "version": 1}], "direction": null, "textStyle": "", "textFormat": 0}], "direction": null}}	red	68f7a16cad89aa564b316f87
5	1232	7974	t	61	t	{"root": {"type": "root", "format": "", "indent": 0, "version": 1, "children": [{"type": "paragraph", "format": "", "indent": 0, "version": 1, "children": [{"mode": "normal", "text": "Educacin para la transformacin social: Fomento la empata, la solidaridad y la conciencia social.", "type": "text", "style": "", "detail": 0, "format": 0, "version": 1}], "direction": null, "textStyle": "", "textFormat": 0}], "direction": null}}	red	68f7a18dad89aa564b316f89
6	1232	7975	t	61	t	{"root": {"type": "root", "format": "", "indent": 0, "version": 1, "children": [{"type": "paragraph", "format": "", "indent": 0, "version": 1, "children": [{"mode": "normal", "text": "Pedagogas innovadoras y de cuidado: Metodologas activas centradas en el bienestar del alumnado.", "type": "text", "style": "", "detail": 0, "format": 0, "version": 1}], "direction": null, "textStyle": "", "textFormat": 0}], "direction": null}}	red	68f7a19fad89aa564b316f8b
7	1232	7976	t	61	t	{"root": {"type": "root", "format": "", "indent": 0, "version": 1, "children": [{"type": "paragraph", "format": "", "indent": 0, "version": 1, "children": [{"mode": "normal", "text": "Fomento del pensamiento crtico: Enseo a pensar de forma autnoma, reflexiva y responsable.", "type": "text", "style": "", "detail": 0, "format": 0, "version": 1}], "direction": null, "textStyle": "", "textFormat": 0}], "direction": null}}	red	68f7a1b1ad89aa564b316f8d
8	1232	7977	t	61	t	{"root": {"type": "root", "format": "", "indent": 0, "version": 1, "children": [{"type": "paragraph", "format": "", "indent": 0, "version": 1, "children": [{"mode": "normal", "text": "Coherencia educativa: Trabajo desde la integridad entre pensamiento, emocin y accin.", "type": "text", "style": "", "detail": 0, "format": 0, "version": 1}], "direction": null, "textStyle": "", "textFormat": 0}], "direction": null}}	red	68f7a1c4ad89aa564b316f8f
9	1232	7978	t	61	t	{"root": {"type": "root", "format": "", "indent": 0, "version": 1, "children": [{"type": "paragraph", "format": "", "indent": 0, "version": 1, "children": [{"mode": "normal", "text": "Educacin ecolgica y consciente: Promuevo el respeto por el medio ambiente y hbitos sostenibles.", "type": "text", "style": "", "detail": 0, "format": 0, "version": 1}], "direction": null, "textStyle": "", "textFormat": 0}], "direction": null}}	red	68f7a1d7ad89aa564b316f91
1	1233	7979	t	61	t	{"root": {"type": "root", "format": "", "indent": 0, "version": 1, "children": [{"type": "paragraph", "format": "", "indent": 0, "version": 1, "children": [{"mode": "normal", "text": "Si quieres revisar hbitos y dinmicas familiares o escolares.", "type": "text", "style": "", "detail": 0, "format": 0, "version": 1}], "direction": null, "textStyle": "", "textFormat": 0}], "direction": null}}	yellow	68f79b4789f5b36612750000
2	1233	7980	t	61	t	{"root": {"type": "root", "format": "", "indent": 0, "version": 1, "children": [{"type": "paragraph", "format": "", "indent": 0, "version": 1, "children": [{"mode": "normal", "text": "Si buscas nuevas estrategias para acompaar a tus hij@s o estudiantes.", "type": "text", "style": "", "detail": 0, "format": 0, "version": 1}], "direction": null, "textStyle": "", "textFormat": 0}], "direction": null}}	yellow	68f79b7789f5b36612750002
3	1233	7981	t	61	t	{"root": {"type": "root", "format": "", "indent": 0, "version": 1, "children": [{"type": "paragraph", "format": "", "indent": 0, "version": 1, "children": [{"mode": "normal", "text": "Si valoras una educacin ms respetuosa y consciente y emptica.", "type": "text", "style": "", "detail": 0, "format": 0, "version": 1}], "direction": null, "textStyle": "", "textFormat": 0}], "direction": null}}	yellow	68f79b8d89f5b36612750004
4	1233	7982	t	61	t	{"root": {"type": "root", "format": "", "indent": 0, "version": 1, "children": [{"type": "paragraph", "format": "", "indent": 0, "version": 1, "children": [{"mode": "normal", "text": "Si necesitas orientacin profesional para tomar decisiones con claridad.", "type": "text", "style": "", "detail": 0, "format": 0, "version": 1}], "direction": null, "textStyle": "", "textFormat": 0}], "direction": null}}	yellow	68f79b9e89f5b36612750006
5	1233	7983	t	61	t	{"root": {"type": "root", "format": "", "indent": 0, "version": 1, "children": [{"type": "paragraph", "format": "", "indent": 0, "version": 1, "children": [{"mode": "normal", "text": "Si crees que educar es tambin transformar la sociedad.", "type": "text", "style": "", "detail": 0, "format": 0, "version": 1}], "direction": null, "textStyle": "", "textFormat": 0}], "direction": null}}	yellow	68f79bd089f5b36612750008
1	1234	7984	t	61	t	{"root": {"type": "root", "format": "", "indent": 0, "version": 1, "children": [{"type": "paragraph", "format": "", "indent": 0, "version": 1, "children": [{"mode": "normal", "text": "La educacin debe ser un espacio de bienestar compartido, donde la empata, el cuidado y la conciencia social estn en el centro", "type": "text", "style": "", "detail": 0, "format": 0, "version": 1}], "direction": null, "textStyle": "", "textFormat": 0}], "direction": null}}	red	68f7a0fcad89aa564b316f7f
2	1234	7985	t	61	t	{"root": {"type": "root", "format": "", "indent": 0, "version": 1, "children": [{"type": "paragraph", "format": "", "indent": 0, "version": 1, "children": [{"mode": "normal", "text": "La escuela y la familia son agentes de transformacin social, capaces de formar personas autnomas, reflexivas y comprometidas.", "type": "text", "style": "", "detail": 0, "format": 0, "version": 1}], "direction": null, "textStyle": "", "textFormat": 0}], "direction": null}}	red	68f7a12bad89aa564b316f81
3	1234	7986	t	61	t	{"root": {"type": "root", "format": "", "indent": 0, "version": 1, "children": [{"type": "paragraph", "format": "", "indent": 0, "version": 1, "children": [{"mode": "normal", "text": "Igualdad de gnero: Educacin libre de estereotipos y respetuosa con todas las identidades.", "type": "text", "style": "", "detail": 0, "format": 0, "version": 1}], "direction": null, "textStyle": "", "textFormat": 0}], "direction": null}}	red	68f7a157ad89aa564b316f85
4	1234	7987	t	61	t	{"root": {"type": "root", "format": "", "indent": 0, "version": 1, "children": [{"type": "paragraph", "format": "", "indent": 0, "version": 1, "children": [{"mode": "normal", "text": "Educacin inclusiva y reparadora: Reconozco la diversidad y acompao necesidades individuales.", "type": "text", "style": "", "detail": 0, "format": 0, "version": 1}], "direction": null, "textStyle": "", "textFormat": 0}], "direction": null}}	red	68f7a16cad89aa564b316f87
5	1234	7988	t	61	t	{"root": {"type": "root", "format": "", "indent": 0, "version": 1, "children": [{"type": "paragraph", "format": "", "indent": 0, "version": 1, "children": [{"mode": "normal", "text": "Educacin para la transformacin social: Fomento la empata, la solidaridad y la conciencia social.", "type": "text", "style": "", "detail": 0, "format": 0, "version": 1}], "direction": null, "textStyle": "", "textFormat": 0}], "direction": null}}	red	68f7a18dad89aa564b316f89
6	1234	7989	t	61	t	{"root": {"type": "root", "format": "", "indent": 0, "version": 1, "children": [{"type": "paragraph", "format": "", "indent": 0, "version": 1, "children": [{"mode": "normal", "text": "Pedagogas innovadoras y de cuidado: Metodologas activas centradas en el bienestar del alumnado.", "type": "text", "style": "", "detail": 0, "format": 0, "version": 1}], "direction": null, "textStyle": "", "textFormat": 0}], "direction": null}}	red	68f7a19fad89aa564b316f8b
7	1234	7990	t	61	t	{"root": {"type": "root", "format": "", "indent": 0, "version": 1, "children": [{"type": "paragraph", "format": "", "indent": 0, "version": 1, "children": [{"mode": "normal", "text": "Fomento del pensamiento crtico: Enseo a pensar de forma autnoma, reflexiva y responsable.", "type": "text", "style": "", "detail": 0, "format": 0, "version": 1}], "direction": null, "textStyle": "", "textFormat": 0}], "direction": null}}	red	68f7a1b1ad89aa564b316f8d
8	1234	7991	t	61	t	{"root": {"type": "root", "format": "", "indent": 0, "version": 1, "children": [{"type": "paragraph", "format": "", "indent": 0, "version": 1, "children": [{"mode": "normal", "text": "Coherencia educativa: Trabajo desde la integridad entre pensamiento, emocin y accin.", "type": "text", "style": "", "detail": 0, "format": 0, "version": 1}], "direction": null, "textStyle": "", "textFormat": 0}], "direction": null}}	red	68f7a1c4ad89aa564b316f8f
9	1234	7992	t	61	t	{"root": {"type": "root", "format": "", "indent": 0, "version": 1, "children": [{"type": "paragraph", "format": "", "indent": 0, "version": 1, "children": [{"mode": "normal", "text": "Educacin ecolgica y consciente: Promuevo el respeto por el medio ambiente y hbitos sostenibles.", "type": "text", "style": "", "detail": 0, "format": 0, "version": 1}], "direction": null, "textStyle": "", "textFormat": 0}], "direction": null}}	red	68f7a1d7ad89aa564b316f91
1	1235	7993	t	61	t	{"root": {"type": "root", "format": "", "indent": 0, "version": 1, "children": [{"type": "paragraph", "format": "", "indent": 0, "version": 1, "children": [{"mode": "normal", "text": "Si quieres revisar hbitos y dinmicas familiares o escolares.", "type": "text", "style": "", "detail": 0, "format": 0, "version": 1}], "direction": null, "textStyle": "", "textFormat": 0}], "direction": null}}	yellow	68f79b4789f5b36612750000
2	1235	7994	t	61	t	{"root": {"type": "root", "format": "", "indent": 0, "version": 1, "children": [{"type": "paragraph", "format": "", "indent": 0, "version": 1, "children": [{"mode": "normal", "text": "Si buscas nuevas estrategias para acompaar a tus hij@s o estudiantes.", "type": "text", "style": "", "detail": 0, "format": 0, "version": 1}], "direction": null, "textStyle": "", "textFormat": 0}], "direction": null}}	yellow	68f79b7789f5b36612750002
3	1235	7995	t	61	t	{"root": {"type": "root", "format": "", "indent": 0, "version": 1, "children": [{"type": "paragraph", "format": "", "indent": 0, "version": 1, "children": [{"mode": "normal", "text": "Si valoras una educacin ms respetuosa y consciente y emptica.", "type": "text", "style": "", "detail": 0, "format": 0, "version": 1}], "direction": null, "textStyle": "", "textFormat": 0}], "direction": null}}	yellow	68f79b8d89f5b36612750004
4	1235	7996	t	61	t	{"root": {"type": "root", "format": "", "indent": 0, "version": 1, "children": [{"type": "paragraph", "format": "", "indent": 0, "version": 1, "children": [{"mode": "normal", "text": "Si necesitas orientacin profesional para tomar decisiones con claridad.", "type": "text", "style": "", "detail": 0, "format": 0, "version": 1}], "direction": null, "textStyle": "", "textFormat": 0}], "direction": null}}	yellow	68f79b9e89f5b36612750006
5	1235	7997	t	61	t	{"root": {"type": "root", "format": "", "indent": 0, "version": 1, "children": [{"type": "paragraph", "format": "", "indent": 0, "version": 1, "children": [{"mode": "normal", "text": "Si crees que educar es tambin transformar la sociedad.", "type": "text", "style": "", "detail": 0, "format": 0, "version": 1}], "direction": null, "textStyle": "", "textFormat": 0}], "direction": null}}	yellow	68f79bd089f5b36612750008
1	1236	7998	t	61	t	{"root": {"type": "root", "format": "", "indent": 0, "version": 1, "children": [{"type": "paragraph", "format": "", "indent": 0, "version": 1, "children": [{"mode": "normal", "text": "La educacin debe ser un espacio de bienestar compartido, donde la empata, el cuidado y la conciencia social estn en el centro", "type": "text", "style": "", "detail": 0, "format": 0, "version": 1}], "direction": null, "textStyle": "", "textFormat": 0}], "direction": null}}	red	68f7a0fcad89aa564b316f7f
2	1236	7999	t	61	t	{"root": {"type": "root", "format": "", "indent": 0, "version": 1, "children": [{"type": "paragraph", "format": "", "indent": 0, "version": 1, "children": [{"mode": "normal", "text": "La escuela y la familia son agentes de transformacin social, capaces de formar personas autnomas, reflexivas y comprometidas.", "type": "text", "style": "", "detail": 0, "format": 0, "version": 1}], "direction": null, "textStyle": "", "textFormat": 0}], "direction": null}}	red	68f7a12bad89aa564b316f81
3	1236	8000	t	61	t	{"root": {"type": "root", "format": "", "indent": 0, "version": 1, "children": [{"type": "paragraph", "format": "", "indent": 0, "version": 1, "children": [{"mode": "normal", "text": "Igualdad de gnero: Educacin libre de estereotipos y respetuosa con todas las identidades.", "type": "text", "style": "", "detail": 0, "format": 0, "version": 1}], "direction": null, "textStyle": "", "textFormat": 0}], "direction": null}}	red	68f7a157ad89aa564b316f85
4	1236	8001	t	61	t	{"root": {"type": "root", "format": "", "indent": 0, "version": 1, "children": [{"type": "paragraph", "format": "", "indent": 0, "version": 1, "children": [{"mode": "normal", "text": "Educacin inclusiva y reparadora: Reconozco la diversidad y acompao necesidades individuales.", "type": "text", "style": "", "detail": 0, "format": 0, "version": 1}], "direction": null, "textStyle": "", "textFormat": 0}], "direction": null}}	red	68f7a16cad89aa564b316f87
5	1236	8002	t	61	t	{"root": {"type": "root", "format": "", "indent": 0, "version": 1, "children": [{"type": "paragraph", "format": "", "indent": 0, "version": 1, "children": [{"mode": "normal", "text": "Educacin para la transformacin social: Fomento la empata, la solidaridad y la conciencia social.", "type": "text", "style": "", "detail": 0, "format": 0, "version": 1}], "direction": null, "textStyle": "", "textFormat": 0}], "direction": null}}	red	68f7a18dad89aa564b316f89
6	1236	8003	t	61	t	{"root": {"type": "root", "format": "", "indent": 0, "version": 1, "children": [{"type": "paragraph", "format": "", "indent": 0, "version": 1, "children": [{"mode": "normal", "text": "Pedagogas innovadoras y de cuidado: Metodologas activas centradas en el bienestar del alumnado.", "type": "text", "style": "", "detail": 0, "format": 0, "version": 1}], "direction": null, "textStyle": "", "textFormat": 0}], "direction": null}}	red	68f7a19fad89aa564b316f8b
7	1236	8004	t	61	t	{"root": {"type": "root", "format": "", "indent": 0, "version": 1, "children": [{"type": "paragraph", "format": "", "indent": 0, "version": 1, "children": [{"mode": "normal", "text": "Fomento del pensamiento crtico: Enseo a pensar de forma autnoma, reflexiva y responsable.", "type": "text", "style": "", "detail": 0, "format": 0, "version": 1}], "direction": null, "textStyle": "", "textFormat": 0}], "direction": null}}	red	68f7a1b1ad89aa564b316f8d
8	1236	8005	t	61	t	{"root": {"type": "root", "format": "", "indent": 0, "version": 1, "children": [{"type": "paragraph", "format": "", "indent": 0, "version": 1, "children": [{"mode": "normal", "text": "Coherencia educativa: Trabajo desde la integridad entre pensamiento, emocin y accin.", "type": "text", "style": "", "detail": 0, "format": 0, "version": 1}], "direction": null, "textStyle": "", "textFormat": 0}], "direction": null}}	red	68f7a1c4ad89aa564b316f8f
9	1236	8006	t	61	t	{"root": {"type": "root", "format": "", "indent": 0, "version": 1, "children": [{"type": "paragraph", "format": "", "indent": 0, "version": 1, "children": [{"mode": "normal", "text": "Educacin ecolgica y consciente: Promuevo el respeto por el medio ambiente y hbitos sostenibles.", "type": "text", "style": "", "detail": 0, "format": 0, "version": 1}], "direction": null, "textStyle": "", "textFormat": 0}], "direction": null}}	red	68f7a1d7ad89aa564b316f91
1	1237	8007	t	61	t	{"root": {"type": "root", "format": "", "indent": 0, "version": 1, "children": [{"type": "paragraph", "format": "", "indent": 0, "version": 1, "children": [{"mode": "normal", "text": "Si quieres revisar hbitos y dinmicas familiares o escolares.", "type": "text", "style": "", "detail": 0, "format": 0, "version": 1}], "direction": null, "textStyle": "", "textFormat": 0}], "direction": null}}	yellow	68f79b4789f5b36612750000
2	1237	8008	t	61	t	{"root": {"type": "root", "format": "", "indent": 0, "version": 1, "children": [{"type": "paragraph", "format": "", "indent": 0, "version": 1, "children": [{"mode": "normal", "text": "Si buscas nuevas estrategias para acompaar a tus hij@s o estudiantes.", "type": "text", "style": "", "detail": 0, "format": 0, "version": 1}], "direction": null, "textStyle": "", "textFormat": 0}], "direction": null}}	yellow	68f79b7789f5b36612750002
3	1237	8009	t	61	t	{"root": {"type": "root", "format": "", "indent": 0, "version": 1, "children": [{"type": "paragraph", "format": "", "indent": 0, "version": 1, "children": [{"mode": "normal", "text": "Si valoras una educacin ms respetuosa y consciente y emptica.", "type": "text", "style": "", "detail": 0, "format": 0, "version": 1}], "direction": null, "textStyle": "", "textFormat": 0}], "direction": null}}	yellow	68f79b8d89f5b36612750004
4	1237	8010	t	61	t	{"root": {"type": "root", "format": "", "indent": 0, "version": 1, "children": [{"type": "paragraph", "format": "", "indent": 0, "version": 1, "children": [{"mode": "normal", "text": "Si necesitas orientacin profesional para tomar decisiones con claridad.", "type": "text", "style": "", "detail": 0, "format": 0, "version": 1}], "direction": null, "textStyle": "", "textFormat": 0}], "direction": null}}	yellow	68f79b9e89f5b36612750006
5	1237	8011	t	61	t	{"root": {"type": "root", "format": "", "indent": 0, "version": 1, "children": [{"type": "paragraph", "format": "", "indent": 0, "version": 1, "children": [{"mode": "normal", "text": "Si crees que educar es tambin transformar la sociedad.", "type": "text", "style": "", "detail": 0, "format": 0, "version": 1}], "direction": null, "textStyle": "", "textFormat": 0}], "direction": null}}	yellow	68f79bd089f5b36612750008
1	1238	8012	t	61	t	{"root": {"type": "root", "format": "", "indent": 0, "version": 1, "children": [{"type": "paragraph", "format": "", "indent": 0, "version": 1, "children": [{"mode": "normal", "text": "La educacin debe ser un espacio de bienestar compartido, donde la empata, el cuidado y la conciencia social estn en el centro", "type": "text", "style": "", "detail": 0, "format": 0, "version": 1}], "direction": null, "textStyle": "", "textFormat": 0}], "direction": null}}	red	68f7a0fcad89aa564b316f7f
2	1238	8013	t	61	t	{"root": {"type": "root", "format": "", "indent": 0, "version": 1, "children": [{"type": "paragraph", "format": "", "indent": 0, "version": 1, "children": [{"mode": "normal", "text": "La escuela y la familia son agentes de transformacin social, capaces de formar personas autnomas, reflexivas y comprometidas.", "type": "text", "style": "", "detail": 0, "format": 0, "version": 1}], "direction": null, "textStyle": "", "textFormat": 0}], "direction": null}}	red	68f7a12bad89aa564b316f81
3	1238	8014	t	61	t	{"root": {"type": "root", "format": "", "indent": 0, "version": 1, "children": [{"type": "paragraph", "format": "", "indent": 0, "version": 1, "children": [{"mode": "normal", "text": "Igualdad de gnero: Educacin libre de estereotipos y respetuosa con todas las identidades.", "type": "text", "style": "", "detail": 0, "format": 0, "version": 1}], "direction": null, "textStyle": "", "textFormat": 0}], "direction": null}}	red	68f7a157ad89aa564b316f85
4	1238	8015	t	61	t	{"root": {"type": "root", "format": "", "indent": 0, "version": 1, "children": [{"type": "paragraph", "format": "", "indent": 0, "version": 1, "children": [{"mode": "normal", "text": "Educacin inclusiva y reparadora: Reconozco la diversidad y acompao necesidades individuales.", "type": "text", "style": "", "detail": 0, "format": 0, "version": 1}], "direction": null, "textStyle": "", "textFormat": 0}], "direction": null}}	red	68f7a16cad89aa564b316f87
5	1238	8016	t	61	t	{"root": {"type": "root", "format": "", "indent": 0, "version": 1, "children": [{"type": "paragraph", "format": "", "indent": 0, "version": 1, "children": [{"mode": "normal", "text": "Educacin para la transformacin social: Fomento la empata, la solidaridad y la conciencia social.", "type": "text", "style": "", "detail": 0, "format": 0, "version": 1}], "direction": null, "textStyle": "", "textFormat": 0}], "direction": null}}	red	68f7a18dad89aa564b316f89
6	1238	8017	t	61	t	{"root": {"type": "root", "format": "", "indent": 0, "version": 1, "children": [{"type": "paragraph", "format": "", "indent": 0, "version": 1, "children": [{"mode": "normal", "text": "Pedagogas innovadoras y de cuidado: Metodologas activas centradas en el bienestar del alumnado.", "type": "text", "style": "", "detail": 0, "format": 0, "version": 1}], "direction": null, "textStyle": "", "textFormat": 0}], "direction": null}}	red	68f7a19fad89aa564b316f8b
7	1238	8018	t	61	t	{"root": {"type": "root", "format": "", "indent": 0, "version": 1, "children": [{"type": "paragraph", "format": "", "indent": 0, "version": 1, "children": [{"mode": "normal", "text": "Fomento del pensamiento crtico: Enseo a pensar de forma autnoma, reflexiva y responsable.", "type": "text", "style": "", "detail": 0, "format": 0, "version": 1}], "direction": null, "textStyle": "", "textFormat": 0}], "direction": null}}	red	68f7a1b1ad89aa564b316f8d
1	1225	7923	t	61	t	{"root": {"type": "root", "format": "", "indent": 0, "version": 1, "children": [{"type": "paragraph", "format": "", "indent": 0, "version": 1, "children": [{"mode": "normal", "text": "Si quieres revisar hbitos y dinmicas familiares o escolares.", "type": "text", "style": "", "detail": 0, "format": 0, "version": 1}], "direction": null, "textStyle": "", "textFormat": 0}], "direction": null}}	yellow	68f79b4789f5b36612750000
2	1225	7924	t	61	t	{"root": {"type": "root", "format": "", "indent": 0, "version": 1, "children": [{"type": "paragraph", "format": "", "indent": 0, "version": 1, "children": [{"mode": "normal", "text": "Si buscas nuevas estrategias para acompaar a tus hij@s o estudiantes.", "type": "text", "style": "", "detail": 0, "format": 0, "version": 1}], "direction": null, "textStyle": "", "textFormat": 0}], "direction": null}}	yellow	68f79b7789f5b36612750002
3	1225	7925	t	61	t	{"root": {"type": "root", "format": "", "indent": 0, "version": 1, "children": [{"type": "paragraph", "format": "", "indent": 0, "version": 1, "children": [{"mode": "normal", "text": "Si valoras una educacin ms respetuosa y consciente y emptica.", "type": "text", "style": "", "detail": 0, "format": 0, "version": 1}], "direction": null, "textStyle": "", "textFormat": 0}], "direction": null}}	yellow	68f79b8d89f5b36612750004
4	1225	7926	t	61	t	{"root": {"type": "root", "format": "", "indent": 0, "version": 1, "children": [{"type": "paragraph", "format": "", "indent": 0, "version": 1, "children": [{"mode": "normal", "text": "Si necesitas orientacin profesional para tomar decisiones con claridad.", "type": "text", "style": "", "detail": 0, "format": 0, "version": 1}], "direction": null, "textStyle": "", "textFormat": 0}], "direction": null}}	yellow	68f79b9e89f5b36612750006
5	1225	7927	t	61	t	{"root": {"type": "root", "format": "", "indent": 0, "version": 1, "children": [{"type": "paragraph", "format": "", "indent": 0, "version": 1, "children": [{"mode": "normal", "text": "Si crees que educar es tambin transformar la sociedad.", "type": "text", "style": "", "detail": 0, "format": 0, "version": 1}], "direction": null, "textStyle": "", "textFormat": 0}], "direction": null}}	yellow	68f79bd089f5b36612750008
1	1226	7928	t	61	t	{"root": {"type": "root", "format": "", "indent": 0, "version": 1, "children": [{"type": "paragraph", "format": "", "indent": 0, "version": 1, "children": [{"mode": "normal", "text": "La educacin debe ser un espacio de bienestar compartido, donde la empata, el cuidado y la conciencia social estn en el centro", "type": "text", "style": "", "detail": 0, "format": 0, "version": 1}], "direction": null, "textStyle": "", "textFormat": 0}], "direction": null}}	red	68f7a0fcad89aa564b316f7f
2	1226	7929	t	61	t	{"root": {"type": "root", "format": "", "indent": 0, "version": 1, "children": [{"type": "paragraph", "format": "", "indent": 0, "version": 1, "children": [{"mode": "normal", "text": "La escuela y la familia son agentes de transformacin social, capaces de formar personas autnomas, reflexivas y comprometidas.", "type": "text", "style": "", "detail": 0, "format": 0, "version": 1}], "direction": null, "textStyle": "", "textFormat": 0}], "direction": null}}	red	68f7a12bad89aa564b316f81
3	1226	7930	t	61	t	{"root": {"type": "root", "format": "", "indent": 0, "version": 1, "children": [{"type": "paragraph", "format": "", "indent": 0, "version": 1, "children": [{"mode": "normal", "text": "Igualdad de gnero: Educacin libre de estereotipos y respetuosa con todas las identidades.", "type": "text", "style": "", "detail": 0, "format": 0, "version": 1}], "direction": null, "textStyle": "", "textFormat": 0}], "direction": null}}	red	68f7a157ad89aa564b316f85
4	1226	7931	t	61	t	{"root": {"type": "root", "format": "", "indent": 0, "version": 1, "children": [{"type": "paragraph", "format": "", "indent": 0, "version": 1, "children": [{"mode": "normal", "text": "Educacin inclusiva y reparadora: Reconozco la diversidad y acompao necesidades individuales.", "type": "text", "style": "", "detail": 0, "format": 0, "version": 1}], "direction": null, "textStyle": "", "textFormat": 0}], "direction": null}}	red	68f7a16cad89aa564b316f87
5	1226	7932	t	61	t	{"root": {"type": "root", "format": "", "indent": 0, "version": 1, "children": [{"type": "paragraph", "format": "", "indent": 0, "version": 1, "children": [{"mode": "normal", "text": "Educacin para la transformacin social: Fomento la empata, la solidaridad y la conciencia social.", "type": "text", "style": "", "detail": 0, "format": 0, "version": 1}], "direction": null, "textStyle": "", "textFormat": 0}], "direction": null}}	red	68f7a18dad89aa564b316f89
6	1226	7933	t	61	t	{"root": {"type": "root", "format": "", "indent": 0, "version": 1, "children": [{"type": "paragraph", "format": "", "indent": 0, "version": 1, "children": [{"mode": "normal", "text": "Pedagogas innovadoras y de cuidado: Metodologas activas centradas en el bienestar del alumnado.", "type": "text", "style": "", "detail": 0, "format": 0, "version": 1}], "direction": null, "textStyle": "", "textFormat": 0}], "direction": null}}	red	68f7a19fad89aa564b316f8b
7	1226	7934	t	61	t	{"root": {"type": "root", "format": "", "indent": 0, "version": 1, "children": [{"type": "paragraph", "format": "", "indent": 0, "version": 1, "children": [{"mode": "normal", "text": "Fomento del pensamiento crtico: Enseo a pensar de forma autnoma, reflexiva y responsable.", "type": "text", "style": "", "detail": 0, "format": 0, "version": 1}], "direction": null, "textStyle": "", "textFormat": 0}], "direction": null}}	red	68f7a1b1ad89aa564b316f8d
8	1226	7935	t	61	t	{"root": {"type": "root", "format": "", "indent": 0, "version": 1, "children": [{"type": "paragraph", "format": "", "indent": 0, "version": 1, "children": [{"mode": "normal", "text": "Coherencia educativa: Trabajo desde la integridad entre pensamiento, emocin y accin.", "type": "text", "style": "", "detail": 0, "format": 0, "version": 1}], "direction": null, "textStyle": "", "textFormat": 0}], "direction": null}}	red	68f7a1c4ad89aa564b316f8f
9	1226	7936	t	61	t	{"root": {"type": "root", "format": "", "indent": 0, "version": 1, "children": [{"type": "paragraph", "format": "", "indent": 0, "version": 1, "children": [{"mode": "normal", "text": "Educacin ecolgica y consciente: Promuevo el respeto por el medio ambiente y hbitos sostenibles.", "type": "text", "style": "", "detail": 0, "format": 0, "version": 1}], "direction": null, "textStyle": "", "textFormat": 0}], "direction": null}}	red	68f7a1d7ad89aa564b316f91
8	1238	8019	t	61	t	{"root": {"type": "root", "format": "", "indent": 0, "version": 1, "children": [{"type": "paragraph", "format": "", "indent": 0, "version": 1, "children": [{"mode": "normal", "text": "Coherencia educativa: Trabajo desde la integridad entre pensamiento, emocin y accin.", "type": "text", "style": "", "detail": 0, "format": 0, "version": 1}], "direction": null, "textStyle": "", "textFormat": 0}], "direction": null}}	red	68f7a1c4ad89aa564b316f8f
9	1238	8020	t	61	t	{"root": {"type": "root", "format": "", "indent": 0, "version": 1, "children": [{"type": "paragraph", "format": "", "indent": 0, "version": 1, "children": [{"mode": "normal", "text": "Educacin ecolgica y consciente: Promuevo el respeto por el medio ambiente y hbitos sostenibles.", "type": "text", "style": "", "detail": 0, "format": 0, "version": 1}], "direction": null, "textStyle": "", "textFormat": 0}], "direction": null}}	red	68f7a1d7ad89aa564b316f91
1	1227	7937	t	61	t	{"root": {"type": "root", "format": "", "indent": 0, "version": 1, "children": [{"type": "paragraph", "format": "", "indent": 0, "version": 1, "children": [{"mode": "normal", "text": "Si quieres revisar hbitos y dinmicas familiares o escolares.", "type": "text", "style": "", "detail": 0, "format": 0, "version": 1}], "direction": null, "textStyle": "", "textFormat": 0}], "direction": null}}	yellow	68f79b4789f5b36612750000
2	1227	7938	t	61	t	{"root": {"type": "root", "format": "", "indent": 0, "version": 1, "children": [{"type": "paragraph", "format": "", "indent": 0, "version": 1, "children": [{"mode": "normal", "text": "Si buscas nuevas estrategias para acompaar a tus hij@s o estudiantes.", "type": "text", "style": "", "detail": 0, "format": 0, "version": 1}], "direction": null, "textStyle": "", "textFormat": 0}], "direction": null}}	yellow	68f79b7789f5b36612750002
3	1227	7939	t	61	t	{"root": {"type": "root", "format": "", "indent": 0, "version": 1, "children": [{"type": "paragraph", "format": "", "indent": 0, "version": 1, "children": [{"mode": "normal", "text": "Si valoras una educacin ms respetuosa y consciente y emptica.", "type": "text", "style": "", "detail": 0, "format": 0, "version": 1}], "direction": null, "textStyle": "", "textFormat": 0}], "direction": null}}	yellow	68f79b8d89f5b36612750004
4	1227	7940	t	61	t	{"root": {"type": "root", "format": "", "indent": 0, "version": 1, "children": [{"type": "paragraph", "format": "", "indent": 0, "version": 1, "children": [{"mode": "normal", "text": "Si necesitas orientacin profesional para tomar decisiones con claridad.", "type": "text", "style": "", "detail": 0, "format": 0, "version": 1}], "direction": null, "textStyle": "", "textFormat": 0}], "direction": null}}	yellow	68f79b9e89f5b36612750006
5	1227	7941	t	61	t	{"root": {"type": "root", "format": "", "indent": 0, "version": 1, "children": [{"type": "paragraph", "format": "", "indent": 0, "version": 1, "children": [{"mode": "normal", "text": "Si crees que educar es tambin transformar la sociedad.", "type": "text", "style": "", "detail": 0, "format": 0, "version": 1}], "direction": null, "textStyle": "", "textFormat": 0}], "direction": null}}	yellow	68f79bd089f5b36612750008
1	1228	7942	t	61	t	{"root": {"type": "root", "format": "", "indent": 0, "version": 1, "children": [{"type": "paragraph", "format": "", "indent": 0, "version": 1, "children": [{"mode": "normal", "text": "La educacin debe ser un espacio de bienestar compartido, donde la empata, el cuidado y la conciencia social estn en el centro", "type": "text", "style": "", "detail": 0, "format": 0, "version": 1}], "direction": null, "textStyle": "", "textFormat": 0}], "direction": null}}	red	68f7a0fcad89aa564b316f7f
2	1228	7943	t	61	t	{"root": {"type": "root", "format": "", "indent": 0, "version": 1, "children": [{"type": "paragraph", "format": "", "indent": 0, "version": 1, "children": [{"mode": "normal", "text": "La escuela y la familia son agentes de transformacin social, capaces de formar personas autnomas, reflexivas y comprometidas.", "type": "text", "style": "", "detail": 0, "format": 0, "version": 1}], "direction": null, "textStyle": "", "textFormat": 0}], "direction": null}}	red	68f7a12bad89aa564b316f81
3	1228	7944	t	61	t	{"root": {"type": "root", "format": "", "indent": 0, "version": 1, "children": [{"type": "paragraph", "format": "", "indent": 0, "version": 1, "children": [{"mode": "normal", "text": "Igualdad de gnero: Educacin libre de estereotipos y respetuosa con todas las identidades.", "type": "text", "style": "", "detail": 0, "format": 0, "version": 1}], "direction": null, "textStyle": "", "textFormat": 0}], "direction": null}}	red	68f7a157ad89aa564b316f85
4	1228	7945	t	61	t	{"root": {"type": "root", "format": "", "indent": 0, "version": 1, "children": [{"type": "paragraph", "format": "", "indent": 0, "version": 1, "children": [{"mode": "normal", "text": "Educacin inclusiva y reparadora: Reconozco la diversidad y acompao necesidades individuales.", "type": "text", "style": "", "detail": 0, "format": 0, "version": 1}], "direction": null, "textStyle": "", "textFormat": 0}], "direction": null}}	red	68f7a16cad89aa564b316f87
5	1228	7946	t	61	t	{"root": {"type": "root", "format": "", "indent": 0, "version": 1, "children": [{"type": "paragraph", "format": "", "indent": 0, "version": 1, "children": [{"mode": "normal", "text": "Educacin para la transformacin social: Fomento la empata, la solidaridad y la conciencia social.", "type": "text", "style": "", "detail": 0, "format": 0, "version": 1}], "direction": null, "textStyle": "", "textFormat": 0}], "direction": null}}	red	68f7a18dad89aa564b316f89
6	1228	7947	t	61	t	{"root": {"type": "root", "format": "", "indent": 0, "version": 1, "children": [{"type": "paragraph", "format": "", "indent": 0, "version": 1, "children": [{"mode": "normal", "text": "Pedagogas innovadoras y de cuidado: Metodologas activas centradas en el bienestar del alumnado.", "type": "text", "style": "", "detail": 0, "format": 0, "version": 1}], "direction": null, "textStyle": "", "textFormat": 0}], "direction": null}}	red	68f7a19fad89aa564b316f8b
7	1228	7948	t	61	t	{"root": {"type": "root", "format": "", "indent": 0, "version": 1, "children": [{"type": "paragraph", "format": "", "indent": 0, "version": 1, "children": [{"mode": "normal", "text": "Fomento del pensamiento crtico: Enseo a pensar de forma autnoma, reflexiva y responsable.", "type": "text", "style": "", "detail": 0, "format": 0, "version": 1}], "direction": null, "textStyle": "", "textFormat": 0}], "direction": null}}	red	68f7a1b1ad89aa564b316f8d
1	1239	8021	t	61	t	{"root": {"type": "root", "format": "", "indent": 0, "version": 1, "children": [{"type": "paragraph", "format": "", "indent": 0, "version": 1, "children": [{"mode": "normal", "text": "Si quieres revisar hbitos y dinmicas familiares o escolares.", "type": "text", "style": "", "detail": 0, "format": 0, "version": 1}], "direction": null, "textStyle": "", "textFormat": 0}], "direction": null}}	yellow	68f79b4789f5b36612750000
2	1239	8022	t	61	t	{"root": {"type": "root", "format": "", "indent": 0, "version": 1, "children": [{"type": "paragraph", "format": "", "indent": 0, "version": 1, "children": [{"mode": "normal", "text": "Si buscas nuevas estrategias para acompaar a tus hij@s o estudiantes.", "type": "text", "style": "", "detail": 0, "format": 0, "version": 1}], "direction": null, "textStyle": "", "textFormat": 0}], "direction": null}}	yellow	68f79b7789f5b36612750002
8	1228	7949	t	61	t	{"root": {"type": "root", "format": "", "indent": 0, "version": 1, "children": [{"type": "paragraph", "format": "", "indent": 0, "version": 1, "children": [{"mode": "normal", "text": "Coherencia educativa: Trabajo desde la integridad entre pensamiento, emocin y accin.", "type": "text", "style": "", "detail": 0, "format": 0, "version": 1}], "direction": null, "textStyle": "", "textFormat": 0}], "direction": null}}	red	68f7a1c4ad89aa564b316f8f
9	1228	7950	t	61	t	{"root": {"type": "root", "format": "", "indent": 0, "version": 1, "children": [{"type": "paragraph", "format": "", "indent": 0, "version": 1, "children": [{"mode": "normal", "text": "Educacin ecolgica y consciente: Promuevo el respeto por el medio ambiente y hbitos sostenibles.", "type": "text", "style": "", "detail": 0, "format": 0, "version": 1}], "direction": null, "textStyle": "", "textFormat": 0}], "direction": null}}	red	68f7a1d7ad89aa564b316f91
3	1239	8023	t	61	t	{"root": {"type": "root", "format": "", "indent": 0, "version": 1, "children": [{"type": "paragraph", "format": "", "indent": 0, "version": 1, "children": [{"mode": "normal", "text": "Si valoras una educacin ms respetuosa y consciente y emptica.", "type": "text", "style": "", "detail": 0, "format": 0, "version": 1}], "direction": null, "textStyle": "", "textFormat": 0}], "direction": null}}	yellow	68f79b8d89f5b36612750004
4	1239	8024	t	61	t	{"root": {"type": "root", "format": "", "indent": 0, "version": 1, "children": [{"type": "paragraph", "format": "", "indent": 0, "version": 1, "children": [{"mode": "normal", "text": "Si necesitas orientacin profesional para tomar decisiones con claridad.", "type": "text", "style": "", "detail": 0, "format": 0, "version": 1}], "direction": null, "textStyle": "", "textFormat": 0}], "direction": null}}	yellow	68f79b9e89f5b36612750006
5	1239	8025	t	61	t	{"root": {"type": "root", "format": "", "indent": 0, "version": 1, "children": [{"type": "paragraph", "format": "", "indent": 0, "version": 1, "children": [{"mode": "normal", "text": "Si crees que educar es tambin transformar la sociedad.", "type": "text", "style": "", "detail": 0, "format": 0, "version": 1}], "direction": null, "textStyle": "", "textFormat": 0}], "direction": null}}	yellow	68f79bd089f5b36612750008
1	1240	8026	t	61	t	{"root": {"type": "root", "format": "", "indent": 0, "version": 1, "children": [{"type": "paragraph", "format": "", "indent": 0, "version": 1, "children": [{"mode": "normal", "text": "La educacin debe ser un espacio de bienestar compartido, donde la empata, el cuidado y la conciencia social estn en el centro", "type": "text", "style": "", "detail": 0, "format": 0, "version": 1}], "direction": null, "textStyle": "", "textFormat": 0}], "direction": null}}	red	68f7a0fcad89aa564b316f7f
1	1229	7951	t	61	t	{"root": {"type": "root", "format": "", "indent": 0, "version": 1, "children": [{"type": "paragraph", "format": "", "indent": 0, "version": 1, "children": [{"mode": "normal", "text": "Si quieres revisar hbitos y dinmicas familiares o escolares.", "type": "text", "style": "", "detail": 0, "format": 0, "version": 1}], "direction": null, "textStyle": "", "textFormat": 0}], "direction": null}}	yellow	68f79b4789f5b36612750000
2	1229	7952	t	61	t	{"root": {"type": "root", "format": "", "indent": 0, "version": 1, "children": [{"type": "paragraph", "format": "", "indent": 0, "version": 1, "children": [{"mode": "normal", "text": "Si buscas nuevas estrategias para acompaar a tus hij@s o estudiantes.", "type": "text", "style": "", "detail": 0, "format": 0, "version": 1}], "direction": null, "textStyle": "", "textFormat": 0}], "direction": null}}	yellow	68f79b7789f5b36612750002
3	1229	7953	t	61	t	{"root": {"type": "root", "format": "", "indent": 0, "version": 1, "children": [{"type": "paragraph", "format": "", "indent": 0, "version": 1, "children": [{"mode": "normal", "text": "Si valoras una educacin ms respetuosa y consciente y emptica.", "type": "text", "style": "", "detail": 0, "format": 0, "version": 1}], "direction": null, "textStyle": "", "textFormat": 0}], "direction": null}}	yellow	68f79b8d89f5b36612750004
4	1229	7954	t	61	t	{"root": {"type": "root", "format": "", "indent": 0, "version": 1, "children": [{"type": "paragraph", "format": "", "indent": 0, "version": 1, "children": [{"mode": "normal", "text": "Si necesitas orientacin profesional para tomar decisiones con claridad.", "type": "text", "style": "", "detail": 0, "format": 0, "version": 1}], "direction": null, "textStyle": "", "textFormat": 0}], "direction": null}}	yellow	68f79b9e89f5b36612750006
5	1229	7955	t	61	t	{"root": {"type": "root", "format": "", "indent": 0, "version": 1, "children": [{"type": "paragraph", "format": "", "indent": 0, "version": 1, "children": [{"mode": "normal", "text": "Si crees que educar es tambin transformar la sociedad.", "type": "text", "style": "", "detail": 0, "format": 0, "version": 1}], "direction": null, "textStyle": "", "textFormat": 0}], "direction": null}}	yellow	68f79bd089f5b36612750008
1	1230	7956	t	61	t	{"root": {"type": "root", "format": "", "indent": 0, "version": 1, "children": [{"type": "paragraph", "format": "", "indent": 0, "version": 1, "children": [{"mode": "normal", "text": "La educacin debe ser un espacio de bienestar compartido, donde la empata, el cuidado y la conciencia social estn en el centro", "type": "text", "style": "", "detail": 0, "format": 0, "version": 1}], "direction": null, "textStyle": "", "textFormat": 0}], "direction": null}}	red	68f7a0fcad89aa564b316f7f
2	1230	7957	t	61	t	{"root": {"type": "root", "format": "", "indent": 0, "version": 1, "children": [{"type": "paragraph", "format": "", "indent": 0, "version": 1, "children": [{"mode": "normal", "text": "La escuela y la familia son agentes de transformacin social, capaces de formar personas autnomas, reflexivas y comprometidas.", "type": "text", "style": "", "detail": 0, "format": 0, "version": 1}], "direction": null, "textStyle": "", "textFormat": 0}], "direction": null}}	red	68f7a12bad89aa564b316f81
2	1240	8027	t	61	t	{"root": {"type": "root", "format": "", "indent": 0, "version": 1, "children": [{"type": "paragraph", "format": "", "indent": 0, "version": 1, "children": [{"mode": "normal", "text": "La escuela y la familia son agentes de transformacin social, capaces de formar personas autnomas, reflexivas y comprometidas.", "type": "text", "style": "", "detail": 0, "format": 0, "version": 1}], "direction": null, "textStyle": "", "textFormat": 0}], "direction": null}}	red	68f7a12bad89aa564b316f81
3	1240	8028	t	61	t	{"root": {"type": "root", "format": "", "indent": 0, "version": 1, "children": [{"type": "paragraph", "format": "", "indent": 0, "version": 1, "children": [{"mode": "normal", "text": "Igualdad de gnero: Educacin libre de estereotipos y respetuosa con todas las identidades.", "type": "text", "style": "", "detail": 0, "format": 0, "version": 1}], "direction": null, "textStyle": "", "textFormat": 0}], "direction": null}}	red	68f7a157ad89aa564b316f85
4	1240	8029	t	61	t	{"root": {"type": "root", "format": "", "indent": 0, "version": 1, "children": [{"type": "paragraph", "format": "", "indent": 0, "version": 1, "children": [{"mode": "normal", "text": "Educacin inclusiva y reparadora: Reconozco la diversidad y acompao necesidades individuales.", "type": "text", "style": "", "detail": 0, "format": 0, "version": 1}], "direction": null, "textStyle": "", "textFormat": 0}], "direction": null}}	red	68f7a16cad89aa564b316f87
5	1240	8030	t	61	t	{"root": {"type": "root", "format": "", "indent": 0, "version": 1, "children": [{"type": "paragraph", "format": "", "indent": 0, "version": 1, "children": [{"mode": "normal", "text": "Educacin para la transformacin social: Fomento la empata, la solidaridad y la conciencia social.", "type": "text", "style": "", "detail": 0, "format": 0, "version": 1}], "direction": null, "textStyle": "", "textFormat": 0}], "direction": null}}	red	68f7a18dad89aa564b316f89
6	1240	8031	t	61	t	{"root": {"type": "root", "format": "", "indent": 0, "version": 1, "children": [{"type": "paragraph", "format": "", "indent": 0, "version": 1, "children": [{"mode": "normal", "text": "Pedagogas innovadoras y de cuidado: Metodologas activas centradas en el bienestar del alumnado.", "type": "text", "style": "", "detail": 0, "format": 0, "version": 1}], "direction": null, "textStyle": "", "textFormat": 0}], "direction": null}}	red	68f7a19fad89aa564b316f8b
7	1240	8032	t	61	t	{"root": {"type": "root", "format": "", "indent": 0, "version": 1, "children": [{"type": "paragraph", "format": "", "indent": 0, "version": 1, "children": [{"mode": "normal", "text": "Fomento del pensamiento crtico: Enseo a pensar de forma autnoma, reflexiva y responsable.", "type": "text", "style": "", "detail": 0, "format": 0, "version": 1}], "direction": null, "textStyle": "", "textFormat": 0}], "direction": null}}	red	68f7a1b1ad89aa564b316f8d
8	1240	8033	t	61	t	{"root": {"type": "root", "format": "", "indent": 0, "version": 1, "children": [{"type": "paragraph", "format": "", "indent": 0, "version": 1, "children": [{"mode": "normal", "text": "Coherencia educativa: Trabajo desde la integridad entre pensamiento, emocin y accin.", "type": "text", "style": "", "detail": 0, "format": 0, "version": 1}], "direction": null, "textStyle": "", "textFormat": 0}], "direction": null}}	red	68f7a1c4ad89aa564b316f8f
9	1240	8034	t	61	t	{"root": {"type": "root", "format": "", "indent": 0, "version": 1, "children": [{"type": "paragraph", "format": "", "indent": 0, "version": 1, "children": [{"mode": "normal", "text": "Educacin ecolgica y consciente: Promuevo el respeto por el medio ambiente y hbitos sostenibles.", "type": "text", "style": "", "detail": 0, "format": 0, "version": 1}], "direction": null, "textStyle": "", "textFormat": 0}], "direction": null}}	red	68f7a1d7ad89aa564b316f91
1	1241	8035	t	61	t	{"root": {"type": "root", "format": "", "indent": 0, "version": 1, "children": [{"type": "paragraph", "format": "", "indent": 0, "version": 1, "children": [{"mode": "normal", "text": "Si quieres revisar hbitos y dinmicas familiares o escolares.", "type": "text", "style": "", "detail": 0, "format": 0, "version": 1}], "direction": null, "textStyle": "", "textFormat": 0}], "direction": null}}	yellow	68f79b4789f5b36612750000
2	1241	8036	t	61	t	{"root": {"type": "root", "format": "", "indent": 0, "version": 1, "children": [{"type": "paragraph", "format": "", "indent": 0, "version": 1, "children": [{"mode": "normal", "text": "Si buscas nuevas estrategias para acompaar a tus hij@s o estudiantes.", "type": "text", "style": "", "detail": 0, "format": 0, "version": 1}], "direction": null, "textStyle": "", "textFormat": 0}], "direction": null}}	yellow	68f79b7789f5b36612750002
3	1241	8037	t	61	t	{"root": {"type": "root", "format": "", "indent": 0, "version": 1, "children": [{"type": "paragraph", "format": "", "indent": 0, "version": 1, "children": [{"mode": "normal", "text": "Si valoras una educacin ms respetuosa y consciente y emptica.", "type": "text", "style": "", "detail": 0, "format": 0, "version": 1}], "direction": null, "textStyle": "", "textFormat": 0}], "direction": null}}	yellow	68f79b8d89f5b36612750004
4	1241	8038	t	61	t	{"root": {"type": "root", "format": "", "indent": 0, "version": 1, "children": [{"type": "paragraph", "format": "", "indent": 0, "version": 1, "children": [{"mode": "normal", "text": "Si necesitas orientacin profesional para tomar decisiones con claridad.", "type": "text", "style": "", "detail": 0, "format": 0, "version": 1}], "direction": null, "textStyle": "", "textFormat": 0}], "direction": null}}	yellow	68f79b9e89f5b36612750006
5	1241	8039	t	61	t	{"root": {"type": "root", "format": "", "indent": 0, "version": 1, "children": [{"type": "paragraph", "format": "", "indent": 0, "version": 1, "children": [{"mode": "normal", "text": "Si crees que educar es tambin transformar la sociedad.", "type": "text", "style": "", "detail": 0, "format": 0, "version": 1}], "direction": null, "textStyle": "", "textFormat": 0}], "direction": null}}	yellow	68f79bd089f5b36612750008
1	1242	8040	t	61	t	{"root": {"type": "root", "format": "", "indent": 0, "version": 1, "children": [{"type": "paragraph", "format": "", "indent": 0, "version": 1, "children": [{"mode": "normal", "text": "La educacin debe ser un espacio de bienestar compartido, donde la empata, el cuidado y la conciencia social estn en el centro", "type": "text", "style": "", "detail": 0, "format": 0, "version": 1}], "direction": null, "textStyle": "", "textFormat": 0}], "direction": null}}	red	68f7a0fcad89aa564b316f7f
2	1242	8041	t	61	t	{"root": {"type": "root", "format": "", "indent": 0, "version": 1, "children": [{"type": "paragraph", "format": "", "indent": 0, "version": 1, "children": [{"mode": "normal", "text": "La escuela y la familia son agentes de transformacin social, capaces de formar personas autnomas, reflexivas y comprometidas.", "type": "text", "style": "", "detail": 0, "format": 0, "version": 1}], "direction": null, "textStyle": "", "textFormat": 0}], "direction": null}}	red	68f7a12bad89aa564b316f81
3	1242	8042	t	61	t	{"root": {"type": "root", "format": "", "indent": 0, "version": 1, "children": [{"type": "paragraph", "format": "", "indent": 0, "version": 1, "children": [{"mode": "normal", "text": "Igualdad de gnero: Educacin libre de estereotipos y respetuosa con todas las identidades.", "type": "text", "style": "", "detail": 0, "format": 0, "version": 1}], "direction": null, "textStyle": "", "textFormat": 0}], "direction": null}}	red	68f7a157ad89aa564b316f85
4	1242	8043	t	61	t	{"root": {"type": "root", "format": "", "indent": 0, "version": 1, "children": [{"type": "paragraph", "format": "", "indent": 0, "version": 1, "children": [{"mode": "normal", "text": "Educacin inclusiva y reparadora: Reconozco la diversidad y acompao necesidades individuales.", "type": "text", "style": "", "detail": 0, "format": 0, "version": 1}], "direction": null, "textStyle": "", "textFormat": 0}], "direction": null}}	red	68f7a16cad89aa564b316f87
5	1242	8044	t	61	t	{"root": {"type": "root", "format": "", "indent": 0, "version": 1, "children": [{"type": "paragraph", "format": "", "indent": 0, "version": 1, "children": [{"mode": "normal", "text": "Educacin para la transformacin social: Fomento la empata, la solidaridad y la conciencia social.", "type": "text", "style": "", "detail": 0, "format": 0, "version": 1}], "direction": null, "textStyle": "", "textFormat": 0}], "direction": null}}	red	68f7a18dad89aa564b316f89
6	1242	8045	t	61	t	{"root": {"type": "root", "format": "", "indent": 0, "version": 1, "children": [{"type": "paragraph", "format": "", "indent": 0, "version": 1, "children": [{"mode": "normal", "text": "Pedagogas innovadoras y de cuidado: Metodologas activas centradas en el bienestar del alumnado.", "type": "text", "style": "", "detail": 0, "format": 0, "version": 1}], "direction": null, "textStyle": "", "textFormat": 0}], "direction": null}}	red	68f7a19fad89aa564b316f8b
7	1242	8046	t	61	t	{"root": {"type": "root", "format": "", "indent": 0, "version": 1, "children": [{"type": "paragraph", "format": "", "indent": 0, "version": 1, "children": [{"mode": "normal", "text": "Fomento del pensamiento crtico: Enseo a pensar de forma autnoma, reflexiva y responsable.", "type": "text", "style": "", "detail": 0, "format": 0, "version": 1}], "direction": null, "textStyle": "", "textFormat": 0}], "direction": null}}	red	68f7a1b1ad89aa564b316f8d
8	1242	8047	t	61	t	{"root": {"type": "root", "format": "", "indent": 0, "version": 1, "children": [{"type": "paragraph", "format": "", "indent": 0, "version": 1, "children": [{"mode": "normal", "text": "Coherencia educativa: Trabajo desde la integridad entre pensamiento, emocin y accin.", "type": "text", "style": "", "detail": 0, "format": 0, "version": 1}], "direction": null, "textStyle": "", "textFormat": 0}], "direction": null}}	red	68f7a1c4ad89aa564b316f8f
9	1242	8048	t	61	t	{"root": {"type": "root", "format": "", "indent": 0, "version": 1, "children": [{"type": "paragraph", "format": "", "indent": 0, "version": 1, "children": [{"mode": "normal", "text": "Educacin ecolgica y consciente: Promuevo el respeto por el medio ambiente y hbitos sostenibles.", "type": "text", "style": "", "detail": 0, "format": 0, "version": 1}], "direction": null, "textStyle": "", "textFormat": 0}], "direction": null}}	red	68f7a1d7ad89aa564b316f91
3	1230	7958	t	61	t	{"root": {"type": "root", "format": "", "indent": 0, "version": 1, "children": [{"type": "paragraph", "format": "", "indent": 0, "version": 1, "children": [{"mode": "normal", "text": "Igualdad de gnero: Educacin libre de estereotipos y respetuosa con todas las identidades.", "type": "text", "style": "", "detail": 0, "format": 0, "version": 1}], "direction": null, "textStyle": "", "textFormat": 0}], "direction": null}}	red	68f7a157ad89aa564b316f85
\.


--
-- Data for Name: _pages_v_blocks_social; Type: TABLE DATA; Schema: public; Owner: -
--

COPY public._pages_v_blocks_social (_order, _parent_id, _path, id, _uuid, block_name) FROM stdin;
\.


--
-- Data for Name: _pages_v_blocks_social_rrss; Type: TABLE DATA; Schema: public; Owner: -
--

COPY public._pages_v_blocks_social_rrss (_order, _parent_id, id, title, link_type, link_new_tab, link_url, link_label, icon_id, _uuid) FROM stdin;
\.


--
-- Data for Name: _pages_v_rels; Type: TABLE DATA; Schema: public; Owner: -
--

COPY public._pages_v_rels (id, "order", parent_id, path, pages_id, posts_id) FROM stdin;
5093	\N	873	version.hero.links.1.link.reference	1	\N
5094	\N	873	version.layout.4.links.1.link.reference	1	\N
3028	\N	585	version.hero.links.1.link.reference	1	\N
4915	\N	827	version.hero.links.1.link.reference	1	\N
4916	\N	827	version.layout.0.blocks.0.link.reference	7	\N
4917	\N	827	version.layout.0.blocks.1.link.reference	8	\N
4918	\N	827	version.layout.0.blocks.2.link.reference	1	\N
4919	\N	827	version.layout.0.blocks.3.link.reference	1	\N
4920	\N	827	version.layout.0.blocks.4.link.reference	1	\N
4921	\N	827	version.layout.0.blocks.5.link.reference	1	\N
4922	\N	827	version.layout.0.blocks.6.link.reference	1	\N
4923	\N	827	version.layout.0.blocks.7.link.reference	1	\N
4924	\N	827	version.layout.1.links.0.link.reference	1	\N
4925	\N	827	version.layout.1.links.1.link.reference	1	\N
4926	\N	828	version.hero.links.1.link.reference	1	\N
4927	\N	828	version.layout.0.blocks.0.link.reference	7	\N
4928	\N	828	version.layout.0.blocks.1.link.reference	8	\N
4929	\N	828	version.layout.0.blocks.2.link.reference	1	\N
4930	\N	828	version.layout.0.blocks.3.link.reference	1	\N
4931	\N	828	version.layout.0.blocks.4.link.reference	1	\N
4932	\N	828	version.layout.0.blocks.5.link.reference	1	\N
4933	\N	828	version.layout.0.blocks.6.link.reference	1	\N
4934	\N	828	version.layout.0.blocks.7.link.reference	1	\N
4935	\N	828	version.layout.1.links.0.link.reference	1	\N
4936	\N	828	version.layout.1.links.1.link.reference	1	\N
3153	\N	606	version.hero.links.1.link.reference	1	\N
3154	\N	606	version.layout.1.links.1.link.reference	1	\N
3159	\N	609	version.hero.links.1.link.reference	1	\N
3160	\N	609	version.layout.1.links.1.link.reference	1	\N
3165	\N	612	version.hero.links.1.link.reference	1	\N
3166	\N	612	version.layout.1.links.1.link.reference	1	\N
4948	\N	830	version.hero.links.1.link.reference	1	\N
4949	\N	830	version.layout.0.blocks.0.link.reference	7	\N
4950	\N	830	version.layout.0.blocks.1.link.reference	8	\N
4951	\N	830	version.layout.0.blocks.2.link.reference	1	\N
4952	\N	830	version.layout.0.blocks.3.link.reference	1	\N
4953	\N	830	version.layout.0.blocks.4.link.reference	1	\N
4954	\N	830	version.layout.0.blocks.5.link.reference	1	\N
4955	\N	830	version.layout.0.blocks.6.link.reference	1	\N
4956	\N	830	version.layout.0.blocks.7.link.reference	1	\N
4957	\N	830	version.layout.1.links.0.link.reference	1	\N
4958	\N	830	version.layout.1.links.1.link.reference	1	\N
4218	\N	766	version.hero.links.1.link.reference	1	\N
4219	\N	766	version.layout.4.links.1.link.reference	1	\N
4224	\N	769	version.hero.links.1.link.reference	1	\N
4225	\N	769	version.layout.4.links.1.link.reference	1	\N
5095	\N	874	version.hero.links.1.link.reference	1	\N
5096	\N	874	version.layout.0.blocks.0.link.reference	7	\N
5097	\N	874	version.layout.0.blocks.1.link.reference	8	\N
5098	\N	874	version.layout.0.blocks.2.link.reference	1	\N
5099	\N	874	version.layout.0.blocks.3.link.reference	1	\N
5100	\N	874	version.layout.0.blocks.4.link.reference	1	\N
5101	\N	874	version.layout.0.blocks.5.link.reference	1	\N
5102	\N	874	version.layout.0.blocks.6.link.reference	1	\N
5103	\N	874	version.layout.0.blocks.7.link.reference	1	\N
5104	\N	874	version.layout.1.links.0.link.reference	1	\N
5105	\N	874	version.layout.1.links.1.link.reference	1	\N
3029	\N	586	version.hero.links.1.link.reference	1	\N
3030	\N	587	version.hero.links.1.link.reference	1	\N
4994	\N	836	version.hero.links.1.link.reference	1	\N
4995	\N	836	version.layout.1.link.reference	1	\N
3031	\N	588	version.hero.links.1.link.reference	1	\N
4904	\N	826	version.hero.links.1.link.reference	1	\N
4905	\N	826	version.layout.0.blocks.0.link.reference	7	\N
4906	\N	826	version.layout.0.blocks.1.link.reference	8	\N
4907	\N	826	version.layout.0.blocks.2.link.reference	1	\N
4908	\N	826	version.layout.0.blocks.3.link.reference	1	\N
4909	\N	826	version.layout.0.blocks.4.link.reference	1	\N
4910	\N	826	version.layout.0.blocks.5.link.reference	1	\N
4911	\N	826	version.layout.0.blocks.6.link.reference	1	\N
3155	\N	607	version.hero.links.1.link.reference	1	\N
3156	\N	607	version.layout.1.links.1.link.reference	1	\N
3161	\N	610	version.hero.links.1.link.reference	1	\N
3162	\N	610	version.layout.1.links.1.link.reference	1	\N
4912	\N	826	version.layout.0.blocks.7.link.reference	1	\N
4913	\N	826	version.layout.1.links.0.link.reference	1	\N
4996	\N	836	version.layout.2.link.reference	1	\N
4997	\N	836	version.layout.3.blocks.0.link.reference	7	\N
4998	\N	836	version.layout.3.blocks.1.link.reference	8	\N
4999	\N	836	version.layout.5.links.1.link.reference	1	\N
5006	\N	838	version.hero.links.1.link.reference	1	\N
5007	\N	838	version.layout.1.link.reference	1	\N
5008	\N	838	version.layout.2.link.reference	1	\N
5009	\N	838	version.layout.3.blocks.0.link.reference	7	\N
5010	\N	838	version.layout.3.blocks.1.link.reference	8	\N
5011	\N	838	version.layout.5.links.1.link.reference	1	\N
5018	\N	840	version.hero.links.1.link.reference	1	\N
5019	\N	840	version.layout.1.link.reference	1	\N
5020	\N	840	version.layout.2.link.reference	1	\N
5021	\N	840	version.layout.3.blocks.0.link.reference	7	\N
5022	\N	840	version.layout.3.blocks.1.link.reference	8	\N
5023	\N	840	version.layout.5.links.1.link.reference	1	\N
5038	\N	844	version.hero.links.1.link.reference	1	\N
5039	\N	844	version.layout.1.links.1.link.reference	1	\N
5058	\N	869	version.hero.links.1.link.reference	1	\N
5059	\N	869	version.layout.4.links.1.link.reference	1	\N
5063	\N	870	version.layout.0.blocks.2.link.reference	1	\N
5064	\N	870	version.layout.0.blocks.3.link.reference	1	\N
5065	\N	870	version.layout.0.blocks.4.link.reference	1	\N
5066	\N	870	version.layout.0.blocks.5.link.reference	1	\N
5067	\N	870	version.layout.0.blocks.6.link.reference	1	\N
5068	\N	870	version.layout.0.blocks.7.link.reference	1	\N
5069	\N	870	version.layout.1.links.0.link.reference	1	\N
5070	\N	870	version.layout.1.links.1.link.reference	1	\N
5071	\N	871	version.hero.links.1.link.reference	1	\N
5072	\N	871	version.layout.0.blocks.0.link.reference	7	\N
5073	\N	871	version.layout.0.blocks.1.link.reference	8	\N
5074	\N	871	version.layout.0.blocks.2.link.reference	1	\N
5075	\N	871	version.layout.0.blocks.3.link.reference	1	\N
5076	\N	871	version.layout.0.blocks.4.link.reference	1	\N
5077	\N	871	version.layout.0.blocks.5.link.reference	1	\N
5078	\N	871	version.layout.0.blocks.6.link.reference	1	\N
5079	\N	871	version.layout.0.blocks.7.link.reference	1	\N
5080	\N	871	version.layout.1.links.0.link.reference	1	\N
5081	\N	871	version.layout.1.links.1.link.reference	1	\N
5082	\N	872	version.hero.links.1.link.reference	1	\N
5083	\N	872	version.layout.0.blocks.0.link.reference	7	\N
4214	\N	764	version.hero.links.1.link.reference	1	\N
4215	\N	764	version.layout.4.links.1.link.reference	1	\N
4220	\N	767	version.hero.links.1.link.reference	1	\N
4221	\N	767	version.layout.4.links.1.link.reference	1	\N
4226	\N	770	version.hero.links.1.link.reference	1	\N
4227	\N	770	version.layout.4.links.1.link.reference	1	\N
5084	\N	872	version.layout.0.blocks.1.link.reference	8	\N
5085	\N	872	version.layout.0.blocks.2.link.reference	1	\N
5086	\N	872	version.layout.0.blocks.3.link.reference	1	\N
5087	\N	872	version.layout.0.blocks.4.link.reference	1	\N
5088	\N	872	version.layout.0.blocks.5.link.reference	1	\N
5089	\N	872	version.layout.0.blocks.6.link.reference	1	\N
5090	\N	872	version.layout.0.blocks.7.link.reference	1	\N
5091	\N	872	version.layout.1.links.0.link.reference	1	\N
5092	\N	872	version.layout.1.links.1.link.reference	1	\N
3027	\N	584	version.hero.links.1.link.reference	1	\N
3032	\N	589	version.hero.links.1.link.reference	1	\N
3157	\N	608	version.hero.links.1.link.reference	1	\N
3158	\N	608	version.layout.1.links.1.link.reference	1	\N
3163	\N	611	version.hero.links.1.link.reference	1	\N
3164	\N	611	version.layout.1.links.1.link.reference	1	\N
4988	\N	835	version.hero.links.1.link.reference	1	\N
4989	\N	835	version.layout.1.link.reference	1	\N
4990	\N	835	version.layout.2.link.reference	1	\N
4991	\N	835	version.layout.3.blocks.0.link.reference	7	\N
4992	\N	835	version.layout.3.blocks.1.link.reference	8	\N
4993	\N	835	version.layout.5.links.1.link.reference	1	\N
5000	\N	837	version.hero.links.1.link.reference	1	\N
5001	\N	837	version.layout.1.link.reference	1	\N
5002	\N	837	version.layout.2.link.reference	1	\N
5003	\N	837	version.layout.3.blocks.0.link.reference	7	\N
5004	\N	837	version.layout.3.blocks.1.link.reference	8	\N
5005	\N	837	version.layout.5.links.1.link.reference	1	\N
5012	\N	839	version.hero.links.1.link.reference	1	\N
5013	\N	839	version.layout.1.link.reference	1	\N
4216	\N	765	version.hero.links.1.link.reference	1	\N
4217	\N	765	version.layout.4.links.1.link.reference	1	\N
4222	\N	768	version.hero.links.1.link.reference	1	\N
4223	\N	768	version.layout.4.links.1.link.reference	1	\N
4228	\N	771	version.hero.links.1.link.reference	1	\N
4229	\N	771	version.layout.4.links.1.link.reference	1	\N
5014	\N	839	version.layout.2.link.reference	1	\N
5015	\N	839	version.layout.3.blocks.0.link.reference	7	\N
5016	\N	839	version.layout.3.blocks.1.link.reference	8	\N
5017	\N	839	version.layout.5.links.1.link.reference	1	\N
5024	\N	841	version.hero.links.1.link.reference	1	\N
5025	\N	841	version.layout.1.link.reference	1	\N
5026	\N	841	version.layout.2.link.reference	1	\N
5027	\N	841	version.layout.3.blocks.0.link.reference	7	\N
5028	\N	841	version.layout.3.blocks.1.link.reference	8	\N
1984	\N	390	version.hero.links.1.link.reference	1	\N
1985	\N	391	version.hero.links.1.link.reference	1	\N
5029	\N	841	version.layout.5.links.1.link.reference	1	\N
1988	\N	392	version.hero.links.1.link.reference	1	\N
1989	\N	393	version.hero.links.1.link.reference	1	\N
5034	\N	842	version.hero.links.1.link.reference	1	\N
5035	\N	842	version.layout.1.links.1.link.reference	1	\N
5036	\N	843	version.hero.links.1.link.reference	1	\N
5037	\N	843	version.layout.1.links.1.link.reference	1	\N
5040	\N	847	version.hero.links.1.link.reference	9	\N
5041	\N	847	version.layout.1.link.reference	1	\N
5042	\N	847	version.layout.2.link.reference	1	\N
5043	\N	847	version.layout.3.blocks.0.link.reference	7	\N
5044	\N	847	version.layout.3.blocks.1.link.reference	8	\N
5045	\N	847	version.layout.5.links.1.link.reference	1	\N
4914	\N	826	version.layout.1.links.1.link.reference	1	\N
4937	\N	829	version.hero.links.1.link.reference	1	\N
4938	\N	829	version.layout.0.blocks.0.link.reference	7	\N
4939	\N	829	version.layout.0.blocks.1.link.reference	8	\N
4940	\N	829	version.layout.0.blocks.2.link.reference	1	\N
4941	\N	829	version.layout.0.blocks.3.link.reference	1	\N
4942	\N	829	version.layout.0.blocks.4.link.reference	1	\N
4943	\N	829	version.layout.0.blocks.5.link.reference	1	\N
4944	\N	829	version.layout.0.blocks.6.link.reference	1	\N
4945	\N	829	version.layout.0.blocks.7.link.reference	1	\N
4946	\N	829	version.layout.1.links.0.link.reference	1	\N
4947	\N	829	version.layout.1.links.1.link.reference	1	\N
4959	\N	831	version.hero.links.1.link.reference	1	\N
4960	\N	831	version.layout.0.blocks.0.link.reference	7	\N
4961	\N	831	version.layout.0.blocks.1.link.reference	8	\N
4962	\N	831	version.layout.0.blocks.2.link.reference	1	\N
4963	\N	831	version.layout.0.blocks.3.link.reference	1	\N
4964	\N	831	version.layout.0.blocks.4.link.reference	1	\N
4965	\N	831	version.layout.0.blocks.5.link.reference	1	\N
4966	\N	831	version.layout.0.blocks.6.link.reference	1	\N
4967	\N	831	version.layout.0.blocks.7.link.reference	1	\N
4968	\N	831	version.layout.1.links.0.link.reference	1	\N
4969	\N	831	version.layout.1.links.1.link.reference	1	\N
5046	\N	848	version.hero.links.1.link.reference	9	\N
5047	\N	848	version.layout.1.link.reference	1	\N
5048	\N	848	version.layout.2.link.reference	1	\N
5049	\N	848	version.layout.3.blocks.0.link.reference	7	\N
5050	\N	848	version.layout.3.blocks.1.link.reference	8	\N
5051	\N	848	version.layout.5.links.1.link.reference	1	\N
5052	\N	868	version.hero.links.1.link.reference	9	\N
5053	\N	868	version.layout.1.link.reference	1	\N
5054	\N	868	version.layout.2.link.reference	1	\N
5055	\N	868	version.layout.3.blocks.0.link.reference	7	\N
5056	\N	868	version.layout.3.blocks.1.link.reference	8	\N
5057	\N	868	version.layout.5.links.1.link.reference	1	\N
5060	\N	870	version.hero.links.1.link.reference	1	\N
5061	\N	870	version.layout.0.blocks.0.link.reference	7	\N
5062	\N	870	version.layout.0.blocks.1.link.reference	8	\N
\.


--
-- Data for Name: _pages_v_version_hero_links; Type: TABLE DATA; Schema: public; Owner: -
--

COPY public._pages_v_version_hero_links (_order, _parent_id, id, link_type, link_new_tab, link_url, link_label, link_appearance, _uuid) FROM stdin;
1	840	2921	calendly	\N	https://www.calendly.com/educarsano	agendar cita	default	68f79700dd973d810fb0a527
2	840	2922	reference	\N	\N	contacto	default	68f7971bdd973d810fb0a529
1	842	2929	calendly	\N	https://www.calendly.com/educarsano	agendar cita	default	69133ada406dbfb798ca8560
2	842	2930	reference	\N	\N	contacto	default	69133af2406dbfb798ca8562
1	843	2931	calendly	\N	https://www.calendly.com/educarsano	agendar cita	default	69133ada406dbfb798ca8560
2	843	2932	reference	\N	\N	contacto	default	69133af2406dbfb798ca8562
1	827	2895	calendly	\N	https://www.calendly.com/educarsano	agendar cita	default	690270428a378f13385b4306
2	827	2896	reference	\N	\N	contacto	default	690270658a378f13385b4308
1	828	2897	calendly	\N	https://www.calendly.com/educarsano	agendar cita	default	690270428a378f13385b4306
2	828	2898	reference	\N	\N	contacto	default	690270658a378f13385b4308
1	830	2901	calendly	\N	https://www.calendly.com/educarsano	agendar cita	default	690270428a378f13385b4306
2	830	2902	reference	\N	\N	contacto	default	690270658a378f13385b4308
1	584	2247	calendly	\N	https://www.calendly.com/educarsano	agendar cita	default	69170e40dd2924b16bc22089
2	584	2248	reference	\N	\N	contacto	default	69170e55dd2924b16bc2208b
1	586	2251	calendly	\N	https://www.calendly.com/educarsano	agendar cita	default	69170e40dd2924b16bc22089
2	586	2252	reference	\N	\N	contacto	default	69170e55dd2924b16bc2208b
1	587	2253	calendly	\N	https://www.calendly.com/educarsano	agendar cita	default	69170e40dd2924b16bc22089
2	587	2254	reference	\N	\N	contacto	default	69170e55dd2924b16bc2208b
1	858	2962	calendly	\N	https://www.calendly.com/educarsano	agendar cita	default	693a72f161708c6b781d4689
1	607	2301	calendly	\N	https://www.calendly.com/educarsano	agendar cita	default	69133ada406dbfb798ca8560
2	607	2302	reference	\N	\N	contacto	default	69133af2406dbfb798ca8562
1	609	2305	calendly	\N	https://www.calendly.com/educarsano	agendar cita	default	69133ada406dbfb798ca8560
2	609	2306	reference	\N	\N	contacto	default	69133af2406dbfb798ca8562
1	862	2967	calendly	\N	https://www.calendly.com/educarsano	agendar cita	default	693a72f161708c6b781d4689
1	864	2969	calendly	\N	https://www.calendly.com/educarsano	agendar cita	default	693a72f161708c6b781d4689
1	588	2255	calendly	\N	https://www.calendly.com/educarsano	agendar cita	default	69170e40dd2924b16bc22089
2	588	2256	reference	\N	\N	contacto	default	69170e55dd2924b16bc2208b
1	866	2971	calendly	\N	https://www.calendly.com/educarsano	agendar cita	default	693a72f161708c6b781d4689
1	868	2973	calendly	\N	https://www.calendly.com/educarsano	agendar cita	default	68f79700dd973d810fb0a527
1	611	2309	calendly	\N	https://www.calendly.com/educarsano	agendar cita	default	69133ada406dbfb798ca8560
2	611	2310	reference	\N	\N	contacto	default	69133af2406dbfb798ca8562
1	836	2913	calendly	\N	https://www.calendly.com/educarsano	agendar cita	default	68f79700dd973d810fb0a527
2	836	2914	reference	\N	\N	contacto	default	68f7971bdd973d810fb0a529
1	838	2917	calendly	\N	https://www.calendly.com/educarsano	agendar cita	default	68f79700dd973d810fb0a527
2	838	2918	reference	\N	\N	contacto	default	68f7971bdd973d810fb0a529
2	868	2974	reference	\N	\N	contacto	default	68f7971bdd973d810fb0a529
1	870	2977	calendly	\N	https://www.calendly.com/educarsano	agendar cita	default	690270428a378f13385b4306
2	870	2978	reference	\N	\N	contacto	default	690270658a378f13385b4308
1	872	2981	calendly	\N	https://www.calendly.com/educarsano	agendar cita	default	690270428a378f13385b4306
2	872	2982	reference	\N	\N	contacto	default	690270658a378f13385b4308
1	874	2985	calendly	\N	https://www.calendly.com/educarsano	agendar cita	default	690270428a378f13385b4306
2	874	2986	reference	\N	\N	contacto	default	690270658a378f13385b4308
1	765	2751	calendly	\N	https://www.calendly.com/educarsano	agendar cita	default	690b977ffdcb6410a4be8c5c
2	765	2752	reference	\N	\N	contacto	default	690b9798fdcb6410a4be8c5e
1	767	2755	calendly	\N	https://www.calendly.com/educarsano	agendar cita	default	690b977ffdcb6410a4be8c5c
2	767	2756	reference	\N	\N	contacto	default	690b9798fdcb6410a4be8c5e
1	769	2759	calendly	\N	https://www.calendly.com/educarsano	agendar cita	default	690b977ffdcb6410a4be8c5c
2	769	2760	reference	\N	\N	contacto	default	690b9798fdcb6410a4be8c5e
1	771	2763	calendly	\N	https://www.calendly.com/educarsano	agendar cita	default	690b977ffdcb6410a4be8c5c
2	771	2764	reference	\N	\N	contacto	default	690b9798fdcb6410a4be8c5e
1	841	2923	calendly	\N	https://www.calendly.com/educarsano	agendar cita	default	68f79700dd973d810fb0a527
2	841	2924	reference	\N	\N	contacto	default	68f7971bdd973d810fb0a529
1	844	2933	calendly	\N	https://www.calendly.com/educarsano	agendar cita	default	69133ada406dbfb798ca8560
2	844	2934	reference	\N	\N	contacto	default	69133af2406dbfb798ca8562
1	847	2939	calendly	\N	https://www.calendly.com/educarsano	agendar cita	default	68f79700dd973d810fb0a527
2	847	2940	reference	\N	\N	contacto	default	68f7971bdd973d810fb0a529
1	848	2941	calendly	\N	https://www.calendly.com/educarsano	agendar cita	default	68f79700dd973d810fb0a527
2	848	2942	reference	\N	\N	contacto	default	68f7971bdd973d810fb0a529
1	606	2299	calendly	\N	https://www.calendly.com/educarsano	agendar cita	default	69133ada406dbfb798ca8560
2	606	2300	reference	\N	\N	contacto	default	69133af2406dbfb798ca8562
1	608	2303	calendly	\N	https://www.calendly.com/educarsano	agendar cita	default	69133ada406dbfb798ca8560
2	608	2304	reference	\N	\N	contacto	default	69133af2406dbfb798ca8562
1	610	2307	calendly	\N	https://www.calendly.com/educarsano	agendar cita	default	69133ada406dbfb798ca8560
2	610	2308	reference	\N	\N	contacto	default	69133af2406dbfb798ca8562
1	612	2311	calendly	\N	https://www.calendly.com/educarsano	agendar cita	default	69133ada406dbfb798ca8560
2	612	2312	reference	\N	\N	contacto	default	69133af2406dbfb798ca8562
1	390	1711	calendly	\N	https://www.calendly.com/educarsano	agendar cita	default	69170e40dd2924b16bc22089
2	390	1712	reference	\N	\N	contacto	default	69170e55dd2924b16bc2208b
1	391	1713	calendly	\N	https://www.calendly.com/educarsano	agendar cita	default	69170e40dd2924b16bc22089
2	391	1714	reference	\N	\N	contacto	default	69170e55dd2924b16bc2208b
1	859	2963	calendly	\N	https://www.calendly.com/educarsano	agendar cita	default	693a72f161708c6b781d4689
1	392	1719	calendly	\N	https://www.calendly.com/educarsano	agendar cita	default	69170e40dd2924b16bc22089
2	392	1720	reference	\N	\N	contacto	default	69170e55dd2924b16bc2208b
1	393	1721	calendly	\N	https://www.calendly.com/educarsano	agendar cita	default	69170e40dd2924b16bc22089
2	393	1722	reference	\N	\N	contacto	default	69170e55dd2924b16bc2208b
1	860	2965	calendly	\N	https://www.calendly.com/educarsano	agendar cita	default	693a72f161708c6b781d4689
1	861	2966	calendly	\N	https://www.calendly.com/educarsano	agendar cita	default	693a72f161708c6b781d4689
1	863	2968	calendly	\N	https://www.calendly.com/educarsano	agendar cita	default	693a72f161708c6b781d4689
1	865	2970	calendly	\N	https://www.calendly.com/educarsano	agendar cita	default	693a72f161708c6b781d4689
1	867	2972	calendly	\N	https://www.calendly.com/educarsano	agendar cita	default	693a72f161708c6b781d4689
1	869	2975	calendly	\N	https://www.calendly.com/educarsano	agendar cita	default	690b977ffdcb6410a4be8c5c
2	869	2976	reference	\N	\N	contacto	default	690b9798fdcb6410a4be8c5e
1	871	2979	calendly	\N	https://www.calendly.com/educarsano	agendar cita	default	690270428a378f13385b4306
2	871	2980	reference	\N	\N	contacto	default	690270658a378f13385b4308
1	873	2983	calendly	\N	https://www.calendly.com/educarsano	agendar cita	default	690b977ffdcb6410a4be8c5c
2	873	2984	reference	\N	\N	contacto	default	690b9798fdcb6410a4be8c5e
1	826	2893	calendly	\N	https://www.calendly.com/educarsano	agendar cita	default	690270428a378f13385b4306
2	826	2894	reference	\N	\N	contacto	default	690270658a378f13385b4308
1	829	2899	calendly	\N	https://www.calendly.com/educarsano	agendar cita	default	690270428a378f13385b4306
2	829	2900	reference	\N	\N	contacto	default	690270658a378f13385b4308
1	831	2903	calendly	\N	https://www.calendly.com/educarsano	agendar cita	default	690270428a378f13385b4306
2	831	2904	reference	\N	\N	contacto	default	690270658a378f13385b4308
1	835	2911	calendly	\N	https://www.calendly.com/educarsano	agendar cita	default	68f79700dd973d810fb0a527
2	835	2912	reference	\N	\N	contacto	default	68f7971bdd973d810fb0a529
1	837	2915	calendly	\N	https://www.calendly.com/educarsano	agendar cita	default	68f79700dd973d810fb0a527
2	837	2916	reference	\N	\N	contacto	default	68f7971bdd973d810fb0a529
1	839	2919	calendly	\N	https://www.calendly.com/educarsano	agendar cita	default	68f79700dd973d810fb0a527
2	839	2920	reference	\N	\N	contacto	default	68f7971bdd973d810fb0a529
1	585	2249	calendly	\N	https://www.calendly.com/educarsano	agendar cita	default	69170e40dd2924b16bc22089
2	585	2250	reference	\N	\N	contacto	default	69170e55dd2924b16bc2208b
1	589	2257	calendly	\N	https://www.calendly.com/educarsano	agendar cita	default	69170e40dd2924b16bc22089
2	589	2258	reference	\N	\N	contacto	default	69170e55dd2924b16bc2208b
1	764	2749	calendly	\N	https://www.calendly.com/educarsano	agendar cita	default	690b977ffdcb6410a4be8c5c
2	764	2750	reference	\N	\N	contacto	default	690b9798fdcb6410a4be8c5e
1	766	2753	calendly	\N	https://www.calendly.com/educarsano	agendar cita	default	690b977ffdcb6410a4be8c5c
2	766	2754	reference	\N	\N	contacto	default	690b9798fdcb6410a4be8c5e
1	768	2757	calendly	\N	https://www.calendly.com/educarsano	agendar cita	default	690b977ffdcb6410a4be8c5c
2	768	2758	reference	\N	\N	contacto	default	690b9798fdcb6410a4be8c5e
1	770	2761	calendly	\N	https://www.calendly.com/educarsano	agendar cita	default	690b977ffdcb6410a4be8c5c
2	770	2762	reference	\N	\N	contacto	default	690b9798fdcb6410a4be8c5e
\.


--
-- Data for Name: _posts_v; Type: TABLE DATA; Schema: public; Owner: -
--

COPY public._posts_v (id, parent_id, version_title, version_hero_image_id, version_content, version_meta_title, version_meta_image_id, version_meta_description, version_published_at, version_slug, version_slug_lock, version_updated_at, version_created_at, version__status, created_at, updated_at, latest, autosave) FROM stdin;
82	7	post 7	68	{"root": {"type": "root", "format": "", "indent": 0, "version": 1, "children": [{"type": "paragraph", "format": "", "indent": 0, "version": 1, "children": [{"mode": "normal", "text": "Lorem ipsum dolor sit amet, consectetur adipiscing elit. Proin in vestibulum eros. Nunc ullamcorper eu odio et sollicitudin. Proin vitae nisi id lectus egestas posuere eu aliquam mi. Sed tempor sodales arcu, id euismod orci maximus quis. Morbi eu est felis. Cras nec sem volutpat, sodales metus et, feugiat est. Aliquam iaculis consequat nisl ac aliquam. Pellentesque sit amet ipsum dui. Mauris elit nunc, fringilla et leo eget, varius consectetur odio. Donec tortor nisi, auctor non tincidunt sagittis, iaculis pretium augue. Nunc ut pellentesque risus. Aliquam sit amet sodales justo.", "type": "text", "style": "", "detail": 0, "format": 0, "version": 1}], "direction": null, "textStyle": "", "textFormat": 0}, {"type": "paragraph", "format": "", "indent": 0, "version": 1, "children": [{"mode": "normal", "text": "Sed consectetur vel felis ut laoreet. Pellentesque habitant morbi tristique senectus et netus et malesuada fames ac turpis egestas. Sed ut tempus enim. Maecenas quis suscipit tortor. Etiam consequat magna ante, eu dapibus est tincidunt eu. Morbi molestie mauris vitae vestibulum pellentesque. Curabitur vel luctus purus. Vivamus ornare, augue vel laoreet ultrices, nibh lacus faucibus nunc, lacinia commodo nisl turpis sed ex. Vestibulum gravida tortor sed nisl finibus porttitor. Sed lorem ipsum, pharetra et tincidunt a, venenatis at ex. Nunc ac risus et lacus ornare sagittis vitae et velit. Donec luctus auctor quam vel sollicitudin. Maecenas cursus risus tellus, et porta augue vehicula a. Aliquam porta pellentesque ultrices.", "type": "text", "style": "", "detail": 0, "format": 0, "version": 1}], "direction": null, "textStyle": "", "textFormat": 0}, {"type": "paragraph", "format": "", "indent": 0, "version": 1, "children": [{"mode": "normal", "text": "Vivamus felis turpis, blandit ut tellus id, commodo tristique nisi. Donec at eros porttitor, consequat mi at, tempor felis. Donec dignissim tincidunt nibh id rutrum. Phasellus et massa condimentum velit dapibus facilisis. Phasellus in mauris erat. Morbi at suscipit enim. Vestibulum fermentum ligula id erat ultricies iaculis. Pellentesque nec nisi sapien. Etiam volutpat a magna sit amet volutpat. Duis metus lorem, venenatis ac sodales eu, placerat in sapien. Vestibulum vel mollis nisl. Quisque eu aliquet orci, posuere fringilla erat. Vivamus tempus enim ut risus sollicitudin, quis volutpat dui mollis. Duis hendrerit felis diam, ac rhoncus felis sollicitudin ac. Donec vel aliquam ipsum. Integer at nisi ullamcorper, rhoncus neque ac, mattis massa.", "type": "text", "style": "", "detail": 0, "format": 0, "version": 1}], "direction": null, "textStyle": "", "textFormat": 0}, {"type": "paragraph", "format": "", "indent": 0, "version": 1, "children": [{"mode": "normal", "text": "Fusce a suscipit orci, vitae dictum lorem. Nulla sit amet ante arcu. Aliquam ornare in urna eget varius. Donec facilisis, dui pharetra rutrum eleifend, diam mi consequat leo, sit amet iaculis erat metus ac neque. Pellentesque id nisl sed arcu tincidunt egestas. Ut sit amet lobortis erat. Proin erat dui, luctus sit amet dictum et, hendrerit quis risus. Proin quis elementum magna, in consequat nisi. Aliquam tincidunt gravida cursus. Sed ac lorem a purus pulvinar cursus. Vivamus sem sapien, vehicula quis erat nec, ultricies eleifend felis. Duis a quam pharetra, rutrum lorem vitae, semper ligula. Vestibulum a risus molestie, pharetra ligula id, aliquam arcu.", "type": "text", "style": "", "detail": 0, "format": 0, "version": 1}], "direction": null, "textStyle": "", "textFormat": 0}, {"type": "paragraph", "format": "", "indent": 0, "version": 1, "children": [{"mode": "normal", "text": "Fusce pellentesque in justo non vestibulum. Donec eu lectus gravida, elementum est quis, malesuada nisl. Aenean ut imperdiet neque. Nunc varius euismod condimentum. Praesent ex purus, volutpat sed facilisis sed, laoreet quis lacus. Vestibulum sed erat auctor neque cursus maximus non in lorem. Integer volutpat quam vel gravida consectetur.", "type": "text", "style": "", "detail": 0, "format": 0, "version": 1}], "direction": null, "textStyle": "", "textFormat": 0}], "direction": null}}	post 4 | Payload Website Template	68	Lorem ipsum dolor sit amet, consectetur adipiscing elit. Proin in vestibulum eros. Nunc ullamcorper eu odio et sollicitudin. Proin vitae nisi id le\n	2025-10-27 00:00:00+01	post-7	f	2025-11-25 09:41:16.482+01	2025-10-27 20:19:14.986+01	published	2025-11-25 09:41:16.485+01	2025-11-25 09:41:16.485+01	t	f
18	2	post 2	\N	{"root": {"type": "root", "format": "", "indent": 0, "version": 1, "children": [{"tag": "h1", "type": "heading", "format": "", "indent": 0, "version": 1, "children": [{"mode": "normal", "text": "Lorem ipsum dolor sit amet", "type": "text", "style": "", "detail": 0, "format": 0, "version": 1}], "direction": null}, {"type": "paragraph", "format": "", "indent": 0, "version": 1, "children": [{"mode": "normal", "text": ", consectetur adipiscing elit. Maecenas tempor mollis ipsum et volutpat. Integer faucibus metus at tortor posuere vestibulum. Nulla iaculis id massa ut euismod. Nullam dignissim vehicula orci nec condimentum. Fusce gravida, diam ac ultricies consectetur, neque turpis ullamcorper eros, eget placerat dolor augue sed augue. Integer ut nisi nec nisl maximus lacinia sed vehicula mauris. Pellentesque aliquet nibh at metus cursus congue vel nec leo. Mauris maximus ac leo vitae dapibus. Nam pretium lectus accumsan augue pellentesque euismod. Ut laoreet facilisis vehicula. Morbi velit purus, mattis eget libero vel, dictum venenatis erat. Suspendisse sapien metus, consectetur in tempor eu, scelerisque vitae elit. Nulla facilisi.", "type": "text", "style": "", "detail": 0, "format": 0, "version": 1}], "direction": null, "textStyle": "", "textFormat": 0}, {"type": "paragraph", "format": "", "indent": 0, "version": 1, "children": [{"mode": "normal", "text": "Duis quis turpis non purus porttitor luctus et sit amet nulla", "type": "text", "style": "", "detail": 0, "format": 2, "version": 1}, {"mode": "normal", "text": ". Phasellus imperdiet eleifend ligula. Proin eu egestas turpis, molestie congue nisl. Aenean laoreet lorem lorem, ac lacinia lorem molestie interdum. Nunc sit amet commodo quam. Proin commodo rhoncus egestas. Donec fringilla leo augue, nec tempus leo gravida a. Aliquam at tristique enim. Aenean non semper lacus. Vivamus efficitur mollis laoreet. Praesent tempus dictum elit, eget volutpat sapien euismod hendrerit. Sed tempor odio vitae lectus congue, sed blandit massa fermentum.", "type": "text", "style": "", "detail": 0, "format": 0, "version": 1}], "direction": null, "textStyle": "", "textFormat": 2}, {"type": "quote", "format": "", "indent": 0, "version": 1, "children": [{"mode": "normal", "text": "In non justo vel quam facilisis aliquam vitae pretium lorem. Sed vitae egestas turpis. Duis non tortor in eros eleifend laoreet. Pellentesque habitant morbi tristique senectus et netus et malesuada fames ac turpis egestas. Donec mauris lectus, vulputate ut egestas ut, iaculis a erat. Sed neque libero, semper nec semper a, vulputate vitae ipsum. Nam pulvinar nisi at orci condimentum, sed posuere nisi rutrum. Duis laoreet porttitor orci ut volutpat. Phasellus congue erat sit amet egestas aliquam. Morbi venenatis neque sit amet nunc porta finibus. Curabitur id velit lectus.", "type": "text", "style": "", "detail": 0, "format": 0, "version": 1}], "direction": null}, {"type": "paragraph", "format": "", "indent": 0, "version": 1, "children": [{"mode": "normal", "text": "Vivamus porta risus et erat interdum, a condimentum augue mollis. Proin pharetra, nunc ac volutpat dapibus, elit lacus egestas ante, a accumsan eros ante eleifend nibh. Nulla commodo eget sem quis facilisis. Pellentesque diam ante, ornare in blandit at, placerat vitae orci. Sed venenatis sapien ex, sit amet semper nunc pulvinar sed. Praesent eu quam vel mi scelerisque imperdiet. Phasellus in interdum elit. Proin pellentesque libero massa, condimentum pretium mi scelerisque at. Integer in sem sed sem pellentesque cursus id in tortor. Nullam id tristique dui. Sed et rhoncus ipsum, vitae ornare erat. Mauris sit amet odio dapibus dui porta congue. In egestas fringilla fermentum. Fusce vulputate faucibus diam, ac posuere urna feugiat nec.", "type": "text", "style": "", "detail": 0, "format": 0, "version": 1}], "direction": null, "textStyle": "", "textFormat": 0}, {"type": "paragraph", "format": "", "indent": 0, "version": 1, "children": [{"mode": "normal", "text": "Proin id porta tellus. Fusce suscipit turpis ac mattis scelerisque. Integer lacinia mi et posuere imperdiet. Donec ut ligula nec tellus maximus imperdiet. Nam egestas erat tincidunt, blandit sem quis, gravida lacus. Quisque dictum dapibus dictum. Aliquam ac urna sit amet sapien ultricies efficitur. Mauris ac tincidunt velit, sed aliquet diam. Praesent non risus sodales, sollicitudin lectus sagittis, convallis ante. Quisque imperdiet ante eget ligula vehicula placerat cursus vitae purus. Etiam eu venenatis orci.", "type": "text", "style": "", "detail": 0, "format": 0, "version": 1}], "direction": null, "textStyle": "", "textFormat": 0}, {"type": "block", "fields": {"id": "68fbb90a8a804de2de0fb8bb", "media": 24, "blockName": "", "blockType": "mediaBlock", "sectionName": "borrar"}, "format": "", "version": 2}, {"type": "paragraph", "format": "", "indent": 0, "version": 1, "children": [], "direction": null, "textStyle": "", "textFormat": 0}, {"type": "paragraph", "format": "", "indent": 0, "version": 1, "children": [{"mode": "normal", "text": "Donec ut vehicula lectus, at pellentesque orci. Phasellus lacinia viverra ex at fermentum. Nunc tincidunt nunc et lectus malesuada, id fermentum nisl facilisis. Donec elementum mollis massa varius scelerisque. Aliquam tincidunt nibh eu pellentesque consectetur. Morbi venenatis sapien lacus, sit amet vulputate elit tempus posuere. Proin ut facilisis felis, vel rhoncus felis. Integer imperdiet sem ut neque aliquam, eget vestibulum eros ultricies. Duis efficitur sem enim, sit amet tristique urna gravida non. Aliquam aliquet consectetur neque id tristique. Praesent sit amet erat quam. Nullam egestas orci id tellus scelerisque, vel ullamcorper dui dictum. Nulla tempus ac sapien nec porttitor.", "type": "text", "style": "", "detail": 0, "format": 0, "version": 1}], "direction": null, "textStyle": "", "textFormat": 0}, {"type": "paragraph", "format": "", "indent": 0, "version": 1, "children": [{"mode": "normal", "text": "Sed fermentum a lectus hendrerit ullamcorper. Nunc sagittis nec lacus vel volutpat. In ac enim eros. Nunc dapibus, turpis et faucibus vulputate, quam sapien dictum lorem, id varius tortor elit faucibus odio. Sed at justo ac nisl placerat vestibulum at in diam. Vivamus quis condimentum enim. Mauris vestibulum nec erat nec congue. Vestibulum luctus tincidunt tellus et iaculis. Integer at ligula mi. Fusce laoreet leo vel quam efficitur, vitae vulputate leo efficitur. Sed pharetra ligula vitae ex pharetra viverra. Donec metus justo, commodo in dictum sit amet, cursus quis enim. Phasellus laoreet quam sapien, vitae congue mauris posuere non. Interdum et malesuada fames ac ante ipsum primis in faucibus. Nullam euismod rhoncus arcu, a blandit est pharetra ac. Pellentesque sapien mauris, dapibus sit amet risus sit amet, tempor eleifend purus.", "type": "text", "style": "", "detail": 0, "format": 0, "version": 1}], "direction": null, "textStyle": "", "textFormat": 0}, {"type": "paragraph", "format": "", "indent": 0, "version": 1, "children": [{"mode": "normal", "text": "Pellentesque varius vel eros quis convallis. Cras nec purus diam. Suspendisse id lobortis velit. Fusce convallis nisl libero, nec pretium nunc dictum non. Nam ut egestas ipsum. Sed sem sapien, hendrerit in sollicitudin et, pulvinar in metus. Praesent iaculis tempor massa ac sollicitudin. Nunc vestibulum aliquet lectus sit amet volutpat. Suspendisse nec varius augue. Aliquam tellus lacus, euismod ut tortor non, rhoncus semper libero. Nunc ac fringilla magna, et ultrices diam. Fusce ac ipsum nisl.", "type": "text", "style": "", "detail": 0, "format": 0, "version": 1}], "direction": null, "textStyle": "", "textFormat": 0}, {"type": "paragraph", "format": "", "indent": 0, "version": 1, "children": [{"mode": "normal", "text": "Vestibulum erat ante, maximus eget ante vitae, ornare congue tortor. Nam nunc elit, ultricies quis tincidunt sit amet, dignissim eu mauris. Quisque congue lectus ut viverra interdum. Donec porta est ac tincidunt rutrum. Integer tempus ipsum rutrum, fringilla orci ut, feugiat erat. Aliquam a placerat justo. Sed vel dolor ultricies, sollicitudin sem id, fringilla diam. Nam eget lacus eu mauris sagittis fermentum eu vitae turpis. Nulla nisi massa, sagittis viverra ullamcorper nec, consequat vitae nisl. Maecenas molestie ligula id arcu malesuada viverra. Nunc nulla nibh, luctus ac augue vitae, imperdiet tempor est.", "type": "text", "style": "", "detail": 0, "format": 0, "version": 1}], "direction": null, "textStyle": "", "textFormat": 0}, {"type": "paragraph", "format": "", "indent": 0, "version": 1, "children": [{"mode": "normal", "text": "Nullam interdum sapien eget bibendum maximus. Duis ac massa ac dolor consectetur eleifend. Proin nec tempor nibh, vel molestie nisi. Nunc eros mi, laoreet ut porttitor rhoncus, vestibulum sit amet arcu. Nullam at pellentesque ligula. Sed id dignissim magna. In aliquam mi sapien, vitae ornare quam aliquet tempor.", "type": "text", "style": "", "detail": 0, "format": 0, "version": 1}], "direction": null, "textStyle": "", "textFormat": 0}], "direction": null}}	\N	\N	\N	2025-10-24 19:36:34.051+02	post-2	f	2025-10-24 20:00:54.239+02	2025-10-24 19:34:43.606+02	published	2025-10-24 20:00:54.242+02	2025-10-24 20:00:54.242+02	f	f
17	2	post 2	\N	{"root": {"type": "root", "format": "", "indent": 0, "version": 1, "children": [{"tag": "h1", "type": "heading", "format": "", "indent": 0, "version": 1, "children": [{"mode": "normal", "text": "Lorem ipsum dolor sit amet", "type": "text", "style": "", "detail": 0, "format": 0, "version": 1}], "direction": null}, {"type": "paragraph", "format": "", "indent": 0, "version": 1, "children": [{"mode": "normal", "text": ", consectetur adipiscing elit. Maecenas tempor mollis ipsum et volutpat. Integer faucibus metus at tortor posuere vestibulum. Nulla iaculis id massa ut euismod. Nullam dignissim vehicula orci nec condimentum. Fusce gravida, diam ac ultricies consectetur, neque turpis ullamcorper eros, eget placerat dolor augue sed augue. Integer ut nisi nec nisl maximus lacinia sed vehicula mauris. Pellentesque aliquet nibh at metus cursus congue vel nec leo. Mauris maximus ac leo vitae dapibus. Nam pretium lectus accumsan augue pellentesque euismod. Ut laoreet facilisis vehicula. Morbi velit purus, mattis eget libero vel, dictum venenatis erat. Suspendisse sapien metus, consectetur in tempor eu, scelerisque vitae elit. Nulla facilisi.", "type": "text", "style": "", "detail": 0, "format": 0, "version": 1}], "direction": null, "textStyle": "", "textFormat": 0}, {"type": "paragraph", "format": "", "indent": 0, "version": 1, "children": [{"mode": "normal", "text": "Duis quis turpis non purus porttitor luctus et sit amet nulla", "type": "text", "style": "", "detail": 0, "format": 2, "version": 1}, {"mode": "normal", "text": ". Phasellus imperdiet eleifend ligula. Proin eu egestas turpis, molestie congue nisl. Aenean laoreet lorem lorem, ac lacinia lorem molestie interdum. Nunc sit amet commodo quam. Proin commodo rhoncus egestas. Donec fringilla leo augue, nec tempus leo gravida a. Aliquam at tristique enim. Aenean non semper lacus. Vivamus efficitur mollis laoreet. Praesent tempus dictum elit, eget volutpat sapien euismod hendrerit. Sed tempor odio vitae lectus congue, sed blandit massa fermentum.", "type": "text", "style": "", "detail": 0, "format": 0, "version": 1}], "direction": null, "textStyle": "", "textFormat": 2}, {"type": "quote", "format": "", "indent": 0, "version": 1, "children": [{"mode": "normal", "text": "In non justo vel quam facilisis aliquam vitae pretium lorem. Sed vitae egestas turpis. Duis non tortor in eros eleifend laoreet. Pellentesque habitant morbi tristique senectus et netus et malesuada fames ac turpis egestas. Donec mauris lectus, vulputate ut egestas ut, iaculis a erat. Sed neque libero, semper nec semper a, vulputate vitae ipsum. Nam pulvinar nisi at orci condimentum, sed posuere nisi rutrum. Duis laoreet porttitor orci ut volutpat. Phasellus congue erat sit amet egestas aliquam. Morbi venenatis neque sit amet nunc porta finibus. Curabitur id velit lectus.", "type": "text", "style": "", "detail": 0, "format": 0, "version": 1}], "direction": null}, {"type": "paragraph", "format": "", "indent": 0, "version": 1, "children": [{"mode": "normal", "text": "Vivamus porta risus et erat interdum, a condimentum augue mollis. Proin pharetra, nunc ac volutpat dapibus, elit lacus egestas ante, a accumsan eros ante eleifend nibh. Nulla commodo eget sem quis facilisis. Pellentesque diam ante, ornare in blandit at, placerat vitae orci. Sed venenatis sapien ex, sit amet semper nunc pulvinar sed. Praesent eu quam vel mi scelerisque imperdiet. Phasellus in interdum elit. Proin pellentesque libero massa, condimentum pretium mi scelerisque at. Integer in sem sed sem pellentesque cursus id in tortor. Nullam id tristique dui. Sed et rhoncus ipsum, vitae ornare erat. Mauris sit amet odio dapibus dui porta congue. In egestas fringilla fermentum. Fusce vulputate faucibus diam, ac posuere urna feugiat nec.", "type": "text", "style": "", "detail": 0, "format": 0, "version": 1}], "direction": null, "textStyle": "", "textFormat": 0}, {"type": "paragraph", "format": "", "indent": 0, "version": 1, "children": [{"mode": "normal", "text": "Proin id porta tellus. Fusce suscipit turpis ac mattis scelerisque. Integer lacinia mi et posuere imperdiet. Donec ut ligula nec tellus maximus imperdiet. Nam egestas erat tincidunt, blandit sem quis, gravida lacus. Quisque dictum dapibus dictum. Aliquam ac urna sit amet sapien ultricies efficitur. Mauris ac tincidunt velit, sed aliquet diam. Praesent non risus sodales, sollicitudin lectus sagittis, convallis ante. Quisque imperdiet ante eget ligula vehicula placerat cursus vitae purus. Etiam eu venenatis orci.", "type": "text", "style": "", "detail": 0, "format": 0, "version": 1}], "direction": null, "textStyle": "", "textFormat": 0}, {"type": "block", "fields": {"id": "68fbb90a8a804de2de0fb8bb", "media": 24, "blockName": "", "blockType": "mediaBlock", "sectionName": "borrar"}, "format": "", "version": 2}, {"type": "paragraph", "format": "", "indent": 0, "version": 1, "children": [], "direction": null, "textStyle": "", "textFormat": 0}, {"type": "paragraph", "format": "", "indent": 0, "version": 1, "children": [{"mode": "normal", "text": "Donec ut vehicula lectus, at pellentesque orci. Phasellus lacinia viverra ex at fermentum. Nunc tincidunt nunc et lectus malesuada, id fermentum nisl facilisis. Donec elementum mollis massa varius scelerisque. Aliquam tincidunt nibh eu pellentesque consectetur. Morbi venenatis sapien lacus, sit amet vulputate elit tempus posuere. Proin ut facilisis felis, vel rhoncus felis. Integer imperdiet sem ut neque aliquam, eget vestibulum eros ultricies. Duis efficitur sem enim, sit amet tristique urna gravida non. Aliquam aliquet consectetur neque id tristique. Praesent sit amet erat quam. Nullam egestas orci id tellus scelerisque, vel ullamcorper dui dictum. Nulla tempus ac sapien nec porttitor.", "type": "text", "style": "", "detail": 0, "format": 0, "version": 1}], "direction": null, "textStyle": "", "textFormat": 0}, {"type": "paragraph", "format": "", "indent": 0, "version": 1, "children": [{"mode": "normal", "text": "Sed fermentum a lectus hendrerit ullamcorper. Nunc sagittis nec lacus vel volutpat. In ac enim eros. Nunc dapibus, turpis et faucibus vulputate, quam sapien dictum lorem, id varius tortor elit faucibus odio. Sed at justo ac nisl placerat vestibulum at in diam. Vivamus quis condimentum enim. Mauris vestibulum nec erat nec congue. Vestibulum luctus tincidunt tellus et iaculis. Integer at ligula mi. Fusce laoreet leo vel quam efficitur, vitae vulputate leo efficitur. Sed pharetra ligula vitae ex pharetra viverra. Donec metus justo, commodo in dictum sit amet, cursus quis enim. Phasellus laoreet quam sapien, vitae congue mauris posuere non. Interdum et malesuada fames ac ante ipsum primis in faucibus. Nullam euismod rhoncus arcu, a blandit est pharetra ac. Pellentesque sapien mauris, dapibus sit amet risus sit amet, tempor eleifend purus.", "type": "text", "style": "", "detail": 0, "format": 0, "version": 1}], "direction": null, "textStyle": "", "textFormat": 0}, {"type": "paragraph", "format": "", "indent": 0, "version": 1, "children": [{"mode": "normal", "text": "Pellentesque varius vel eros quis convallis. Cras nec purus diam. Suspendisse id lobortis velit. Fusce convallis nisl libero, nec pretium nunc dictum non. Nam ut egestas ipsum. Sed sem sapien, hendrerit in sollicitudin et, pulvinar in metus. Praesent iaculis tempor massa ac sollicitudin. Nunc vestibulum aliquet lectus sit amet volutpat. Suspendisse nec varius augue. Aliquam tellus lacus, euismod ut tortor non, rhoncus semper libero. Nunc ac fringilla magna, et ultrices diam. Fusce ac ipsum nisl.", "type": "text", "style": "", "detail": 0, "format": 0, "version": 1}], "direction": null, "textStyle": "", "textFormat": 0}, {"type": "paragraph", "format": "", "indent": 0, "version": 1, "children": [{"mode": "normal", "text": "Vestibulum erat ante, maximus eget ante vitae, ornare congue tortor. Nam nunc elit, ultricies quis tincidunt sit amet, dignissim eu mauris. Quisque congue lectus ut viverra interdum. Donec porta est ac tincidunt rutrum. Integer tempus ipsum rutrum, fringilla orci ut, feugiat erat. Aliquam a placerat justo. Sed vel dolor ultricies, sollicitudin sem id, fringilla diam. Nam eget lacus eu mauris sagittis fermentum eu vitae turpis. Nulla nisi massa, sagittis viverra ullamcorper nec, consequat vitae nisl. Maecenas molestie ligula id arcu malesuada viverra. Nunc nulla nibh, luctus ac augue vitae, imperdiet tempor est.", "type": "text", "style": "", "detail": 0, "format": 0, "version": 1}], "direction": null, "textStyle": "", "textFormat": 0}, {"type": "paragraph", "format": "", "indent": 0, "version": 1, "children": [{"mode": "normal", "text": "Nullam interdum sapien eget bibendum maximus. Duis ac massa ac dolor consectetur eleifend. Proin nec tempor nibh, vel molestie nisi. Nunc eros mi, laoreet ut porttitor rhoncus, vestibulum sit amet arcu. Nullam at pellentesque ligula. Sed id dignissim magna. In aliquam mi sapien, vitae ornare quam aliquet tempor.", "type": "text", "style": "", "detail": 0, "format": 0, "version": 1}], "direction": null, "textStyle": "", "textFormat": 0}], "direction": null}}	\N	\N	\N	2025-10-24 19:36:34.051+02	post-2	f	2025-10-24 20:00:52.433+02	2025-10-24 19:34:43.606+02	draft	2025-10-24 20:00:47.722+02	2025-10-24 20:00:52.433+02	f	t
6	1	post01	\N	{"root": {"type": "root", "format": "", "indent": 0, "version": 1, "children": [{"type": "paragraph", "format": "", "indent": 0, "version": 1, "children": [{"mode": "normal", "text": "posts ", "type": "text", "style": "", "detail": 0, "format": 0, "version": 1}], "direction": null, "textStyle": "", "textFormat": 0}], "direction": null}}	\N	\N	\N	2025-10-24 18:06:54.442+02	post01	f	2025-10-24 18:07:08.339+02	2025-10-24 13:53:45.978+02	draft	2025-10-24 18:07:08.339+02	2025-10-24 18:07:08.339+02	f	t
34	4	\N	\N	\N	\N	\N	\N	\N	\N	t	2025-10-27 20:11:44.735+01	2025-10-27 20:11:44.735+01	draft	2025-10-27 20:11:44.737+01	2025-10-27 20:11:44.737+01	f	f
20	2	post 2	\N	{"root": {"type": "root", "format": "", "indent": 0, "version": 1, "children": [{"tag": "h1", "type": "heading", "format": "", "indent": 0, "version": 1, "children": [{"mode": "normal", "text": "Lorem ipsum dolor sit amet", "type": "text", "style": "", "detail": 0, "format": 0, "version": 1}], "direction": null}, {"type": "paragraph", "format": "", "indent": 0, "version": 1, "children": [{"mode": "normal", "text": ", consectetur adipiscing elit. Maecenas tempor mollis ipsum et volutpat. Integer faucibus metus at tortor posuere vestibulum. Nulla iaculis id massa ut euismod. Nullam dignissim vehicula orci nec condimentum. Fusce gravida, diam ac ultricies consectetur, neque turpis ullamcorper eros, eget placerat dolor augue sed augue. Integer ut nisi nec nisl maximus lacinia sed vehicula mauris. Pellentesque aliquet nibh at metus cursus congue vel nec leo. Mauris maximus ac leo vitae dapibus. Nam pretium lectus accumsan augue pellentesque euismod. Ut laoreet facilisis vehicula. Morbi velit purus, mattis eget libero vel, dictum venenatis erat. Suspendisse sapien metus, consectetur in tempor eu, scelerisque vitae elit. Nulla facilisi.", "type": "text", "style": "", "detail": 0, "format": 0, "version": 1}], "direction": null, "textStyle": "", "textFormat": 0}, {"type": "paragraph", "format": "", "indent": 0, "version": 1, "children": [{"mode": "normal", "text": "Duis quis turpis non purus porttitor luctus et sit amet nulla", "type": "text", "style": "", "detail": 0, "format": 2, "version": 1}, {"mode": "normal", "text": ". Phasellus imperdiet eleifend ligula. Proin eu egestas turpis, molestie congue nisl. Aenean laoreet lorem lorem, ac lacinia lorem molestie interdum. Nunc sit amet commodo quam. Proin commodo rhoncus egestas. Donec fringilla leo augue, nec tempus leo gravida a. Aliquam at tristique enim. Aenean non semper lacus. Vivamus efficitur mollis laoreet. Praesent tempus dictum elit, eget volutpat sapien euismod hendrerit. Sed tempor odio vitae lectus congue, sed blandit massa fermentum.", "type": "text", "style": "", "detail": 0, "format": 0, "version": 1}], "direction": null, "textStyle": "", "textFormat": 2}, {"type": "quote", "format": "", "indent": 0, "version": 1, "children": [{"mode": "normal", "text": "In non justo vel quam facilisis aliquam vitae pretium lorem. Sed vitae egestas turpis. Duis non tortor in eros eleifend laoreet. Pellentesque habitant morbi tristique senectus et netus et malesuada fames ac turpis egestas. Donec mauris lectus, vulputate ut egestas ut, iaculis a erat. Sed neque libero, semper nec semper a, vulputate vitae ipsum. Nam pulvinar nisi at orci condimentum, sed posuere nisi rutrum. Duis laoreet porttitor orci ut volutpat. Phasellus congue erat sit amet egestas aliquam. Morbi venenatis neque sit amet nunc porta finibus. Curabitur id velit lectus.", "type": "text", "style": "", "detail": 0, "format": 0, "version": 1}], "direction": null}, {"type": "paragraph", "format": "", "indent": 0, "version": 1, "children": [{"mode": "normal", "text": "Vivamus porta risus et erat interdum, a condimentum augue mollis. Proin pharetra, nunc ac volutpat dapibus, elit lacus egestas ante, a accumsan eros ante eleifend nibh. Nulla commodo eget sem quis facilisis. Pellentesque diam ante, ornare in blandit at, placerat vitae orci. Sed venenatis sapien ex, sit amet semper nunc pulvinar sed. Praesent eu quam vel mi scelerisque imperdiet. Phasellus in interdum elit. Proin pellentesque libero massa, condimentum pretium mi scelerisque at. Integer in sem sed sem pellentesque cursus id in tortor. Nullam id tristique dui. Sed et rhoncus ipsum, vitae ornare erat. Mauris sit amet odio dapibus dui porta congue. In egestas fringilla fermentum. Fusce vulputate faucibus diam, ac posuere urna feugiat nec.", "type": "text", "style": "", "detail": 0, "format": 0, "version": 1}], "direction": null, "textStyle": "", "textFormat": 0}, {"type": "paragraph", "format": "", "indent": 0, "version": 1, "children": [{"mode": "normal", "text": "Proin id porta tellus. Fusce suscipit turpis ac mattis scelerisque. Integer lacinia mi et posuere imperdiet. Donec ut ligula nec tellus maximus imperdiet. Nam egestas erat tincidunt, blandit sem quis, gravida lacus. Quisque dictum dapibus dictum. Aliquam ac urna sit amet sapien ultricies efficitur. Mauris ac tincidunt velit, sed aliquet diam. Praesent non risus sodales, sollicitudin lectus sagittis, convallis ante. Quisque imperdiet ante eget ligula vehicula placerat cursus vitae purus. Etiam eu venenatis orci.", "type": "text", "style": "", "detail": 0, "format": 0, "version": 1}], "direction": null, "textStyle": "", "textFormat": 0}, {"type": "block", "fields": {"id": "68fbb90a8a804de2de0fb8bb", "media": 24, "blockName": "", "blockType": "mediaBlock", "sectionName": "borrar"}, "format": "", "version": 2}, {"type": "paragraph", "format": "", "indent": 0, "version": 1, "children": [], "direction": null, "textStyle": "", "textFormat": 0}, {"type": "paragraph", "format": "", "indent": 0, "version": 1, "children": [{"mode": "normal", "text": "Donec ut vehicula lectus, at pellentesque orci. Phasellus lacinia viverra ex at fermentum. Nunc tincidunt nunc et lectus malesuada, id fermentum nisl facilisis. Donec elementum mollis massa varius scelerisque. Aliquam tincidunt nibh eu pellentesque consectetur. Morbi venenatis sapien lacus, sit amet vulputate elit tempus posuere. Proin ut facilisis felis, vel rhoncus felis. Integer imperdiet sem ut neque aliquam, eget vestibulum eros ultricies. Duis efficitur sem enim, sit amet tristique urna gravida non. Aliquam aliquet consectetur neque id tristique. Praesent sit amet erat quam. Nullam egestas orci id tellus scelerisque, vel ullamcorper dui dictum. Nulla tempus ac sapien nec porttitor.", "type": "text", "style": "", "detail": 0, "format": 0, "version": 1}], "direction": null, "textStyle": "", "textFormat": 0}, {"type": "paragraph", "format": "", "indent": 0, "version": 1, "children": [{"mode": "normal", "text": "Sed fermentum a lectus hendrerit ullamcorper. Nunc sagittis nec lacus vel volutpat. In ac enim eros. Nunc dapibus, turpis et faucibus vulputate, quam sapien dictum lorem, id varius tortor elit faucibus odio. Sed at justo ac nisl placerat vestibulum at in diam. Vivamus quis condimentum enim. Mauris vestibulum nec erat nec congue. Vestibulum luctus tincidunt tellus et iaculis. Integer at ligula mi. Fusce laoreet leo vel quam efficitur, vitae vulputate leo efficitur. Sed pharetra ligula vitae ex pharetra viverra. Donec metus justo, commodo in dictum sit amet, cursus quis enim. Phasellus laoreet quam sapien, vitae congue mauris posuere non. Interdum et malesuada fames ac ante ipsum primis in faucibus. Nullam euismod rhoncus arcu, a blandit est pharetra ac. Pellentesque sapien mauris, dapibus sit amet risus sit amet, tempor eleifend purus.", "type": "text", "style": "", "detail": 0, "format": 0, "version": 1}], "direction": null, "textStyle": "", "textFormat": 0}, {"type": "paragraph", "format": "", "indent": 0, "version": 1, "children": [{"mode": "normal", "text": "Pellentesque varius vel eros quis convallis. Cras nec purus diam. Suspendisse id lobortis velit. Fusce convallis nisl libero, nec pretium nunc dictum non. Nam ut egestas ipsum. Sed sem sapien, hendrerit in sollicitudin et, pulvinar in metus. Praesent iaculis tempor massa ac sollicitudin. Nunc vestibulum aliquet lectus sit amet volutpat. Suspendisse nec varius augue. Aliquam tellus lacus, euismod ut tortor non, rhoncus semper libero. Nunc ac fringilla magna, et ultrices diam. Fusce ac ipsum nisl.", "type": "text", "style": "", "detail": 0, "format": 0, "version": 1}], "direction": null, "textStyle": "", "textFormat": 0}, {"type": "paragraph", "format": "", "indent": 0, "version": 1, "children": [{"mode": "normal", "text": "Vestibulum erat ante, maximus eget ante vitae, ornare congue tortor. Nam nunc elit, ultricies quis tincidunt sit amet, dignissim eu mauris. Quisque congue lectus ut viverra interdum. Donec porta est ac tincidunt rutrum. Integer tempus ipsum rutrum, fringilla orci ut, feugiat erat. Aliquam a placerat justo. Sed vel dolor ultricies, sollicitudin sem id, fringilla diam. Nam eget lacus eu mauris sagittis fermentum eu vitae turpis. Nulla nisi massa, sagittis viverra ullamcorper nec, consequat vitae nisl. Maecenas molestie ligula id arcu malesuada viverra. Nunc nulla nibh, luctus ac augue vitae, imperdiet tempor est.", "type": "text", "style": "", "detail": 0, "format": 0, "version": 1}], "direction": null, "textStyle": "", "textFormat": 0}, {"type": "paragraph", "format": "", "indent": 0, "version": 1, "children": [{"mode": "normal", "text": "Nullam interdum sapien eget bibendum maximus. Duis ac massa ac dolor consectetur eleifend. Proin nec tempor nibh, vel molestie nisi. Nunc eros mi, laoreet ut porttitor rhoncus, vestibulum sit amet arcu. Nullam at pellentesque ligula. Sed id dignissim magna. In aliquam mi sapien, vitae ornare quam aliquet tempor.", "type": "text", "style": "", "detail": 0, "format": 0, "version": 1}], "direction": null, "textStyle": "", "textFormat": 0}], "direction": null}}	post 2 | Payload Website Template	\N	Lorem ipsum dolor sit amet, consectetur adipiscing elit. Maecenas tempor mollis ipsum et volutpat. Integer faucibus metus at tortor posuere vestibulu	2025-10-24 19:36:34.051+02	post-2	f	2025-10-24 20:04:51.349+02	2025-10-24 19:34:43.606+02	published	2025-10-24 20:04:51.355+02	2025-10-24 20:04:51.355+02	f	f
23	2	post 2	\N	{"root": {"type": "root", "format": "", "indent": 0, "version": 1, "children": [{"tag": "h1", "type": "heading", "format": "", "indent": 0, "version": 1, "children": [{"mode": "normal", "text": "Lorem ipsum dolor sit ameta", "type": "text", "style": "", "detail": 0, "format": 0, "version": 1}], "direction": null}, {"type": "paragraph", "format": "", "indent": 0, "version": 1, "children": [{"mode": "normal", "text": ", consectetur adipiscing elit. Maecenas tempor mollis ipsum et volutpat. Integer faucibus metus at tortor posuere vestibulum. Nulla iaculis id massa ut euismod. Nullam dignissim vehicula orci nec condimentum. Fusce gravida, diam ac ultricies consectetur, neque turpis ullamcorper eros, eget placerat dolor augue sed augue. Integer ut nisi nec nisl maximus lacinia sed vehicula mauris. Pellentesque aliquet nibh at metus cursus congue vel nec leo. Mauris maximus ac leo vitae dapibus. Nam pretium lectus accumsan augue pellentesque euismod. Ut laoreet facilisis vehicula. Morbi velit purus, mattis eget libero vel, dictum venenatis erat. Suspendisse sapien metus, consectetur in tempor eu, scelerisque vitae elit. Nulla facilisi.", "type": "text", "style": "", "detail": 0, "format": 0, "version": 1}], "direction": null, "textStyle": "", "textFormat": 0}, {"type": "paragraph", "format": "", "indent": 0, "version": 1, "children": [{"mode": "normal", "text": "Duis quis turpis non purus porttitor luctus et sit amet nulla", "type": "text", "style": "", "detail": 0, "format": 2, "version": 1}, {"mode": "normal", "text": ". Phasellus imperdiet eleifend ligula. Proin eu egestas turpis, molestie congue nisl. Aenean laoreet lorem lorem, ac lacinia lorem molestie interdum. Nunc sit amet commodo quam. Proin commodo rhoncus egestas. Donec fringilla leo augue, nec tempus leo gravida a. Aliquam at tristique enim. Aenean non semper lacus. Vivamus efficitur mollis laoreet. Praesent tempus dictum elit, eget volutpat sapien euismod hendrerit. Sed tempor odio vitae lectus congue, sed blandit massa fermentum.", "type": "text", "style": "", "detail": 0, "format": 0, "version": 1}], "direction": null, "textStyle": "", "textFormat": 2}, {"type": "quote", "format": "", "indent": 0, "version": 1, "children": [{"mode": "normal", "text": "In non justo vel quam facilisis aliquam vitae pretium lorem. Sed vitae egestas turpis. Duis non tortor in eros eleifend laoreet. Pellentesque habitant morbi tristique senectus et netus et malesuada fames ac turpis egestas. Donec mauris lectus, vulputate ut egestas ut, iaculis a erat. Sed neque libero, semper nec semper a, vulputate vitae ipsum. Nam pulvinar nisi at orci condimentum, sed posuere nisi rutrum. Duis laoreet porttitor orci ut volutpat. Phasellus congue erat sit amet egestas aliquam. Morbi venenatis neque sit amet nunc porta finibus. Curabitur id velit lectus.", "type": "text", "style": "", "detail": 0, "format": 0, "version": 1}], "direction": null}, {"type": "paragraph", "format": "", "indent": 0, "version": 1, "children": [{"mode": "normal", "text": "Vivamus porta risus et erat interdum, a condimentum augue mollis. Proin pharetra, nunc ac volutpat dapibus, elit lacus egestas ante, a accumsan eros ante eleifend nibh. Nulla commodo eget sem quis facilisis. Pellentesque diam ante, ornare in blandit at, placerat vitae orci. Sed venenatis sapien ex, sit amet semper nunc pulvinar sed. Praesent eu quam vel mi scelerisque imperdiet. Phasellus in interdum elit. Proin pellentesque libero massa, condimentum pretium mi scelerisque at. Integer in sem sed sem pellentesque cursus id in tortor. Nullam id tristique dui. Sed et rhoncus ipsum, vitae ornare erat. Mauris sit amet odio dapibus dui porta congue. In egestas fringilla fermentum. Fusce vulputate faucibus diam, ac posuere urna feugiat nec.", "type": "text", "style": "", "detail": 0, "format": 0, "version": 1}], "direction": null, "textStyle": "", "textFormat": 0}, {"type": "paragraph", "format": "", "indent": 0, "version": 1, "children": [{"mode": "normal", "text": "Proin id porta tellus. Fusce suscipit turpis ac mattis scelerisque. Integer lacinia mi et posuere imperdiet. Donec ut ligula nec tellus maximus imperdiet. Nam egestas erat tincidunt, blandit sem quis, gravida lacus. Quisque dictum dapibus dictum. Aliquam ac urna sit amet sapien ultricies efficitur. Mauris ac tincidunt velit, sed aliquet diam. Praesent non risus sodales, sollicitudin lectus sagittis, convallis ante. Quisque imperdiet ante eget ligula vehicula placerat cursus vitae purus. Etiam eu venenatis orci.", "type": "text", "style": "", "detail": 0, "format": 0, "version": 1}], "direction": null, "textStyle": "", "textFormat": 0}, {"type": "block", "fields": {"id": "68fbb90a8a804de2de0fb8bb", "media": 24, "blockName": "", "blockType": "mediaBlock", "sectionName": "borrar"}, "format": "", "version": 2}, {"type": "paragraph", "format": "", "indent": 0, "version": 1, "children": [], "direction": null, "textStyle": "", "textFormat": 0}, {"type": "paragraph", "format": "", "indent": 0, "version": 1, "children": [{"mode": "normal", "text": "Donec ut vehicula lectus, at pellentesque orci. Phasellus lacinia viverra ex at fermentum. Nunc tincidunt nunc et lectus malesuada, id fermentum nisl facilisis. Donec elementum mollis massa varius scelerisque. Aliquam tincidunt nibh eu pellentesque consectetur. Morbi venenatis sapien lacus, sit amet vulputate elit tempus posuere. Proin ut facilisis felis, vel rhoncus felis. Integer imperdiet sem ut neque aliquam, eget vestibulum eros ultricies. Duis efficitur sem enim, sit amet tristique urna gravida non. Aliquam aliquet consectetur neque id tristique. Praesent sit amet erat quam. Nullam egestas orci id tellus scelerisque, vel ullamcorper dui dictum. Nulla tempus ac sapien nec porttitor.", "type": "text", "style": "", "detail": 0, "format": 0, "version": 1}], "direction": null, "textStyle": "", "textFormat": 0}, {"type": "paragraph", "format": "", "indent": 0, "version": 1, "children": [{"mode": "normal", "text": "Sed fermentum a lectus hendrerit ullamcorper. Nunc sagittis nec lacus vel volutpat. In ac enim eros. Nunc dapibus, turpis et faucibus vulputate, quam sapien dictum lorem, id varius tortor elit faucibus odio. Sed at justo ac nisl placerat vestibulum at in diam. Vivamus quis condimentum enim. Mauris vestibulum nec erat nec congue. Vestibulum luctus tincidunt tellus et iaculis. Integer at ligula mi. Fusce laoreet leo vel quam efficitur, vitae vulputate leo efficitur. Sed pharetra ligula vitae ex pharetra viverra. Donec metus justo, commodo in dictum sit amet, cursus quis enim. Phasellus laoreet quam sapien, vitae congue mauris posuere non. Interdum et malesuada fames ac ante ipsum primis in faucibus. Nullam euismod rhoncus arcu, a blandit est pharetra ac. Pellentesque sapien mauris, dapibus sit amet risus sit amet, tempor eleifend purus.", "type": "text", "style": "", "detail": 0, "format": 0, "version": 1}], "direction": null, "textStyle": "", "textFormat": 0}, {"type": "paragraph", "format": "", "indent": 0, "version": 1, "children": [{"mode": "normal", "text": "Pellentesque varius vel eros quis convallis. Cras nec purus diam. Suspendisse id lobortis velit. Fusce convallis nisl libero, nec pretium nunc dictum non. Nam ut egestas ipsum. Sed sem sapien, hendrerit in sollicitudin et, pulvinar in metus. Praesent iaculis tempor massa ac sollicitudin. Nunc vestibulum aliquet lectus sit amet volutpat. Suspendisse nec varius augue. Aliquam tellus lacus, euismod ut tortor non, rhoncus semper libero. Nunc ac fringilla magna, et ultrices diam. Fusce ac ipsum nisl.", "type": "text", "style": "", "detail": 0, "format": 0, "version": 1}], "direction": null, "textStyle": "", "textFormat": 0}, {"type": "paragraph", "format": "", "indent": 0, "version": 1, "children": [{"mode": "normal", "text": "Vestibulum erat ante, maximus eget ante vitae, ornare congue tortor. Nam nunc elit, ultricies quis tincidunt sit amet, dignissim eu mauris. Quisque congue lectus ut viverra interdum. Donec porta est ac tincidunt rutrum. Integer tempus ipsum rutrum, fringilla orci ut, feugiat erat. Aliquam a placerat justo. Sed vel dolor ultricies, sollicitudin sem id, fringilla diam. Nam eget lacus eu mauris sagittis fermentum eu vitae turpis. Nulla nisi massa, sagittis viverra ullamcorper nec, consequat vitae nisl. Maecenas molestie ligula id arcu malesuada viverra. Nunc nulla nibh, luctus ac augue vitae, imperdiet tempor est.", "type": "text", "style": "", "detail": 0, "format": 0, "version": 1}], "direction": null, "textStyle": "", "textFormat": 0}, {"type": "paragraph", "format": "", "indent": 0, "version": 1, "children": [{"mode": "normal", "text": "Nullam interdum sapien eget bibendum maximus. Duis ac massa ac dolor consectetur eleifend. Proin nec tempor nibh, vel molestie nisi. Nunc eros mi, laoreet ut porttitor rhoncus, vestibulum sit amet arcu. Nullam at pellentesque ligula. Sed id dignissim magna. In aliquam mi sapien, vitae ornare quam aliquet tempor.", "type": "text", "style": "", "detail": 0, "format": 0, "version": 1}], "direction": null, "textStyle": "", "textFormat": 0}], "direction": null}}	post 2 | Payload Website Template	\N	Lorem ipsum dolor sit amet, consectetur adipiscing elit. Maecenas tempor mollis ipsum et volutpat. Integer faucibus metus at tortor posuere vestibulu	2025-10-24 19:36:34.051+02	post-2	f	2025-10-27 10:02:35.168+01	2025-10-24 19:34:43.606+02	draft	2025-10-25 12:07:36.858+02	2025-10-27 10:02:35.168+01	f	t
68	1	post01	\N	{"root": {"type": "root", "format": "", "indent": 0, "version": 1, "children": [{"type": "paragraph", "format": "", "indent": 0, "version": 1, "children": [{"mode": "normal", "text": "Lorem aaaaaaaaaaaaaaaaaaaaa ipsum dolor sit amet, consectetur adipiscing elit. Maecenas egestas erat risus, ac semper justo molestie vel. Aliquam erat volutpat. Phasellus imperdiet metus erat, id maximus diam placerat eu. Nam luctus lorem eget mauris tempus egestas. Aliquam tempus varius urna, quis finibus odio luctus a. Integer dictum finibus ex nec placerat. Phasellus risus est, consequat vitae tortor vel, accumsan commodo sapien. Ut convallis nunc et metus interdum, in luctus enim molestie. Fusce aliquet elit sed est imperdiet, vel elementum enim varius. Sed quis blandit arcu, lacinia molestie ante. Proin ac turpis urna. Pellentesque in tristique erat. Sed vitae congue sapien. Curabitur consectetur felis lectus. Etiam eu ligula id arcu feugiat eleifend.", "type": "text", "style": "", "detail": 0, "format": 0, "version": 1}], "direction": null, "textStyle": "", "textFormat": 0}, {"type": "paragraph", "format": "", "indent": 0, "version": 1, "children": [{"mode": "normal", "text": "Aliquam in lorem sed sapien bibendum feugiat eu ut turpis. Class aptent taciti sociosqu ad litora torquent per conubia nostra, per inceptos himenaeos. Morbi ante nisi, ultricies et condimentum vel, eleifend ac quam. Proin dui risus, efficitur eu massa eget, sollicitudin efficitur purus. Nulla egestas viverra dolor at tristique. Maecenas augue mi, imperdiet eget mattis in, aliquam eu sem. Ut libero diam, viverra quis lectus sed, congue iaculis ex. Ut semper ultricies posuere. Donec malesuada, leo ut semper rhoncus, tortor est pharetra turpis, in ultrices ante urna vehicula turpis. Donec eget varius velit, in volutpat neque. Morbi augue arcu, posuere non ullamcorper at, laoreet eu mauris. Suspendisse potenti. Pellentesque interdum leo ac sem convallis facilisis. Donec nec eros sit amet arcu ultrices mollis id et nisl.", "type": "text", "style": "", "detail": 0, "format": 0, "version": 1}], "direction": null, "textStyle": "", "textFormat": 0}, {"type": "paragraph", "format": "", "indent": 0, "version": 1, "children": [{"mode": "normal", "text": "Sed faucibus tellus sed orci porta tincidunt. Integer laoreet, turpis nec lobortis ultricies, ante risus volutpat odio, ut malesuada eros metus nec lorem. Ut eu mauris sed turpis accumsan scelerisque quis non lectus. Fusce et quam orci. Nam tempus felis eu turpis bibendum, non maximus nibh scelerisque. Donec id congue nisi. Fusce nulla dui, cursus consequat aliquet non, blandit et turpis. Proin ac laoreet urna. Donec id mi in felis elementum euismod in quis augue. Integer eget eleifend est.", "type": "text", "style": "", "detail": 0, "format": 0, "version": 1}], "direction": null, "textStyle": "", "textFormat": 0}, {"type": "paragraph", "format": "", "indent": 0, "version": 1, "children": [{"mode": "normal", "text": "Phasellus mollis cursus tortor, in dignissim felis vulputate quis. Nulla interdum nulla imperdiet, pulvinar mauris eget, sagittis mauris. Donec aliquam semper tellus quis condimentum. Vivamus sit amet nisl sit amet lectus ullamcorper faucibus. Vestibulum ante ipsum primis in faucibus orci luctus et ultrices posuere cubilia curae; Nullam mollis, libero finibus blandit luctus, nisl ante convallis risus, a aliquam sapien neque et risus. Praesent mollis porta laoreet. Duis lacus tortor, malesuada vitae metus non, efficitur viverra dolor. Phasellus rhoncus felis turpis, sed malesuada tellus malesuada in. Praesent fermentum sodales lacus eget lacinia. Sed convallis non purus id iaculis. Donec in malesuada enim. Cras vitae odio odio. Donec non nisi risus.", "type": "text", "style": "", "detail": 0, "format": 0, "version": 1}], "direction": null, "textStyle": "", "textFormat": 0}, {"type": "paragraph", "format": "", "indent": 0, "version": 1, "children": [{"mode": "normal", "text": "Etiam ac est lorem. Nullam fringilla vitae orci sed suscipit. Sed fermentum, nunc quis ultricies molestie, odio lectus suscipit enim, et venenatis dui tortor eget dolor. Suspendisse tempus tempor lacus sed tristique. Pellentesque habitant morbi tristique senectus et netus et malesuada fames ac turpis egestas. Integer sodales metus in neque pellentesque, eget rutrum lectus accumsan. Quisque at blandit mauris. Aliquam commodo volutpat tempus.", "type": "text", "style": "", "detail": 0, "format": 0, "version": 1}], "direction": null, "textStyle": "", "textFormat": 0}, {"type": "paragraph", "format": "", "indent": 0, "version": 1, "children": [], "direction": null, "textStyle": "", "textFormat": 0}], "direction": null}}	post01 | Payload Website Template	\N	Lorem ipsum dolor sit amet, consectetur adipiscing el sskkj iosjijijsi ijsijijs isjijisjij sijisjsijis isjiijis isji isji	2025-10-24 18:06:54.442+02	post01	f	2025-11-20 20:08:29.39+01	2025-10-24 13:53:45.978+02	published	2025-11-20 20:08:29.401+01	2025-11-20 20:08:29.401+01	f	f
25	1	post01	\N	{"root": {"type": "root", "format": "", "indent": 0, "version": 1, "children": [{"type": "paragraph", "format": "", "indent": 0, "version": 1, "children": [{"mode": "normal", "text": "Lorem ipsum dolor sit amet, consectetur adipiscing elit. Maecenas egestas erat risus, ac semper justo molestie vel. Aliquam erat volutpat. Phasellus imperdiet metus erat, id maximus diam placerat eu. Nam luctus lorem eget mauris tempus egestas. Aliquam tempus varius urna, quis finibus odio luctus a. Integer dictum finibus ex nec placerat. Phasellus risus est, consequat vitae tortor vel, accumsan commodo sapien. Ut convallis nunc et metus interdum, in luctus enim molestie. Fusce aliquet elit sed est imperdiet, vel elementum enim varius. Sed quis blandit arcu, lacinia molestie ante. Proin ac turpis urna. Pellentesque in tristique erat. Sed vitae congue sapien. Curabitur consectetur felis lectus. Etiam eu ligula id arcu feugiat eleifend.", "type": "text", "style": "", "detail": 0, "format": 0, "version": 1}], "direction": null, "textStyle": "", "textFormat": 0}, {"type": "paragraph", "format": "", "indent": 0, "version": 1, "children": [{"mode": "normal", "text": "Aliquam in lorem sed sapien bibendum feugiat eu ut turpis. Class aptent taciti sociosqu ad litora torquent per conubia nostra, per inceptos himenaeos. Morbi ante nisi, ultricies et condimentum vel, eleifend ac quam. Proin dui risus, efficitur eu massa eget, sollicitudin efficitur purus. Nulla egestas viverra dolor at tristique. Maecenas augue mi, imperdiet eget mattis in, aliquam eu sem. Ut libero diam, viverra quis lectus sed, congue iaculis ex. Ut semper ultricies posuere. Donec malesuada, leo ut semper rhoncus, tortor est pharetra turpis, in ultrices ante urna vehicula turpis. Donec eget varius velit, in volutpat neque. Morbi augue arcu, posuere non ullamcorper at, laoreet eu mauris. Suspendisse potenti. Pellentesque interdum leo ac sem convallis facilisis. Donec nec eros sit amet arcu ultrices mollis id et nisl.", "type": "text", "style": "", "detail": 0, "format": 0, "version": 1}], "direction": null, "textStyle": "", "textFormat": 0}, {"type": "paragraph", "format": "", "indent": 0, "version": 1, "children": [{"mode": "normal", "text": "Sed faucibus tellus sed orci porta tincidunt. Integer laoreet, turpis nec lobortis ultricies, ante risus volutpat odio, ut malesuada eros metus nec lorem. Ut eu mauris sed turpis accumsan scelerisque quis non lectus. Fusce et quam orci. Nam tempus felis eu turpis bibendum, non maximus nibh scelerisque. Donec id congue nisi. Fusce nulla dui, cursus consequat aliquet non, blandit et turpis. Proin ac laoreet urna. Donec id mi in felis elementum euismod in quis augue. Integer eget eleifend est.", "type": "text", "style": "", "detail": 0, "format": 0, "version": 1}], "direction": null, "textStyle": "", "textFormat": 0}, {"type": "paragraph", "format": "", "indent": 0, "version": 1, "children": [{"mode": "normal", "text": "Phasellus mollis cursus tortor, in dignissim felis vulputate quis. Nulla interdum nulla imperdiet, pulvinar mauris eget, sagittis mauris. Donec aliquam semper tellus quis condimentum. Vivamus sit amet nisl sit amet lectus ullamcorper faucibus. Vestibulum ante ipsum primis in faucibus orci luctus et ultrices posuere cubilia curae; Nullam mollis, libero finibus blandit luctus, nisl ante convallis risus, a aliquam sapien neque et risus. Praesent mollis porta laoreet. Duis lacus tortor, malesuada vitae metus non, efficitur viverra dolor. Phasellus rhoncus felis turpis, sed malesuada tellus malesuada in. Praesent fermentum sodales lacus eget lacinia. Sed convallis non purus id iaculis. Donec in malesuada enim. Cras vitae odio odio. Donec non nisi risus.", "type": "text", "style": "", "detail": 0, "format": 0, "version": 1}], "direction": null, "textStyle": "", "textFormat": 0}, {"type": "paragraph", "format": "", "indent": 0, "version": 1, "children": [{"mode": "normal", "text": "Etiam ac est lorem. Nullam fringilla vitae orci sed suscipit. Sed fermentum, nunc quis ultricies molestie, odio lectus suscipit enim, et venenatis dui tortor eget dolor. Suspendisse tempus tempor lacus sed tristique. Pellentesque habitant morbi tristique senectus et netus et malesuada fames ac turpis egestas. Integer sodales metus in neque pellentesque, eget rutrum lectus accumsan. Quisque at blandit mauris. Aliquam commodo volutpat tempus.", "type": "text", "style": "", "detail": 0, "format": 0, "version": 1}], "direction": null, "textStyle": "", "textFormat": 0}, {"type": "paragraph", "format": "", "indent": 0, "version": 1, "children": [], "direction": null, "textStyle": "", "textFormat": 0}], "direction": null}}	post01 | Payload Website Template	\N	Lorem ipsum dolor sit amet, consectetur adipiscing el sskkj iosjijijsi ijsijijs isjijisjij sijisjsijis isjiijis isji isji	2025-10-24 18:06:54.442+02	post01	f	2025-10-27 09:36:51.878+01	2025-10-24 13:53:45.978+02	published	2025-10-27 09:36:51.887+01	2025-10-27 09:36:51.887+01	f	f
24	1	post01	\N	{"root": {"type": "root", "format": "", "indent": 0, "version": 1, "children": [{"type": "paragraph", "format": "", "indent": 0, "version": 1, "children": [{"mode": "normal", "text": "Lorem ipsum dolor sit amet, consectetur adipiscing elit. Maecenas egestas erat risus, ac semper justo molestie vel. Aliquam erat volutpat. Phasellus imperdiet metus erat, id maximus diam placerat eu. Nam luctus lorem eget mauris tempus egestas. Aliquam tempus varius urna, quis finibus odio luctus a. Integer dictum finibus ex nec placerat. Phasellus risus est, consequat vitae tortor vel, accumsan commodo sapien. Ut convallis nunc et metus interdum, in luctus enim molestie. Fusce aliquet elit sed est imperdiet, vel elementum enim varius. Sed quis blandit arcu, lacinia molestie ante. Proin ac turpis urna. Pellentesque in tristique erat. Sed vitae congue sapien. Curabitur consectetur felis lectus. Etiam eu ligula id arcu feugiat eleifend.", "type": "text", "style": "", "detail": 0, "format": 0, "version": 1}], "direction": null, "textStyle": "", "textFormat": 0}, {"type": "paragraph", "format": "", "indent": 0, "version": 1, "children": [{"mode": "normal", "text": "Aliquam in lorem sed sapien bibendum feugiat eu ut turpis. Class aptent taciti sociosqu ad litora torquent per conubia nostra, per inceptos himenaeos. Morbi ante nisi, ultricies et condimentum vel, eleifend ac quam. Proin dui risus, efficitur eu massa eget, sollicitudin efficitur purus. Nulla egestas viverra dolor at tristique. Maecenas augue mi, imperdiet eget mattis in, aliquam eu sem. Ut libero diam, viverra quis lectus sed, congue iaculis ex. Ut semper ultricies posuere. Donec malesuada, leo ut semper rhoncus, tortor est pharetra turpis, in ultrices ante urna vehicula turpis. Donec eget varius velit, in volutpat neque. Morbi augue arcu, posuere non ullamcorper at, laoreet eu mauris. Suspendisse potenti. Pellentesque interdum leo ac sem convallis facilisis. Donec nec eros sit amet arcu ultrices mollis id et nisl.", "type": "text", "style": "", "detail": 0, "format": 0, "version": 1}], "direction": null, "textStyle": "", "textFormat": 0}, {"type": "paragraph", "format": "", "indent": 0, "version": 1, "children": [{"mode": "normal", "text": "Sed faucibus tellus sed orci porta tincidunt. Integer laoreet, turpis nec lobortis ultricies, ante risus volutpat odio, ut malesuada eros metus nec lorem. Ut eu mauris sed turpis accumsan scelerisque quis non lectus. Fusce et quam orci. Nam tempus felis eu turpis bibendum, non maximus nibh scelerisque. Donec id congue nisi. Fusce nulla dui, cursus consequat aliquet non, blandit et turpis. Proin ac laoreet urna. Donec id mi in felis elementum euismod in quis augue. Integer eget eleifend est.", "type": "text", "style": "", "detail": 0, "format": 0, "version": 1}], "direction": null, "textStyle": "", "textFormat": 0}, {"type": "paragraph", "format": "", "indent": 0, "version": 1, "children": [{"mode": "normal", "text": "Phasellus mollis cursus tortor, in dignissim felis vulputate quis. Nulla interdum nulla imperdiet, pulvinar mauris eget, sagittis mauris. Donec aliquam semper tellus quis condimentum. Vivamus sit amet nisl sit amet lectus ullamcorper faucibus. Vestibulum ante ipsum primis in faucibus orci luctus et ultrices posuere cubilia curae; Nullam mollis, libero finibus blandit luctus, nisl ante convallis risus, a aliquam sapien neque et risus. Praesent mollis porta laoreet. Duis lacus tortor, malesuada vitae metus non, efficitur viverra dolor. Phasellus rhoncus felis turpis, sed malesuada tellus malesuada in. Praesent fermentum sodales lacus eget lacinia. Sed convallis non purus id iaculis. Donec in malesuada enim. Cras vitae odio odio. Donec non nisi risus.", "type": "text", "style": "", "detail": 0, "format": 0, "version": 1}], "direction": null, "textStyle": "", "textFormat": 0}, {"type": "paragraph", "format": "", "indent": 0, "version": 1, "children": [{"mode": "normal", "text": "Etiam ac est lorem. Nullam fringilla vitae orci sed suscipit. Sed fermentum, nunc quis ultricies molestie, odio lectus suscipit enim, et venenatis dui tortor eget dolor. Suspendisse tempus tempor lacus sed tristique. Pellentesque habitant morbi tristique senectus et netus et malesuada fames ac turpis egestas. Integer sodales metus in neque pellentesque, eget rutrum lectus accumsan. Quisque at blandit mauris. Aliquam commodo volutpat tempus.", "type": "text", "style": "", "detail": 0, "format": 0, "version": 1}], "direction": null, "textStyle": "", "textFormat": 0}, {"type": "paragraph", "format": "", "indent": 0, "version": 1, "children": [], "direction": null, "textStyle": "", "textFormat": 0}], "direction": null}}	post01 | Payload Website Template	\N	Lorem ipsum dolor sit amet, consectetur adipiscing el sskkj iosjijijsi ijsijijs isjijisjij sijisjsijis isjiijis isji isji	2025-10-24 18:06:54.442+02	post01	f	2025-10-27 09:36:50.861+01	2025-10-24 13:53:45.978+02	draft	2025-10-27 09:36:50.861+01	2025-10-27 09:36:50.861+01	f	t
1	1	\N	\N	\N	\N	\N	\N	\N	\N	t	2025-10-24 13:53:45.978+02	2025-10-24 13:53:45.978+02	draft	2025-10-24 13:53:45.982+02	2025-10-24 13:53:45.982+02	f	f
35	4	post 4	\N	{"root": {"type": "root", "format": "", "indent": 0, "version": 1, "children": [{"type": "paragraph", "format": "", "indent": 0, "version": 1, "children": [{"mode": "normal", "text": "Lorem ipsum dolor sit amet, consectetur adipiscing elit. Proin in vestibulum eros. Nunc ullamcorper eu odio et sollicitudin. Proin vitae nisi id lectus egestas posuere eu aliquam mi. Sed tempor sodales arcu, id euismod orci maximus quis. Morbi eu est felis. Cras nec sem volutpat, sodales metus et, feugiat est. Aliquam iaculis consequat nisl ac aliquam. Pellentesque sit amet ipsum dui. Mauris elit nunc, fringilla et leo eget, varius consectetur odio. Donec tortor nisi, auctor non tincidunt sagittis, iaculis pretium augue. Nunc ut pellentesque risus. Aliquam sit amet sodales justo.", "type": "text", "style": "", "detail": 0, "format": 0, "version": 1}], "direction": null, "textStyle": "", "textFormat": 0}, {"type": "paragraph", "format": "", "indent": 0, "version": 1, "children": [{"mode": "normal", "text": "Sed consectetur vel felis ut laoreet. Pellentesque habitant morbi tristique senectus et netus et malesuada fames ac turpis egestas. Sed ut tempus enim. Maecenas quis suscipit tortor. Etiam consequat magna ante, eu dapibus est tincidunt eu. Morbi molestie mauris vitae vestibulum pellentesque. Curabitur vel luctus purus. Vivamus ornare, augue vel laoreet ultrices, nibh lacus faucibus nunc, lacinia commodo nisl turpis sed ex. Vestibulum gravida tortor sed nisl finibus porttitor. Sed lorem ipsum, pharetra et tincidunt a, venenatis at ex. Nunc ac risus et lacus ornare sagittis vitae et velit. Donec luctus auctor quam vel sollicitudin. Maecenas cursus risus tellus, et porta augue vehicula a. Aliquam porta pellentesque ultrices.", "type": "text", "style": "", "detail": 0, "format": 0, "version": 1}], "direction": null, "textStyle": "", "textFormat": 0}, {"type": "paragraph", "format": "", "indent": 0, "version": 1, "children": [{"mode": "normal", "text": "Vivamus felis turpis, blandit ut tellus id, commodo tristique nisi. Donec at eros porttitor, consequat mi at, tempor felis. Donec dignissim tincidunt nibh id rutrum. Phasellus et massa condimentum velit dapibus facilisis. Phasellus in mauris erat. Morbi at suscipit enim. Vestibulum fermentum ligula id erat ultricies iaculis. Pellentesque nec nisi sapien. Etiam volutpat a magna sit amet volutpat. Duis metus lorem, venenatis ac sodales eu, placerat in sapien. Vestibulum vel mollis nisl. Quisque eu aliquet orci, posuere fringilla erat. Vivamus tempus enim ut risus sollicitudin, quis volutpat dui mollis. Duis hendrerit felis diam, ac rhoncus felis sollicitudin ac. Donec vel aliquam ipsum. Integer at nisi ullamcorper, rhoncus neque ac, mattis massa.", "type": "text", "style": "", "detail": 0, "format": 0, "version": 1}], "direction": null, "textStyle": "", "textFormat": 0}, {"type": "paragraph", "format": "", "indent": 0, "version": 1, "children": [{"mode": "normal", "text": "Fusce a suscipit orci, vitae dictum lorem. Nulla sit amet ante arcu. Aliquam ornare in urna eget varius. Donec facilisis, dui pharetra rutrum eleifend, diam mi consequat leo, sit amet iaculis erat metus ac neque. Pellentesque id nisl sed arcu tincidunt egestas. Ut sit amet lobortis erat. Proin erat dui, luctus sit amet dictum et, hendrerit quis risus. Proin quis elementum magna, in consequat nisi. Aliquam tincidunt gravida cursus. Sed ac lorem a purus pulvinar cursus. Vivamus sem sapien, vehicula quis erat nec, ultricies eleifend felis. Duis a quam pharetra, rutrum lorem vitae, semper ligula. Vestibulum a risus molestie, pharetra ligula id, aliquam arcu.", "type": "text", "style": "", "detail": 0, "format": 0, "version": 1}], "direction": null, "textStyle": "", "textFormat": 0}, {"type": "paragraph", "format": "", "indent": 0, "version": 1, "children": [{"mode": "normal", "text": "Fusce pellentesque in justo non vestibulum. Donec eu lectus gravida, elementum est quis, malesuada nisl. Aenean ut imperdiet neque. Nunc varius euismod condimentum. Praesent ex purus, volutpat sed facilisis sed, laoreet quis lacus. Vestibulum sed erat auctor neque cursus maximus non in lorem. Integer volutpat quam vel gravida consectetur.", "type": "text", "style": "", "detail": 0, "format": 0, "version": 1}], "direction": null, "textStyle": "", "textFormat": 0}], "direction": null}}	\N	\N	\N	2025-10-27 00:00:00+01	post-4	f	2025-10-27 20:12:19.748+01	2025-10-27 20:11:44.735+01	draft	2025-10-27 20:11:47.288+01	2025-10-27 20:12:19.748+01	f	t
16	2	post 2	\N	{"root": {"type": "root", "format": "", "indent": 0, "version": 1, "children": [{"tag": "h1", "type": "heading", "format": "", "indent": 0, "version": 1, "children": [{"mode": "normal", "text": "Lorem ipsum dolor sit amet", "type": "text", "style": "", "detail": 0, "format": 0, "version": 1}], "direction": null}, {"type": "paragraph", "format": "", "indent": 0, "version": 1, "children": [{"mode": "normal", "text": ", consectetur adipiscing elit. Maecenas tempor mollis ipsum et volutpat. Integer faucibus metus at tortor posuere vestibulum. Nulla iaculis id massa ut euismod. Nullam dignissim vehicula orci nec condimentum. Fusce gravida, diam ac ultricies consectetur, neque turpis ullamcorper eros, eget placerat dolor augue sed augue. Integer ut nisi nec nisl maximus lacinia sed vehicula mauris. Pellentesque aliquet nibh at metus cursus congue vel nec leo. Mauris maximus ac leo vitae dapibus. Nam pretium lectus accumsan augue pellentesque euismod. Ut laoreet facilisis vehicula. Morbi velit purus, mattis eget libero vel, dictum venenatis erat. Suspendisse sapien metus, consectetur in tempor eu, scelerisque vitae elit. Nulla facilisi.", "type": "text", "style": "", "detail": 0, "format": 0, "version": 1}], "direction": null, "textStyle": "", "textFormat": 0}, {"type": "paragraph", "format": "", "indent": 0, "version": 1, "children": [{"mode": "normal", "text": "Duis quis turpis non purus porttitor luctus et sit amet nulla", "type": "text", "style": "", "detail": 0, "format": 2, "version": 1}, {"mode": "normal", "text": ". Phasellus imperdiet eleifend ligula. Proin eu egestas turpis, molestie congue nisl. Aenean laoreet lorem lorem, ac lacinia lorem molestie interdum. Nunc sit amet commodo quam. Proin commodo rhoncus egestas. Donec fringilla leo augue, nec tempus leo gravida a. Aliquam at tristique enim. Aenean non semper lacus. Vivamus efficitur mollis laoreet. Praesent tempus dictum elit, eget volutpat sapien euismod hendrerit. Sed tempor odio vitae lectus congue, sed blandit massa fermentum.", "type": "text", "style": "", "detail": 0, "format": 0, "version": 1}], "direction": null, "textStyle": "", "textFormat": 2}, {"type": "quote", "format": "", "indent": 0, "version": 1, "children": [{"mode": "normal", "text": "In non justo vel quam facilisis aliquam vitae pretium lorem. Sed vitae egestas turpis. Duis non tortor in eros eleifend laoreet. Pellentesque habitant morbi tristique senectus et netus et malesuada fames ac turpis egestas. Donec mauris lectus, vulputate ut egestas ut, iaculis a erat. Sed neque libero, semper nec semper a, vulputate vitae ipsum. Nam pulvinar nisi at orci condimentum, sed posuere nisi rutrum. Duis laoreet porttitor orci ut volutpat. Phasellus congue erat sit amet egestas aliquam. Morbi venenatis neque sit amet nunc porta finibus. Curabitur id velit lectus.", "type": "text", "style": "", "detail": 0, "format": 0, "version": 1}], "direction": null}, {"type": "paragraph", "format": "", "indent": 0, "version": 1, "children": [{"mode": "normal", "text": "Vivamus porta risus et erat interdum, a condimentum augue mollis. Proin pharetra, nunc ac volutpat dapibus, elit lacus egestas ante, a accumsan eros ante eleifend nibh. Nulla commodo eget sem quis facilisis. Pellentesque diam ante, ornare in blandit at, placerat vitae orci. Sed venenatis sapien ex, sit amet semper nunc pulvinar sed. Praesent eu quam vel mi scelerisque imperdiet. Phasellus in interdum elit. Proin pellentesque libero massa, condimentum pretium mi scelerisque at. Integer in sem sed sem pellentesque cursus id in tortor. Nullam id tristique dui. Sed et rhoncus ipsum, vitae ornare erat. Mauris sit amet odio dapibus dui porta congue. In egestas fringilla fermentum. Fusce vulputate faucibus diam, ac posuere urna feugiat nec.", "type": "text", "style": "", "detail": 0, "format": 0, "version": 1}], "direction": null, "textStyle": "", "textFormat": 0}, {"type": "paragraph", "format": "", "indent": 0, "version": 1, "children": [{"mode": "normal", "text": "Proin id porta tellus. Fusce suscipit turpis ac mattis scelerisque. Integer lacinia mi et posuere imperdiet. Donec ut ligula nec tellus maximus imperdiet. Nam egestas erat tincidunt, blandit sem quis, gravida lacus. Quisque dictum dapibus dictum. Aliquam ac urna sit amet sapien ultricies efficitur. Mauris ac tincidunt velit, sed aliquet diam. Praesent non risus sodales, sollicitudin lectus sagittis, convallis ante. Quisque imperdiet ante eget ligula vehicula placerat cursus vitae purus. Etiam eu venenatis orci.", "type": "text", "style": "", "detail": 0, "format": 0, "version": 1}], "direction": null, "textStyle": "", "textFormat": 0}, {"type": "block", "fields": {"id": "68fbb90a8a804de2de0fb8bb", "media": 24, "blockName": "", "blockType": "mediaBlock", "sectionName": "borrar"}, "format": "", "version": 2}, {"type": "paragraph", "format": "", "indent": 0, "version": 1, "children": [], "direction": null, "textStyle": "", "textFormat": 0}, {"type": "paragraph", "format": "", "indent": 0, "version": 1, "children": [{"mode": "normal", "text": "Donec ut vehicula lectus, at pellentesque orci. Phasellus lacinia viverra ex at fermentum. Nunc tincidunt nunc et lectus malesuada, id fermentum nisl facilisis. Donec elementum mollis massa varius scelerisque. Aliquam tincidunt nibh eu pellentesque consectetur. Morbi venenatis sapien lacus, sit amet vulputate elit tempus posuere. Proin ut facilisis felis, vel rhoncus felis. Integer imperdiet sem ut neque aliquam, eget vestibulum eros ultricies. Duis efficitur sem enim, sit amet tristique urna gravida non. Aliquam aliquet consectetur neque id tristique. Praesent sit amet erat quam. Nullam egestas orci id tellus scelerisque, vel ullamcorper dui dictum. Nulla tempus ac sapien nec porttitor.", "type": "text", "style": "", "detail": 0, "format": 0, "version": 1}], "direction": null, "textStyle": "", "textFormat": 0}, {"type": "paragraph", "format": "", "indent": 0, "version": 1, "children": [{"mode": "normal", "text": "Sed fermentum a lectus hendrerit ullamcorper. Nunc sagittis nec lacus vel volutpat. In ac enim eros. Nunc dapibus, turpis et faucibus vulputate, quam sapien dictum lorem, id varius tortor elit faucibus odio. Sed at justo ac nisl placerat vestibulum at in diam. Vivamus quis condimentum enim. Mauris vestibulum nec erat nec congue. Vestibulum luctus tincidunt tellus et iaculis. Integer at ligula mi. Fusce laoreet leo vel quam efficitur, vitae vulputate leo efficitur. Sed pharetra ligula vitae ex pharetra viverra. Donec metus justo, commodo in dictum sit amet, cursus quis enim. Phasellus laoreet quam sapien, vitae congue mauris posuere non. Interdum et malesuada fames ac ante ipsum primis in faucibus. Nullam euismod rhoncus arcu, a blandit est pharetra ac. Pellentesque sapien mauris, dapibus sit amet risus sit amet, tempor eleifend purus.", "type": "text", "style": "", "detail": 0, "format": 0, "version": 1}], "direction": null, "textStyle": "", "textFormat": 0}, {"type": "paragraph", "format": "", "indent": 0, "version": 1, "children": [{"mode": "normal", "text": "Pellentesque varius vel eros quis convallis. Cras nec purus diam. Suspendisse id lobortis velit. Fusce convallis nisl libero, nec pretium nunc dictum non. Nam ut egestas ipsum. Sed sem sapien, hendrerit in sollicitudin et, pulvinar in metus. Praesent iaculis tempor massa ac sollicitudin. Nunc vestibulum aliquet lectus sit amet volutpat. Suspendisse nec varius augue. Aliquam tellus lacus, euismod ut tortor non, rhoncus semper libero. Nunc ac fringilla magna, et ultrices diam. Fusce ac ipsum nisl.", "type": "text", "style": "", "detail": 0, "format": 0, "version": 1}], "direction": null, "textStyle": "", "textFormat": 0}, {"type": "paragraph", "format": "", "indent": 0, "version": 1, "children": [{"mode": "normal", "text": "Vestibulum erat ante, maximus eget ante vitae, ornare congue tortor. Nam nunc elit, ultricies quis tincidunt sit amet, dignissim eu mauris. Quisque congue lectus ut viverra interdum. Donec porta est ac tincidunt rutrum. Integer tempus ipsum rutrum, fringilla orci ut, feugiat erat. Aliquam a placerat justo. Sed vel dolor ultricies, sollicitudin sem id, fringilla diam. Nam eget lacus eu mauris sagittis fermentum eu vitae turpis. Nulla nisi massa, sagittis viverra ullamcorper nec, consequat vitae nisl. Maecenas molestie ligula id arcu malesuada viverra. Nunc nulla nibh, luctus ac augue vitae, imperdiet tempor est.", "type": "text", "style": "", "detail": 0, "format": 0, "version": 1}], "direction": null, "textStyle": "", "textFormat": 0}, {"type": "paragraph", "format": "", "indent": 0, "version": 1, "children": [{"mode": "normal", "text": "Nullam interdum sapien eget bibendum maximus. Duis ac massa ac dolor consectetur eleifend. Proin nec tempor nibh, vel molestie nisi. Nunc eros mi, laoreet ut porttitor rhoncus, vestibulum sit amet arcu. Nullam at pellentesque ligula. Sed id dignissim magna. In aliquam mi sapien, vitae ornare quam aliquet tempor.", "type": "text", "style": "", "detail": 0, "format": 0, "version": 1}], "direction": null, "textStyle": "", "textFormat": 0}], "direction": null}}	\N	\N	\N	2025-10-24 19:36:34.051+02	post-2	f	2025-10-24 19:36:43.307+02	2025-10-24 19:34:43.606+02	published	2025-10-24 19:36:43.31+02	2025-10-24 19:36:43.31+02	f	f
14	2	post 2	\N	{"root": {"type": "root", "format": "", "indent": 0, "version": 1, "children": [{"tag": "h1", "type": "heading", "format": "", "indent": 0, "version": 1, "children": [{"mode": "normal", "text": "Lorem ipsum dolor sit amet", "type": "text", "style": "", "detail": 0, "format": 0, "version": 1}], "direction": null}, {"type": "paragraph", "format": "", "indent": 0, "version": 1, "children": [{"mode": "normal", "text": ", consectetur adipiscing elit. Maecenas tempor mollis ipsum et volutpat. Integer faucibus metus at tortor posuere vestibulum. Nulla iaculis id massa ut euismod. Nullam dignissim vehicula orci nec condimentum. Fusce gravida, diam ac ultricies consectetur, neque turpis ullamcorper eros, eget placerat dolor augue sed augue. Integer ut nisi nec nisl maximus lacinia sed vehicula mauris. Pellentesque aliquet nibh at metus cursus congue vel nec leo. Mauris maximus ac leo vitae dapibus. Nam pretium lectus accumsan augue pellentesque euismod. Ut laoreet facilisis vehicula. Morbi velit purus, mattis eget libero vel, dictum venenatis erat. Suspendisse sapien metus, consectetur in tempor eu, scelerisque vitae elit. Nulla facilisi.", "type": "text", "style": "", "detail": 0, "format": 0, "version": 1}], "direction": null, "textStyle": "", "textFormat": 0}, {"type": "paragraph", "format": "", "indent": 0, "version": 1, "children": [{"mode": "normal", "text": "Duis quis turpis non purus porttitor luctus et sit amet nulla", "type": "text", "style": "", "detail": 0, "format": 2, "version": 1}, {"mode": "normal", "text": ". Phasellus imperdiet eleifend ligula. Proin eu egestas turpis, molestie congue nisl. Aenean laoreet lorem lorem, ac lacinia lorem molestie interdum. Nunc sit amet commodo quam. Proin commodo rhoncus egestas. Donec fringilla leo augue, nec tempus leo gravida a. Aliquam at tristique enim. Aenean non semper lacus. Vivamus efficitur mollis laoreet. Praesent tempus dictum elit, eget volutpat sapien euismod hendrerit. Sed tempor odio vitae lectus congue, sed blandit massa fermentum.", "type": "text", "style": "", "detail": 0, "format": 0, "version": 1}], "direction": null, "textStyle": "", "textFormat": 2}, {"type": "quote", "format": "", "indent": 0, "version": 1, "children": [{"mode": "normal", "text": "In non justo vel quam facilisis aliquam vitae pretium lorem. Sed vitae egestas turpis. Duis non tortor in eros eleifend laoreet. Pellentesque habitant morbi tristique senectus et netus et malesuada fames ac turpis egestas. Donec mauris lectus, vulputate ut egestas ut, iaculis a erat. Sed neque libero, semper nec semper a, vulputate vitae ipsum. Nam pulvinar nisi at orci condimentum, sed posuere nisi rutrum. Duis laoreet porttitor orci ut volutpat. Phasellus congue erat sit amet egestas aliquam. Morbi venenatis neque sit amet nunc porta finibus. Curabitur id velit lectus.", "type": "text", "style": "", "detail": 0, "format": 0, "version": 1}], "direction": null}, {"type": "paragraph", "format": "", "indent": 0, "version": 1, "children": [{"mode": "normal", "text": "Vivamus porta risus et erat interdum, a condimentum augue mollis. Proin pharetra, nunc ac volutpat dapibus, elit lacus egestas ante, a accumsan eros ante eleifend nibh. Nulla commodo eget sem quis facilisis. Pellentesque diam ante, ornare in blandit at, placerat vitae orci. Sed venenatis sapien ex, sit amet semper nunc pulvinar sed. Praesent eu quam vel mi scelerisque imperdiet. Phasellus in interdum elit. Proin pellentesque libero massa, condimentum pretium mi scelerisque at. Integer in sem sed sem pellentesque cursus id in tortor. Nullam id tristique dui. Sed et rhoncus ipsum, vitae ornare erat. Mauris sit amet odio dapibus dui porta congue. In egestas fringilla fermentum. Fusce vulputate faucibus diam, ac posuere urna feugiat nec.", "type": "text", "style": "", "detail": 0, "format": 0, "version": 1}], "direction": null, "textStyle": "", "textFormat": 0}, {"type": "paragraph", "format": "", "indent": 0, "version": 1, "children": [{"mode": "normal", "text": "Proin id porta tellus. Fusce suscipit turpis ac mattis scelerisque. Integer lacinia mi et posuere imperdiet. Donec ut ligula nec tellus maximus imperdiet. Nam egestas erat tincidunt, blandit sem quis, gravida lacus. Quisque dictum dapibus dictum. Aliquam ac urna sit amet sapien ultricies efficitur. Mauris ac tincidunt velit, sed aliquet diam. Praesent non risus sodales, sollicitudin lectus sagittis, convallis ante. Quisque imperdiet ante eget ligula vehicula placerat cursus vitae purus. Etiam eu venenatis orci.", "type": "text", "style": "", "detail": 0, "format": 0, "version": 1}], "direction": null, "textStyle": "", "textFormat": 0}, {"type": "block", "fields": {"id": "68fbb90a8a804de2de0fb8bb", "media": 24, "blockName": "", "blockType": "mediaBlock", "sectionName": "borrar"}, "format": "", "version": 2}, {"type": "paragraph", "format": "", "indent": 0, "version": 1, "children": [], "direction": null, "textStyle": "", "textFormat": 0}, {"type": "paragraph", "format": "", "indent": 0, "version": 1, "children": [{"mode": "normal", "text": "Donec ut vehicula lectus, at pellentesque orci. Phasellus lacinia viverra ex at fermentum. Nunc tincidunt nunc et lectus malesuada, id fermentum nisl facilisis. Donec elementum mollis massa varius scelerisque. Aliquam tincidunt nibh eu pellentesque consectetur. Morbi venenatis sapien lacus, sit amet vulputate elit tempus posuere. Proin ut facilisis felis, vel rhoncus felis. Integer imperdiet sem ut neque aliquam, eget vestibulum eros ultricies. Duis efficitur sem enim, sit amet tristique urna gravida non. Aliquam aliquet consectetur neque id tristique. Praesent sit amet erat quam. Nullam egestas orci id tellus scelerisque, vel ullamcorper dui dictum. Nulla tempus ac sapien nec porttitor.", "type": "text", "style": "", "detail": 0, "format": 0, "version": 1}], "direction": null, "textStyle": "", "textFormat": 0}, {"type": "paragraph", "format": "", "indent": 0, "version": 1, "children": [{"mode": "normal", "text": "Sed fermentum a lectus hendrerit ullamcorper. Nunc sagittis nec lacus vel volutpat. In ac enim eros. Nunc dapibus, turpis et faucibus vulputate, quam sapien dictum lorem, id varius tortor elit faucibus odio. Sed at justo ac nisl placerat vestibulum at in diam. Vivamus quis condimentum enim. Mauris vestibulum nec erat nec congue. Vestibulum luctus tincidunt tellus et iaculis. Integer at ligula mi. Fusce laoreet leo vel quam efficitur, vitae vulputate leo efficitur. Sed pharetra ligula vitae ex pharetra viverra. Donec metus justo, commodo in dictum sit amet, cursus quis enim. Phasellus laoreet quam sapien, vitae congue mauris posuere non. Interdum et malesuada fames ac ante ipsum primis in faucibus. Nullam euismod rhoncus arcu, a blandit est pharetra ac. Pellentesque sapien mauris, dapibus sit amet risus sit amet, tempor eleifend purus.", "type": "text", "style": "", "detail": 0, "format": 0, "version": 1}], "direction": null, "textStyle": "", "textFormat": 0}, {"type": "paragraph", "format": "", "indent": 0, "version": 1, "children": [{"mode": "normal", "text": "Pellentesque varius vel eros quis convallis. Cras nec purus diam. Suspendisse id lobortis velit. Fusce convallis nisl libero, nec pretium nunc dictum non. Nam ut egestas ipsum. Sed sem sapien, hendrerit in sollicitudin et, pulvinar in metus. Praesent iaculis tempor massa ac sollicitudin. Nunc vestibulum aliquet lectus sit amet volutpat. Suspendisse nec varius augue. Aliquam tellus lacus, euismod ut tortor non, rhoncus semper libero. Nunc ac fringilla magna, et ultrices diam. Fusce ac ipsum nisl.", "type": "text", "style": "", "detail": 0, "format": 0, "version": 1}], "direction": null, "textStyle": "", "textFormat": 0}, {"type": "paragraph", "format": "", "indent": 0, "version": 1, "children": [{"mode": "normal", "text": "Vestibulum erat ante, maximus eget ante vitae, ornare congue tortor. Nam nunc elit, ultricies quis tincidunt sit amet, dignissim eu mauris. Quisque congue lectus ut viverra interdum. Donec porta est ac tincidunt rutrum. Integer tempus ipsum rutrum, fringilla orci ut, feugiat erat. Aliquam a placerat justo. Sed vel dolor ultricies, sollicitudin sem id, fringilla diam. Nam eget lacus eu mauris sagittis fermentum eu vitae turpis. Nulla nisi massa, sagittis viverra ullamcorper nec, consequat vitae nisl. Maecenas molestie ligula id arcu malesuada viverra. Nunc nulla nibh, luctus ac augue vitae, imperdiet tempor est.", "type": "text", "style": "", "detail": 0, "format": 0, "version": 1}], "direction": null, "textStyle": "", "textFormat": 0}, {"type": "paragraph", "format": "", "indent": 0, "version": 1, "children": [{"mode": "normal", "text": "Nullam interdum sapien eget bibendum maximus. Duis ac massa ac dolor consectetur eleifend. Proin nec tempor nibh, vel molestie nisi. Nunc eros mi, laoreet ut porttitor rhoncus, vestibulum sit amet arcu. Nullam at pellentesque ligula. Sed id dignissim magna. In aliquam mi sapien, vitae ornare quam aliquet tempor.", "type": "text", "style": "", "detail": 0, "format": 0, "version": 1}], "direction": null, "textStyle": "", "textFormat": 0}], "direction": null}}	\N	\N	\N	2025-10-24 19:36:34.051+02	\N	t	2025-10-24 19:36:34.052+02	2025-10-24 19:34:43.606+02	published	2025-10-24 19:36:34.057+02	2025-10-24 19:36:34.057+02	f	f
2	1	post01	\N	{"root": {"type": "root", "format": "", "indent": 0, "version": 1, "children": [{"type": "paragraph", "format": "", "indent": 0, "version": 1, "children": [{"mode": "normal", "text": "posts ", "type": "text", "style": "", "detail": 0, "format": 0, "version": 1}], "direction": null, "textStyle": "", "textFormat": 0}], "direction": null}}	\N	\N	\N	\N	\N	t	2025-10-24 18:06:42.223+02	2025-10-24 13:53:45.978+02	draft	2025-10-24 18:02:41.471+02	2025-10-24 18:06:42.223+02	f	t
9	1	post01	\N	{"root": {"type": "root", "format": "", "indent": 0, "version": 1, "children": [{"type": "paragraph", "format": "", "indent": 0, "version": 1, "children": [{"mode": "normal", "text": "Lorem ipsum dolor sit amet, consectetur adipiscing elit. Maecenas egestas erat risus, ac semper justo molestie vel. Aliquam erat volutpat. Phasellus imperdiet metus erat, id maximus diam placerat eu. Nam luctus lorem eget mauris tempus egestas. Aliquam tempus varius urna, quis finibus odio luctus a. Integer dictum finibus ex nec placerat. Phasellus risus est, consequat vitae tortor vel, accumsan commodo sapien. Ut convallis nunc et metus interdum, in luctus enim molestie. Fusce aliquet elit sed est imperdiet, vel elementum enim varius. Sed quis blandit arcu, lacinia molestie ante. Proin ac turpis urna. Pellentesque in tristique erat. Sed vitae congue sapien. Curabitur consectetur felis lectus. Etiam eu ligula id arcu feugiat eleifend.", "type": "text", "style": "", "detail": 0, "format": 0, "version": 1}], "direction": null, "textStyle": "", "textFormat": 0}, {"type": "paragraph", "format": "", "indent": 0, "version": 1, "children": [{"mode": "normal", "text": "Aliquam in lorem sed sapien bibendum feugiat eu ut turpis. Class aptent taciti sociosqu ad litora torquent per conubia nostra, per inceptos himenaeos. Morbi ante nisi, ultricies et condimentum vel, eleifend ac quam. Proin dui risus, efficitur eu massa eget, sollicitudin efficitur purus. Nulla egestas viverra dolor at tristique. Maecenas augue mi, imperdiet eget mattis in, aliquam eu sem. Ut libero diam, viverra quis lectus sed, congue iaculis ex. Ut semper ultricies posuere. Donec malesuada, leo ut semper rhoncus, tortor est pharetra turpis, in ultrices ante urna vehicula turpis. Donec eget varius velit, in volutpat neque. Morbi augue arcu, posuere non ullamcorper at, laoreet eu mauris. Suspendisse potenti. Pellentesque interdum leo ac sem convallis facilisis. Donec nec eros sit amet arcu ultrices mollis id et nisl.", "type": "text", "style": "", "detail": 0, "format": 0, "version": 1}], "direction": null, "textStyle": "", "textFormat": 0}, {"type": "paragraph", "format": "", "indent": 0, "version": 1, "children": [{"mode": "normal", "text": "Sed faucibus tellus sed orci porta tincidunt. Integer laoreet, turpis nec lobortis ultricies, ante risus volutpat odio, ut malesuada eros metus nec lorem. Ut eu mauris sed turpis accumsan scelerisque quis non lectus. Fusce et quam orci. Nam tempus felis eu turpis bibendum, non maximus nibh scelerisque. Donec id congue nisi. Fusce nulla dui, cursus consequat aliquet non, blandit et turpis. Proin ac laoreet urna. Donec id mi in felis elementum euismod in quis augue. Integer eget eleifend est.", "type": "text", "style": "", "detail": 0, "format": 0, "version": 1}], "direction": null, "textStyle": "", "textFormat": 0}, {"type": "paragraph", "format": "", "indent": 0, "version": 1, "children": [{"mode": "normal", "text": "Phasellus mollis cursus tortor, in dignissim felis vulputate quis. Nulla interdum nulla imperdiet, pulvinar mauris eget, sagittis mauris. Donec aliquam semper tellus quis condimentum. Vivamus sit amet nisl sit amet lectus ullamcorper faucibus. Vestibulum ante ipsum primis in faucibus orci luctus et ultrices posuere cubilia curae; Nullam mollis, libero finibus blandit luctus, nisl ante convallis risus, a aliquam sapien neque et risus. Praesent mollis porta laoreet. Duis lacus tortor, malesuada vitae metus non, efficitur viverra dolor. Phasellus rhoncus felis turpis, sed malesuada tellus malesuada in. Praesent fermentum sodales lacus eget lacinia. Sed convallis non purus id iaculis. Donec in malesuada enim. Cras vitae odio odio. Donec non nisi risus.", "type": "text", "style": "", "detail": 0, "format": 0, "version": 1}], "direction": null, "textStyle": "", "textFormat": 0}, {"type": "paragraph", "format": "", "indent": 0, "version": 1, "children": [{"mode": "normal", "text": "Etiam ac est lorem. Nullam fringilla vitae orci sed suscipit. Sed fermentum, nunc quis ultricies molestie, odio lectus suscipit enim, et venenatis dui tortor eget dolor. Suspendisse tempus tempor lacus sed tristique. Pellentesque habitant morbi tristique senectus et netus et malesuada fames ac turpis egestas. Integer sodales metus in neque pellentesque, eget rutrum lectus accumsan. Quisque at blandit mauris. Aliquam commodo volutpat tempus.", "type": "text", "style": "", "detail": 0, "format": 0, "version": 1}], "direction": null, "textStyle": "", "textFormat": 0}, {"type": "paragraph", "format": "", "indent": 0, "version": 1, "children": [], "direction": null, "textStyle": "", "textFormat": 0}], "direction": null}}	\N	\N	\N	2025-10-24 18:06:54.442+02	post01	f	2025-10-24 19:01:06.704+02	2025-10-24 13:53:45.978+02	published	2025-10-24 19:01:06.709+02	2025-10-24 19:01:06.709+02	f	f
13	2	post 2	\N	{"root": {"type": "root", "format": "", "indent": 0, "version": 1, "children": [{"tag": "h1", "type": "heading", "format": "", "indent": 0, "version": 1, "children": [{"mode": "normal", "text": "Lorem ipsum dolor sit amet", "type": "text", "style": "", "detail": 0, "format": 0, "version": 1}], "direction": null}, {"type": "paragraph", "format": "", "indent": 0, "version": 1, "children": [{"mode": "normal", "text": ", consectetur adipiscing elit. Maecenas tempor mollis ipsum et volutpat. Integer faucibus metus at tortor posuere vestibulum. Nulla iaculis id massa ut euismod. Nullam dignissim vehicula orci nec condimentum. Fusce gravida, diam ac ultricies consectetur, neque turpis ullamcorper eros, eget placerat dolor augue sed augue. Integer ut nisi nec nisl maximus lacinia sed vehicula mauris. Pellentesque aliquet nibh at metus cursus congue vel nec leo. Mauris maximus ac leo vitae dapibus. Nam pretium lectus accumsan augue pellentesque euismod. Ut laoreet facilisis vehicula. Morbi velit purus, mattis eget libero vel, dictum venenatis erat. Suspendisse sapien metus, consectetur in tempor eu, scelerisque vitae elit. Nulla facilisi.", "type": "text", "style": "", "detail": 0, "format": 0, "version": 1}], "direction": null, "textStyle": "", "textFormat": 0}, {"type": "paragraph", "format": "", "indent": 0, "version": 1, "children": [{"mode": "normal", "text": "Duis quis turpis non purus porttitor luctus et sit amet nulla", "type": "text", "style": "", "detail": 0, "format": 2, "version": 1}, {"mode": "normal", "text": ". Phasellus imperdiet eleifend ligula. Proin eu egestas turpis, molestie congue nisl. Aenean laoreet lorem lorem, ac lacinia lorem molestie interdum. Nunc sit amet commodo quam. Proin commodo rhoncus egestas. Donec fringilla leo augue, nec tempus leo gravida a. Aliquam at tristique enim. Aenean non semper lacus. Vivamus efficitur mollis laoreet. Praesent tempus dictum elit, eget volutpat sapien euismod hendrerit. Sed tempor odio vitae lectus congue, sed blandit massa fermentum.", "type": "text", "style": "", "detail": 0, "format": 0, "version": 1}], "direction": null, "textStyle": "", "textFormat": 2}, {"type": "quote", "format": "", "indent": 0, "version": 1, "children": [{"mode": "normal", "text": "In non justo vel quam facilisis aliquam vitae pretium lorem. Sed vitae egestas turpis. Duis non tortor in eros eleifend laoreet. Pellentesque habitant morbi tristique senectus et netus et malesuada fames ac turpis egestas. Donec mauris lectus, vulputate ut egestas ut, iaculis a erat. Sed neque libero, semper nec semper a, vulputate vitae ipsum. Nam pulvinar nisi at orci condimentum, sed posuere nisi rutrum. Duis laoreet porttitor orci ut volutpat. Phasellus congue erat sit amet egestas aliquam. Morbi venenatis neque sit amet nunc porta finibus. Curabitur id velit lectus.", "type": "text", "style": "", "detail": 0, "format": 0, "version": 1}], "direction": null}, {"type": "paragraph", "format": "", "indent": 0, "version": 1, "children": [{"mode": "normal", "text": "Vivamus porta risus et erat interdum, a condimentum augue mollis. Proin pharetra, nunc ac volutpat dapibus, elit lacus egestas ante, a accumsan eros ante eleifend nibh. Nulla commodo eget sem quis facilisis. Pellentesque diam ante, ornare in blandit at, placerat vitae orci. Sed venenatis sapien ex, sit amet semper nunc pulvinar sed. Praesent eu quam vel mi scelerisque imperdiet. Phasellus in interdum elit. Proin pellentesque libero massa, condimentum pretium mi scelerisque at. Integer in sem sed sem pellentesque cursus id in tortor. Nullam id tristique dui. Sed et rhoncus ipsum, vitae ornare erat. Mauris sit amet odio dapibus dui porta congue. In egestas fringilla fermentum. Fusce vulputate faucibus diam, ac posuere urna feugiat nec.", "type": "text", "style": "", "detail": 0, "format": 0, "version": 1}], "direction": null, "textStyle": "", "textFormat": 0}, {"type": "paragraph", "format": "", "indent": 0, "version": 1, "children": [{"mode": "normal", "text": "Proin id porta tellus. Fusce suscipit turpis ac mattis scelerisque. Integer lacinia mi et posuere imperdiet. Donec ut ligula nec tellus maximus imperdiet. Nam egestas erat tincidunt, blandit sem quis, gravida lacus. Quisque dictum dapibus dictum. Aliquam ac urna sit amet sapien ultricies efficitur. Mauris ac tincidunt velit, sed aliquet diam. Praesent non risus sodales, sollicitudin lectus sagittis, convallis ante. Quisque imperdiet ante eget ligula vehicula placerat cursus vitae purus. Etiam eu venenatis orci.", "type": "text", "style": "", "detail": 0, "format": 0, "version": 1}], "direction": null, "textStyle": "", "textFormat": 0}, {"type": "block", "fields": {"id": "68fbb90a8a804de2de0fb8bb", "media": 24, "blockName": "", "blockType": "mediaBlock", "sectionName": "borrar"}, "format": "", "version": 2}, {"type": "paragraph", "format": "", "indent": 0, "version": 1, "children": [], "direction": null, "textStyle": "", "textFormat": 0}, {"type": "paragraph", "format": "", "indent": 0, "version": 1, "children": [{"mode": "normal", "text": "Donec ut vehicula lectus, at pellentesque orci. Phasellus lacinia viverra ex at fermentum. Nunc tincidunt nunc et lectus malesuada, id fermentum nisl facilisis. Donec elementum mollis massa varius scelerisque. Aliquam tincidunt nibh eu pellentesque consectetur. Morbi venenatis sapien lacus, sit amet vulputate elit tempus posuere. Proin ut facilisis felis, vel rhoncus felis. Integer imperdiet sem ut neque aliquam, eget vestibulum eros ultricies. Duis efficitur sem enim, sit amet tristique urna gravida non. Aliquam aliquet consectetur neque id tristique. Praesent sit amet erat quam. Nullam egestas orci id tellus scelerisque, vel ullamcorper dui dictum. Nulla tempus ac sapien nec porttitor.", "type": "text", "style": "", "detail": 0, "format": 0, "version": 1}], "direction": null, "textStyle": "", "textFormat": 0}, {"type": "paragraph", "format": "", "indent": 0, "version": 1, "children": [{"mode": "normal", "text": "Sed fermentum a lectus hendrerit ullamcorper. Nunc sagittis nec lacus vel volutpat. In ac enim eros. Nunc dapibus, turpis et faucibus vulputate, quam sapien dictum lorem, id varius tortor elit faucibus odio. Sed at justo ac nisl placerat vestibulum at in diam. Vivamus quis condimentum enim. Mauris vestibulum nec erat nec congue. Vestibulum luctus tincidunt tellus et iaculis. Integer at ligula mi. Fusce laoreet leo vel quam efficitur, vitae vulputate leo efficitur. Sed pharetra ligula vitae ex pharetra viverra. Donec metus justo, commodo in dictum sit amet, cursus quis enim. Phasellus laoreet quam sapien, vitae congue mauris posuere non. Interdum et malesuada fames ac ante ipsum primis in faucibus. Nullam euismod rhoncus arcu, a blandit est pharetra ac. Pellentesque sapien mauris, dapibus sit amet risus sit amet, tempor eleifend purus.", "type": "text", "style": "", "detail": 0, "format": 0, "version": 1}], "direction": null, "textStyle": "", "textFormat": 0}, {"type": "paragraph", "format": "", "indent": 0, "version": 1, "children": [{"mode": "normal", "text": "Pellentesque varius vel eros quis convallis. Cras nec purus diam. Suspendisse id lobortis velit. Fusce convallis nisl libero, nec pretium nunc dictum non. Nam ut egestas ipsum. Sed sem sapien, hendrerit in sollicitudin et, pulvinar in metus. Praesent iaculis tempor massa ac sollicitudin. Nunc vestibulum aliquet lectus sit amet volutpat. Suspendisse nec varius augue. Aliquam tellus lacus, euismod ut tortor non, rhoncus semper libero. Nunc ac fringilla magna, et ultrices diam. Fusce ac ipsum nisl.", "type": "text", "style": "", "detail": 0, "format": 0, "version": 1}], "direction": null, "textStyle": "", "textFormat": 0}, {"type": "paragraph", "format": "", "indent": 0, "version": 1, "children": [{"mode": "normal", "text": "Vestibulum erat ante, maximus eget ante vitae, ornare congue tortor. Nam nunc elit, ultricies quis tincidunt sit amet, dignissim eu mauris. Quisque congue lectus ut viverra interdum. Donec porta est ac tincidunt rutrum. Integer tempus ipsum rutrum, fringilla orci ut, feugiat erat. Aliquam a placerat justo. Sed vel dolor ultricies, sollicitudin sem id, fringilla diam. Nam eget lacus eu mauris sagittis fermentum eu vitae turpis. Nulla nisi massa, sagittis viverra ullamcorper nec, consequat vitae nisl. Maecenas molestie ligula id arcu malesuada viverra. Nunc nulla nibh, luctus ac augue vitae, imperdiet tempor est.", "type": "text", "style": "", "detail": 0, "format": 0, "version": 1}], "direction": null, "textStyle": "", "textFormat": 0}, {"type": "paragraph", "format": "", "indent": 0, "version": 1, "children": [{"mode": "normal", "text": "Nullam interdum sapien eget bibendum maximus. Duis ac massa ac dolor consectetur eleifend. Proin nec tempor nibh, vel molestie nisi. Nunc eros mi, laoreet ut porttitor rhoncus, vestibulum sit amet arcu. Nullam at pellentesque ligula. Sed id dignissim magna. In aliquam mi sapien, vitae ornare quam aliquet tempor.", "type": "text", "style": "", "detail": 0, "format": 0, "version": 1}], "direction": null, "textStyle": "", "textFormat": 0}], "direction": null}}	\N	\N	\N	\N	\N	t	2025-10-24 19:36:32.354+02	2025-10-24 19:34:43.606+02	draft	2025-10-24 19:34:45.512+02	2025-10-24 19:36:32.354+02	f	t
15	2	post 2	\N	{"root": {"type": "root", "format": "", "indent": 0, "version": 1, "children": [{"tag": "h1", "type": "heading", "format": "", "indent": 0, "version": 1, "children": [{"mode": "normal", "text": "Lorem ipsum dolor sit amet", "type": "text", "style": "", "detail": 0, "format": 0, "version": 1}], "direction": null}, {"type": "paragraph", "format": "", "indent": 0, "version": 1, "children": [{"mode": "normal", "text": ", consectetur adipiscing elit. Maecenas tempor mollis ipsum et volutpat. Integer faucibus metus at tortor posuere vestibulum. Nulla iaculis id massa ut euismod. Nullam dignissim vehicula orci nec condimentum. Fusce gravida, diam ac ultricies consectetur, neque turpis ullamcorper eros, eget placerat dolor augue sed augue. Integer ut nisi nec nisl maximus lacinia sed vehicula mauris. Pellentesque aliquet nibh at metus cursus congue vel nec leo. Mauris maximus ac leo vitae dapibus. Nam pretium lectus accumsan augue pellentesque euismod. Ut laoreet facilisis vehicula. Morbi velit purus, mattis eget libero vel, dictum venenatis erat. Suspendisse sapien metus, consectetur in tempor eu, scelerisque vitae elit. Nulla facilisi.", "type": "text", "style": "", "detail": 0, "format": 0, "version": 1}], "direction": null, "textStyle": "", "textFormat": 0}, {"type": "paragraph", "format": "", "indent": 0, "version": 1, "children": [{"mode": "normal", "text": "Duis quis turpis non purus porttitor luctus et sit amet nulla", "type": "text", "style": "", "detail": 0, "format": 2, "version": 1}, {"mode": "normal", "text": ". Phasellus imperdiet eleifend ligula. Proin eu egestas turpis, molestie congue nisl. Aenean laoreet lorem lorem, ac lacinia lorem molestie interdum. Nunc sit amet commodo quam. Proin commodo rhoncus egestas. Donec fringilla leo augue, nec tempus leo gravida a. Aliquam at tristique enim. Aenean non semper lacus. Vivamus efficitur mollis laoreet. Praesent tempus dictum elit, eget volutpat sapien euismod hendrerit. Sed tempor odio vitae lectus congue, sed blandit massa fermentum.", "type": "text", "style": "", "detail": 0, "format": 0, "version": 1}], "direction": null, "textStyle": "", "textFormat": 2}, {"type": "quote", "format": "", "indent": 0, "version": 1, "children": [{"mode": "normal", "text": "In non justo vel quam facilisis aliquam vitae pretium lorem. Sed vitae egestas turpis. Duis non tortor in eros eleifend laoreet. Pellentesque habitant morbi tristique senectus et netus et malesuada fames ac turpis egestas. Donec mauris lectus, vulputate ut egestas ut, iaculis a erat. Sed neque libero, semper nec semper a, vulputate vitae ipsum. Nam pulvinar nisi at orci condimentum, sed posuere nisi rutrum. Duis laoreet porttitor orci ut volutpat. Phasellus congue erat sit amet egestas aliquam. Morbi venenatis neque sit amet nunc porta finibus. Curabitur id velit lectus.", "type": "text", "style": "", "detail": 0, "format": 0, "version": 1}], "direction": null}, {"type": "paragraph", "format": "", "indent": 0, "version": 1, "children": [{"mode": "normal", "text": "Vivamus porta risus et erat interdum, a condimentum augue mollis. Proin pharetra, nunc ac volutpat dapibus, elit lacus egestas ante, a accumsan eros ante eleifend nibh. Nulla commodo eget sem quis facilisis. Pellentesque diam ante, ornare in blandit at, placerat vitae orci. Sed venenatis sapien ex, sit amet semper nunc pulvinar sed. Praesent eu quam vel mi scelerisque imperdiet. Phasellus in interdum elit. Proin pellentesque libero massa, condimentum pretium mi scelerisque at. Integer in sem sed sem pellentesque cursus id in tortor. Nullam id tristique dui. Sed et rhoncus ipsum, vitae ornare erat. Mauris sit amet odio dapibus dui porta congue. In egestas fringilla fermentum. Fusce vulputate faucibus diam, ac posuere urna feugiat nec.", "type": "text", "style": "", "detail": 0, "format": 0, "version": 1}], "direction": null, "textStyle": "", "textFormat": 0}, {"type": "paragraph", "format": "", "indent": 0, "version": 1, "children": [{"mode": "normal", "text": "Proin id porta tellus. Fusce suscipit turpis ac mattis scelerisque. Integer lacinia mi et posuere imperdiet. Donec ut ligula nec tellus maximus imperdiet. Nam egestas erat tincidunt, blandit sem quis, gravida lacus. Quisque dictum dapibus dictum. Aliquam ac urna sit amet sapien ultricies efficitur. Mauris ac tincidunt velit, sed aliquet diam. Praesent non risus sodales, sollicitudin lectus sagittis, convallis ante. Quisque imperdiet ante eget ligula vehicula placerat cursus vitae purus. Etiam eu venenatis orci.", "type": "text", "style": "", "detail": 0, "format": 0, "version": 1}], "direction": null, "textStyle": "", "textFormat": 0}, {"type": "block", "fields": {"id": "68fbb90a8a804de2de0fb8bb", "media": 24, "blockName": "", "blockType": "mediaBlock", "sectionName": "borrar"}, "format": "", "version": 2}, {"type": "paragraph", "format": "", "indent": 0, "version": 1, "children": [], "direction": null, "textStyle": "", "textFormat": 0}, {"type": "paragraph", "format": "", "indent": 0, "version": 1, "children": [{"mode": "normal", "text": "Donec ut vehicula lectus, at pellentesque orci. Phasellus lacinia viverra ex at fermentum. Nunc tincidunt nunc et lectus malesuada, id fermentum nisl facilisis. Donec elementum mollis massa varius scelerisque. Aliquam tincidunt nibh eu pellentesque consectetur. Morbi venenatis sapien lacus, sit amet vulputate elit tempus posuere. Proin ut facilisis felis, vel rhoncus felis. Integer imperdiet sem ut neque aliquam, eget vestibulum eros ultricies. Duis efficitur sem enim, sit amet tristique urna gravida non. Aliquam aliquet consectetur neque id tristique. Praesent sit amet erat quam. Nullam egestas orci id tellus scelerisque, vel ullamcorper dui dictum. Nulla tempus ac sapien nec porttitor.", "type": "text", "style": "", "detail": 0, "format": 0, "version": 1}], "direction": null, "textStyle": "", "textFormat": 0}, {"type": "paragraph", "format": "", "indent": 0, "version": 1, "children": [{"mode": "normal", "text": "Sed fermentum a lectus hendrerit ullamcorper. Nunc sagittis nec lacus vel volutpat. In ac enim eros. Nunc dapibus, turpis et faucibus vulputate, quam sapien dictum lorem, id varius tortor elit faucibus odio. Sed at justo ac nisl placerat vestibulum at in diam. Vivamus quis condimentum enim. Mauris vestibulum nec erat nec congue. Vestibulum luctus tincidunt tellus et iaculis. Integer at ligula mi. Fusce laoreet leo vel quam efficitur, vitae vulputate leo efficitur. Sed pharetra ligula vitae ex pharetra viverra. Donec metus justo, commodo in dictum sit amet, cursus quis enim. Phasellus laoreet quam sapien, vitae congue mauris posuere non. Interdum et malesuada fames ac ante ipsum primis in faucibus. Nullam euismod rhoncus arcu, a blandit est pharetra ac. Pellentesque sapien mauris, dapibus sit amet risus sit amet, tempor eleifend purus.", "type": "text", "style": "", "detail": 0, "format": 0, "version": 1}], "direction": null, "textStyle": "", "textFormat": 0}, {"type": "paragraph", "format": "", "indent": 0, "version": 1, "children": [{"mode": "normal", "text": "Pellentesque varius vel eros quis convallis. Cras nec purus diam. Suspendisse id lobortis velit. Fusce convallis nisl libero, nec pretium nunc dictum non. Nam ut egestas ipsum. Sed sem sapien, hendrerit in sollicitudin et, pulvinar in metus. Praesent iaculis tempor massa ac sollicitudin. Nunc vestibulum aliquet lectus sit amet volutpat. Suspendisse nec varius augue. Aliquam tellus lacus, euismod ut tortor non, rhoncus semper libero. Nunc ac fringilla magna, et ultrices diam. Fusce ac ipsum nisl.", "type": "text", "style": "", "detail": 0, "format": 0, "version": 1}], "direction": null, "textStyle": "", "textFormat": 0}, {"type": "paragraph", "format": "", "indent": 0, "version": 1, "children": [{"mode": "normal", "text": "Vestibulum erat ante, maximus eget ante vitae, ornare congue tortor. Nam nunc elit, ultricies quis tincidunt sit amet, dignissim eu mauris. Quisque congue lectus ut viverra interdum. Donec porta est ac tincidunt rutrum. Integer tempus ipsum rutrum, fringilla orci ut, feugiat erat. Aliquam a placerat justo. Sed vel dolor ultricies, sollicitudin sem id, fringilla diam. Nam eget lacus eu mauris sagittis fermentum eu vitae turpis. Nulla nisi massa, sagittis viverra ullamcorper nec, consequat vitae nisl. Maecenas molestie ligula id arcu malesuada viverra. Nunc nulla nibh, luctus ac augue vitae, imperdiet tempor est.", "type": "text", "style": "", "detail": 0, "format": 0, "version": 1}], "direction": null, "textStyle": "", "textFormat": 0}, {"type": "paragraph", "format": "", "indent": 0, "version": 1, "children": [{"mode": "normal", "text": "Nullam interdum sapien eget bibendum maximus. Duis ac massa ac dolor consectetur eleifend. Proin nec tempor nibh, vel molestie nisi. Nunc eros mi, laoreet ut porttitor rhoncus, vestibulum sit amet arcu. Nullam at pellentesque ligula. Sed id dignissim magna. In aliquam mi sapien, vitae ornare quam aliquet tempor.", "type": "text", "style": "", "detail": 0, "format": 0, "version": 1}], "direction": null, "textStyle": "", "textFormat": 0}], "direction": null}}	\N	\N	\N	2025-10-24 19:36:34.051+02	post-2	f	2025-10-24 19:36:41.665+02	2025-10-24 19:34:43.606+02	draft	2025-10-24 19:36:37.947+02	2025-10-24 19:36:41.665+02	f	t
19	2	post 2	\N	{"root": {"type": "root", "format": "", "indent": 0, "version": 1, "children": [{"tag": "h1", "type": "heading", "format": "", "indent": 0, "version": 1, "children": [{"mode": "normal", "text": "Lorem ipsum dolor sit amet", "type": "text", "style": "", "detail": 0, "format": 0, "version": 1}], "direction": null}, {"type": "paragraph", "format": "", "indent": 0, "version": 1, "children": [{"mode": "normal", "text": ", consectetur adipiscing elit. Maecenas tempor mollis ipsum et volutpat. Integer faucibus metus at tortor posuere vestibulum. Nulla iaculis id massa ut euismod. Nullam dignissim vehicula orci nec condimentum. Fusce gravida, diam ac ultricies consectetur, neque turpis ullamcorper eros, eget placerat dolor augue sed augue. Integer ut nisi nec nisl maximus lacinia sed vehicula mauris. Pellentesque aliquet nibh at metus cursus congue vel nec leo. Mauris maximus ac leo vitae dapibus. Nam pretium lectus accumsan augue pellentesque euismod. Ut laoreet facilisis vehicula. Morbi velit purus, mattis eget libero vel, dictum venenatis erat. Suspendisse sapien metus, consectetur in tempor eu, scelerisque vitae elit. Nulla facilisi.", "type": "text", "style": "", "detail": 0, "format": 0, "version": 1}], "direction": null, "textStyle": "", "textFormat": 0}, {"type": "paragraph", "format": "", "indent": 0, "version": 1, "children": [{"mode": "normal", "text": "Duis quis turpis non purus porttitor luctus et sit amet nulla", "type": "text", "style": "", "detail": 0, "format": 2, "version": 1}, {"mode": "normal", "text": ". Phasellus imperdiet eleifend ligula. Proin eu egestas turpis, molestie congue nisl. Aenean laoreet lorem lorem, ac lacinia lorem molestie interdum. Nunc sit amet commodo quam. Proin commodo rhoncus egestas. Donec fringilla leo augue, nec tempus leo gravida a. Aliquam at tristique enim. Aenean non semper lacus. Vivamus efficitur mollis laoreet. Praesent tempus dictum elit, eget volutpat sapien euismod hendrerit. Sed tempor odio vitae lectus congue, sed blandit massa fermentum.", "type": "text", "style": "", "detail": 0, "format": 0, "version": 1}], "direction": null, "textStyle": "", "textFormat": 2}, {"type": "quote", "format": "", "indent": 0, "version": 1, "children": [{"mode": "normal", "text": "In non justo vel quam facilisis aliquam vitae pretium lorem. Sed vitae egestas turpis. Duis non tortor in eros eleifend laoreet. Pellentesque habitant morbi tristique senectus et netus et malesuada fames ac turpis egestas. Donec mauris lectus, vulputate ut egestas ut, iaculis a erat. Sed neque libero, semper nec semper a, vulputate vitae ipsum. Nam pulvinar nisi at orci condimentum, sed posuere nisi rutrum. Duis laoreet porttitor orci ut volutpat. Phasellus congue erat sit amet egestas aliquam. Morbi venenatis neque sit amet nunc porta finibus. Curabitur id velit lectus.", "type": "text", "style": "", "detail": 0, "format": 0, "version": 1}], "direction": null}, {"type": "paragraph", "format": "", "indent": 0, "version": 1, "children": [{"mode": "normal", "text": "Vivamus porta risus et erat interdum, a condimentum augue mollis. Proin pharetra, nunc ac volutpat dapibus, elit lacus egestas ante, a accumsan eros ante eleifend nibh. Nulla commodo eget sem quis facilisis. Pellentesque diam ante, ornare in blandit at, placerat vitae orci. Sed venenatis sapien ex, sit amet semper nunc pulvinar sed. Praesent eu quam vel mi scelerisque imperdiet. Phasellus in interdum elit. Proin pellentesque libero massa, condimentum pretium mi scelerisque at. Integer in sem sed sem pellentesque cursus id in tortor. Nullam id tristique dui. Sed et rhoncus ipsum, vitae ornare erat. Mauris sit amet odio dapibus dui porta congue. In egestas fringilla fermentum. Fusce vulputate faucibus diam, ac posuere urna feugiat nec.", "type": "text", "style": "", "detail": 0, "format": 0, "version": 1}], "direction": null, "textStyle": "", "textFormat": 0}, {"type": "paragraph", "format": "", "indent": 0, "version": 1, "children": [{"mode": "normal", "text": "Proin id porta tellus. Fusce suscipit turpis ac mattis scelerisque. Integer lacinia mi et posuere imperdiet. Donec ut ligula nec tellus maximus imperdiet. Nam egestas erat tincidunt, blandit sem quis, gravida lacus. Quisque dictum dapibus dictum. Aliquam ac urna sit amet sapien ultricies efficitur. Mauris ac tincidunt velit, sed aliquet diam. Praesent non risus sodales, sollicitudin lectus sagittis, convallis ante. Quisque imperdiet ante eget ligula vehicula placerat cursus vitae purus. Etiam eu venenatis orci.", "type": "text", "style": "", "detail": 0, "format": 0, "version": 1}], "direction": null, "textStyle": "", "textFormat": 0}, {"type": "block", "fields": {"id": "68fbb90a8a804de2de0fb8bb", "media": 24, "blockName": "", "blockType": "mediaBlock", "sectionName": "borrar"}, "format": "", "version": 2}, {"type": "paragraph", "format": "", "indent": 0, "version": 1, "children": [], "direction": null, "textStyle": "", "textFormat": 0}, {"type": "paragraph", "format": "", "indent": 0, "version": 1, "children": [{"mode": "normal", "text": "Donec ut vehicula lectus, at pellentesque orci. Phasellus lacinia viverra ex at fermentum. Nunc tincidunt nunc et lectus malesuada, id fermentum nisl facilisis. Donec elementum mollis massa varius scelerisque. Aliquam tincidunt nibh eu pellentesque consectetur. Morbi venenatis sapien lacus, sit amet vulputate elit tempus posuere. Proin ut facilisis felis, vel rhoncus felis. Integer imperdiet sem ut neque aliquam, eget vestibulum eros ultricies. Duis efficitur sem enim, sit amet tristique urna gravida non. Aliquam aliquet consectetur neque id tristique. Praesent sit amet erat quam. Nullam egestas orci id tellus scelerisque, vel ullamcorper dui dictum. Nulla tempus ac sapien nec porttitor.", "type": "text", "style": "", "detail": 0, "format": 0, "version": 1}], "direction": null, "textStyle": "", "textFormat": 0}, {"type": "paragraph", "format": "", "indent": 0, "version": 1, "children": [{"mode": "normal", "text": "Sed fermentum a lectus hendrerit ullamcorper. Nunc sagittis nec lacus vel volutpat. In ac enim eros. Nunc dapibus, turpis et faucibus vulputate, quam sapien dictum lorem, id varius tortor elit faucibus odio. Sed at justo ac nisl placerat vestibulum at in diam. Vivamus quis condimentum enim. Mauris vestibulum nec erat nec congue. Vestibulum luctus tincidunt tellus et iaculis. Integer at ligula mi. Fusce laoreet leo vel quam efficitur, vitae vulputate leo efficitur. Sed pharetra ligula vitae ex pharetra viverra. Donec metus justo, commodo in dictum sit amet, cursus quis enim. Phasellus laoreet quam sapien, vitae congue mauris posuere non. Interdum et malesuada fames ac ante ipsum primis in faucibus. Nullam euismod rhoncus arcu, a blandit est pharetra ac. Pellentesque sapien mauris, dapibus sit amet risus sit amet, tempor eleifend purus.", "type": "text", "style": "", "detail": 0, "format": 0, "version": 1}], "direction": null, "textStyle": "", "textFormat": 0}, {"type": "paragraph", "format": "", "indent": 0, "version": 1, "children": [{"mode": "normal", "text": "Pellentesque varius vel eros quis convallis. Cras nec purus diam. Suspendisse id lobortis velit. Fusce convallis nisl libero, nec pretium nunc dictum non. Nam ut egestas ipsum. Sed sem sapien, hendrerit in sollicitudin et, pulvinar in metus. Praesent iaculis tempor massa ac sollicitudin. Nunc vestibulum aliquet lectus sit amet volutpat. Suspendisse nec varius augue. Aliquam tellus lacus, euismod ut tortor non, rhoncus semper libero. Nunc ac fringilla magna, et ultrices diam. Fusce ac ipsum nisl.", "type": "text", "style": "", "detail": 0, "format": 0, "version": 1}], "direction": null, "textStyle": "", "textFormat": 0}, {"type": "paragraph", "format": "", "indent": 0, "version": 1, "children": [{"mode": "normal", "text": "Vestibulum erat ante, maximus eget ante vitae, ornare congue tortor. Nam nunc elit, ultricies quis tincidunt sit amet, dignissim eu mauris. Quisque congue lectus ut viverra interdum. Donec porta est ac tincidunt rutrum. Integer tempus ipsum rutrum, fringilla orci ut, feugiat erat. Aliquam a placerat justo. Sed vel dolor ultricies, sollicitudin sem id, fringilla diam. Nam eget lacus eu mauris sagittis fermentum eu vitae turpis. Nulla nisi massa, sagittis viverra ullamcorper nec, consequat vitae nisl. Maecenas molestie ligula id arcu malesuada viverra. Nunc nulla nibh, luctus ac augue vitae, imperdiet tempor est.", "type": "text", "style": "", "detail": 0, "format": 0, "version": 1}], "direction": null, "textStyle": "", "textFormat": 0}, {"type": "paragraph", "format": "", "indent": 0, "version": 1, "children": [{"mode": "normal", "text": "Nullam interdum sapien eget bibendum maximus. Duis ac massa ac dolor consectetur eleifend. Proin nec tempor nibh, vel molestie nisi. Nunc eros mi, laoreet ut porttitor rhoncus, vestibulum sit amet arcu. Nullam at pellentesque ligula. Sed id dignissim magna. In aliquam mi sapien, vitae ornare quam aliquet tempor.", "type": "text", "style": "", "detail": 0, "format": 0, "version": 1}], "direction": null, "textStyle": "", "textFormat": 0}], "direction": null}}	post 2 | Payload Website Template	\N	Lorem ipsum dolor sit amet, consectetur adipiscing elit. Maecenas tempor mollis ipsum et volutpat. Integer faucibus metus at tortor posuere vestibulu	2025-10-24 19:36:34.051+02	post-2	f	2025-10-24 20:04:43.381+02	2025-10-24 19:34:43.606+02	draft	2025-10-24 20:04:02.928+02	2025-10-24 20:04:43.381+02	f	t
89	1	post01	68	{"root": {"type": "root", "format": "", "indent": 0, "version": 1, "children": [{"type": "paragraph", "format": "", "indent": 0, "version": 1, "children": [{"mode": "normal", "text": "Lorem aaaaaaaaaaaaaaaaaaaaa ipsum dolor sit amet, consectetur adipiscing elit. Maecenas egestas erat risus, ac semper justo molestie vel. Aliquam erat volutpat. Phasellus imperdiet metus erat, id maximus diam placerat eu. Nam luctus lorem eget mauris tempus egestas. Aliquam tempus varius urna, quis finibus odio luctus a. Integer dictum finibus ex nec placerat. Phasellus risus est, consequat vitae tortor vel, accumsan commodo sapien. Ut convallis nunc et metus interdum, in luctus enim molestie. Fusce aliquet elit sed est imperdiet, vel elementum enim varius. Sed quis blandit arcu, lacinia molestie ante. Proin ac turpis urna. Pellentesque in tristique erat. Sed vitae congue sapien. Curabitur consectetur felis lectus. Etiam eu ligula id arcu feugiat eleifend.", "type": "text", "style": "", "detail": 0, "format": 0, "version": 1}], "direction": null, "textStyle": "", "textFormat": 0}, {"type": "paragraph", "format": "", "indent": 0, "version": 1, "children": [{"mode": "normal", "text": "Aliquam in lorem sed sapien bibendum feugiat eu ut turpis. Class aptent taciti sociosqu ad litora torquent per conubia nostra, per inceptos himenaeos. Morbi ante nisi, ultricies et condimentum vel, eleifend ac quam. Proin dui risus, efficitur eu massa eget, sollicitudin efficitur purus. Nulla egestas viverra dolor at tristique. Maecenas augue mi, imperdiet eget mattis in, aliquam eu sem. Ut libero diam, viverra quis lectus sed, congue iaculis ex. Ut semper ultricies posuere. Donec malesuada, leo ut semper rhoncus, tortor est pharetra turpis, in ultrices ante urna vehicula turpis. Donec eget varius velit, in volutpat neque. Morbi augue arcu, posuere non ullamcorper at, laoreet eu mauris. Suspendisse potenti. Pellentesque interdum leo ac sem convallis facilisis. Donec nec eros sit amet arcu ultrices mollis id et nisl.", "type": "text", "style": "", "detail": 0, "format": 0, "version": 1}], "direction": null, "textStyle": "", "textFormat": 0}, {"type": "paragraph", "format": "", "indent": 0, "version": 1, "children": [{"mode": "normal", "text": "Sed faucibus tellus sed orci porta tincidunt. Integer laoreet, turpis nec lobortis ultricies, ante risus volutpat odio, ut malesuada eros metus nec lorem. Ut eu mauris sed turpis accumsan scelerisque quis non lectus. Fusce et quam orci. Nam tempus felis eu turpis bibendum, non maximus nibh scelerisque. Donec id congue nisi. Fusce nulla dui, cursus consequat aliquet non, blandit et turpis. Proin ac laoreet urna. Donec id mi in felis elementum euismod in quis augue. Integer eget eleifend est.", "type": "text", "style": "", "detail": 0, "format": 0, "version": 1}], "direction": null, "textStyle": "", "textFormat": 0}, {"type": "paragraph", "format": "", "indent": 0, "version": 1, "children": [{"mode": "normal", "text": "Phasellus mollis cursus tortor, in dignissim felis vulputate quis. Nulla interdum nulla imperdiet, pulvinar mauris eget, sagittis mauris. Donec aliquam semper tellus quis condimentum. Vivamus sit amet nisl sit amet lectus ullamcorper faucibus. Vestibulum ante ipsum primis in faucibus orci luctus et ultrices posuere cubilia curae; Nullam mollis, libero finibus blandit luctus, nisl ante convallis risus, a aliquam sapien neque et risus. Praesent mollis porta laoreet. Duis lacus tortor, malesuada vitae metus non, efficitur viverra dolor. Phasellus rhoncus felis turpis, sed malesuada tellus malesuada in. Praesent fermentum sodales lacus eget lacinia. Sed convallis non purus id iaculis. Donec in malesuada enim. Cras vitae odio odio. Donec non nisi risus.", "type": "text", "style": "", "detail": 0, "format": 0, "version": 1}], "direction": null, "textStyle": "", "textFormat": 0}, {"type": "paragraph", "format": "", "indent": 0, "version": 1, "children": [{"mode": "normal", "text": "Etiam ac est lorem. Nullam fringilla vitae orci sed suscipit. Sed fermentum, nunc quis ultricies molestie, odio lectus suscipit enim, et venenatis dui tortor eget dolor. Suspendisse tempus tempor lacus sed tristique. Pellentesque habitant morbi tristique senectus et netus et malesuada fames ac turpis egestas. Integer sodales metus in neque pellentesque, eget rutrum lectus accumsan. Quisque at blandit mauris. Aliquam commodo volutpat tempus.", "type": "text", "style": "", "detail": 0, "format": 0, "version": 1}], "direction": null, "textStyle": "", "textFormat": 0}, {"type": "paragraph", "format": "", "indent": 0, "version": 1, "children": [], "direction": null, "textStyle": "", "textFormat": 0}], "direction": null}}	post01 | Payload Website Template	68	Lorem ipsum dolor sit amet, consectetur adipiscing el sskkj iosjijijsi ijsijijs isjijisjij sijisjsijis isjiijis isji isji	2025-10-24 18:06:54.442+02	post01	f	2025-11-30 11:02:27.315+01	2025-10-24 13:53:45.978+02	published	2025-11-30 11:02:27.319+01	2025-11-30 11:02:27.319+01	t	f
12	2	\N	\N	\N	\N	\N	\N	\N	\N	t	2025-10-24 19:34:43.606+02	2025-10-24 19:34:43.606+02	draft	2025-10-24 19:34:43.608+02	2025-10-24 19:34:43.608+02	f	f
69	1	post01	68	{"root": {"type": "root", "format": "", "indent": 0, "version": 1, "children": [{"type": "paragraph", "format": "", "indent": 0, "version": 1, "children": [{"mode": "normal", "text": "Lorem aaaaaaaaaaaaaaaaaaaaa ipsum dolor sit amet, consectetur adipiscing elit. Maecenas egestas erat risus, ac semper justo molestie vel. Aliquam erat volutpat. Phasellus imperdiet metus erat, id maximus diam placerat eu. Nam luctus lorem eget mauris tempus egestas. Aliquam tempus varius urna, quis finibus odio luctus a. Integer dictum finibus ex nec placerat. Phasellus risus est, consequat vitae tortor vel, accumsan commodo sapien. Ut convallis nunc et metus interdum, in luctus enim molestie. Fusce aliquet elit sed est imperdiet, vel elementum enim varius. Sed quis blandit arcu, lacinia molestie ante. Proin ac turpis urna. Pellentesque in tristique erat. Sed vitae congue sapien. Curabitur consectetur felis lectus. Etiam eu ligula id arcu feugiat eleifend.", "type": "text", "style": "", "detail": 0, "format": 0, "version": 1}], "direction": null, "textStyle": "", "textFormat": 0}, {"type": "paragraph", "format": "", "indent": 0, "version": 1, "children": [{"mode": "normal", "text": "Aliquam in lorem sed sapien bibendum feugiat eu ut turpis. Class aptent taciti sociosqu ad litora torquent per conubia nostra, per inceptos himenaeos. Morbi ante nisi, ultricies et condimentum vel, eleifend ac quam. Proin dui risus, efficitur eu massa eget, sollicitudin efficitur purus. Nulla egestas viverra dolor at tristique. Maecenas augue mi, imperdiet eget mattis in, aliquam eu sem. Ut libero diam, viverra quis lectus sed, congue iaculis ex. Ut semper ultricies posuere. Donec malesuada, leo ut semper rhoncus, tortor est pharetra turpis, in ultrices ante urna vehicula turpis. Donec eget varius velit, in volutpat neque. Morbi augue arcu, posuere non ullamcorper at, laoreet eu mauris. Suspendisse potenti. Pellentesque interdum leo ac sem convallis facilisis. Donec nec eros sit amet arcu ultrices mollis id et nisl.", "type": "text", "style": "", "detail": 0, "format": 0, "version": 1}], "direction": null, "textStyle": "", "textFormat": 0}, {"type": "paragraph", "format": "", "indent": 0, "version": 1, "children": [{"mode": "normal", "text": "Sed faucibus tellus sed orci porta tincidunt. Integer laoreet, turpis nec lobortis ultricies, ante risus volutpat odio, ut malesuada eros metus nec lorem. Ut eu mauris sed turpis accumsan scelerisque quis non lectus. Fusce et quam orci. Nam tempus felis eu turpis bibendum, non maximus nibh scelerisque. Donec id congue nisi. Fusce nulla dui, cursus consequat aliquet non, blandit et turpis. Proin ac laoreet urna. Donec id mi in felis elementum euismod in quis augue. Integer eget eleifend est.", "type": "text", "style": "", "detail": 0, "format": 0, "version": 1}], "direction": null, "textStyle": "", "textFormat": 0}, {"type": "paragraph", "format": "", "indent": 0, "version": 1, "children": [{"mode": "normal", "text": "Phasellus mollis cursus tortor, in dignissim felis vulputate quis. Nulla interdum nulla imperdiet, pulvinar mauris eget, sagittis mauris. Donec aliquam semper tellus quis condimentum. Vivamus sit amet nisl sit amet lectus ullamcorper faucibus. Vestibulum ante ipsum primis in faucibus orci luctus et ultrices posuere cubilia curae; Nullam mollis, libero finibus blandit luctus, nisl ante convallis risus, a aliquam sapien neque et risus. Praesent mollis porta laoreet. Duis lacus tortor, malesuada vitae metus non, efficitur viverra dolor. Phasellus rhoncus felis turpis, sed malesuada tellus malesuada in. Praesent fermentum sodales lacus eget lacinia. Sed convallis non purus id iaculis. Donec in malesuada enim. Cras vitae odio odio. Donec non nisi risus.", "type": "text", "style": "", "detail": 0, "format": 0, "version": 1}], "direction": null, "textStyle": "", "textFormat": 0}, {"type": "paragraph", "format": "", "indent": 0, "version": 1, "children": [{"mode": "normal", "text": "Etiam ac est lorem. Nullam fringilla vitae orci sed suscipit. Sed fermentum, nunc quis ultricies molestie, odio lectus suscipit enim, et venenatis dui tortor eget dolor. Suspendisse tempus tempor lacus sed tristique. Pellentesque habitant morbi tristique senectus et netus et malesuada fames ac turpis egestas. Integer sodales metus in neque pellentesque, eget rutrum lectus accumsan. Quisque at blandit mauris. Aliquam commodo volutpat tempus.", "type": "text", "style": "", "detail": 0, "format": 0, "version": 1}], "direction": null, "textStyle": "", "textFormat": 0}, {"type": "paragraph", "format": "", "indent": 0, "version": 1, "children": [], "direction": null, "textStyle": "", "textFormat": 0}], "direction": null}}	post01 | Payload Website Template	68	Lorem ipsum dolor sit amet, consectetur adipiscing el sskkj iosjijijsi ijsijijs isjijisjij sijisjsijis isjiijis isji isji	2025-10-24 18:06:54.442+02	post01	f	2025-11-25 09:35:13.071+01	2025-10-24 13:53:45.978+02	draft	2025-11-25 09:34:38.749+01	2025-11-25 09:35:13.071+01	f	t
47	7	post 7	\N	{"root": {"type": "root", "format": "", "indent": 0, "version": 1, "children": [{"type": "paragraph", "format": "", "indent": 0, "version": 1, "children": [{"mode": "normal", "text": "Lorem ipsum dolor sit amet, consectetur adipiscing elit. Proin in vestibulum eros. Nunc ullamcorper eu odio et sollicitudin. Proin vitae nisi id lectus egestas posuere eu aliquam mi. Sed tempor sodales arcu, id euismod orci maximus quis. Morbi eu est felis. Cras nec sem volutpat, sodales metus et, feugiat est. Aliquam iaculis consequat nisl ac aliquam. Pellentesque sit amet ipsum dui. Mauris elit nunc, fringilla et leo eget, varius consectetur odio. Donec tortor nisi, auctor non tincidunt sagittis, iaculis pretium augue. Nunc ut pellentesque risus. Aliquam sit amet sodales justo.", "type": "text", "style": "", "detail": 0, "format": 0, "version": 1}], "direction": null, "textStyle": "", "textFormat": 0}, {"type": "paragraph", "format": "", "indent": 0, "version": 1, "children": [{"mode": "normal", "text": "Sed consectetur vel felis ut laoreet. Pellentesque habitant morbi tristique senectus et netus et malesuada fames ac turpis egestas. Sed ut tempus enim. Maecenas quis suscipit tortor. Etiam consequat magna ante, eu dapibus est tincidunt eu. Morbi molestie mauris vitae vestibulum pellentesque. Curabitur vel luctus purus. Vivamus ornare, augue vel laoreet ultrices, nibh lacus faucibus nunc, lacinia commodo nisl turpis sed ex. Vestibulum gravida tortor sed nisl finibus porttitor. Sed lorem ipsum, pharetra et tincidunt a, venenatis at ex. Nunc ac risus et lacus ornare sagittis vitae et velit. Donec luctus auctor quam vel sollicitudin. Maecenas cursus risus tellus, et porta augue vehicula a. Aliquam porta pellentesque ultrices.", "type": "text", "style": "", "detail": 0, "format": 0, "version": 1}], "direction": null, "textStyle": "", "textFormat": 0}, {"type": "paragraph", "format": "", "indent": 0, "version": 1, "children": [{"mode": "normal", "text": "Vivamus felis turpis, blandit ut tellus id, commodo tristique nisi. Donec at eros porttitor, consequat mi at, tempor felis. Donec dignissim tincidunt nibh id rutrum. Phasellus et massa condimentum velit dapibus facilisis. Phasellus in mauris erat. Morbi at suscipit enim. Vestibulum fermentum ligula id erat ultricies iaculis. Pellentesque nec nisi sapien. Etiam volutpat a magna sit amet volutpat. Duis metus lorem, venenatis ac sodales eu, placerat in sapien. Vestibulum vel mollis nisl. Quisque eu aliquet orci, posuere fringilla erat. Vivamus tempus enim ut risus sollicitudin, quis volutpat dui mollis. Duis hendrerit felis diam, ac rhoncus felis sollicitudin ac. Donec vel aliquam ipsum. Integer at nisi ullamcorper, rhoncus neque ac, mattis massa.", "type": "text", "style": "", "detail": 0, "format": 0, "version": 1}], "direction": null, "textStyle": "", "textFormat": 0}, {"type": "paragraph", "format": "", "indent": 0, "version": 1, "children": [{"mode": "normal", "text": "Fusce a suscipit orci, vitae dictum lorem. Nulla sit amet ante arcu. Aliquam ornare in urna eget varius. Donec facilisis, dui pharetra rutrum eleifend, diam mi consequat leo, sit amet iaculis erat metus ac neque. Pellentesque id nisl sed arcu tincidunt egestas. Ut sit amet lobortis erat. Proin erat dui, luctus sit amet dictum et, hendrerit quis risus. Proin quis elementum magna, in consequat nisi. Aliquam tincidunt gravida cursus. Sed ac lorem a purus pulvinar cursus. Vivamus sem sapien, vehicula quis erat nec, ultricies eleifend felis. Duis a quam pharetra, rutrum lorem vitae, semper ligula. Vestibulum a risus molestie, pharetra ligula id, aliquam arcu.", "type": "text", "style": "", "detail": 0, "format": 0, "version": 1}], "direction": null, "textStyle": "", "textFormat": 0}, {"type": "paragraph", "format": "", "indent": 0, "version": 1, "children": [{"mode": "normal", "text": "Fusce pellentesque in justo non vestibulum. Donec eu lectus gravida, elementum est quis, malesuada nisl. Aenean ut imperdiet neque. Nunc varius euismod condimentum. Praesent ex purus, volutpat sed facilisis sed, laoreet quis lacus. Vestibulum sed erat auctor neque cursus maximus non in lorem. Integer volutpat quam vel gravida consectetur.", "type": "text", "style": "", "detail": 0, "format": 0, "version": 1}], "direction": null, "textStyle": "", "textFormat": 0}], "direction": null}}	post 4 | Payload Website Template	\N	Lorem ipsum dolor sit amet, consectetur adipiscing elit. Proin in vestibulum eros. Nunc ullamcorper eu odio et sollicitudin. Proin vitae nisi id le\n	2025-10-27 00:00:00+01	post-7	f	2025-10-27 20:19:23.517+01	2025-10-27 20:19:14.986+01	published	2025-10-27 20:19:23.522+01	2025-10-27 20:19:23.522+01	f	f
84	10	Lorem ipsum dolor sit amet, consectetur adipiscing elit	68	{"root": {"type": "root", "format": "", "indent": 0, "version": 1, "children": [{"type": "paragraph", "format": "", "indent": 0, "version": 1, "children": [{"mode": "normal", "text": "Lorem ipsum dolor sit amet, consectetur adipiscing elit. Proin in vestibulum eros. Nunc ullamcorper eu odio et sollicitudin. Proin vitae nisi id lectus egestas posuere eu aliquam mi. Sed tempor sodales arcu, id euismod orci maximus quis. Morbi eu est felis. Cras nec sem volutpat, sodales metus et, feugiat est. Aliquam iaculis consequat nisl ac aliquam. Pellentesque sit amet ipsum dui. Mauris elit nunc, fringilla et leo eget, varius consectetur odio. Donec tortor nisi, auctor non tincidunt sagittis, iaculis pretium augue. Nunc ut pellentesque risus. Aliquam sit amet sodales justo.", "type": "text", "style": "", "detail": 0, "format": 0, "version": 1}], "direction": null, "textStyle": "", "textFormat": 0}, {"type": "paragraph", "format": "", "indent": 0, "version": 1, "children": [{"mode": "normal", "text": "Sed consectetur vel felis ut laoreet. Pellentesque habitant morbi tristique senectus et netus et malesuada fames ac turpis egestas. Sed ut tempus enim. Maecenas quis suscipit tortor. Etiam consequat magna ante, eu dapibus est tincidunt eu. Morbi molestie mauris vitae vestibulum pellentesque. Curabitur vel luctus purus. Vivamus ornare, augue vel laoreet ultrices, nibh lacus faucibus nunc, lacinia commodo nisl turpis sed ex. Vestibulum gravida tortor sed nisl finibus porttitor. Sed lorem ipsum, pharetra et tincidunt a, venenatis at ex. Nunc ac risus et lacus ornare sagittis vitae et velit. Donec luctus auctor quam vel sollicitudin. Maecenas cursus risus tellus, et porta augue vehicula a. Aliquam porta pellentesque ultrices.", "type": "text", "style": "", "detail": 0, "format": 0, "version": 1}], "direction": null, "textStyle": "", "textFormat": 0}, {"type": "paragraph", "format": "", "indent": 0, "version": 1, "children": [{"mode": "normal", "text": "Vivamus felis turpis, blandit ut tellus id, commodo tristique nisi. Donec at eros porttitor, consequat mi at, tempor felis. Donec dignissim tincidunt nibh id rutrum. Phasellus et massa condimentum velit dapibus facilisis. Phasellus in mauris erat. Morbi at suscipit enim. Vestibulum fermentum ligula id erat ultricies iaculis. Pellentesque nec nisi sapien. Etiam volutpat a magna sit amet volutpat. Duis metus lorem, venenatis ac sodales eu, placerat in sapien. Vestibulum vel mollis nisl. Quisque eu aliquet orci, posuere fringilla erat. Vivamus tempus enim ut risus sollicitudin, quis volutpat dui mollis. Duis hendrerit felis diam, ac rhoncus felis sollicitudin ac. Donec vel aliquam ipsum. Integer at nisi ullamcorper, rhoncus neque ac, mattis massa.", "type": "text", "style": "", "detail": 0, "format": 0, "version": 1}], "direction": null, "textStyle": "", "textFormat": 0}, {"type": "paragraph", "format": "", "indent": 0, "version": 1, "children": [{"mode": "normal", "text": "Fusce a suscipit orci, vitae dictum lorem. Nulla sit amet ante arcu. Aliquam ornare in urna eget varius. Donec facilisis, dui pharetra rutrum eleifend, diam mi consequat leo, sit amet iaculis erat metus ac neque. Pellentesque id nisl sed arcu tincidunt egestas. Ut sit amet lobortis erat. Proin erat dui, luctus sit amet dictum et, hendrerit quis risus. Proin quis elementum magna, in consequat nisi. Aliquam tincidunt gravida cursus. Sed ac lorem a purus pulvinar cursus. Vivamus sem sapien, vehicula quis erat nec, ultricies eleifend felis. Duis a quam pharetra, rutrum lorem vitae, semper ligula. Vestibulum a risus molestie, pharetra ligula id, aliquam arcu.", "type": "text", "style": "", "detail": 0, "format": 0, "version": 1}], "direction": null, "textStyle": "", "textFormat": 0}, {"type": "paragraph", "format": "", "indent": 0, "version": 1, "children": [{"mode": "normal", "text": "Fusce pellentesque in justo non vestibulum. Donec eu lectus gravida, elementum est quis, malesuada nisl. Aenean ut imperdiet neque. Nunc varius euismod condimentum. Praesent ex purus, volutpat sed facilisis sed, laoreet quis lacus. Vestibulum sed erat auctor neque cursus maximus non in lorem. Integer volutpat quam vel gravida consectetur.", "type": "text", "style": "", "detail": 0, "format": 0, "version": 1}], "direction": null, "textStyle": "", "textFormat": 0}], "direction": null}}	Lorem ipsum dolor sit amet, consectetur adipiscing elitare w	68	Lorem ipsum dolor sit amet, consectetur adipiscing elit. Proin in vestibulum eros. Nunc ullamcorper eu odio et sollicitudin. Proin vitae nisi id le a\n	2025-10-27 00:00:00+01	lorem-ipsum-dolor-sit-amet-consectetur-adipiscing-elit	f	2025-11-25 09:41:39.06+01	2025-10-28 17:46:32.007+01	published	2025-11-25 09:41:39.065+01	2025-11-25 09:41:39.065+01	t	f
83	10	Lorem ipsum dolor sit amet, consectetur adipiscing elit	68	{"root": {"type": "root", "format": "", "indent": 0, "version": 1, "children": [{"type": "paragraph", "format": "", "indent": 0, "version": 1, "children": [{"mode": "normal", "text": "Lorem ipsum dolor sit amet, consectetur adipiscing elit. Proin in vestibulum eros. Nunc ullamcorper eu odio et sollicitudin. Proin vitae nisi id lectus egestas posuere eu aliquam mi. Sed tempor sodales arcu, id euismod orci maximus quis. Morbi eu est felis. Cras nec sem volutpat, sodales metus et, feugiat est. Aliquam iaculis consequat nisl ac aliquam. Pellentesque sit amet ipsum dui. Mauris elit nunc, fringilla et leo eget, varius consectetur odio. Donec tortor nisi, auctor non tincidunt sagittis, iaculis pretium augue. Nunc ut pellentesque risus. Aliquam sit amet sodales justo.", "type": "text", "style": "", "detail": 0, "format": 0, "version": 1}], "direction": null, "textStyle": "", "textFormat": 0}, {"type": "paragraph", "format": "", "indent": 0, "version": 1, "children": [{"mode": "normal", "text": "Sed consectetur vel felis ut laoreet. Pellentesque habitant morbi tristique senectus et netus et malesuada fames ac turpis egestas. Sed ut tempus enim. Maecenas quis suscipit tortor. Etiam consequat magna ante, eu dapibus est tincidunt eu. Morbi molestie mauris vitae vestibulum pellentesque. Curabitur vel luctus purus. Vivamus ornare, augue vel laoreet ultrices, nibh lacus faucibus nunc, lacinia commodo nisl turpis sed ex. Vestibulum gravida tortor sed nisl finibus porttitor. Sed lorem ipsum, pharetra et tincidunt a, venenatis at ex. Nunc ac risus et lacus ornare sagittis vitae et velit. Donec luctus auctor quam vel sollicitudin. Maecenas cursus risus tellus, et porta augue vehicula a. Aliquam porta pellentesque ultrices.", "type": "text", "style": "", "detail": 0, "format": 0, "version": 1}], "direction": null, "textStyle": "", "textFormat": 0}, {"type": "paragraph", "format": "", "indent": 0, "version": 1, "children": [{"mode": "normal", "text": "Vivamus felis turpis, blandit ut tellus id, commodo tristique nisi. Donec at eros porttitor, consequat mi at, tempor felis. Donec dignissim tincidunt nibh id rutrum. Phasellus et massa condimentum velit dapibus facilisis. Phasellus in mauris erat. Morbi at suscipit enim. Vestibulum fermentum ligula id erat ultricies iaculis. Pellentesque nec nisi sapien. Etiam volutpat a magna sit amet volutpat. Duis metus lorem, venenatis ac sodales eu, placerat in sapien. Vestibulum vel mollis nisl. Quisque eu aliquet orci, posuere fringilla erat. Vivamus tempus enim ut risus sollicitudin, quis volutpat dui mollis. Duis hendrerit felis diam, ac rhoncus felis sollicitudin ac. Donec vel aliquam ipsum. Integer at nisi ullamcorper, rhoncus neque ac, mattis massa.", "type": "text", "style": "", "detail": 0, "format": 0, "version": 1}], "direction": null, "textStyle": "", "textFormat": 0}, {"type": "paragraph", "format": "", "indent": 0, "version": 1, "children": [{"mode": "normal", "text": "Fusce a suscipit orci, vitae dictum lorem. Nulla sit amet ante arcu. Aliquam ornare in urna eget varius. Donec facilisis, dui pharetra rutrum eleifend, diam mi consequat leo, sit amet iaculis erat metus ac neque. Pellentesque id nisl sed arcu tincidunt egestas. Ut sit amet lobortis erat. Proin erat dui, luctus sit amet dictum et, hendrerit quis risus. Proin quis elementum magna, in consequat nisi. Aliquam tincidunt gravida cursus. Sed ac lorem a purus pulvinar cursus. Vivamus sem sapien, vehicula quis erat nec, ultricies eleifend felis. Duis a quam pharetra, rutrum lorem vitae, semper ligula. Vestibulum a risus molestie, pharetra ligula id, aliquam arcu.", "type": "text", "style": "", "detail": 0, "format": 0, "version": 1}], "direction": null, "textStyle": "", "textFormat": 0}, {"type": "paragraph", "format": "", "indent": 0, "version": 1, "children": [{"mode": "normal", "text": "Fusce pellentesque in justo non vestibulum. Donec eu lectus gravida, elementum est quis, malesuada nisl. Aenean ut imperdiet neque. Nunc varius euismod condimentum. Praesent ex purus, volutpat sed facilisis sed, laoreet quis lacus. Vestibulum sed erat auctor neque cursus maximus non in lorem. Integer volutpat quam vel gravida consectetur.", "type": "text", "style": "", "detail": 0, "format": 0, "version": 1}], "direction": null, "textStyle": "", "textFormat": 0}], "direction": null}}	Lorem ipsum dolor sit amet, consectetur adipiscing elitare w	68	Lorem ipsum dolor sit amet, consectetur adipiscing elit. Proin in vestibulum eros. Nunc ullamcorper eu odio et sollicitudin. Proin vitae nisi id le a\n	2025-10-27 00:00:00+01	lorem-ipsum-dolor-sit-amet-consectetur-adipiscing-elit	f	2025-11-25 09:41:37.822+01	2025-10-28 17:46:32.007+01	draft	2025-11-25 09:41:30.679+01	2025-11-25 09:41:37.822+01	f	t
46	7	post 7	\N	{"root": {"type": "root", "format": "", "indent": 0, "version": 1, "children": [{"type": "paragraph", "format": "", "indent": 0, "version": 1, "children": [{"mode": "normal", "text": "Lorem ipsum dolor sit amet, consectetur adipiscing elit. Proin in vestibulum eros. Nunc ullamcorper eu odio et sollicitudin. Proin vitae nisi id lectus egestas posuere eu aliquam mi. Sed tempor sodales arcu, id euismod orci maximus quis. Morbi eu est felis. Cras nec sem volutpat, sodales metus et, feugiat est. Aliquam iaculis consequat nisl ac aliquam. Pellentesque sit amet ipsum dui. Mauris elit nunc, fringilla et leo eget, varius consectetur odio. Donec tortor nisi, auctor non tincidunt sagittis, iaculis pretium augue. Nunc ut pellentesque risus. Aliquam sit amet sodales justo.", "type": "text", "style": "", "detail": 0, "format": 0, "version": 1}], "direction": null, "textStyle": "", "textFormat": 0}, {"type": "paragraph", "format": "", "indent": 0, "version": 1, "children": [{"mode": "normal", "text": "Sed consectetur vel felis ut laoreet. Pellentesque habitant morbi tristique senectus et netus et malesuada fames ac turpis egestas. Sed ut tempus enim. Maecenas quis suscipit tortor. Etiam consequat magna ante, eu dapibus est tincidunt eu. Morbi molestie mauris vitae vestibulum pellentesque. Curabitur vel luctus purus. Vivamus ornare, augue vel laoreet ultrices, nibh lacus faucibus nunc, lacinia commodo nisl turpis sed ex. Vestibulum gravida tortor sed nisl finibus porttitor. Sed lorem ipsum, pharetra et tincidunt a, venenatis at ex. Nunc ac risus et lacus ornare sagittis vitae et velit. Donec luctus auctor quam vel sollicitudin. Maecenas cursus risus tellus, et porta augue vehicula a. Aliquam porta pellentesque ultrices.", "type": "text", "style": "", "detail": 0, "format": 0, "version": 1}], "direction": null, "textStyle": "", "textFormat": 0}, {"type": "paragraph", "format": "", "indent": 0, "version": 1, "children": [{"mode": "normal", "text": "Vivamus felis turpis, blandit ut tellus id, commodo tristique nisi. Donec at eros porttitor, consequat mi at, tempor felis. Donec dignissim tincidunt nibh id rutrum. Phasellus et massa condimentum velit dapibus facilisis. Phasellus in mauris erat. Morbi at suscipit enim. Vestibulum fermentum ligula id erat ultricies iaculis. Pellentesque nec nisi sapien. Etiam volutpat a magna sit amet volutpat. Duis metus lorem, venenatis ac sodales eu, placerat in sapien. Vestibulum vel mollis nisl. Quisque eu aliquet orci, posuere fringilla erat. Vivamus tempus enim ut risus sollicitudin, quis volutpat dui mollis. Duis hendrerit felis diam, ac rhoncus felis sollicitudin ac. Donec vel aliquam ipsum. Integer at nisi ullamcorper, rhoncus neque ac, mattis massa.", "type": "text", "style": "", "detail": 0, "format": 0, "version": 1}], "direction": null, "textStyle": "", "textFormat": 0}, {"type": "paragraph", "format": "", "indent": 0, "version": 1, "children": [{"mode": "normal", "text": "Fusce a suscipit orci, vitae dictum lorem. Nulla sit amet ante arcu. Aliquam ornare in urna eget varius. Donec facilisis, dui pharetra rutrum eleifend, diam mi consequat leo, sit amet iaculis erat metus ac neque. Pellentesque id nisl sed arcu tincidunt egestas. Ut sit amet lobortis erat. Proin erat dui, luctus sit amet dictum et, hendrerit quis risus. Proin quis elementum magna, in consequat nisi. Aliquam tincidunt gravida cursus. Sed ac lorem a purus pulvinar cursus. Vivamus sem sapien, vehicula quis erat nec, ultricies eleifend felis. Duis a quam pharetra, rutrum lorem vitae, semper ligula. Vestibulum a risus molestie, pharetra ligula id, aliquam arcu.", "type": "text", "style": "", "detail": 0, "format": 0, "version": 1}], "direction": null, "textStyle": "", "textFormat": 0}, {"type": "paragraph", "format": "", "indent": 0, "version": 1, "children": [{"mode": "normal", "text": "Fusce pellentesque in justo non vestibulum. Donec eu lectus gravida, elementum est quis, malesuada nisl. Aenean ut imperdiet neque. Nunc varius euismod condimentum. Praesent ex purus, volutpat sed facilisis sed, laoreet quis lacus. Vestibulum sed erat auctor neque cursus maximus non in lorem. Integer volutpat quam vel gravida consectetur.", "type": "text", "style": "", "detail": 0, "format": 0, "version": 1}], "direction": null, "textStyle": "", "textFormat": 0}], "direction": null}}	post 4 | Payload Website Template	\N	Lorem ipsum dolor sit amet, consectetur adipiscing elit. Proin in vestibulum eros. Nunc ullamcorper eu odio et sollicitudin. Proin vitae nisi id le\n	2025-10-27 00:00:00+01	post-7	f	2025-10-27 20:19:22.238+01	2025-10-27 20:19:14.986+01	draft	2025-10-27 20:19:18.613+01	2025-10-27 20:19:22.238+01	f	t
64	10	Lorem ipsum dolor sit amet, consectetur adipiscing elit	\N	{"root": {"type": "root", "format": "", "indent": 0, "version": 1, "children": [{"type": "paragraph", "format": "", "indent": 0, "version": 1, "children": [{"mode": "normal", "text": "Lorem ipsum dolor sit amet, consectetur adipiscing elit. Proin in vestibulum eros. Nunc ullamcorper eu odio et sollicitudin. Proin vitae nisi id lectus egestas posuere eu aliquam mi. Sed tempor sodales arcu, id euismod orci maximus quis. Morbi eu est felis. Cras nec sem volutpat, sodales metus et, feugiat est. Aliquam iaculis consequat nisl ac aliquam. Pellentesque sit amet ipsum dui. Mauris elit nunc, fringilla et leo eget, varius consectetur odio. Donec tortor nisi, auctor non tincidunt sagittis, iaculis pretium augue. Nunc ut pellentesque risus. Aliquam sit amet sodales justo.", "type": "text", "style": "", "detail": 0, "format": 0, "version": 1}], "direction": null, "textStyle": "", "textFormat": 0}, {"type": "paragraph", "format": "", "indent": 0, "version": 1, "children": [{"mode": "normal", "text": "Sed consectetur vel felis ut laoreet. Pellentesque habitant morbi tristique senectus et netus et malesuada fames ac turpis egestas. Sed ut tempus enim. Maecenas quis suscipit tortor. Etiam consequat magna ante, eu dapibus est tincidunt eu. Morbi molestie mauris vitae vestibulum pellentesque. Curabitur vel luctus purus. Vivamus ornare, augue vel laoreet ultrices, nibh lacus faucibus nunc, lacinia commodo nisl turpis sed ex. Vestibulum gravida tortor sed nisl finibus porttitor. Sed lorem ipsum, pharetra et tincidunt a, venenatis at ex. Nunc ac risus et lacus ornare sagittis vitae et velit. Donec luctus auctor quam vel sollicitudin. Maecenas cursus risus tellus, et porta augue vehicula a. Aliquam porta pellentesque ultrices.", "type": "text", "style": "", "detail": 0, "format": 0, "version": 1}], "direction": null, "textStyle": "", "textFormat": 0}, {"type": "paragraph", "format": "", "indent": 0, "version": 1, "children": [{"mode": "normal", "text": "Vivamus felis turpis, blandit ut tellus id, commodo tristique nisi. Donec at eros porttitor, consequat mi at, tempor felis. Donec dignissim tincidunt nibh id rutrum. Phasellus et massa condimentum velit dapibus facilisis. Phasellus in mauris erat. Morbi at suscipit enim. Vestibulum fermentum ligula id erat ultricies iaculis. Pellentesque nec nisi sapien. Etiam volutpat a magna sit amet volutpat. Duis metus lorem, venenatis ac sodales eu, placerat in sapien. Vestibulum vel mollis nisl. Quisque eu aliquet orci, posuere fringilla erat. Vivamus tempus enim ut risus sollicitudin, quis volutpat dui mollis. Duis hendrerit felis diam, ac rhoncus felis sollicitudin ac. Donec vel aliquam ipsum. Integer at nisi ullamcorper, rhoncus neque ac, mattis massa.", "type": "text", "style": "", "detail": 0, "format": 0, "version": 1}], "direction": null, "textStyle": "", "textFormat": 0}, {"type": "paragraph", "format": "", "indent": 0, "version": 1, "children": [{"mode": "normal", "text": "Fusce a suscipit orci, vitae dictum lorem. Nulla sit amet ante arcu. Aliquam ornare in urna eget varius. Donec facilisis, dui pharetra rutrum eleifend, diam mi consequat leo, sit amet iaculis erat metus ac neque. Pellentesque id nisl sed arcu tincidunt egestas. Ut sit amet lobortis erat. Proin erat dui, luctus sit amet dictum et, hendrerit quis risus. Proin quis elementum magna, in consequat nisi. Aliquam tincidunt gravida cursus. Sed ac lorem a purus pulvinar cursus. Vivamus sem sapien, vehicula quis erat nec, ultricies eleifend felis. Duis a quam pharetra, rutrum lorem vitae, semper ligula. Vestibulum a risus molestie, pharetra ligula id, aliquam arcu.", "type": "text", "style": "", "detail": 0, "format": 0, "version": 1}], "direction": null, "textStyle": "", "textFormat": 0}, {"type": "paragraph", "format": "", "indent": 0, "version": 1, "children": [{"mode": "normal", "text": "Fusce pellentesque in justo non vestibulum. Donec eu lectus gravida, elementum est quis, malesuada nisl. Aenean ut imperdiet neque. Nunc varius euismod condimentum. Praesent ex purus, volutpat sed facilisis sed, laoreet quis lacus. Vestibulum sed erat auctor neque cursus maximus non in lorem. Integer volutpat quam vel gravida consectetur.", "type": "text", "style": "", "detail": 0, "format": 0, "version": 1}], "direction": null, "textStyle": "", "textFormat": 0}], "direction": null}}	Lorem ipsum dolor sit amet, consectetur adipiscing elitare w	\N	Lorem ipsum dolor sit amet, consectetur adipiscing elit. Proin in vestibulum eros. Nunc ullamcorper eu odio et sollicitudin. Proin vitae nisi id le a\n	2025-10-27 00:00:00+01	lorem-ipsum-dolor-sit-amet-consectetur-adipiscing-elit	f	2025-10-29 19:10:15.803+01	2025-10-28 17:46:32.007+01	published	2025-10-29 19:10:15.808+01	2025-10-29 19:10:15.808+01	f	f
63	10	Lorem ipsum dolor sit amet, consectetur adipiscing elit	\N	{"root": {"type": "root", "format": "", "indent": 0, "version": 1, "children": [{"type": "paragraph", "format": "", "indent": 0, "version": 1, "children": [{"mode": "normal", "text": "Lorem ipsum dolor sit amet, consectetur adipiscing elit. Proin in vestibulum eros. Nunc ullamcorper eu odio et sollicitudin. Proin vitae nisi id lectus egestas posuere eu aliquam mi. Sed tempor sodales arcu, id euismod orci maximus quis. Morbi eu est felis. Cras nec sem volutpat, sodales metus et, feugiat est. Aliquam iaculis consequat nisl ac aliquam. Pellentesque sit amet ipsum dui. Mauris elit nunc, fringilla et leo eget, varius consectetur odio. Donec tortor nisi, auctor non tincidunt sagittis, iaculis pretium augue. Nunc ut pellentesque risus. Aliquam sit amet sodales justo.", "type": "text", "style": "", "detail": 0, "format": 0, "version": 1}], "direction": null, "textStyle": "", "textFormat": 0}, {"type": "paragraph", "format": "", "indent": 0, "version": 1, "children": [{"mode": "normal", "text": "Sed consectetur vel felis ut laoreet. Pellentesque habitant morbi tristique senectus et netus et malesuada fames ac turpis egestas. Sed ut tempus enim. Maecenas quis suscipit tortor. Etiam consequat magna ante, eu dapibus est tincidunt eu. Morbi molestie mauris vitae vestibulum pellentesque. Curabitur vel luctus purus. Vivamus ornare, augue vel laoreet ultrices, nibh lacus faucibus nunc, lacinia commodo nisl turpis sed ex. Vestibulum gravida tortor sed nisl finibus porttitor. Sed lorem ipsum, pharetra et tincidunt a, venenatis at ex. Nunc ac risus et lacus ornare sagittis vitae et velit. Donec luctus auctor quam vel sollicitudin. Maecenas cursus risus tellus, et porta augue vehicula a. Aliquam porta pellentesque ultrices.", "type": "text", "style": "", "detail": 0, "format": 0, "version": 1}], "direction": null, "textStyle": "", "textFormat": 0}, {"type": "paragraph", "format": "", "indent": 0, "version": 1, "children": [{"mode": "normal", "text": "Vivamus felis turpis, blandit ut tellus id, commodo tristique nisi. Donec at eros porttitor, consequat mi at, tempor felis. Donec dignissim tincidunt nibh id rutrum. Phasellus et massa condimentum velit dapibus facilisis. Phasellus in mauris erat. Morbi at suscipit enim. Vestibulum fermentum ligula id erat ultricies iaculis. Pellentesque nec nisi sapien. Etiam volutpat a magna sit amet volutpat. Duis metus lorem, venenatis ac sodales eu, placerat in sapien. Vestibulum vel mollis nisl. Quisque eu aliquet orci, posuere fringilla erat. Vivamus tempus enim ut risus sollicitudin, quis volutpat dui mollis. Duis hendrerit felis diam, ac rhoncus felis sollicitudin ac. Donec vel aliquam ipsum. Integer at nisi ullamcorper, rhoncus neque ac, mattis massa.", "type": "text", "style": "", "detail": 0, "format": 0, "version": 1}], "direction": null, "textStyle": "", "textFormat": 0}, {"type": "paragraph", "format": "", "indent": 0, "version": 1, "children": [{"mode": "normal", "text": "Fusce a suscipit orci, vitae dictum lorem. Nulla sit amet ante arcu. Aliquam ornare in urna eget varius. Donec facilisis, dui pharetra rutrum eleifend, diam mi consequat leo, sit amet iaculis erat metus ac neque. Pellentesque id nisl sed arcu tincidunt egestas. Ut sit amet lobortis erat. Proin erat dui, luctus sit amet dictum et, hendrerit quis risus. Proin quis elementum magna, in consequat nisi. Aliquam tincidunt gravida cursus. Sed ac lorem a purus pulvinar cursus. Vivamus sem sapien, vehicula quis erat nec, ultricies eleifend felis. Duis a quam pharetra, rutrum lorem vitae, semper ligula. Vestibulum a risus molestie, pharetra ligula id, aliquam arcu.", "type": "text", "style": "", "detail": 0, "format": 0, "version": 1}], "direction": null, "textStyle": "", "textFormat": 0}, {"type": "paragraph", "format": "", "indent": 0, "version": 1, "children": [{"mode": "normal", "text": "Fusce pellentesque in justo non vestibulum. Donec eu lectus gravida, elementum est quis, malesuada nisl. Aenean ut imperdiet neque. Nunc varius euismod condimentum. Praesent ex purus, volutpat sed facilisis sed, laoreet quis lacus. Vestibulum sed erat auctor neque cursus maximus non in lorem. Integer volutpat quam vel gravida consectetur.", "type": "text", "style": "", "detail": 0, "format": 0, "version": 1}], "direction": null, "textStyle": "", "textFormat": 0}], "direction": null}}	Lorem ipsum dolor sit amet, consectetur adipiscing elitare w	\N	Lorem ipsum dolor sit amet, consectetur adipiscing elit. Proin in vestibulum eros. Nunc ullamcorper eu odio et sollicitudin. Proin vitae nisi id le a\n	2025-10-27 00:00:00+01	lorem-ipsum-dolor-sit-amet-consectetur-adipiscing-elit	f	2025-10-29 19:10:13.157+01	2025-10-28 17:46:32.007+01	draft	2025-10-29 19:10:11.447+01	2025-10-29 19:10:13.157+01	f	t
8	1	post01	\N	{"root": {"type": "root", "format": "", "indent": 0, "version": 1, "children": [{"type": "paragraph", "format": "", "indent": 0, "version": 1, "children": [{"mode": "normal", "text": "Lorem ipsum dolor sit amet, consectetur adipiscing elit. Maecenas egestas erat risus, ac semper justo molestie vel. Aliquam erat volutpat. Phasellus imperdiet metus erat, id maximus diam placerat eu. Nam luctus lorem eget mauris tempus egestas. Aliquam tempus varius urna, quis finibus odio luctus a. Integer dictum finibus ex nec placerat. Phasellus risus est, consequat vitae tortor vel, accumsan commodo sapien. Ut convallis nunc et metus interdum, in luctus enim molestie. Fusce aliquet elit sed est imperdiet, vel elementum enim varius. Sed quis blandit arcu, lacinia molestie ante. Proin ac turpis urna. Pellentesque in tristique erat. Sed vitae congue sapien. Curabitur consectetur felis lectus. Etiam eu ligula id arcu feugiat eleifend.", "type": "text", "style": "", "detail": 0, "format": 0, "version": 1}], "direction": null, "textStyle": "", "textFormat": 0}, {"type": "paragraph", "format": "", "indent": 0, "version": 1, "children": [{"mode": "normal", "text": "Aliquam in lorem sed sapien bibendum feugiat eu ut turpis. Class aptent taciti sociosqu ad litora torquent per conubia nostra, per inceptos himenaeos. Morbi ante nisi, ultricies et condimentum vel, eleifend ac quam. Proin dui risus, efficitur eu massa eget, sollicitudin efficitur purus. Nulla egestas viverra dolor at tristique. Maecenas augue mi, imperdiet eget mattis in, aliquam eu sem. Ut libero diam, viverra quis lectus sed, congue iaculis ex. Ut semper ultricies posuere. Donec malesuada, leo ut semper rhoncus, tortor est pharetra turpis, in ultrices ante urna vehicula turpis. Donec eget varius velit, in volutpat neque. Morbi augue arcu, posuere non ullamcorper at, laoreet eu mauris. Suspendisse potenti. Pellentesque interdum leo ac sem convallis facilisis. Donec nec eros sit amet arcu ultrices mollis id et nisl.", "type": "text", "style": "", "detail": 0, "format": 0, "version": 1}], "direction": null, "textStyle": "", "textFormat": 0}, {"type": "paragraph", "format": "", "indent": 0, "version": 1, "children": [{"mode": "normal", "text": "Sed faucibus tellus sed orci porta tincidunt. Integer laoreet, turpis nec lobortis ultricies, ante risus volutpat odio, ut malesuada eros metus nec lorem. Ut eu mauris sed turpis accumsan scelerisque quis non lectus. Fusce et quam orci. Nam tempus felis eu turpis bibendum, non maximus nibh scelerisque. Donec id congue nisi. Fusce nulla dui, cursus consequat aliquet non, blandit et turpis. Proin ac laoreet urna. Donec id mi in felis elementum euismod in quis augue. Integer eget eleifend est.", "type": "text", "style": "", "detail": 0, "format": 0, "version": 1}], "direction": null, "textStyle": "", "textFormat": 0}, {"type": "paragraph", "format": "", "indent": 0, "version": 1, "children": [{"mode": "normal", "text": "Phasellus mollis cursus tortor, in dignissim felis vulputate quis. Nulla interdum nulla imperdiet, pulvinar mauris eget, sagittis mauris. Donec aliquam semper tellus quis condimentum. Vivamus sit amet nisl sit amet lectus ullamcorper faucibus. Vestibulum ante ipsum primis in faucibus orci luctus et ultrices posuere cubilia curae; Nullam mollis, libero finibus blandit luctus, nisl ante convallis risus, a aliquam sapien neque et risus. Praesent mollis porta laoreet. Duis lacus tortor, malesuada vitae metus non, efficitur viverra dolor. Phasellus rhoncus felis turpis, sed malesuada tellus malesuada in. Praesent fermentum sodales lacus eget lacinia. Sed convallis non purus id iaculis. Donec in malesuada enim. Cras vitae odio odio. Donec non nisi risus.", "type": "text", "style": "", "detail": 0, "format": 0, "version": 1}], "direction": null, "textStyle": "", "textFormat": 0}, {"type": "paragraph", "format": "", "indent": 0, "version": 1, "children": [{"mode": "normal", "text": "Etiam ac est lorem. Nullam fringilla vitae orci sed suscipit. Sed fermentum, nunc quis ultricies molestie, odio lectus suscipit enim, et venenatis dui tortor eget dolor. Suspendisse tempus tempor lacus sed tristique. Pellentesque habitant morbi tristique senectus et netus et malesuada fames ac turpis egestas. Integer sodales metus in neque pellentesque, eget rutrum lectus accumsan. Quisque at blandit mauris. Aliquam commodo volutpat tempus.", "type": "text", "style": "", "detail": 0, "format": 0, "version": 1}], "direction": null, "textStyle": "", "textFormat": 0}, {"type": "paragraph", "format": "", "indent": 0, "version": 1, "children": [], "direction": null, "textStyle": "", "textFormat": 0}], "direction": null}}	\N	\N	\N	2025-10-24 18:06:54.442+02	post01	f	2025-10-24 19:00:58.529+02	2025-10-24 13:53:45.978+02	draft	2025-10-24 19:00:56.687+02	2025-10-24 19:00:58.529+02	f	t
5	1	post01	\N	{"root": {"type": "root", "format": "", "indent": 0, "version": 1, "children": [{"type": "paragraph", "format": "", "indent": 0, "version": 1, "children": [{"mode": "normal", "text": "posts ", "type": "text", "style": "", "detail": 0, "format": 0, "version": 1}], "direction": null, "textStyle": "", "textFormat": 0}], "direction": null}}	\N	\N	\N	2025-10-24 18:06:54.442+02	post01	f	2025-10-24 18:07:02.503+02	2025-10-24 13:53:45.978+02	published	2025-10-24 18:07:02.505+02	2025-10-24 18:07:02.505+02	f	f
10	1	post01	\N	{"root": {"type": "root", "format": "", "indent": 0, "version": 1, "children": [{"type": "paragraph", "format": "", "indent": 0, "version": 1, "children": [{"mode": "normal", "text": "Lorem ipsum dolor sit amet, consectetur adipiscing elit. Maecenas egestas erat risus, ac semper justo molestie vel. Aliquam erat volutpat. Phasellus imperdiet metus erat, id maximus diam placerat eu. Nam luctus lorem eget mauris tempus egestas. Aliquam tempus varius urna, quis finibus odio luctus a. Integer dictum finibus ex nec placerat. Phasellus risus est, consequat vitae tortor vel, accumsan commodo sapien. Ut convallis nunc et metus interdum, in luctus enim molestie. Fusce aliquet elit sed est imperdiet, vel elementum enim varius. Sed quis blandit arcu, lacinia molestie ante. Proin ac turpis urna. Pellentesque in tristique erat. Sed vitae congue sapien. Curabitur consectetur felis lectus. Etiam eu ligula id arcu feugiat eleifend.", "type": "text", "style": "", "detail": 0, "format": 0, "version": 1}], "direction": null, "textStyle": "", "textFormat": 0}, {"type": "paragraph", "format": "", "indent": 0, "version": 1, "children": [{"mode": "normal", "text": "Aliquam in lorem sed sapien bibendum feugiat eu ut turpis. Class aptent taciti sociosqu ad litora torquent per conubia nostra, per inceptos himenaeos. Morbi ante nisi, ultricies et condimentum vel, eleifend ac quam. Proin dui risus, efficitur eu massa eget, sollicitudin efficitur purus. Nulla egestas viverra dolor at tristique. Maecenas augue mi, imperdiet eget mattis in, aliquam eu sem. Ut libero diam, viverra quis lectus sed, congue iaculis ex. Ut semper ultricies posuere. Donec malesuada, leo ut semper rhoncus, tortor est pharetra turpis, in ultrices ante urna vehicula turpis. Donec eget varius velit, in volutpat neque. Morbi augue arcu, posuere non ullamcorper at, laoreet eu mauris. Suspendisse potenti. Pellentesque interdum leo ac sem convallis facilisis. Donec nec eros sit amet arcu ultrices mollis id et nisl.", "type": "text", "style": "", "detail": 0, "format": 0, "version": 1}], "direction": null, "textStyle": "", "textFormat": 0}, {"type": "paragraph", "format": "", "indent": 0, "version": 1, "children": [{"mode": "normal", "text": "Sed faucibus tellus sed orci porta tincidunt. Integer laoreet, turpis nec lobortis ultricies, ante risus volutpat odio, ut malesuada eros metus nec lorem. Ut eu mauris sed turpis accumsan scelerisque quis non lectus. Fusce et quam orci. Nam tempus felis eu turpis bibendum, non maximus nibh scelerisque. Donec id congue nisi. Fusce nulla dui, cursus consequat aliquet non, blandit et turpis. Proin ac laoreet urna. Donec id mi in felis elementum euismod in quis augue. Integer eget eleifend est.", "type": "text", "style": "", "detail": 0, "format": 0, "version": 1}], "direction": null, "textStyle": "", "textFormat": 0}, {"type": "paragraph", "format": "", "indent": 0, "version": 1, "children": [{"mode": "normal", "text": "Phasellus mollis cursus tortor, in dignissim felis vulputate quis. Nulla interdum nulla imperdiet, pulvinar mauris eget, sagittis mauris. Donec aliquam semper tellus quis condimentum. Vivamus sit amet nisl sit amet lectus ullamcorper faucibus. Vestibulum ante ipsum primis in faucibus orci luctus et ultrices posuere cubilia curae; Nullam mollis, libero finibus blandit luctus, nisl ante convallis risus, a aliquam sapien neque et risus. Praesent mollis porta laoreet. Duis lacus tortor, malesuada vitae metus non, efficitur viverra dolor. Phasellus rhoncus felis turpis, sed malesuada tellus malesuada in. Praesent fermentum sodales lacus eget lacinia. Sed convallis non purus id iaculis. Donec in malesuada enim. Cras vitae odio odio. Donec non nisi risus.", "type": "text", "style": "", "detail": 0, "format": 0, "version": 1}], "direction": null, "textStyle": "", "textFormat": 0}, {"type": "paragraph", "format": "", "indent": 0, "version": 1, "children": [{"mode": "normal", "text": "Etiam ac est lorem. Nullam fringilla vitae orci sed suscipit. Sed fermentum, nunc quis ultricies molestie, odio lectus suscipit enim, et venenatis dui tortor eget dolor. Suspendisse tempus tempor lacus sed tristique. Pellentesque habitant morbi tristique senectus et netus et malesuada fames ac turpis egestas. Integer sodales metus in neque pellentesque, eget rutrum lectus accumsan. Quisque at blandit mauris. Aliquam commodo volutpat tempus.", "type": "text", "style": "", "detail": 0, "format": 0, "version": 1}], "direction": null, "textStyle": "", "textFormat": 0}, {"type": "paragraph", "format": "", "indent": 0, "version": 1, "children": [], "direction": null, "textStyle": "", "textFormat": 0}], "direction": null}}	\N	\N	\N	2025-10-24 18:06:54.442+02	post01	f	2025-10-24 19:01:22.916+02	2025-10-24 13:53:45.978+02	draft	2025-10-24 19:01:22.916+02	2025-10-24 19:01:22.916+02	f	t
3	1	post01	\N	{"root": {"type": "root", "format": "", "indent": 0, "version": 1, "children": [{"type": "paragraph", "format": "", "indent": 0, "version": 1, "children": [{"mode": "normal", "text": "posts ", "type": "text", "style": "", "detail": 0, "format": 0, "version": 1}], "direction": null, "textStyle": "", "textFormat": 0}], "direction": null}}	\N	\N	\N	2025-10-24 18:06:54.442+02	\N	t	2025-10-24 18:06:54.444+02	2025-10-24 13:53:45.978+02	published	2025-10-24 18:06:54.448+02	2025-10-24 18:06:54.448+02	f	f
22	1	post01	\N	{"root": {"type": "root", "format": "", "indent": 0, "version": 1, "children": [{"type": "paragraph", "format": "", "indent": 0, "version": 1, "children": [{"mode": "normal", "text": "Lorem ipsum dolor sit amet, consectetur adipiscing elit. Maecenas egestas erat risus, ac semper justo molestie vel. Aliquam erat volutpat. Phasellus imperdiet metus erat, id maximus diam placerat eu. Nam luctus lorem eget mauris tempus egestas. Aliquam tempus varius urna, quis finibus odio luctus a. Integer dictum finibus ex nec placerat. Phasellus risus est, consequat vitae tortor vel, accumsan commodo sapien. Ut convallis nunc et metus interdum, in luctus enim molestie. Fusce aliquet elit sed est imperdiet, vel elementum enim varius. Sed quis blandit arcu, lacinia molestie ante. Proin ac turpis urna. Pellentesque in tristique erat. Sed vitae congue sapien. Curabitur consectetur felis lectus. Etiam eu ligula id arcu feugiat eleifend.", "type": "text", "style": "", "detail": 0, "format": 0, "version": 1}], "direction": null, "textStyle": "", "textFormat": 0}, {"type": "paragraph", "format": "", "indent": 0, "version": 1, "children": [{"mode": "normal", "text": "Aliquam in lorem sed sapien bibendum feugiat eu ut turpis. Class aptent taciti sociosqu ad litora torquent per conubia nostra, per inceptos himenaeos. Morbi ante nisi, ultricies et condimentum vel, eleifend ac quam. Proin dui risus, efficitur eu massa eget, sollicitudin efficitur purus. Nulla egestas viverra dolor at tristique. Maecenas augue mi, imperdiet eget mattis in, aliquam eu sem. Ut libero diam, viverra quis lectus sed, congue iaculis ex. Ut semper ultricies posuere. Donec malesuada, leo ut semper rhoncus, tortor est pharetra turpis, in ultrices ante urna vehicula turpis. Donec eget varius velit, in volutpat neque. Morbi augue arcu, posuere non ullamcorper at, laoreet eu mauris. Suspendisse potenti. Pellentesque interdum leo ac sem convallis facilisis. Donec nec eros sit amet arcu ultrices mollis id et nisl.", "type": "text", "style": "", "detail": 0, "format": 0, "version": 1}], "direction": null, "textStyle": "", "textFormat": 0}, {"type": "paragraph", "format": "", "indent": 0, "version": 1, "children": [{"mode": "normal", "text": "Sed faucibus tellus sed orci porta tincidunt. Integer laoreet, turpis nec lobortis ultricies, ante risus volutpat odio, ut malesuada eros metus nec lorem. Ut eu mauris sed turpis accumsan scelerisque quis non lectus. Fusce et quam orci. Nam tempus felis eu turpis bibendum, non maximus nibh scelerisque. Donec id congue nisi. Fusce nulla dui, cursus consequat aliquet non, blandit et turpis. Proin ac laoreet urna. Donec id mi in felis elementum euismod in quis augue. Integer eget eleifend est.", "type": "text", "style": "", "detail": 0, "format": 0, "version": 1}], "direction": null, "textStyle": "", "textFormat": 0}, {"type": "paragraph", "format": "", "indent": 0, "version": 1, "children": [{"mode": "normal", "text": "Phasellus mollis cursus tortor, in dignissim felis vulputate quis. Nulla interdum nulla imperdiet, pulvinar mauris eget, sagittis mauris. Donec aliquam semper tellus quis condimentum. Vivamus sit amet nisl sit amet lectus ullamcorper faucibus. Vestibulum ante ipsum primis in faucibus orci luctus et ultrices posuere cubilia curae; Nullam mollis, libero finibus blandit luctus, nisl ante convallis risus, a aliquam sapien neque et risus. Praesent mollis porta laoreet. Duis lacus tortor, malesuada vitae metus non, efficitur viverra dolor. Phasellus rhoncus felis turpis, sed malesuada tellus malesuada in. Praesent fermentum sodales lacus eget lacinia. Sed convallis non purus id iaculis. Donec in malesuada enim. Cras vitae odio odio. Donec non nisi risus.", "type": "text", "style": "", "detail": 0, "format": 0, "version": 1}], "direction": null, "textStyle": "", "textFormat": 0}, {"type": "paragraph", "format": "", "indent": 0, "version": 1, "children": [{"mode": "normal", "text": "Etiam ac est lorem. Nullam fringilla vitae orci sed suscipit. Sed fermentum, nunc quis ultricies molestie, odio lectus suscipit enim, et venenatis dui tortor eget dolor. Suspendisse tempus tempor lacus sed tristique. Pellentesque habitant morbi tristique senectus et netus et malesuada fames ac turpis egestas. Integer sodales metus in neque pellentesque, eget rutrum lectus accumsan. Quisque at blandit mauris. Aliquam commodo volutpat tempus.", "type": "text", "style": "", "detail": 0, "format": 0, "version": 1}], "direction": null, "textStyle": "", "textFormat": 0}, {"type": "paragraph", "format": "", "indent": 0, "version": 1, "children": [], "direction": null, "textStyle": "", "textFormat": 0}], "direction": null}}	post01 | Payload Website Template	\N	Lorem ipsum dolor sit amet, consectetur adipiscing el sskkj iosjijijsi ijsijijs isjijisjij sijisjsijis isjiijis isji isji	2025-10-24 18:06:54.442+02	post01	f	2025-10-24 20:05:28.729+02	2025-10-24 13:53:45.978+02	published	2025-10-24 20:05:28.732+02	2025-10-24 20:05:28.732+02	f	f
21	1	post01	\N	{"root": {"type": "root", "format": "", "indent": 0, "version": 1, "children": [{"type": "paragraph", "format": "", "indent": 0, "version": 1, "children": [{"mode": "normal", "text": "Lorem ipsum dolor sit amet, consectetur adipiscing elit. Maecenas egestas erat risus, ac semper justo molestie vel. Aliquam erat volutpat. Phasellus imperdiet metus erat, id maximus diam placerat eu. Nam luctus lorem eget mauris tempus egestas. Aliquam tempus varius urna, quis finibus odio luctus a. Integer dictum finibus ex nec placerat. Phasellus risus est, consequat vitae tortor vel, accumsan commodo sapien. Ut convallis nunc et metus interdum, in luctus enim molestie. Fusce aliquet elit sed est imperdiet, vel elementum enim varius. Sed quis blandit arcu, lacinia molestie ante. Proin ac turpis urna. Pellentesque in tristique erat. Sed vitae congue sapien. Curabitur consectetur felis lectus. Etiam eu ligula id arcu feugiat eleifend.", "type": "text", "style": "", "detail": 0, "format": 0, "version": 1}], "direction": null, "textStyle": "", "textFormat": 0}, {"type": "paragraph", "format": "", "indent": 0, "version": 1, "children": [{"mode": "normal", "text": "Aliquam in lorem sed sapien bibendum feugiat eu ut turpis. Class aptent taciti sociosqu ad litora torquent per conubia nostra, per inceptos himenaeos. Morbi ante nisi, ultricies et condimentum vel, eleifend ac quam. Proin dui risus, efficitur eu massa eget, sollicitudin efficitur purus. Nulla egestas viverra dolor at tristique. Maecenas augue mi, imperdiet eget mattis in, aliquam eu sem. Ut libero diam, viverra quis lectus sed, congue iaculis ex. Ut semper ultricies posuere. Donec malesuada, leo ut semper rhoncus, tortor est pharetra turpis, in ultrices ante urna vehicula turpis. Donec eget varius velit, in volutpat neque. Morbi augue arcu, posuere non ullamcorper at, laoreet eu mauris. Suspendisse potenti. Pellentesque interdum leo ac sem convallis facilisis. Donec nec eros sit amet arcu ultrices mollis id et nisl.", "type": "text", "style": "", "detail": 0, "format": 0, "version": 1}], "direction": null, "textStyle": "", "textFormat": 0}, {"type": "paragraph", "format": "", "indent": 0, "version": 1, "children": [{"mode": "normal", "text": "Sed faucibus tellus sed orci porta tincidunt. Integer laoreet, turpis nec lobortis ultricies, ante risus volutpat odio, ut malesuada eros metus nec lorem. Ut eu mauris sed turpis accumsan scelerisque quis non lectus. Fusce et quam orci. Nam tempus felis eu turpis bibendum, non maximus nibh scelerisque. Donec id congue nisi. Fusce nulla dui, cursus consequat aliquet non, blandit et turpis. Proin ac laoreet urna. Donec id mi in felis elementum euismod in quis augue. Integer eget eleifend est.", "type": "text", "style": "", "detail": 0, "format": 0, "version": 1}], "direction": null, "textStyle": "", "textFormat": 0}, {"type": "paragraph", "format": "", "indent": 0, "version": 1, "children": [{"mode": "normal", "text": "Phasellus mollis cursus tortor, in dignissim felis vulputate quis. Nulla interdum nulla imperdiet, pulvinar mauris eget, sagittis mauris. Donec aliquam semper tellus quis condimentum. Vivamus sit amet nisl sit amet lectus ullamcorper faucibus. Vestibulum ante ipsum primis in faucibus orci luctus et ultrices posuere cubilia curae; Nullam mollis, libero finibus blandit luctus, nisl ante convallis risus, a aliquam sapien neque et risus. Praesent mollis porta laoreet. Duis lacus tortor, malesuada vitae metus non, efficitur viverra dolor. Phasellus rhoncus felis turpis, sed malesuada tellus malesuada in. Praesent fermentum sodales lacus eget lacinia. Sed convallis non purus id iaculis. Donec in malesuada enim. Cras vitae odio odio. Donec non nisi risus.", "type": "text", "style": "", "detail": 0, "format": 0, "version": 1}], "direction": null, "textStyle": "", "textFormat": 0}, {"type": "paragraph", "format": "", "indent": 0, "version": 1, "children": [{"mode": "normal", "text": "Etiam ac est lorem. Nullam fringilla vitae orci sed suscipit. Sed fermentum, nunc quis ultricies molestie, odio lectus suscipit enim, et venenatis dui tortor eget dolor. Suspendisse tempus tempor lacus sed tristique. Pellentesque habitant morbi tristique senectus et netus et malesuada fames ac turpis egestas. Integer sodales metus in neque pellentesque, eget rutrum lectus accumsan. Quisque at blandit mauris. Aliquam commodo volutpat tempus.", "type": "text", "style": "", "detail": 0, "format": 0, "version": 1}], "direction": null, "textStyle": "", "textFormat": 0}, {"type": "paragraph", "format": "", "indent": 0, "version": 1, "children": [], "direction": null, "textStyle": "", "textFormat": 0}], "direction": null}}	post01 | Payload Website Template	\N	Lorem ipsum dolor sit amet, consectetur adipiscing el sskkj iosjijijsi ijsijijs isjijisjij sijisjsijis isjiijis isji isji	2025-10-24 18:06:54.442+02	post01	f	2025-10-24 20:05:26.414+02	2025-10-24 13:53:45.978+02	draft	2025-10-24 20:05:01.471+02	2025-10-24 20:05:26.414+02	f	t
30	1	post01	\N	{"root": {"type": "root", "format": "", "indent": 0, "version": 1, "children": [{"type": "paragraph", "format": "", "indent": 0, "version": 1, "children": [{"mode": "normal", "text": "Lorem ipsum dolor sit amet, consectetur adipiscing elit. Maecenas egestas erat risus, ac semper justo molestie vel. Aliquam erat volutpat. Phasellus imperdiet metus erat, id maximus diam placerat eu. Nam luctus lorem eget mauris tempus egestas. Aliquam tempus varius urna, quis finibus odio luctus a. Integer dictum finibus ex nec placerat. Phasellus risus est, consequat vitae tortor vel, accumsan commodo sapien. Ut convallis nunc et metus interdum, in luctus enim molestie. Fusce aliquet elit sed est imperdiet, vel elementum enim varius. Sed quis blandit arcu, lacinia molestie ante. Proin ac turpis urna. Pellentesque in tristique erat. Sed vitae congue sapien. Curabitur consectetur felis lectus. Etiam eu ligula id arcu feugiat eleifend.", "type": "text", "style": "", "detail": 0, "format": 0, "version": 1}], "direction": null, "textStyle": "", "textFormat": 0}, {"type": "paragraph", "format": "", "indent": 0, "version": 1, "children": [{"mode": "normal", "text": "Aliquam in lorem sed sapien bibendum feugiat eu ut turpis. Class aptent taciti sociosqu ad litora torquent per conubia nostra, per inceptos himenaeos. Morbi ante nisi, ultricies et condimentum vel, eleifend ac quam. Proin dui risus, efficitur eu massa eget, sollicitudin efficitur purus. Nulla egestas viverra dolor at tristique. Maecenas augue mi, imperdiet eget mattis in, aliquam eu sem. Ut libero diam, viverra quis lectus sed, congue iaculis ex. Ut semper ultricies posuere. Donec malesuada, leo ut semper rhoncus, tortor est pharetra turpis, in ultrices ante urna vehicula turpis. Donec eget varius velit, in volutpat neque. Morbi augue arcu, posuere non ullamcorper at, laoreet eu mauris. Suspendisse potenti. Pellentesque interdum leo ac sem convallis facilisis. Donec nec eros sit amet arcu ultrices mollis id et nisl.", "type": "text", "style": "", "detail": 0, "format": 0, "version": 1}], "direction": null, "textStyle": "", "textFormat": 0}, {"type": "paragraph", "format": "", "indent": 0, "version": 1, "children": [{"mode": "normal", "text": "Sed faucibus tellus sed orci porta tincidunt. Integer laoreet, turpis nec lobortis ultricies, ante risus volutpat odio, ut malesuada eros metus nec lorem. Ut eu mauris sed turpis accumsan scelerisque quis non lectus. Fusce et quam orci. Nam tempus felis eu turpis bibendum, non maximus nibh scelerisque. Donec id congue nisi. Fusce nulla dui, cursus consequat aliquet non, blandit et turpis. Proin ac laoreet urna. Donec id mi in felis elementum euismod in quis augue. Integer eget eleifend est.", "type": "text", "style": "", "detail": 0, "format": 0, "version": 1}], "direction": null, "textStyle": "", "textFormat": 0}, {"type": "paragraph", "format": "", "indent": 0, "version": 1, "children": [{"mode": "normal", "text": "Phasellus mollis cursus tortor, in dignissim felis vulputate quis. Nulla interdum nulla imperdiet, pulvinar mauris eget, sagittis mauris. Donec aliquam semper tellus quis condimentum. Vivamus sit amet nisl sit amet lectus ullamcorper faucibus. Vestibulum ante ipsum primis in faucibus orci luctus et ultrices posuere cubilia curae; Nullam mollis, libero finibus blandit luctus, nisl ante convallis risus, a aliquam sapien neque et risus. Praesent mollis porta laoreet. Duis lacus tortor, malesuada vitae metus non, efficitur viverra dolor. Phasellus rhoncus felis turpis, sed malesuada tellus malesuada in. Praesent fermentum sodales lacus eget lacinia. Sed convallis non purus id iaculis. Donec in malesuada enim. Cras vitae odio odio. Donec non nisi risus.", "type": "text", "style": "", "detail": 0, "format": 0, "version": 1}], "direction": null, "textStyle": "", "textFormat": 0}, {"type": "paragraph", "format": "", "indent": 0, "version": 1, "children": [{"mode": "normal", "text": "Etiam ac est lorem. Nullam fringilla vitae orci sed suscipit. Sed fermentum, nunc quis ultricies molestie, odio lectus suscipit enim, et venenatis dui tortor eget dolor. Suspendisse tempus tempor lacus sed tristique. Pellentesque habitant morbi tristique senectus et netus et malesuada fames ac turpis egestas. Integer sodales metus in neque pellentesque, eget rutrum lectus accumsan. Quisque at blandit mauris. Aliquam commodo volutpat tempus.", "type": "text", "style": "", "detail": 0, "format": 0, "version": 1}], "direction": null, "textStyle": "", "textFormat": 0}, {"type": "paragraph", "format": "", "indent": 0, "version": 1, "children": [], "direction": null, "textStyle": "", "textFormat": 0}], "direction": null}}	post01 | Payload Website Template	\N	Lorem ipsum dolor sit amet, consectetur adipiscing el sskkj iosjijijsi ijsijijs isjijisjij sijisjsijis isjiijis isji isji	2025-10-24 18:06:54.442+02	post01	f	2025-10-27 20:06:09.322+01	2025-10-24 13:53:45.978+02	draft	2025-10-27 20:06:09.322+01	2025-10-27 20:06:09.322+01	f	t
54	10	post 9	\N	{"root": {"type": "root", "format": "", "indent": 0, "version": 1, "children": [{"type": "paragraph", "format": "", "indent": 0, "version": 1, "children": [{"mode": "normal", "text": "Lorem ipsum dolor sit amet, consectetur adipiscing elit. Proin in vestibulum eros. Nunc ullamcorper eu odio et sollicitudin. Proin vitae nisi id lectus egestas posuere eu aliquam mi. Sed tempor sodales arcu, id euismod orci maximus quis. Morbi eu est felis. Cras nec sem volutpat, sodales metus et, feugiat est. Aliquam iaculis consequat nisl ac aliquam. Pellentesque sit amet ipsum dui. Mauris elit nunc, fringilla et leo eget, varius consectetur odio. Donec tortor nisi, auctor non tincidunt sagittis, iaculis pretium augue. Nunc ut pellentesque risus. Aliquam sit amet sodales justo.", "type": "text", "style": "", "detail": 0, "format": 0, "version": 1}], "direction": null, "textStyle": "", "textFormat": 0}, {"type": "paragraph", "format": "", "indent": 0, "version": 1, "children": [{"mode": "normal", "text": "Sed consectetur vel felis ut laoreet. Pellentesque habitant morbi tristique senectus et netus et malesuada fames ac turpis egestas. Sed ut tempus enim. Maecenas quis suscipit tortor. Etiam consequat magna ante, eu dapibus est tincidunt eu. Morbi molestie mauris vitae vestibulum pellentesque. Curabitur vel luctus purus. Vivamus ornare, augue vel laoreet ultrices, nibh lacus faucibus nunc, lacinia commodo nisl turpis sed ex. Vestibulum gravida tortor sed nisl finibus porttitor. Sed lorem ipsum, pharetra et tincidunt a, venenatis at ex. Nunc ac risus et lacus ornare sagittis vitae et velit. Donec luctus auctor quam vel sollicitudin. Maecenas cursus risus tellus, et porta augue vehicula a. Aliquam porta pellentesque ultrices.", "type": "text", "style": "", "detail": 0, "format": 0, "version": 1}], "direction": null, "textStyle": "", "textFormat": 0}, {"type": "paragraph", "format": "", "indent": 0, "version": 1, "children": [{"mode": "normal", "text": "Vivamus felis turpis, blandit ut tellus id, commodo tristique nisi. Donec at eros porttitor, consequat mi at, tempor felis. Donec dignissim tincidunt nibh id rutrum. Phasellus et massa condimentum velit dapibus facilisis. Phasellus in mauris erat. Morbi at suscipit enim. Vestibulum fermentum ligula id erat ultricies iaculis. Pellentesque nec nisi sapien. Etiam volutpat a magna sit amet volutpat. Duis metus lorem, venenatis ac sodales eu, placerat in sapien. Vestibulum vel mollis nisl. Quisque eu aliquet orci, posuere fringilla erat. Vivamus tempus enim ut risus sollicitudin, quis volutpat dui mollis. Duis hendrerit felis diam, ac rhoncus felis sollicitudin ac. Donec vel aliquam ipsum. Integer at nisi ullamcorper, rhoncus neque ac, mattis massa.", "type": "text", "style": "", "detail": 0, "format": 0, "version": 1}], "direction": null, "textStyle": "", "textFormat": 0}, {"type": "paragraph", "format": "", "indent": 0, "version": 1, "children": [{"mode": "normal", "text": "Fusce a suscipit orci, vitae dictum lorem. Nulla sit amet ante arcu. Aliquam ornare in urna eget varius. Donec facilisis, dui pharetra rutrum eleifend, diam mi consequat leo, sit amet iaculis erat metus ac neque. Pellentesque id nisl sed arcu tincidunt egestas. Ut sit amet lobortis erat. Proin erat dui, luctus sit amet dictum et, hendrerit quis risus. Proin quis elementum magna, in consequat nisi. Aliquam tincidunt gravida cursus. Sed ac lorem a purus pulvinar cursus. Vivamus sem sapien, vehicula quis erat nec, ultricies eleifend felis. Duis a quam pharetra, rutrum lorem vitae, semper ligula. Vestibulum a risus molestie, pharetra ligula id, aliquam arcu.", "type": "text", "style": "", "detail": 0, "format": 0, "version": 1}], "direction": null, "textStyle": "", "textFormat": 0}, {"type": "paragraph", "format": "", "indent": 0, "version": 1, "children": [{"mode": "normal", "text": "Fusce pellentesque in justo non vestibulum. Donec eu lectus gravida, elementum est quis, malesuada nisl. Aenean ut imperdiet neque. Nunc varius euismod condimentum. Praesent ex purus, volutpat sed facilisis sed, laoreet quis lacus. Vestibulum sed erat auctor neque cursus maximus non in lorem. Integer volutpat quam vel gravida consectetur.", "type": "text", "style": "", "detail": 0, "format": 0, "version": 1}], "direction": null, "textStyle": "", "textFormat": 0}], "direction": null}}	post 4 | Payload Website Template	\N	Lorem ipsum dolor sit amet, consectetur adipiscing elit. Proin in vestibulum eros. Nunc ullamcorper eu odio et sollicitudin. Proin vitae nisi id le\n	2025-10-27 00:00:00+01	post-8	f	2025-10-28 17:46:26.573+01	2025-10-28 17:46:32.007+01	draft	2025-10-28 17:46:32.01+01	2025-10-28 17:46:32.01+01	f	f
36	4	post 4	\N	{"root": {"type": "root", "format": "", "indent": 0, "version": 1, "children": [{"type": "paragraph", "format": "", "indent": 0, "version": 1, "children": [{"mode": "normal", "text": "Lorem ipsum dolor sit amet, consectetur adipiscing elit. Proin in vestibulum eros. Nunc ullamcorper eu odio et sollicitudin. Proin vitae nisi id lectus egestas posuere eu aliquam mi. Sed tempor sodales arcu, id euismod orci maximus quis. Morbi eu est felis. Cras nec sem volutpat, sodales metus et, feugiat est. Aliquam iaculis consequat nisl ac aliquam. Pellentesque sit amet ipsum dui. Mauris elit nunc, fringilla et leo eget, varius consectetur odio. Donec tortor nisi, auctor non tincidunt sagittis, iaculis pretium augue. Nunc ut pellentesque risus. Aliquam sit amet sodales justo.", "type": "text", "style": "", "detail": 0, "format": 0, "version": 1}], "direction": null, "textStyle": "", "textFormat": 0}, {"type": "paragraph", "format": "", "indent": 0, "version": 1, "children": [{"mode": "normal", "text": "Sed consectetur vel felis ut laoreet. Pellentesque habitant morbi tristique senectus et netus et malesuada fames ac turpis egestas. Sed ut tempus enim. Maecenas quis suscipit tortor. Etiam consequat magna ante, eu dapibus est tincidunt eu. Morbi molestie mauris vitae vestibulum pellentesque. Curabitur vel luctus purus. Vivamus ornare, augue vel laoreet ultrices, nibh lacus faucibus nunc, lacinia commodo nisl turpis sed ex. Vestibulum gravida tortor sed nisl finibus porttitor. Sed lorem ipsum, pharetra et tincidunt a, venenatis at ex. Nunc ac risus et lacus ornare sagittis vitae et velit. Donec luctus auctor quam vel sollicitudin. Maecenas cursus risus tellus, et porta augue vehicula a. Aliquam porta pellentesque ultrices.", "type": "text", "style": "", "detail": 0, "format": 0, "version": 1}], "direction": null, "textStyle": "", "textFormat": 0}, {"type": "paragraph", "format": "", "indent": 0, "version": 1, "children": [{"mode": "normal", "text": "Vivamus felis turpis, blandit ut tellus id, commodo tristique nisi. Donec at eros porttitor, consequat mi at, tempor felis. Donec dignissim tincidunt nibh id rutrum. Phasellus et massa condimentum velit dapibus facilisis. Phasellus in mauris erat. Morbi at suscipit enim. Vestibulum fermentum ligula id erat ultricies iaculis. Pellentesque nec nisi sapien. Etiam volutpat a magna sit amet volutpat. Duis metus lorem, venenatis ac sodales eu, placerat in sapien. Vestibulum vel mollis nisl. Quisque eu aliquet orci, posuere fringilla erat. Vivamus tempus enim ut risus sollicitudin, quis volutpat dui mollis. Duis hendrerit felis diam, ac rhoncus felis sollicitudin ac. Donec vel aliquam ipsum. Integer at nisi ullamcorper, rhoncus neque ac, mattis massa.", "type": "text", "style": "", "detail": 0, "format": 0, "version": 1}], "direction": null, "textStyle": "", "textFormat": 0}, {"type": "paragraph", "format": "", "indent": 0, "version": 1, "children": [{"mode": "normal", "text": "Fusce a suscipit orci, vitae dictum lorem. Nulla sit amet ante arcu. Aliquam ornare in urna eget varius. Donec facilisis, dui pharetra rutrum eleifend, diam mi consequat leo, sit amet iaculis erat metus ac neque. Pellentesque id nisl sed arcu tincidunt egestas. Ut sit amet lobortis erat. Proin erat dui, luctus sit amet dictum et, hendrerit quis risus. Proin quis elementum magna, in consequat nisi. Aliquam tincidunt gravida cursus. Sed ac lorem a purus pulvinar cursus. Vivamus sem sapien, vehicula quis erat nec, ultricies eleifend felis. Duis a quam pharetra, rutrum lorem vitae, semper ligula. Vestibulum a risus molestie, pharetra ligula id, aliquam arcu.", "type": "text", "style": "", "detail": 0, "format": 0, "version": 1}], "direction": null, "textStyle": "", "textFormat": 0}, {"type": "paragraph", "format": "", "indent": 0, "version": 1, "children": [{"mode": "normal", "text": "Fusce pellentesque in justo non vestibulum. Donec eu lectus gravida, elementum est quis, malesuada nisl. Aenean ut imperdiet neque. Nunc varius euismod condimentum. Praesent ex purus, volutpat sed facilisis sed, laoreet quis lacus. Vestibulum sed erat auctor neque cursus maximus non in lorem. Integer volutpat quam vel gravida consectetur.", "type": "text", "style": "", "detail": 0, "format": 0, "version": 1}], "direction": null, "textStyle": "", "textFormat": 0}], "direction": null}}	\N	\N	\N	2025-10-27 00:00:00+01	post-4	f	2025-10-27 20:12:21.303+01	2025-10-27 20:11:44.735+01	published	2025-10-27 20:12:21.307+01	2025-10-27 20:12:21.307+01	f	f
27	3	\N	\N	\N	\N	\N	\N	\N	\N	t	2025-10-27 19:36:34.888+01	2025-10-27 19:36:34.888+01	draft	2025-10-27 19:36:34.892+01	2025-10-27 19:36:34.892+01	f	f
37	4	post 4	\N	{"root": {"type": "root", "format": "", "indent": 0, "version": 1, "children": [{"type": "paragraph", "format": "", "indent": 0, "version": 1, "children": [{"mode": "normal", "text": "Lorem ipsum dolor sit amet, consectetur adipiscing elit. Proin in vestibulum eros. Nunc ullamcorper eu odio et sollicitudin. Proin vitae nisi id lectus egestas posuere eu aliquam mi. Sed tempor sodales arcu, id euismod orci maximus quis. Morbi eu est felis. Cras nec sem volutpat, sodales metus et, feugiat est. Aliquam iaculis consequat nisl ac aliquam. Pellentesque sit amet ipsum dui. Mauris elit nunc, fringilla et leo eget, varius consectetur odio. Donec tortor nisi, auctor non tincidunt sagittis, iaculis pretium augue. Nunc ut pellentesque risus. Aliquam sit amet sodales justo.", "type": "text", "style": "", "detail": 0, "format": 0, "version": 1}], "direction": null, "textStyle": "", "textFormat": 0}, {"type": "paragraph", "format": "", "indent": 0, "version": 1, "children": [{"mode": "normal", "text": "Sed consectetur vel felis ut laoreet. Pellentesque habitant morbi tristique senectus et netus et malesuada fames ac turpis egestas. Sed ut tempus enim. Maecenas quis suscipit tortor. Etiam consequat magna ante, eu dapibus est tincidunt eu. Morbi molestie mauris vitae vestibulum pellentesque. Curabitur vel luctus purus. Vivamus ornare, augue vel laoreet ultrices, nibh lacus faucibus nunc, lacinia commodo nisl turpis sed ex. Vestibulum gravida tortor sed nisl finibus porttitor. Sed lorem ipsum, pharetra et tincidunt a, venenatis at ex. Nunc ac risus et lacus ornare sagittis vitae et velit. Donec luctus auctor quam vel sollicitudin. Maecenas cursus risus tellus, et porta augue vehicula a. Aliquam porta pellentesque ultrices.", "type": "text", "style": "", "detail": 0, "format": 0, "version": 1}], "direction": null, "textStyle": "", "textFormat": 0}, {"type": "paragraph", "format": "", "indent": 0, "version": 1, "children": [{"mode": "normal", "text": "Vivamus felis turpis, blandit ut tellus id, commodo tristique nisi. Donec at eros porttitor, consequat mi at, tempor felis. Donec dignissim tincidunt nibh id rutrum. Phasellus et massa condimentum velit dapibus facilisis. Phasellus in mauris erat. Morbi at suscipit enim. Vestibulum fermentum ligula id erat ultricies iaculis. Pellentesque nec nisi sapien. Etiam volutpat a magna sit amet volutpat. Duis metus lorem, venenatis ac sodales eu, placerat in sapien. Vestibulum vel mollis nisl. Quisque eu aliquet orci, posuere fringilla erat. Vivamus tempus enim ut risus sollicitudin, quis volutpat dui mollis. Duis hendrerit felis diam, ac rhoncus felis sollicitudin ac. Donec vel aliquam ipsum. Integer at nisi ullamcorper, rhoncus neque ac, mattis massa.", "type": "text", "style": "", "detail": 0, "format": 0, "version": 1}], "direction": null, "textStyle": "", "textFormat": 0}, {"type": "paragraph", "format": "", "indent": 0, "version": 1, "children": [{"mode": "normal", "text": "Fusce a suscipit orci, vitae dictum lorem. Nulla sit amet ante arcu. Aliquam ornare in urna eget varius. Donec facilisis, dui pharetra rutrum eleifend, diam mi consequat leo, sit amet iaculis erat metus ac neque. Pellentesque id nisl sed arcu tincidunt egestas. Ut sit amet lobortis erat. Proin erat dui, luctus sit amet dictum et, hendrerit quis risus. Proin quis elementum magna, in consequat nisi. Aliquam tincidunt gravida cursus. Sed ac lorem a purus pulvinar cursus. Vivamus sem sapien, vehicula quis erat nec, ultricies eleifend felis. Duis a quam pharetra, rutrum lorem vitae, semper ligula. Vestibulum a risus molestie, pharetra ligula id, aliquam arcu.", "type": "text", "style": "", "detail": 0, "format": 0, "version": 1}], "direction": null, "textStyle": "", "textFormat": 0}, {"type": "paragraph", "format": "", "indent": 0, "version": 1, "children": [{"mode": "normal", "text": "Fusce pellentesque in justo non vestibulum. Donec eu lectus gravida, elementum est quis, malesuada nisl. Aenean ut imperdiet neque. Nunc varius euismod condimentum. Praesent ex purus, volutpat sed facilisis sed, laoreet quis lacus. Vestibulum sed erat auctor neque cursus maximus non in lorem. Integer volutpat quam vel gravida consectetur.", "type": "text", "style": "", "detail": 0, "format": 0, "version": 1}], "direction": null, "textStyle": "", "textFormat": 0}], "direction": null}}	post 4 | Payload Website Template	\N	Lorem ipsum dolor sit amet, consectetur adipiscing elit. Proin in vestibulum eros. Nunc ullamcorper eu odio et sollicitudin. Proin vitae nisi id le\n	2025-10-27 00:00:00+01	post-4	f	2025-10-27 20:13:29.315+01	2025-10-27 20:11:44.735+01	draft	2025-10-27 20:12:43.548+01	2025-10-27 20:13:29.315+01	f	t
7	1	post01	\N	{"root": {"type": "root", "format": "", "indent": 0, "version": 1, "children": [{"type": "paragraph", "format": "", "indent": 0, "version": 1, "children": [{"mode": "normal", "text": "posts ", "type": "text", "style": "", "detail": 0, "format": 0, "version": 1}], "direction": null, "textStyle": "", "textFormat": 0}], "direction": null}}	\N	\N	\N	2025-10-24 18:06:54.442+02	post01	f	2025-10-24 18:07:10.022+02	2025-10-24 13:53:45.978+02	published	2025-10-24 18:07:10.028+02	2025-10-24 18:07:10.028+02	f	f
31	1	post01	\N	{"root": {"type": "root", "format": "", "indent": 0, "version": 1, "children": [{"type": "paragraph", "format": "", "indent": 0, "version": 1, "children": [{"mode": "normal", "text": "Lorem ipsum dolor sit amet, consectetur adipiscing elit. Maecenas egestas erat risus, ac semper justo molestie vel. Aliquam erat volutpat. Phasellus imperdiet metus erat, id maximus diam placerat eu. Nam luctus lorem eget mauris tempus egestas. Aliquam tempus varius urna, quis finibus odio luctus a. Integer dictum finibus ex nec placerat. Phasellus risus est, consequat vitae tortor vel, accumsan commodo sapien. Ut convallis nunc et metus interdum, in luctus enim molestie. Fusce aliquet elit sed est imperdiet, vel elementum enim varius. Sed quis blandit arcu, lacinia molestie ante. Proin ac turpis urna. Pellentesque in tristique erat. Sed vitae congue sapien. Curabitur consectetur felis lectus. Etiam eu ligula id arcu feugiat eleifend.", "type": "text", "style": "", "detail": 0, "format": 0, "version": 1}], "direction": null, "textStyle": "", "textFormat": 0}, {"type": "paragraph", "format": "", "indent": 0, "version": 1, "children": [{"mode": "normal", "text": "Aliquam in lorem sed sapien bibendum feugiat eu ut turpis. Class aptent taciti sociosqu ad litora torquent per conubia nostra, per inceptos himenaeos. Morbi ante nisi, ultricies et condimentum vel, eleifend ac quam. Proin dui risus, efficitur eu massa eget, sollicitudin efficitur purus. Nulla egestas viverra dolor at tristique. Maecenas augue mi, imperdiet eget mattis in, aliquam eu sem. Ut libero diam, viverra quis lectus sed, congue iaculis ex. Ut semper ultricies posuere. Donec malesuada, leo ut semper rhoncus, tortor est pharetra turpis, in ultrices ante urna vehicula turpis. Donec eget varius velit, in volutpat neque. Morbi augue arcu, posuere non ullamcorper at, laoreet eu mauris. Suspendisse potenti. Pellentesque interdum leo ac sem convallis facilisis. Donec nec eros sit amet arcu ultrices mollis id et nisl.", "type": "text", "style": "", "detail": 0, "format": 0, "version": 1}], "direction": null, "textStyle": "", "textFormat": 0}, {"type": "paragraph", "format": "", "indent": 0, "version": 1, "children": [{"mode": "normal", "text": "Sed faucibus tellus sed orci porta tincidunt. Integer laoreet, turpis nec lobortis ultricies, ante risus volutpat odio, ut malesuada eros metus nec lorem. Ut eu mauris sed turpis accumsan scelerisque quis non lectus. Fusce et quam orci. Nam tempus felis eu turpis bibendum, non maximus nibh scelerisque. Donec id congue nisi. Fusce nulla dui, cursus consequat aliquet non, blandit et turpis. Proin ac laoreet urna. Donec id mi in felis elementum euismod in quis augue. Integer eget eleifend est.", "type": "text", "style": "", "detail": 0, "format": 0, "version": 1}], "direction": null, "textStyle": "", "textFormat": 0}, {"type": "paragraph", "format": "", "indent": 0, "version": 1, "children": [{"mode": "normal", "text": "Phasellus mollis cursus tortor, in dignissim felis vulputate quis. Nulla interdum nulla imperdiet, pulvinar mauris eget, sagittis mauris. Donec aliquam semper tellus quis condimentum. Vivamus sit amet nisl sit amet lectus ullamcorper faucibus. Vestibulum ante ipsum primis in faucibus orci luctus et ultrices posuere cubilia curae; Nullam mollis, libero finibus blandit luctus, nisl ante convallis risus, a aliquam sapien neque et risus. Praesent mollis porta laoreet. Duis lacus tortor, malesuada vitae metus non, efficitur viverra dolor. Phasellus rhoncus felis turpis, sed malesuada tellus malesuada in. Praesent fermentum sodales lacus eget lacinia. Sed convallis non purus id iaculis. Donec in malesuada enim. Cras vitae odio odio. Donec non nisi risus.", "type": "text", "style": "", "detail": 0, "format": 0, "version": 1}], "direction": null, "textStyle": "", "textFormat": 0}, {"type": "paragraph", "format": "", "indent": 0, "version": 1, "children": [{"mode": "normal", "text": "Etiam ac est lorem. Nullam fringilla vitae orci sed suscipit. Sed fermentum, nunc quis ultricies molestie, odio lectus suscipit enim, et venenatis dui tortor eget dolor. Suspendisse tempus tempor lacus sed tristique. Pellentesque habitant morbi tristique senectus et netus et malesuada fames ac turpis egestas. Integer sodales metus in neque pellentesque, eget rutrum lectus accumsan. Quisque at blandit mauris. Aliquam commodo volutpat tempus.", "type": "text", "style": "", "detail": 0, "format": 0, "version": 1}], "direction": null, "textStyle": "", "textFormat": 0}, {"type": "paragraph", "format": "", "indent": 0, "version": 1, "children": [], "direction": null, "textStyle": "", "textFormat": 0}], "direction": null}}	post01 | Payload Website Template	\N	Lorem ipsum dolor sit amet, consectetur adipiscing el sskkj iosjijijsi ijsijijs isjijisjij sijisjsijis isjiijis isji isji	2025-10-24 18:06:54.442+02	post01	f	2025-10-27 20:06:10.314+01	2025-10-24 13:53:45.978+02	published	2025-10-27 20:06:10.32+01	2025-10-27 20:06:10.32+01	f	f
39	5	post 4	\N	{"root": {"type": "root", "format": "", "indent": 0, "version": 1, "children": [{"type": "paragraph", "format": "", "indent": 0, "version": 1, "children": [{"mode": "normal", "text": "Lorem ipsum dolor sit amet, consectetur adipiscing elit. Proin in vestibulum eros. Nunc ullamcorper eu odio et sollicitudin. Proin vitae nisi id lectus egestas posuere eu aliquam mi. Sed tempor sodales arcu, id euismod orci maximus quis. Morbi eu est felis. Cras nec sem volutpat, sodales metus et, feugiat est. Aliquam iaculis consequat nisl ac aliquam. Pellentesque sit amet ipsum dui. Mauris elit nunc, fringilla et leo eget, varius consectetur odio. Donec tortor nisi, auctor non tincidunt sagittis, iaculis pretium augue. Nunc ut pellentesque risus. Aliquam sit amet sodales justo.", "type": "text", "style": "", "detail": 0, "format": 0, "version": 1}], "direction": null, "textStyle": "", "textFormat": 0}, {"type": "paragraph", "format": "", "indent": 0, "version": 1, "children": [{"mode": "normal", "text": "Sed consectetur vel felis ut laoreet. Pellentesque habitant morbi tristique senectus et netus et malesuada fames ac turpis egestas. Sed ut tempus enim. Maecenas quis suscipit tortor. Etiam consequat magna ante, eu dapibus est tincidunt eu. Morbi molestie mauris vitae vestibulum pellentesque. Curabitur vel luctus purus. Vivamus ornare, augue vel laoreet ultrices, nibh lacus faucibus nunc, lacinia commodo nisl turpis sed ex. Vestibulum gravida tortor sed nisl finibus porttitor. Sed lorem ipsum, pharetra et tincidunt a, venenatis at ex. Nunc ac risus et lacus ornare sagittis vitae et velit. Donec luctus auctor quam vel sollicitudin. Maecenas cursus risus tellus, et porta augue vehicula a. Aliquam porta pellentesque ultrices.", "type": "text", "style": "", "detail": 0, "format": 0, "version": 1}], "direction": null, "textStyle": "", "textFormat": 0}, {"type": "paragraph", "format": "", "indent": 0, "version": 1, "children": [{"mode": "normal", "text": "Vivamus felis turpis, blandit ut tellus id, commodo tristique nisi. Donec at eros porttitor, consequat mi at, tempor felis. Donec dignissim tincidunt nibh id rutrum. Phasellus et massa condimentum velit dapibus facilisis. Phasellus in mauris erat. Morbi at suscipit enim. Vestibulum fermentum ligula id erat ultricies iaculis. Pellentesque nec nisi sapien. Etiam volutpat a magna sit amet volutpat. Duis metus lorem, venenatis ac sodales eu, placerat in sapien. Vestibulum vel mollis nisl. Quisque eu aliquet orci, posuere fringilla erat. Vivamus tempus enim ut risus sollicitudin, quis volutpat dui mollis. Duis hendrerit felis diam, ac rhoncus felis sollicitudin ac. Donec vel aliquam ipsum. Integer at nisi ullamcorper, rhoncus neque ac, mattis massa.", "type": "text", "style": "", "detail": 0, "format": 0, "version": 1}], "direction": null, "textStyle": "", "textFormat": 0}, {"type": "paragraph", "format": "", "indent": 0, "version": 1, "children": [{"mode": "normal", "text": "Fusce a suscipit orci, vitae dictum lorem. Nulla sit amet ante arcu. Aliquam ornare in urna eget varius. Donec facilisis, dui pharetra rutrum eleifend, diam mi consequat leo, sit amet iaculis erat metus ac neque. Pellentesque id nisl sed arcu tincidunt egestas. Ut sit amet lobortis erat. Proin erat dui, luctus sit amet dictum et, hendrerit quis risus. Proin quis elementum magna, in consequat nisi. Aliquam tincidunt gravida cursus. Sed ac lorem a purus pulvinar cursus. Vivamus sem sapien, vehicula quis erat nec, ultricies eleifend felis. Duis a quam pharetra, rutrum lorem vitae, semper ligula. Vestibulum a risus molestie, pharetra ligula id, aliquam arcu.", "type": "text", "style": "", "detail": 0, "format": 0, "version": 1}], "direction": null, "textStyle": "", "textFormat": 0}, {"type": "paragraph", "format": "", "indent": 0, "version": 1, "children": [{"mode": "normal", "text": "Fusce pellentesque in justo non vestibulum. Donec eu lectus gravida, elementum est quis, malesuada nisl. Aenean ut imperdiet neque. Nunc varius euismod condimentum. Praesent ex purus, volutpat sed facilisis sed, laoreet quis lacus. Vestibulum sed erat auctor neque cursus maximus non in lorem. Integer volutpat quam vel gravida consectetur.", "type": "text", "style": "", "detail": 0, "format": 0, "version": 1}], "direction": null, "textStyle": "", "textFormat": 0}], "direction": null}}	post 4 | Payload Website Template	\N	Lorem ipsum dolor sit amet, consectetur adipiscing elit. Proin in vestibulum eros. Nunc ullamcorper eu odio et sollicitudin. Proin vitae nisi id le\n	2025-10-27 00:00:00+01	post-4	f	2025-10-27 20:13:31.265+01	2025-10-27 20:18:01.538+01	draft	2025-10-27 20:18:01.542+01	2025-10-27 20:18:01.542+01	f	f
41	5	post 5	\N	{"root": {"type": "root", "format": "", "indent": 0, "version": 1, "children": [{"type": "paragraph", "format": "", "indent": 0, "version": 1, "children": [{"mode": "normal", "text": "Lorem ipsum dolor sit amet, consectetur adipiscing elit. Proin in vestibulum eros. Nunc ullamcorper eu odio et sollicitudin. Proin vitae nisi id lectus egestas posuere eu aliquam mi. Sed tempor sodales arcu, id euismod orci maximus quis. Morbi eu est felis. Cras nec sem volutpat, sodales metus et, feugiat est. Aliquam iaculis consequat nisl ac aliquam. Pellentesque sit amet ipsum dui. Mauris elit nunc, fringilla et leo eget, varius consectetur odio. Donec tortor nisi, auctor non tincidunt sagittis, iaculis pretium augue. Nunc ut pellentesque risus. Aliquam sit amet sodales justo.", "type": "text", "style": "", "detail": 0, "format": 0, "version": 1}], "direction": null, "textStyle": "", "textFormat": 0}, {"type": "paragraph", "format": "", "indent": 0, "version": 1, "children": [{"mode": "normal", "text": "Sed consectetur vel felis ut laoreet. Pellentesque habitant morbi tristique senectus et netus et malesuada fames ac turpis egestas. Sed ut tempus enim. Maecenas quis suscipit tortor. Etiam consequat magna ante, eu dapibus est tincidunt eu. Morbi molestie mauris vitae vestibulum pellentesque. Curabitur vel luctus purus. Vivamus ornare, augue vel laoreet ultrices, nibh lacus faucibus nunc, lacinia commodo nisl turpis sed ex. Vestibulum gravida tortor sed nisl finibus porttitor. Sed lorem ipsum, pharetra et tincidunt a, venenatis at ex. Nunc ac risus et lacus ornare sagittis vitae et velit. Donec luctus auctor quam vel sollicitudin. Maecenas cursus risus tellus, et porta augue vehicula a. Aliquam porta pellentesque ultrices.", "type": "text", "style": "", "detail": 0, "format": 0, "version": 1}], "direction": null, "textStyle": "", "textFormat": 0}, {"type": "paragraph", "format": "", "indent": 0, "version": 1, "children": [{"mode": "normal", "text": "Vivamus felis turpis, blandit ut tellus id, commodo tristique nisi. Donec at eros porttitor, consequat mi at, tempor felis. Donec dignissim tincidunt nibh id rutrum. Phasellus et massa condimentum velit dapibus facilisis. Phasellus in mauris erat. Morbi at suscipit enim. Vestibulum fermentum ligula id erat ultricies iaculis. Pellentesque nec nisi sapien. Etiam volutpat a magna sit amet volutpat. Duis metus lorem, venenatis ac sodales eu, placerat in sapien. Vestibulum vel mollis nisl. Quisque eu aliquet orci, posuere fringilla erat. Vivamus tempus enim ut risus sollicitudin, quis volutpat dui mollis. Duis hendrerit felis diam, ac rhoncus felis sollicitudin ac. Donec vel aliquam ipsum. Integer at nisi ullamcorper, rhoncus neque ac, mattis massa.", "type": "text", "style": "", "detail": 0, "format": 0, "version": 1}], "direction": null, "textStyle": "", "textFormat": 0}, {"type": "paragraph", "format": "", "indent": 0, "version": 1, "children": [{"mode": "normal", "text": "Fusce a suscipit orci, vitae dictum lorem. Nulla sit amet ante arcu. Aliquam ornare in urna eget varius. Donec facilisis, dui pharetra rutrum eleifend, diam mi consequat leo, sit amet iaculis erat metus ac neque. Pellentesque id nisl sed arcu tincidunt egestas. Ut sit amet lobortis erat. Proin erat dui, luctus sit amet dictum et, hendrerit quis risus. Proin quis elementum magna, in consequat nisi. Aliquam tincidunt gravida cursus. Sed ac lorem a purus pulvinar cursus. Vivamus sem sapien, vehicula quis erat nec, ultricies eleifend felis. Duis a quam pharetra, rutrum lorem vitae, semper ligula. Vestibulum a risus molestie, pharetra ligula id, aliquam arcu.", "type": "text", "style": "", "detail": 0, "format": 0, "version": 1}], "direction": null, "textStyle": "", "textFormat": 0}, {"type": "paragraph", "format": "", "indent": 0, "version": 1, "children": [{"mode": "normal", "text": "Fusce pellentesque in justo non vestibulum. Donec eu lectus gravida, elementum est quis, malesuada nisl. Aenean ut imperdiet neque. Nunc varius euismod condimentum. Praesent ex purus, volutpat sed facilisis sed, laoreet quis lacus. Vestibulum sed erat auctor neque cursus maximus non in lorem. Integer volutpat quam vel gravida consectetur.", "type": "text", "style": "", "detail": 0, "format": 0, "version": 1}], "direction": null, "textStyle": "", "textFormat": 0}], "direction": null}}	post 4 | Payload Website Template	\N	Lorem ipsum dolor sit amet, consectetur adipiscing elit. Proin in vestibulum eros. Nunc ullamcorper eu odio et sollicitudin. Proin vitae nisi id le\n	2025-10-27 00:00:00+01	post-5	f	2025-10-27 20:18:14.274+01	2025-10-27 20:18:01.538+01	published	2025-10-27 20:18:14.279+01	2025-10-27 20:18:14.279+01	f	f
40	5	post 5	\N	{"root": {"type": "root", "format": "", "indent": 0, "version": 1, "children": [{"type": "paragraph", "format": "", "indent": 0, "version": 1, "children": [{"mode": "normal", "text": "Lorem ipsum dolor sit amet, consectetur adipiscing elit. Proin in vestibulum eros. Nunc ullamcorper eu odio et sollicitudin. Proin vitae nisi id lectus egestas posuere eu aliquam mi. Sed tempor sodales arcu, id euismod orci maximus quis. Morbi eu est felis. Cras nec sem volutpat, sodales metus et, feugiat est. Aliquam iaculis consequat nisl ac aliquam. Pellentesque sit amet ipsum dui. Mauris elit nunc, fringilla et leo eget, varius consectetur odio. Donec tortor nisi, auctor non tincidunt sagittis, iaculis pretium augue. Nunc ut pellentesque risus. Aliquam sit amet sodales justo.", "type": "text", "style": "", "detail": 0, "format": 0, "version": 1}], "direction": null, "textStyle": "", "textFormat": 0}, {"type": "paragraph", "format": "", "indent": 0, "version": 1, "children": [{"mode": "normal", "text": "Sed consectetur vel felis ut laoreet. Pellentesque habitant morbi tristique senectus et netus et malesuada fames ac turpis egestas. Sed ut tempus enim. Maecenas quis suscipit tortor. Etiam consequat magna ante, eu dapibus est tincidunt eu. Morbi molestie mauris vitae vestibulum pellentesque. Curabitur vel luctus purus. Vivamus ornare, augue vel laoreet ultrices, nibh lacus faucibus nunc, lacinia commodo nisl turpis sed ex. Vestibulum gravida tortor sed nisl finibus porttitor. Sed lorem ipsum, pharetra et tincidunt a, venenatis at ex. Nunc ac risus et lacus ornare sagittis vitae et velit. Donec luctus auctor quam vel sollicitudin. Maecenas cursus risus tellus, et porta augue vehicula a. Aliquam porta pellentesque ultrices.", "type": "text", "style": "", "detail": 0, "format": 0, "version": 1}], "direction": null, "textStyle": "", "textFormat": 0}, {"type": "paragraph", "format": "", "indent": 0, "version": 1, "children": [{"mode": "normal", "text": "Vivamus felis turpis, blandit ut tellus id, commodo tristique nisi. Donec at eros porttitor, consequat mi at, tempor felis. Donec dignissim tincidunt nibh id rutrum. Phasellus et massa condimentum velit dapibus facilisis. Phasellus in mauris erat. Morbi at suscipit enim. Vestibulum fermentum ligula id erat ultricies iaculis. Pellentesque nec nisi sapien. Etiam volutpat a magna sit amet volutpat. Duis metus lorem, venenatis ac sodales eu, placerat in sapien. Vestibulum vel mollis nisl. Quisque eu aliquet orci, posuere fringilla erat. Vivamus tempus enim ut risus sollicitudin, quis volutpat dui mollis. Duis hendrerit felis diam, ac rhoncus felis sollicitudin ac. Donec vel aliquam ipsum. Integer at nisi ullamcorper, rhoncus neque ac, mattis massa.", "type": "text", "style": "", "detail": 0, "format": 0, "version": 1}], "direction": null, "textStyle": "", "textFormat": 0}, {"type": "paragraph", "format": "", "indent": 0, "version": 1, "children": [{"mode": "normal", "text": "Fusce a suscipit orci, vitae dictum lorem. Nulla sit amet ante arcu. Aliquam ornare in urna eget varius. Donec facilisis, dui pharetra rutrum eleifend, diam mi consequat leo, sit amet iaculis erat metus ac neque. Pellentesque id nisl sed arcu tincidunt egestas. Ut sit amet lobortis erat. Proin erat dui, luctus sit amet dictum et, hendrerit quis risus. Proin quis elementum magna, in consequat nisi. Aliquam tincidunt gravida cursus. Sed ac lorem a purus pulvinar cursus. Vivamus sem sapien, vehicula quis erat nec, ultricies eleifend felis. Duis a quam pharetra, rutrum lorem vitae, semper ligula. Vestibulum a risus molestie, pharetra ligula id, aliquam arcu.", "type": "text", "style": "", "detail": 0, "format": 0, "version": 1}], "direction": null, "textStyle": "", "textFormat": 0}, {"type": "paragraph", "format": "", "indent": 0, "version": 1, "children": [{"mode": "normal", "text": "Fusce pellentesque in justo non vestibulum. Donec eu lectus gravida, elementum est quis, malesuada nisl. Aenean ut imperdiet neque. Nunc varius euismod condimentum. Praesent ex purus, volutpat sed facilisis sed, laoreet quis lacus. Vestibulum sed erat auctor neque cursus maximus non in lorem. Integer volutpat quam vel gravida consectetur.", "type": "text", "style": "", "detail": 0, "format": 0, "version": 1}], "direction": null, "textStyle": "", "textFormat": 0}], "direction": null}}	post 4 | Payload Website Template	\N	Lorem ipsum dolor sit amet, consectetur adipiscing elit. Proin in vestibulum eros. Nunc ullamcorper eu odio et sollicitudin. Proin vitae nisi id le\n	2025-10-27 00:00:00+01	post-5	f	2025-10-27 20:18:07.926+01	2025-10-27 20:18:01.538+01	draft	2025-10-27 20:18:05.566+01	2025-10-27 20:18:07.926+01	f	t
42	6	post 5	\N	{"root": {"type": "root", "format": "", "indent": 0, "version": 1, "children": [{"type": "paragraph", "format": "", "indent": 0, "version": 1, "children": [{"mode": "normal", "text": "Lorem ipsum dolor sit amet, consectetur adipiscing elit. Proin in vestibulum eros. Nunc ullamcorper eu odio et sollicitudin. Proin vitae nisi id lectus egestas posuere eu aliquam mi. Sed tempor sodales arcu, id euismod orci maximus quis. Morbi eu est felis. Cras nec sem volutpat, sodales metus et, feugiat est. Aliquam iaculis consequat nisl ac aliquam. Pellentesque sit amet ipsum dui. Mauris elit nunc, fringilla et leo eget, varius consectetur odio. Donec tortor nisi, auctor non tincidunt sagittis, iaculis pretium augue. Nunc ut pellentesque risus. Aliquam sit amet sodales justo.", "type": "text", "style": "", "detail": 0, "format": 0, "version": 1}], "direction": null, "textStyle": "", "textFormat": 0}, {"type": "paragraph", "format": "", "indent": 0, "version": 1, "children": [{"mode": "normal", "text": "Sed consectetur vel felis ut laoreet. Pellentesque habitant morbi tristique senectus et netus et malesuada fames ac turpis egestas. Sed ut tempus enim. Maecenas quis suscipit tortor. Etiam consequat magna ante, eu dapibus est tincidunt eu. Morbi molestie mauris vitae vestibulum pellentesque. Curabitur vel luctus purus. Vivamus ornare, augue vel laoreet ultrices, nibh lacus faucibus nunc, lacinia commodo nisl turpis sed ex. Vestibulum gravida tortor sed nisl finibus porttitor. Sed lorem ipsum, pharetra et tincidunt a, venenatis at ex. Nunc ac risus et lacus ornare sagittis vitae et velit. Donec luctus auctor quam vel sollicitudin. Maecenas cursus risus tellus, et porta augue vehicula a. Aliquam porta pellentesque ultrices.", "type": "text", "style": "", "detail": 0, "format": 0, "version": 1}], "direction": null, "textStyle": "", "textFormat": 0}, {"type": "paragraph", "format": "", "indent": 0, "version": 1, "children": [{"mode": "normal", "text": "Vivamus felis turpis, blandit ut tellus id, commodo tristique nisi. Donec at eros porttitor, consequat mi at, tempor felis. Donec dignissim tincidunt nibh id rutrum. Phasellus et massa condimentum velit dapibus facilisis. Phasellus in mauris erat. Morbi at suscipit enim. Vestibulum fermentum ligula id erat ultricies iaculis. Pellentesque nec nisi sapien. Etiam volutpat a magna sit amet volutpat. Duis metus lorem, venenatis ac sodales eu, placerat in sapien. Vestibulum vel mollis nisl. Quisque eu aliquet orci, posuere fringilla erat. Vivamus tempus enim ut risus sollicitudin, quis volutpat dui mollis. Duis hendrerit felis diam, ac rhoncus felis sollicitudin ac. Donec vel aliquam ipsum. Integer at nisi ullamcorper, rhoncus neque ac, mattis massa.", "type": "text", "style": "", "detail": 0, "format": 0, "version": 1}], "direction": null, "textStyle": "", "textFormat": 0}, {"type": "paragraph", "format": "", "indent": 0, "version": 1, "children": [{"mode": "normal", "text": "Fusce a suscipit orci, vitae dictum lorem. Nulla sit amet ante arcu. Aliquam ornare in urna eget varius. Donec facilisis, dui pharetra rutrum eleifend, diam mi consequat leo, sit amet iaculis erat metus ac neque. Pellentesque id nisl sed arcu tincidunt egestas. Ut sit amet lobortis erat. Proin erat dui, luctus sit amet dictum et, hendrerit quis risus. Proin quis elementum magna, in consequat nisi. Aliquam tincidunt gravida cursus. Sed ac lorem a purus pulvinar cursus. Vivamus sem sapien, vehicula quis erat nec, ultricies eleifend felis. Duis a quam pharetra, rutrum lorem vitae, semper ligula. Vestibulum a risus molestie, pharetra ligula id, aliquam arcu.", "type": "text", "style": "", "detail": 0, "format": 0, "version": 1}], "direction": null, "textStyle": "", "textFormat": 0}, {"type": "paragraph", "format": "", "indent": 0, "version": 1, "children": [{"mode": "normal", "text": "Fusce pellentesque in justo non vestibulum. Donec eu lectus gravida, elementum est quis, malesuada nisl. Aenean ut imperdiet neque. Nunc varius euismod condimentum. Praesent ex purus, volutpat sed facilisis sed, laoreet quis lacus. Vestibulum sed erat auctor neque cursus maximus non in lorem. Integer volutpat quam vel gravida consectetur.", "type": "text", "style": "", "detail": 0, "format": 0, "version": 1}], "direction": null, "textStyle": "", "textFormat": 0}], "direction": null}}	post 4 | Payload Website Template	\N	Lorem ipsum dolor sit amet, consectetur adipiscing elit. Proin in vestibulum eros. Nunc ullamcorper eu odio et sollicitudin. Proin vitae nisi id le\n	2025-10-27 00:00:00+01	post-5	f	2025-10-27 20:18:14.274+01	2025-10-27 20:18:18.123+01	draft	2025-10-27 20:18:18.126+01	2025-10-27 20:18:18.126+01	f	f
65	10	Lorem ipsum dolor sit amet, consectetur adipiscing elit	\N	{"root": {"type": "root", "format": "", "indent": 0, "version": 1, "children": [{"type": "paragraph", "format": "", "indent": 0, "version": 1, "children": [{"mode": "normal", "text": "Lorem ipsum dolor sit amet, consectetur adipiscing elit. Proin in vestibulum eros. Nunc ullamcorper eu odio et sollicitudin. Proin vitae nisi id lectus egestas posuere eu aliquam mi. Sed tempor sodales arcu, id euismod orci maximus quis. Morbi eu est felis. Cras nec sem volutpat, sodales metus et, feugiat est. Aliquam iaculis consequat nisl ac aliquam. Pellentesque sit amet ipsum dui. Mauris elit nunc, fringilla et leo eget, varius consectetur odio. Donec tortor nisi, auctor non tincidunt sagittis, iaculis pretium augue. Nunc ut pellentesque risus. Aliquam sit amet sodales justo.", "type": "text", "style": "", "detail": 0, "format": 0, "version": 1}], "direction": null, "textStyle": "", "textFormat": 0}, {"type": "paragraph", "format": "", "indent": 0, "version": 1, "children": [{"mode": "normal", "text": "Sed consectetur vel felis ut laoreet. Pellentesque habitant morbi tristique senectus et netus et malesuada fames ac turpis egestas. Sed ut tempus enim. Maecenas quis suscipit tortor. Etiam consequat magna ante, eu dapibus est tincidunt eu. Morbi molestie mauris vitae vestibulum pellentesque. Curabitur vel luctus purus. Vivamus ornare, augue vel laoreet ultrices, nibh lacus faucibus nunc, lacinia commodo nisl turpis sed ex. Vestibulum gravida tortor sed nisl finibus porttitor. Sed lorem ipsum, pharetra et tincidunt a, venenatis at ex. Nunc ac risus et lacus ornare sagittis vitae et velit. Donec luctus auctor quam vel sollicitudin. Maecenas cursus risus tellus, et porta augue vehicula a. Aliquam porta pellentesque ultrices.", "type": "text", "style": "", "detail": 0, "format": 0, "version": 1}], "direction": null, "textStyle": "", "textFormat": 0}, {"type": "paragraph", "format": "", "indent": 0, "version": 1, "children": [{"mode": "normal", "text": "Vivamus felis turpis, blandit ut tellus id, commodo tristique nisi. Donec at eros porttitor, consequat mi at, tempor felis. Donec dignissim tincidunt nibh id rutrum. Phasellus et massa condimentum velit dapibus facilisis. Phasellus in mauris erat. Morbi at suscipit enim. Vestibulum fermentum ligula id erat ultricies iaculis. Pellentesque nec nisi sapien. Etiam volutpat a magna sit amet volutpat. Duis metus lorem, venenatis ac sodales eu, placerat in sapien. Vestibulum vel mollis nisl. Quisque eu aliquet orci, posuere fringilla erat. Vivamus tempus enim ut risus sollicitudin, quis volutpat dui mollis. Duis hendrerit felis diam, ac rhoncus felis sollicitudin ac. Donec vel aliquam ipsum. Integer at nisi ullamcorper, rhoncus neque ac, mattis massa.", "type": "text", "style": "", "detail": 0, "format": 0, "version": 1}], "direction": null, "textStyle": "", "textFormat": 0}, {"type": "paragraph", "format": "", "indent": 0, "version": 1, "children": [{"mode": "normal", "text": "Fusce a suscipit orci, vitae dictum lorem. Nulla sit amet ante arcu. Aliquam ornare in urna eget varius. Donec facilisis, dui pharetra rutrum eleifend, diam mi consequat leo, sit amet iaculis erat metus ac neque. Pellentesque id nisl sed arcu tincidunt egestas. Ut sit amet lobortis erat. Proin erat dui, luctus sit amet dictum et, hendrerit quis risus. Proin quis elementum magna, in consequat nisi. Aliquam tincidunt gravida cursus. Sed ac lorem a purus pulvinar cursus. Vivamus sem sapien, vehicula quis erat nec, ultricies eleifend felis. Duis a quam pharetra, rutrum lorem vitae, semper ligula. Vestibulum a risus molestie, pharetra ligula id, aliquam arcu.", "type": "text", "style": "", "detail": 0, "format": 0, "version": 1}], "direction": null, "textStyle": "", "textFormat": 0}, {"type": "paragraph", "format": "", "indent": 0, "version": 1, "children": [{"mode": "normal", "text": "Fusce pellentesque in justo non vestibulum. Donec eu lectus gravida, elementum est quis, malesuada nisl. Aenean ut imperdiet neque. Nunc varius euismod condimentum. Praesent ex purus, volutpat sed facilisis sed, laoreet quis lacus. Vestibulum sed erat auctor neque cursus maximus non in lorem. Integer volutpat quam vel gravida consectetur.", "type": "text", "style": "", "detail": 0, "format": 0, "version": 1}], "direction": null, "textStyle": "", "textFormat": 0}], "direction": null}}	Lorem ipsum dolor sit amet, consectetur adipiscing elitare w	\N	Lorem ipsum dolor sit amet, consectetur adipiscing elit. Proin in vestibulum eros. Nunc ullamcorper eu odio et sollicitudin. Proin vitae nisi id le a\n	2025-10-27 00:00:00+01	lorem-ipsum-dolor-sit-amet-consectetur-adipiscing-elit	f	2025-10-29 19:10:38.32+01	2025-10-28 17:46:32.007+01	draft	2025-10-29 19:10:33.465+01	2025-10-29 19:10:38.32+01	f	t
85	1	post01	68	{"root": {"type": "root", "format": "", "indent": 0, "version": 1, "children": [{"type": "paragraph", "format": "", "indent": 0, "version": 1, "children": [{"mode": "normal", "text": "aggggggggggggggggggg Lorem aaaaaaaaaaaaaaaaaaaaa ipsum dolor sit amet, consectetur adipiscing elit. Maecenas egestas erat risus, ac semper justo molestie vel. Aliquam erat volutpat. Phasellus imperdiet metus erat, id maximus diam placerat eu. Nam luctus lorem eget mauris tempus egestas. Aliquam tempus varius urna, quis finibus odio luctus a. Integer dictum finibus ex nec placerat. Phasellus risus est, consequat vitae tortor vel, accumsan commodo sapien. Ut convallis nunc et metus interdum, in luctus enim molestie. Fusce aliquet elit sed est imperdiet, vel elementum enim varius. Sed quis blandit arcu, lacinia molestie ante. Proin ac turpis urna. Pellentesque in tristique erat. Sed vitae congue sapien. Curabitur consectetur felis lectus. Etiam eu ligula id arcu feugiat eleifend.", "type": "text", "style": "", "detail": 0, "format": 0, "version": 1}], "direction": null, "textStyle": "", "textFormat": 0}, {"type": "paragraph", "format": "", "indent": 0, "version": 1, "children": [{"mode": "normal", "text": "Aliquam in lorem sed sapien bibendum feugiat eu ut turpis. Class aptent taciti sociosqu ad litora torquent per conubia nostra, per inceptos himenaeos. Morbi ante nisi, ultricies et condimentum vel, eleifend ac quam. Proin dui risus, efficitur eu massa eget, sollicitudin efficitur purus. Nulla egestas viverra dolor at tristique. Maecenas augue mi, imperdiet eget mattis in, aliquam eu sem. Ut libero diam, viverra quis lectus sed, congue iaculis ex. Ut semper ultricies posuere. Donec malesuada, leo ut semper rhoncus, tortor est pharetra turpis, in ultrices ante urna vehicula turpis. Donec eget varius velit, in volutpat neque. Morbi augue arcu, posuere non ullamcorper at, laoreet eu mauris. Suspendisse potenti. Pellentesque interdum leo ac sem convallis facilisis. Donec nec eros sit amet arcu ultrices mollis id et nisl.", "type": "text", "style": "", "detail": 0, "format": 0, "version": 1}], "direction": null, "textStyle": "", "textFormat": 0}, {"type": "paragraph", "format": "", "indent": 0, "version": 1, "children": [{"mode": "normal", "text": "Sed faucibus tellus sed orci porta tincidunt. Integer laoreet, turpis nec lobortis ultricies, ante risus volutpat odio, ut malesuada eros metus nec lorem. Ut eu mauris sed turpis accumsan scelerisque quis non lectus. Fusce et quam orci. Nam tempus felis eu turpis bibendum, non maximus nibh scelerisque. Donec id congue nisi. Fusce nulla dui, cursus consequat aliquet non, blandit et turpis. Proin ac laoreet urna. Donec id mi in felis elementum euismod in quis augue. Integer eget eleifend est.", "type": "text", "style": "", "detail": 0, "format": 0, "version": 1}], "direction": null, "textStyle": "", "textFormat": 0}, {"type": "paragraph", "format": "", "indent": 0, "version": 1, "children": [{"mode": "normal", "text": "Phasellus mollis cursus tortor, in dignissim felis vulputate quis. Nulla interdum nulla imperdiet, pulvinar mauris eget, sagittis mauris. Donec aliquam semper tellus quis condimentum. Vivamus sit amet nisl sit amet lectus ullamcorper faucibus. Vestibulum ante ipsum primis in faucibus orci luctus et ultrices posuere cubilia curae; Nullam mollis, libero finibus blandit luctus, nisl ante convallis risus, a aliquam sapien neque et risus. Praesent mollis porta laoreet. Duis lacus tortor, malesuada vitae metus non, efficitur viverra dolor. Phasellus rhoncus felis turpis, sed malesuada tellus malesuada in. Praesent fermentum sodales lacus eget lacinia. Sed convallis non purus id iaculis. Donec in malesuada enim. Cras vitae odio odio. Donec non nisi risus.", "type": "text", "style": "", "detail": 0, "format": 0, "version": 1}], "direction": null, "textStyle": "", "textFormat": 0}, {"type": "paragraph", "format": "", "indent": 0, "version": 1, "children": [{"mode": "normal", "text": "Etiam ac est lorem. Nullam fringilla vitae orci sed suscipit. Sed fermentum, nunc quis ultricies molestie, odio lectus suscipit enim, et venenatis dui tortor eget dolor. Suspendisse tempus tempor lacus sed tristique. Pellentesque habitant morbi tristique senectus et netus et malesuada fames ac turpis egestas. Integer sodales metus in neque pellentesque, eget rutrum lectus accumsan. Quisque at blandit mauris. Aliquam commodo volutpat tempus.", "type": "text", "style": "", "detail": 0, "format": 0, "version": 1}], "direction": null, "textStyle": "", "textFormat": 0}, {"type": "paragraph", "format": "", "indent": 0, "version": 1, "children": [], "direction": null, "textStyle": "", "textFormat": 0}], "direction": null}}	post01 | Payload Website Template	68	Lorem ipsum dolor sit amet, consectetur adipiscing el sskkj iosjijijsi ijsijijs isjijisjij sijisjsijis isjiijis isji isji	2025-10-24 18:06:54.442+02	post01	f	2025-11-30 11:02:20.692+01	2025-10-24 13:53:45.978+02	draft	2025-11-29 21:00:41.704+01	2025-11-30 11:02:20.692+01	f	t
38	4	post 4	\N	{"root": {"type": "root", "format": "", "indent": 0, "version": 1, "children": [{"type": "paragraph", "format": "", "indent": 0, "version": 1, "children": [{"mode": "normal", "text": "Lorem ipsum dolor sit amet, consectetur adipiscing elit. Proin in vestibulum eros. Nunc ullamcorper eu odio et sollicitudin. Proin vitae nisi id lectus egestas posuere eu aliquam mi. Sed tempor sodales arcu, id euismod orci maximus quis. Morbi eu est felis. Cras nec sem volutpat, sodales metus et, feugiat est. Aliquam iaculis consequat nisl ac aliquam. Pellentesque sit amet ipsum dui. Mauris elit nunc, fringilla et leo eget, varius consectetur odio. Donec tortor nisi, auctor non tincidunt sagittis, iaculis pretium augue. Nunc ut pellentesque risus. Aliquam sit amet sodales justo.", "type": "text", "style": "", "detail": 0, "format": 0, "version": 1}], "direction": null, "textStyle": "", "textFormat": 0}, {"type": "paragraph", "format": "", "indent": 0, "version": 1, "children": [{"mode": "normal", "text": "Sed consectetur vel felis ut laoreet. Pellentesque habitant morbi tristique senectus et netus et malesuada fames ac turpis egestas. Sed ut tempus enim. Maecenas quis suscipit tortor. Etiam consequat magna ante, eu dapibus est tincidunt eu. Morbi molestie mauris vitae vestibulum pellentesque. Curabitur vel luctus purus. Vivamus ornare, augue vel laoreet ultrices, nibh lacus faucibus nunc, lacinia commodo nisl turpis sed ex. Vestibulum gravida tortor sed nisl finibus porttitor. Sed lorem ipsum, pharetra et tincidunt a, venenatis at ex. Nunc ac risus et lacus ornare sagittis vitae et velit. Donec luctus auctor quam vel sollicitudin. Maecenas cursus risus tellus, et porta augue vehicula a. Aliquam porta pellentesque ultrices.", "type": "text", "style": "", "detail": 0, "format": 0, "version": 1}], "direction": null, "textStyle": "", "textFormat": 0}, {"type": "paragraph", "format": "", "indent": 0, "version": 1, "children": [{"mode": "normal", "text": "Vivamus felis turpis, blandit ut tellus id, commodo tristique nisi. Donec at eros porttitor, consequat mi at, tempor felis. Donec dignissim tincidunt nibh id rutrum. Phasellus et massa condimentum velit dapibus facilisis. Phasellus in mauris erat. Morbi at suscipit enim. Vestibulum fermentum ligula id erat ultricies iaculis. Pellentesque nec nisi sapien. Etiam volutpat a magna sit amet volutpat. Duis metus lorem, venenatis ac sodales eu, placerat in sapien. Vestibulum vel mollis nisl. Quisque eu aliquet orci, posuere fringilla erat. Vivamus tempus enim ut risus sollicitudin, quis volutpat dui mollis. Duis hendrerit felis diam, ac rhoncus felis sollicitudin ac. Donec vel aliquam ipsum. Integer at nisi ullamcorper, rhoncus neque ac, mattis massa.", "type": "text", "style": "", "detail": 0, "format": 0, "version": 1}], "direction": null, "textStyle": "", "textFormat": 0}, {"type": "paragraph", "format": "", "indent": 0, "version": 1, "children": [{"mode": "normal", "text": "Fusce a suscipit orci, vitae dictum lorem. Nulla sit amet ante arcu. Aliquam ornare in urna eget varius. Donec facilisis, dui pharetra rutrum eleifend, diam mi consequat leo, sit amet iaculis erat metus ac neque. Pellentesque id nisl sed arcu tincidunt egestas. Ut sit amet lobortis erat. Proin erat dui, luctus sit amet dictum et, hendrerit quis risus. Proin quis elementum magna, in consequat nisi. Aliquam tincidunt gravida cursus. Sed ac lorem a purus pulvinar cursus. Vivamus sem sapien, vehicula quis erat nec, ultricies eleifend felis. Duis a quam pharetra, rutrum lorem vitae, semper ligula. Vestibulum a risus molestie, pharetra ligula id, aliquam arcu.", "type": "text", "style": "", "detail": 0, "format": 0, "version": 1}], "direction": null, "textStyle": "", "textFormat": 0}, {"type": "paragraph", "format": "", "indent": 0, "version": 1, "children": [{"mode": "normal", "text": "Fusce pellentesque in justo non vestibulum. Donec eu lectus gravida, elementum est quis, malesuada nisl. Aenean ut imperdiet neque. Nunc varius euismod condimentum. Praesent ex purus, volutpat sed facilisis sed, laoreet quis lacus. Vestibulum sed erat auctor neque cursus maximus non in lorem. Integer volutpat quam vel gravida consectetur.", "type": "text", "style": "", "detail": 0, "format": 0, "version": 1}], "direction": null, "textStyle": "", "textFormat": 0}], "direction": null}}	post 4 | Payload Website Template	\N	Lorem ipsum dolor sit amet, consectetur adipiscing elit. Proin in vestibulum eros. Nunc ullamcorper eu odio et sollicitudin. Proin vitae nisi id le\n	2025-10-27 00:00:00+01	post-4	f	2025-10-27 20:13:31.265+01	2025-10-27 20:11:44.735+01	published	2025-10-27 20:13:31.271+01	2025-10-27 20:13:31.271+01	f	f
4	1	post01	\N	{"root": {"type": "root", "format": "", "indent": 0, "version": 1, "children": [{"type": "paragraph", "format": "", "indent": 0, "version": 1, "children": [{"mode": "normal", "text": "posts ", "type": "text", "style": "", "detail": 0, "format": 0, "version": 1}], "direction": null, "textStyle": "", "textFormat": 0}], "direction": null}}	\N	\N	\N	2025-10-24 18:06:54.442+02	post01	f	2025-10-24 18:07:01.308+02	2025-10-24 13:53:45.978+02	draft	2025-10-24 18:07:01.308+02	2025-10-24 18:07:01.308+02	f	t
11	1	post01	\N	{"root": {"type": "root", "format": "", "indent": 0, "version": 1, "children": [{"type": "paragraph", "format": "", "indent": 0, "version": 1, "children": [{"mode": "normal", "text": "Lorem ipsum dolor sit amet, consectetur adipiscing elit. Maecenas egestas erat risus, ac semper justo molestie vel. Aliquam erat volutpat. Phasellus imperdiet metus erat, id maximus diam placerat eu. Nam luctus lorem eget mauris tempus egestas. Aliquam tempus varius urna, quis finibus odio luctus a. Integer dictum finibus ex nec placerat. Phasellus risus est, consequat vitae tortor vel, accumsan commodo sapien. Ut convallis nunc et metus interdum, in luctus enim molestie. Fusce aliquet elit sed est imperdiet, vel elementum enim varius. Sed quis blandit arcu, lacinia molestie ante. Proin ac turpis urna. Pellentesque in tristique erat. Sed vitae congue sapien. Curabitur consectetur felis lectus. Etiam eu ligula id arcu feugiat eleifend.", "type": "text", "style": "", "detail": 0, "format": 0, "version": 1}], "direction": null, "textStyle": "", "textFormat": 0}, {"type": "paragraph", "format": "", "indent": 0, "version": 1, "children": [{"mode": "normal", "text": "Aliquam in lorem sed sapien bibendum feugiat eu ut turpis. Class aptent taciti sociosqu ad litora torquent per conubia nostra, per inceptos himenaeos. Morbi ante nisi, ultricies et condimentum vel, eleifend ac quam. Proin dui risus, efficitur eu massa eget, sollicitudin efficitur purus. Nulla egestas viverra dolor at tristique. Maecenas augue mi, imperdiet eget mattis in, aliquam eu sem. Ut libero diam, viverra quis lectus sed, congue iaculis ex. Ut semper ultricies posuere. Donec malesuada, leo ut semper rhoncus, tortor est pharetra turpis, in ultrices ante urna vehicula turpis. Donec eget varius velit, in volutpat neque. Morbi augue arcu, posuere non ullamcorper at, laoreet eu mauris. Suspendisse potenti. Pellentesque interdum leo ac sem convallis facilisis. Donec nec eros sit amet arcu ultrices mollis id et nisl.", "type": "text", "style": "", "detail": 0, "format": 0, "version": 1}], "direction": null, "textStyle": "", "textFormat": 0}, {"type": "paragraph", "format": "", "indent": 0, "version": 1, "children": [{"mode": "normal", "text": "Sed faucibus tellus sed orci porta tincidunt. Integer laoreet, turpis nec lobortis ultricies, ante risus volutpat odio, ut malesuada eros metus nec lorem. Ut eu mauris sed turpis accumsan scelerisque quis non lectus. Fusce et quam orci. Nam tempus felis eu turpis bibendum, non maximus nibh scelerisque. Donec id congue nisi. Fusce nulla dui, cursus consequat aliquet non, blandit et turpis. Proin ac laoreet urna. Donec id mi in felis elementum euismod in quis augue. Integer eget eleifend est.", "type": "text", "style": "", "detail": 0, "format": 0, "version": 1}], "direction": null, "textStyle": "", "textFormat": 0}, {"type": "paragraph", "format": "", "indent": 0, "version": 1, "children": [{"mode": "normal", "text": "Phasellus mollis cursus tortor, in dignissim felis vulputate quis. Nulla interdum nulla imperdiet, pulvinar mauris eget, sagittis mauris. Donec aliquam semper tellus quis condimentum. Vivamus sit amet nisl sit amet lectus ullamcorper faucibus. Vestibulum ante ipsum primis in faucibus orci luctus et ultrices posuere cubilia curae; Nullam mollis, libero finibus blandit luctus, nisl ante convallis risus, a aliquam sapien neque et risus. Praesent mollis porta laoreet. Duis lacus tortor, malesuada vitae metus non, efficitur viverra dolor. Phasellus rhoncus felis turpis, sed malesuada tellus malesuada in. Praesent fermentum sodales lacus eget lacinia. Sed convallis non purus id iaculis. Donec in malesuada enim. Cras vitae odio odio. Donec non nisi risus.", "type": "text", "style": "", "detail": 0, "format": 0, "version": 1}], "direction": null, "textStyle": "", "textFormat": 0}, {"type": "paragraph", "format": "", "indent": 0, "version": 1, "children": [{"mode": "normal", "text": "Etiam ac est lorem. Nullam fringilla vitae orci sed suscipit. Sed fermentum, nunc quis ultricies molestie, odio lectus suscipit enim, et venenatis dui tortor eget dolor. Suspendisse tempus tempor lacus sed tristique. Pellentesque habitant morbi tristique senectus et netus et malesuada fames ac turpis egestas. Integer sodales metus in neque pellentesque, eget rutrum lectus accumsan. Quisque at blandit mauris. Aliquam commodo volutpat tempus.", "type": "text", "style": "", "detail": 0, "format": 0, "version": 1}], "direction": null, "textStyle": "", "textFormat": 0}, {"type": "paragraph", "format": "", "indent": 0, "version": 1, "children": [], "direction": null, "textStyle": "", "textFormat": 0}], "direction": null}}	\N	\N	\N	2025-10-24 18:06:54.442+02	post01	f	2025-10-24 19:01:23.66+02	2025-10-24 13:53:45.978+02	published	2025-10-24 19:01:23.666+02	2025-10-24 19:01:23.666+02	f	f
67	1	post01	\N	{"root": {"type": "root", "format": "", "indent": 0, "version": 1, "children": [{"type": "paragraph", "format": "", "indent": 0, "version": 1, "children": [{"mode": "normal", "text": "Lorem aaaaaaaaaaaaaaaaaaaaaipsum dolor sit amet, consectetur adipiscing elit. Maecenas egestas erat risus, ac semper justo molestie vel. Aliquam erat volutpat. Phasellus imperdiet metus erat, id maximus diam placerat eu. Nam luctus lorem eget mauris tempus egestas. Aliquam tempus varius urna, quis finibus odio luctus a. Integer dictum finibus ex nec placerat. Phasellus risus est, consequat vitae tortor vel, accumsan commodo sapien. Ut convallis nunc et metus interdum, in luctus enim molestie. Fusce aliquet elit sed est imperdiet, vel elementum enim varius. Sed quis blandit arcu, lacinia molestie ante. Proin ac turpis urna. Pellentesque in tristique erat. Sed vitae congue sapien. Curabitur consectetur felis lectus. Etiam eu ligula id arcu feugiat eleifend.", "type": "text", "style": "", "detail": 0, "format": 0, "version": 1}], "direction": null, "textStyle": "", "textFormat": 0}, {"type": "paragraph", "format": "", "indent": 0, "version": 1, "children": [{"mode": "normal", "text": "Aliquam in lorem sed sapien bibendum feugiat eu ut turpis. Class aptent taciti sociosqu ad litora torquent per conubia nostra, per inceptos himenaeos. Morbi ante nisi, ultricies et condimentum vel, eleifend ac quam. Proin dui risus, efficitur eu massa eget, sollicitudin efficitur purus. Nulla egestas viverra dolor at tristique. Maecenas augue mi, imperdiet eget mattis in, aliquam eu sem. Ut libero diam, viverra quis lectus sed, congue iaculis ex. Ut semper ultricies posuere. Donec malesuada, leo ut semper rhoncus, tortor est pharetra turpis, in ultrices ante urna vehicula turpis. Donec eget varius velit, in volutpat neque. Morbi augue arcu, posuere non ullamcorper at, laoreet eu mauris. Suspendisse potenti. Pellentesque interdum leo ac sem convallis facilisis. Donec nec eros sit amet arcu ultrices mollis id et nisl.", "type": "text", "style": "", "detail": 0, "format": 0, "version": 1}], "direction": null, "textStyle": "", "textFormat": 0}, {"type": "paragraph", "format": "", "indent": 0, "version": 1, "children": [{"mode": "normal", "text": "Sed faucibus tellus sed orci porta tincidunt. Integer laoreet, turpis nec lobortis ultricies, ante risus volutpat odio, ut malesuada eros metus nec lorem. Ut eu mauris sed turpis accumsan scelerisque quis non lectus. Fusce et quam orci. Nam tempus felis eu turpis bibendum, non maximus nibh scelerisque. Donec id congue nisi. Fusce nulla dui, cursus consequat aliquet non, blandit et turpis. Proin ac laoreet urna. Donec id mi in felis elementum euismod in quis augue. Integer eget eleifend est.", "type": "text", "style": "", "detail": 0, "format": 0, "version": 1}], "direction": null, "textStyle": "", "textFormat": 0}, {"type": "paragraph", "format": "", "indent": 0, "version": 1, "children": [{"mode": "normal", "text": "Phasellus mollis cursus tortor, in dignissim felis vulputate quis. Nulla interdum nulla imperdiet, pulvinar mauris eget, sagittis mauris. Donec aliquam semper tellus quis condimentum. Vivamus sit amet nisl sit amet lectus ullamcorper faucibus. Vestibulum ante ipsum primis in faucibus orci luctus et ultrices posuere cubilia curae; Nullam mollis, libero finibus blandit luctus, nisl ante convallis risus, a aliquam sapien neque et risus. Praesent mollis porta laoreet. Duis lacus tortor, malesuada vitae metus non, efficitur viverra dolor. Phasellus rhoncus felis turpis, sed malesuada tellus malesuada in. Praesent fermentum sodales lacus eget lacinia. Sed convallis non purus id iaculis. Donec in malesuada enim. Cras vitae odio odio. Donec non nisi risus.", "type": "text", "style": "", "detail": 0, "format": 0, "version": 1}], "direction": null, "textStyle": "", "textFormat": 0}, {"type": "paragraph", "format": "", "indent": 0, "version": 1, "children": [{"mode": "normal", "text": "Etiam ac est lorem. Nullam fringilla vitae orci sed suscipit. Sed fermentum, nunc quis ultricies molestie, odio lectus suscipit enim, et venenatis dui tortor eget dolor. Suspendisse tempus tempor lacus sed tristique. Pellentesque habitant morbi tristique senectus et netus et malesuada fames ac turpis egestas. Integer sodales metus in neque pellentesque, eget rutrum lectus accumsan. Quisque at blandit mauris. Aliquam commodo volutpat tempus.", "type": "text", "style": "", "detail": 0, "format": 0, "version": 1}], "direction": null, "textStyle": "", "textFormat": 0}, {"type": "paragraph", "format": "", "indent": 0, "version": 1, "children": [], "direction": null, "textStyle": "", "textFormat": 0}], "direction": null}}	post01 | Payload Website Template	\N	Lorem ipsum dolor sit amet, consectetur adipiscing el sskkj iosjijijsi ijsijijs isjijisjij sijisjsijis isjiijis isji isji	2025-10-24 18:06:54.442+02	post01	f	2025-11-20 20:07:00.229+01	2025-10-24 13:53:45.978+02	draft	2025-11-20 20:06:59.2+01	2025-11-20 20:07:00.229+01	f	t
71	2	post 2	68	{"root": {"type": "root", "format": "", "indent": 0, "version": 1, "children": [{"tag": "h1", "type": "heading", "format": "", "indent": 0, "version": 1, "children": [{"mode": "normal", "text": "Lorem ipsum dolor sit ameta", "type": "text", "style": "", "detail": 0, "format": 0, "version": 1}], "direction": null}, {"type": "paragraph", "format": "", "indent": 0, "version": 1, "children": [{"mode": "normal", "text": ", consectetur adipiscing elit. Maecenas tempor mollis ipsum et volutpat. Integer faucibus metus at tortor posuere vestibulum. Nulla iaculis id massa ut euismod. Nullam dignissim vehicula orci nec condimentum. Fusce gravida, diam ac ultricies consectetur, neque turpis ullamcorper eros, eget placerat dolor augue sed augue. Integer ut nisi nec nisl maximus lacinia sed vehicula mauris. Pellentesque aliquet nibh at metus cursus congue vel nec leo. Mauris maximus ac leo vitae dapibus. Nam pretium lectus accumsan augue pellentesque euismod. Ut laoreet facilisis vehicula. Morbi velit purus, mattis eget libero vel, dictum venenatis erat. Suspendisse sapien metus, consectetur in tempor eu, scelerisque vitae elit. Nulla facilisi.", "type": "text", "style": "", "detail": 0, "format": 0, "version": 1}], "direction": null, "textStyle": "", "textFormat": 0}, {"type": "paragraph", "format": "", "indent": 0, "version": 1, "children": [{"mode": "normal", "text": "Duis quis turpis non purus porttitor luctus et sit amet nulla", "type": "text", "style": "", "detail": 0, "format": 2, "version": 1}, {"mode": "normal", "text": ". Phasellus imperdiet eleifend ligula. Proin eu egestas turpis, molestie congue nisl. Aenean laoreet lorem lorem, ac lacinia lorem molestie interdum. Nunc sit amet commodo quam. Proin commodo rhoncus egestas. Donec fringilla leo augue, nec tempus leo gravida a. Aliquam at tristique enim. Aenean non semper lacus. Vivamus efficitur mollis laoreet. Praesent tempus dictum elit, eget volutpat sapien euismod hendrerit. Sed tempor odio vitae lectus congue, sed blandit massa fermentum.", "type": "text", "style": "", "detail": 0, "format": 0, "version": 1}], "direction": null, "textStyle": "", "textFormat": 2}, {"type": "quote", "format": "", "indent": 0, "version": 1, "children": [{"mode": "normal", "text": "In non justo vel quam facilisis aliquam vitae pretium lorem. Sed vitae egestas turpis. Duis non tortor in eros eleifend laoreet. Pellentesque habitant morbi tristique senectus et netus et malesuada fames ac turpis egestas. Donec mauris lectus, vulputate ut egestas ut, iaculis a erat. Sed neque libero, semper nec semper a, vulputate vitae ipsum. Nam pulvinar nisi at orci condimentum, sed posuere nisi rutrum. Duis laoreet porttitor orci ut volutpat. Phasellus congue erat sit amet egestas aliquam. Morbi venenatis neque sit amet nunc porta finibus. Curabitur id velit lectus.", "type": "text", "style": "", "detail": 0, "format": 0, "version": 1}], "direction": null}, {"type": "paragraph", "format": "", "indent": 0, "version": 1, "children": [{"mode": "normal", "text": "Vivamus porta risus et erat interdum, a condimentum augue mollis. Proin pharetra, nunc ac volutpat dapibus, elit lacus egestas ante, a accumsan eros ante eleifend nibh. Nulla commodo eget sem quis facilisis. Pellentesque diam ante, ornare in blandit at, placerat vitae orci. Sed venenatis sapien ex, sit amet semper nunc pulvinar sed. Praesent eu quam vel mi scelerisque imperdiet. Phasellus in interdum elit. Proin pellentesque libero massa, condimentum pretium mi scelerisque at. Integer in sem sed sem pellentesque cursus id in tortor. Nullam id tristique dui. Sed et rhoncus ipsum, vitae ornare erat. Mauris sit amet odio dapibus dui porta congue. In egestas fringilla fermentum. Fusce vulputate faucibus diam, ac posuere urna feugiat nec.", "type": "text", "style": "", "detail": 0, "format": 0, "version": 1}], "direction": null, "textStyle": "", "textFormat": 0}, {"type": "paragraph", "format": "", "indent": 0, "version": 1, "children": [{"mode": "normal", "text": "Proin id porta tellus. Fusce suscipit turpis ac mattis scelerisque. Integer lacinia mi et posuere imperdiet. Donec ut ligula nec tellus maximus imperdiet. Nam egestas erat tincidunt, blandit sem quis, gravida lacus. Quisque dictum dapibus dictum. Aliquam ac urna sit amet sapien ultricies efficitur. Mauris ac tincidunt velit, sed aliquet diam. Praesent non risus sodales, sollicitudin lectus sagittis, convallis ante. Quisque imperdiet ante eget ligula vehicula placerat cursus vitae purus. Etiam eu venenatis orci.", "type": "text", "style": "", "detail": 0, "format": 0, "version": 1}], "direction": null, "textStyle": "", "textFormat": 0}, {"type": "block", "fields": {"id": "68fbb90a8a804de2de0fb8bb", "media": 24, "blockName": "", "blockType": "mediaBlock", "sectionName": "borrar"}, "format": "", "version": 2}, {"type": "paragraph", "format": "", "indent": 0, "version": 1, "children": [], "direction": null, "textStyle": "", "textFormat": 0}, {"type": "paragraph", "format": "", "indent": 0, "version": 1, "children": [{"mode": "normal", "text": "Donec ut vehicula lectus, at pellentesque orci. Phasellus lacinia viverra ex at fermentum. Nunc tincidunt nunc et lectus malesuada, id fermentum nisl facilisis. Donec elementum mollis massa varius scelerisque. Aliquam tincidunt nibh eu pellentesque consectetur. Morbi venenatis sapien lacus, sit amet vulputate elit tempus posuere. Proin ut facilisis felis, vel rhoncus felis. Integer imperdiet sem ut neque aliquam, eget vestibulum eros ultricies. Duis efficitur sem enim, sit amet tristique urna gravida non. Aliquam aliquet consectetur neque id tristique. Praesent sit amet erat quam. Nullam egestas orci id tellus scelerisque, vel ullamcorper dui dictum. Nulla tempus ac sapien nec porttitor.", "type": "text", "style": "", "detail": 0, "format": 0, "version": 1}], "direction": null, "textStyle": "", "textFormat": 0}, {"type": "paragraph", "format": "", "indent": 0, "version": 1, "children": [{"mode": "normal", "text": "Sed fermentum a lectus hendrerit ullamcorper. Nunc sagittis nec lacus vel volutpat. In ac enim eros. Nunc dapibus, turpis et faucibus vulputate, quam sapien dictum lorem, id varius tortor elit faucibus odio. Sed at justo ac nisl placerat vestibulum at in diam. Vivamus quis condimentum enim. Mauris vestibulum nec erat nec congue. Vestibulum luctus tincidunt tellus et iaculis. Integer at ligula mi. Fusce laoreet leo vel quam efficitur, vitae vulputate leo efficitur. Sed pharetra ligula vitae ex pharetra viverra. Donec metus justo, commodo in dictum sit amet, cursus quis enim. Phasellus laoreet quam sapien, vitae congue mauris posuere non. Interdum et malesuada fames ac ante ipsum primis in faucibus. Nullam euismod rhoncus arcu, a blandit est pharetra ac. Pellentesque sapien mauris, dapibus sit amet risus sit amet, tempor eleifend purus.", "type": "text", "style": "", "detail": 0, "format": 0, "version": 1}], "direction": null, "textStyle": "", "textFormat": 0}, {"type": "paragraph", "format": "", "indent": 0, "version": 1, "children": [{"mode": "normal", "text": "Pellentesque varius vel eros quis convallis. Cras nec purus diam. Suspendisse id lobortis velit. Fusce convallis nisl libero, nec pretium nunc dictum non. Nam ut egestas ipsum. Sed sem sapien, hendrerit in sollicitudin et, pulvinar in metus. Praesent iaculis tempor massa ac sollicitudin. Nunc vestibulum aliquet lectus sit amet volutpat. Suspendisse nec varius augue. Aliquam tellus lacus, euismod ut tortor non, rhoncus semper libero. Nunc ac fringilla magna, et ultrices diam. Fusce ac ipsum nisl.", "type": "text", "style": "", "detail": 0, "format": 0, "version": 1}], "direction": null, "textStyle": "", "textFormat": 0}, {"type": "paragraph", "format": "", "indent": 0, "version": 1, "children": [{"mode": "normal", "text": "Vestibulum erat ante, maximus eget ante vitae, ornare congue tortor. Nam nunc elit, ultricies quis tincidunt sit amet, dignissim eu mauris. Quisque congue lectus ut viverra interdum. Donec porta est ac tincidunt rutrum. Integer tempus ipsum rutrum, fringilla orci ut, feugiat erat. Aliquam a placerat justo. Sed vel dolor ultricies, sollicitudin sem id, fringilla diam. Nam eget lacus eu mauris sagittis fermentum eu vitae turpis. Nulla nisi massa, sagittis viverra ullamcorper nec, consequat vitae nisl. Maecenas molestie ligula id arcu malesuada viverra. Nunc nulla nibh, luctus ac augue vitae, imperdiet tempor est.", "type": "text", "style": "", "detail": 0, "format": 0, "version": 1}], "direction": null, "textStyle": "", "textFormat": 0}, {"type": "paragraph", "format": "", "indent": 0, "version": 1, "children": [{"mode": "normal", "text": "Nullam interdum sapien eget bibendum maximus. Duis ac massa ac dolor consectetur eleifend. Proin nec tempor nibh, vel molestie nisi. Nunc eros mi, laoreet ut porttitor rhoncus, vestibulum sit amet arcu. Nullam at pellentesque ligula. Sed id dignissim magna. In aliquam mi sapien, vitae ornare quam aliquet tempor.", "type": "text", "style": "", "detail": 0, "format": 0, "version": 1}], "direction": null, "textStyle": "", "textFormat": 0}], "direction": null}}	post 2 | Payload Website Template	68	Lorem ipsum dolor sit amet, consectetur adipiscing elit. Maecenas tempor mollis ipsum et volutpat. Integer faucibus metus at tortor posuere vestibulu	2025-10-24 19:36:34.051+02	post-2	f	2025-11-25 09:39:42.686+01	2025-10-24 19:34:43.606+02	draft	2025-11-25 09:39:33.731+01	2025-11-25 09:39:42.686+01	f	t
72	2	post 2	68	{"root": {"type": "root", "format": "", "indent": 0, "version": 1, "children": [{"tag": "h1", "type": "heading", "format": "", "indent": 0, "version": 1, "children": [{"mode": "normal", "text": "Lorem ipsum dolor sit ameta", "type": "text", "style": "", "detail": 0, "format": 0, "version": 1}], "direction": null}, {"type": "paragraph", "format": "", "indent": 0, "version": 1, "children": [{"mode": "normal", "text": ", consectetur adipiscing elit. Maecenas tempor mollis ipsum et volutpat. Integer faucibus metus at tortor posuere vestibulum. Nulla iaculis id massa ut euismod. Nullam dignissim vehicula orci nec condimentum. Fusce gravida, diam ac ultricies consectetur, neque turpis ullamcorper eros, eget placerat dolor augue sed augue. Integer ut nisi nec nisl maximus lacinia sed vehicula mauris. Pellentesque aliquet nibh at metus cursus congue vel nec leo. Mauris maximus ac leo vitae dapibus. Nam pretium lectus accumsan augue pellentesque euismod. Ut laoreet facilisis vehicula. Morbi velit purus, mattis eget libero vel, dictum venenatis erat. Suspendisse sapien metus, consectetur in tempor eu, scelerisque vitae elit. Nulla facilisi.", "type": "text", "style": "", "detail": 0, "format": 0, "version": 1}], "direction": null, "textStyle": "", "textFormat": 0}, {"type": "paragraph", "format": "", "indent": 0, "version": 1, "children": [{"mode": "normal", "text": "Duis quis turpis non purus porttitor luctus et sit amet nulla", "type": "text", "style": "", "detail": 0, "format": 2, "version": 1}, {"mode": "normal", "text": ". Phasellus imperdiet eleifend ligula. Proin eu egestas turpis, molestie congue nisl. Aenean laoreet lorem lorem, ac lacinia lorem molestie interdum. Nunc sit amet commodo quam. Proin commodo rhoncus egestas. Donec fringilla leo augue, nec tempus leo gravida a. Aliquam at tristique enim. Aenean non semper lacus. Vivamus efficitur mollis laoreet. Praesent tempus dictum elit, eget volutpat sapien euismod hendrerit. Sed tempor odio vitae lectus congue, sed blandit massa fermentum.", "type": "text", "style": "", "detail": 0, "format": 0, "version": 1}], "direction": null, "textStyle": "", "textFormat": 2}, {"type": "quote", "format": "", "indent": 0, "version": 1, "children": [{"mode": "normal", "text": "In non justo vel quam facilisis aliquam vitae pretium lorem. Sed vitae egestas turpis. Duis non tortor in eros eleifend laoreet. Pellentesque habitant morbi tristique senectus et netus et malesuada fames ac turpis egestas. Donec mauris lectus, vulputate ut egestas ut, iaculis a erat. Sed neque libero, semper nec semper a, vulputate vitae ipsum. Nam pulvinar nisi at orci condimentum, sed posuere nisi rutrum. Duis laoreet porttitor orci ut volutpat. Phasellus congue erat sit amet egestas aliquam. Morbi venenatis neque sit amet nunc porta finibus. Curabitur id velit lectus.", "type": "text", "style": "", "detail": 0, "format": 0, "version": 1}], "direction": null}, {"type": "paragraph", "format": "", "indent": 0, "version": 1, "children": [{"mode": "normal", "text": "Vivamus porta risus et erat interdum, a condimentum augue mollis. Proin pharetra, nunc ac volutpat dapibus, elit lacus egestas ante, a accumsan eros ante eleifend nibh. Nulla commodo eget sem quis facilisis. Pellentesque diam ante, ornare in blandit at, placerat vitae orci. Sed venenatis sapien ex, sit amet semper nunc pulvinar sed. Praesent eu quam vel mi scelerisque imperdiet. Phasellus in interdum elit. Proin pellentesque libero massa, condimentum pretium mi scelerisque at. Integer in sem sed sem pellentesque cursus id in tortor. Nullam id tristique dui. Sed et rhoncus ipsum, vitae ornare erat. Mauris sit amet odio dapibus dui porta congue. In egestas fringilla fermentum. Fusce vulputate faucibus diam, ac posuere urna feugiat nec.", "type": "text", "style": "", "detail": 0, "format": 0, "version": 1}], "direction": null, "textStyle": "", "textFormat": 0}, {"type": "paragraph", "format": "", "indent": 0, "version": 1, "children": [{"mode": "normal", "text": "Proin id porta tellus. Fusce suscipit turpis ac mattis scelerisque. Integer lacinia mi et posuere imperdiet. Donec ut ligula nec tellus maximus imperdiet. Nam egestas erat tincidunt, blandit sem quis, gravida lacus. Quisque dictum dapibus dictum. Aliquam ac urna sit amet sapien ultricies efficitur. Mauris ac tincidunt velit, sed aliquet diam. Praesent non risus sodales, sollicitudin lectus sagittis, convallis ante. Quisque imperdiet ante eget ligula vehicula placerat cursus vitae purus. Etiam eu venenatis orci.", "type": "text", "style": "", "detail": 0, "format": 0, "version": 1}], "direction": null, "textStyle": "", "textFormat": 0}, {"type": "block", "fields": {"id": "68fbb90a8a804de2de0fb8bb", "media": 24, "blockName": "", "blockType": "mediaBlock", "sectionName": "borrar"}, "format": "", "version": 2}, {"type": "paragraph", "format": "", "indent": 0, "version": 1, "children": [], "direction": null, "textStyle": "", "textFormat": 0}, {"type": "paragraph", "format": "", "indent": 0, "version": 1, "children": [{"mode": "normal", "text": "Donec ut vehicula lectus, at pellentesque orci. Phasellus lacinia viverra ex at fermentum. Nunc tincidunt nunc et lectus malesuada, id fermentum nisl facilisis. Donec elementum mollis massa varius scelerisque. Aliquam tincidunt nibh eu pellentesque consectetur. Morbi venenatis sapien lacus, sit amet vulputate elit tempus posuere. Proin ut facilisis felis, vel rhoncus felis. Integer imperdiet sem ut neque aliquam, eget vestibulum eros ultricies. Duis efficitur sem enim, sit amet tristique urna gravida non. Aliquam aliquet consectetur neque id tristique. Praesent sit amet erat quam. Nullam egestas orci id tellus scelerisque, vel ullamcorper dui dictum. Nulla tempus ac sapien nec porttitor.", "type": "text", "style": "", "detail": 0, "format": 0, "version": 1}], "direction": null, "textStyle": "", "textFormat": 0}, {"type": "paragraph", "format": "", "indent": 0, "version": 1, "children": [{"mode": "normal", "text": "Sed fermentum a lectus hendrerit ullamcorper. Nunc sagittis nec lacus vel volutpat. In ac enim eros. Nunc dapibus, turpis et faucibus vulputate, quam sapien dictum lorem, id varius tortor elit faucibus odio. Sed at justo ac nisl placerat vestibulum at in diam. Vivamus quis condimentum enim. Mauris vestibulum nec erat nec congue. Vestibulum luctus tincidunt tellus et iaculis. Integer at ligula mi. Fusce laoreet leo vel quam efficitur, vitae vulputate leo efficitur. Sed pharetra ligula vitae ex pharetra viverra. Donec metus justo, commodo in dictum sit amet, cursus quis enim. Phasellus laoreet quam sapien, vitae congue mauris posuere non. Interdum et malesuada fames ac ante ipsum primis in faucibus. Nullam euismod rhoncus arcu, a blandit est pharetra ac. Pellentesque sapien mauris, dapibus sit amet risus sit amet, tempor eleifend purus.", "type": "text", "style": "", "detail": 0, "format": 0, "version": 1}], "direction": null, "textStyle": "", "textFormat": 0}, {"type": "paragraph", "format": "", "indent": 0, "version": 1, "children": [{"mode": "normal", "text": "Pellentesque varius vel eros quis convallis. Cras nec purus diam. Suspendisse id lobortis velit. Fusce convallis nisl libero, nec pretium nunc dictum non. Nam ut egestas ipsum. Sed sem sapien, hendrerit in sollicitudin et, pulvinar in metus. Praesent iaculis tempor massa ac sollicitudin. Nunc vestibulum aliquet lectus sit amet volutpat. Suspendisse nec varius augue. Aliquam tellus lacus, euismod ut tortor non, rhoncus semper libero. Nunc ac fringilla magna, et ultrices diam. Fusce ac ipsum nisl.", "type": "text", "style": "", "detail": 0, "format": 0, "version": 1}], "direction": null, "textStyle": "", "textFormat": 0}, {"type": "paragraph", "format": "", "indent": 0, "version": 1, "children": [{"mode": "normal", "text": "Vestibulum erat ante, maximus eget ante vitae, ornare congue tortor. Nam nunc elit, ultricies quis tincidunt sit amet, dignissim eu mauris. Quisque congue lectus ut viverra interdum. Donec porta est ac tincidunt rutrum. Integer tempus ipsum rutrum, fringilla orci ut, feugiat erat. Aliquam a placerat justo. Sed vel dolor ultricies, sollicitudin sem id, fringilla diam. Nam eget lacus eu mauris sagittis fermentum eu vitae turpis. Nulla nisi massa, sagittis viverra ullamcorper nec, consequat vitae nisl. Maecenas molestie ligula id arcu malesuada viverra. Nunc nulla nibh, luctus ac augue vitae, imperdiet tempor est.", "type": "text", "style": "", "detail": 0, "format": 0, "version": 1}], "direction": null, "textStyle": "", "textFormat": 0}, {"type": "paragraph", "format": "", "indent": 0, "version": 1, "children": [{"mode": "normal", "text": "Nullam interdum sapien eget bibendum maximus. Duis ac massa ac dolor consectetur eleifend. Proin nec tempor nibh, vel molestie nisi. Nunc eros mi, laoreet ut porttitor rhoncus, vestibulum sit amet arcu. Nullam at pellentesque ligula. Sed id dignissim magna. In aliquam mi sapien, vitae ornare quam aliquet tempor.", "type": "text", "style": "", "detail": 0, "format": 0, "version": 1}], "direction": null, "textStyle": "", "textFormat": 0}], "direction": null}}	post 2 | Payload Website Template	68	Lorem ipsum dolor sit amet, consectetur adipiscing elit. Maecenas tempor mollis ipsum et volutpat. Integer faucibus metus at tortor posuere vestibulu	2025-10-24 19:36:34.051+02	post-2	f	2025-11-25 09:39:45.495+01	2025-10-24 19:34:43.606+02	published	2025-11-25 09:39:45.5+01	2025-11-25 09:39:45.5+01	f	f
58	10	Lorem ipsum dolor sit amet, consectetur adipiscing elit	\N	{"root": {"type": "root", "format": "", "indent": 0, "version": 1, "children": [{"type": "paragraph", "format": "", "indent": 0, "version": 1, "children": [{"mode": "normal", "text": "Lorem ipsum dolor sit amet, consectetur adipiscing elit. Proin in vestibulum eros. Nunc ullamcorper eu odio et sollicitudin. Proin vitae nisi id lectus egestas posuere eu aliquam mi. Sed tempor sodales arcu, id euismod orci maximus quis. Morbi eu est felis. Cras nec sem volutpat, sodales metus et, feugiat est. Aliquam iaculis consequat nisl ac aliquam. Pellentesque sit amet ipsum dui. Mauris elit nunc, fringilla et leo eget, varius consectetur odio. Donec tortor nisi, auctor non tincidunt sagittis, iaculis pretium augue. Nunc ut pellentesque risus. Aliquam sit amet sodales justo.", "type": "text", "style": "", "detail": 0, "format": 0, "version": 1}], "direction": null, "textStyle": "", "textFormat": 0}, {"type": "paragraph", "format": "", "indent": 0, "version": 1, "children": [{"mode": "normal", "text": "Sed consectetur vel felis ut laoreet. Pellentesque habitant morbi tristique senectus et netus et malesuada fames ac turpis egestas. Sed ut tempus enim. Maecenas quis suscipit tortor. Etiam consequat magna ante, eu dapibus est tincidunt eu. Morbi molestie mauris vitae vestibulum pellentesque. Curabitur vel luctus purus. Vivamus ornare, augue vel laoreet ultrices, nibh lacus faucibus nunc, lacinia commodo nisl turpis sed ex. Vestibulum gravida tortor sed nisl finibus porttitor. Sed lorem ipsum, pharetra et tincidunt a, venenatis at ex. Nunc ac risus et lacus ornare sagittis vitae et velit. Donec luctus auctor quam vel sollicitudin. Maecenas cursus risus tellus, et porta augue vehicula a. Aliquam porta pellentesque ultrices.", "type": "text", "style": "", "detail": 0, "format": 0, "version": 1}], "direction": null, "textStyle": "", "textFormat": 0}, {"type": "paragraph", "format": "", "indent": 0, "version": 1, "children": [{"mode": "normal", "text": "Vivamus felis turpis, blandit ut tellus id, commodo tristique nisi. Donec at eros porttitor, consequat mi at, tempor felis. Donec dignissim tincidunt nibh id rutrum. Phasellus et massa condimentum velit dapibus facilisis. Phasellus in mauris erat. Morbi at suscipit enim. Vestibulum fermentum ligula id erat ultricies iaculis. Pellentesque nec nisi sapien. Etiam volutpat a magna sit amet volutpat. Duis metus lorem, venenatis ac sodales eu, placerat in sapien. Vestibulum vel mollis nisl. Quisque eu aliquet orci, posuere fringilla erat. Vivamus tempus enim ut risus sollicitudin, quis volutpat dui mollis. Duis hendrerit felis diam, ac rhoncus felis sollicitudin ac. Donec vel aliquam ipsum. Integer at nisi ullamcorper, rhoncus neque ac, mattis massa.", "type": "text", "style": "", "detail": 0, "format": 0, "version": 1}], "direction": null, "textStyle": "", "textFormat": 0}, {"type": "paragraph", "format": "", "indent": 0, "version": 1, "children": [{"mode": "normal", "text": "Fusce a suscipit orci, vitae dictum lorem. Nulla sit amet ante arcu. Aliquam ornare in urna eget varius. Donec facilisis, dui pharetra rutrum eleifend, diam mi consequat leo, sit amet iaculis erat metus ac neque. Pellentesque id nisl sed arcu tincidunt egestas. Ut sit amet lobortis erat. Proin erat dui, luctus sit amet dictum et, hendrerit quis risus. Proin quis elementum magna, in consequat nisi. Aliquam tincidunt gravida cursus. Sed ac lorem a purus pulvinar cursus. Vivamus sem sapien, vehicula quis erat nec, ultricies eleifend felis. Duis a quam pharetra, rutrum lorem vitae, semper ligula. Vestibulum a risus molestie, pharetra ligula id, aliquam arcu.", "type": "text", "style": "", "detail": 0, "format": 0, "version": 1}], "direction": null, "textStyle": "", "textFormat": 0}, {"type": "paragraph", "format": "", "indent": 0, "version": 1, "children": [{"mode": "normal", "text": "Fusce pellentesque in justo non vestibulum. Donec eu lectus gravida, elementum est quis, malesuada nisl. Aenean ut imperdiet neque. Nunc varius euismod condimentum. Praesent ex purus, volutpat sed facilisis sed, laoreet quis lacus. Vestibulum sed erat auctor neque cursus maximus non in lorem. Integer volutpat quam vel gravida consectetur.", "type": "text", "style": "", "detail": 0, "format": 0, "version": 1}], "direction": null, "textStyle": "", "textFormat": 0}], "direction": null}}	post 4 | Payload Website Template	\N	Lorem ipsum dolor sit amet, consectetur adipiscing elit. Proin in vestibulum eros. Nunc ullamcorper eu odio et sollicitudin. Proin vitae nisi id le\n	2025-10-27 00:00:00+01	lorem-ipsum-dolor-sit-amet-consectetur-adipiscing-elit	f	2025-10-29 09:26:42.235+01	2025-10-28 17:46:32.007+01	published	2025-10-29 09:26:42.241+01	2025-10-29 09:26:42.241+01	f	f
62	10	Lorem ipsum dolor sit amet, consectetur adipiscing elit	\N	{"root": {"type": "root", "format": "", "indent": 0, "version": 1, "children": [{"type": "paragraph", "format": "", "indent": 0, "version": 1, "children": [{"mode": "normal", "text": "Lorem ipsum dolor sit amet, consectetur adipiscing elit. Proin in vestibulum eros. Nunc ullamcorper eu odio et sollicitudin. Proin vitae nisi id lectus egestas posuere eu aliquam mi. Sed tempor sodales arcu, id euismod orci maximus quis. Morbi eu est felis. Cras nec sem volutpat, sodales metus et, feugiat est. Aliquam iaculis consequat nisl ac aliquam. Pellentesque sit amet ipsum dui. Mauris elit nunc, fringilla et leo eget, varius consectetur odio. Donec tortor nisi, auctor non tincidunt sagittis, iaculis pretium augue. Nunc ut pellentesque risus. Aliquam sit amet sodales justo.", "type": "text", "style": "", "detail": 0, "format": 0, "version": 1}], "direction": null, "textStyle": "", "textFormat": 0}, {"type": "paragraph", "format": "", "indent": 0, "version": 1, "children": [{"mode": "normal", "text": "Sed consectetur vel felis ut laoreet. Pellentesque habitant morbi tristique senectus et netus et malesuada fames ac turpis egestas. Sed ut tempus enim. Maecenas quis suscipit tortor. Etiam consequat magna ante, eu dapibus est tincidunt eu. Morbi molestie mauris vitae vestibulum pellentesque. Curabitur vel luctus purus. Vivamus ornare, augue vel laoreet ultrices, nibh lacus faucibus nunc, lacinia commodo nisl turpis sed ex. Vestibulum gravida tortor sed nisl finibus porttitor. Sed lorem ipsum, pharetra et tincidunt a, venenatis at ex. Nunc ac risus et lacus ornare sagittis vitae et velit. Donec luctus auctor quam vel sollicitudin. Maecenas cursus risus tellus, et porta augue vehicula a. Aliquam porta pellentesque ultrices.", "type": "text", "style": "", "detail": 0, "format": 0, "version": 1}], "direction": null, "textStyle": "", "textFormat": 0}, {"type": "paragraph", "format": "", "indent": 0, "version": 1, "children": [{"mode": "normal", "text": "Vivamus felis turpis, blandit ut tellus id, commodo tristique nisi. Donec at eros porttitor, consequat mi at, tempor felis. Donec dignissim tincidunt nibh id rutrum. Phasellus et massa condimentum velit dapibus facilisis. Phasellus in mauris erat. Morbi at suscipit enim. Vestibulum fermentum ligula id erat ultricies iaculis. Pellentesque nec nisi sapien. Etiam volutpat a magna sit amet volutpat. Duis metus lorem, venenatis ac sodales eu, placerat in sapien. Vestibulum vel mollis nisl. Quisque eu aliquet orci, posuere fringilla erat. Vivamus tempus enim ut risus sollicitudin, quis volutpat dui mollis. Duis hendrerit felis diam, ac rhoncus felis sollicitudin ac. Donec vel aliquam ipsum. Integer at nisi ullamcorper, rhoncus neque ac, mattis massa.", "type": "text", "style": "", "detail": 0, "format": 0, "version": 1}], "direction": null, "textStyle": "", "textFormat": 0}, {"type": "paragraph", "format": "", "indent": 0, "version": 1, "children": [{"mode": "normal", "text": "Fusce a suscipit orci, vitae dictum lorem. Nulla sit amet ante arcu. Aliquam ornare in urna eget varius. Donec facilisis, dui pharetra rutrum eleifend, diam mi consequat leo, sit amet iaculis erat metus ac neque. Pellentesque id nisl sed arcu tincidunt egestas. Ut sit amet lobortis erat. Proin erat dui, luctus sit amet dictum et, hendrerit quis risus. Proin quis elementum magna, in consequat nisi. Aliquam tincidunt gravida cursus. Sed ac lorem a purus pulvinar cursus. Vivamus sem sapien, vehicula quis erat nec, ultricies eleifend felis. Duis a quam pharetra, rutrum lorem vitae, semper ligula. Vestibulum a risus molestie, pharetra ligula id, aliquam arcu.", "type": "text", "style": "", "detail": 0, "format": 0, "version": 1}], "direction": null, "textStyle": "", "textFormat": 0}, {"type": "paragraph", "format": "", "indent": 0, "version": 1, "children": [{"mode": "normal", "text": "Fusce pellentesque in justo non vestibulum. Donec eu lectus gravida, elementum est quis, malesuada nisl. Aenean ut imperdiet neque. Nunc varius euismod condimentum. Praesent ex purus, volutpat sed facilisis sed, laoreet quis lacus. Vestibulum sed erat auctor neque cursus maximus non in lorem. Integer volutpat quam vel gravida consectetur.", "type": "text", "style": "", "detail": 0, "format": 0, "version": 1}], "direction": null, "textStyle": "", "textFormat": 0}], "direction": null}}	Lorem ipsum dolor sit amet, consectetur adipiscing elitare w	\N	Lorem ipsum dolor sit amet, consectetur adipiscing elit. Proin in vestibulum eros. Nunc ullamcorper eu odio et sollicitudin. Proin vitae nisi id le\n	2025-10-27 00:00:00+01	lorem-ipsum-dolor-sit-amet-consectetur-adipiscing-elit	f	2025-10-29 19:08:26.303+01	2025-10-28 17:46:32.007+01	published	2025-10-29 19:08:26.307+01	2025-10-29 19:08:26.307+01	f	f
59	10	Lorem ipsum dolor sit amet, consectetur adipiscing elit	\N	{"root": {"type": "root", "format": "", "indent": 0, "version": 1, "children": [{"type": "paragraph", "format": "", "indent": 0, "version": 1, "children": [{"mode": "normal", "text": "Lorem ipsum dolor sit amet, consectetur adipiscing elit. Proin in vestibulum eros. Nunc ullamcorper eu odio et sollicitudin. Proin vitae nisi id lectus egestas posuere eu aliquam mi. Sed tempor sodales arcu, id euismod orci maximus quis. Morbi eu est felis. Cras nec sem volutpat, sodales metus et, feugiat est. Aliquam iaculis consequat nisl ac aliquam. Pellentesque sit amet ipsum dui. Mauris elit nunc, fringilla et leo eget, varius consectetur odio. Donec tortor nisi, auctor non tincidunt sagittis, iaculis pretium augue. Nunc ut pellentesque risus. Aliquam sit amet sodales justo.", "type": "text", "style": "", "detail": 0, "format": 0, "version": 1}], "direction": null, "textStyle": "", "textFormat": 0}, {"type": "paragraph", "format": "", "indent": 0, "version": 1, "children": [{"mode": "normal", "text": "Sed consectetur vel felis ut laoreet. Pellentesque habitant morbi tristique senectus et netus et malesuada fames ac turpis egestas. Sed ut tempus enim. Maecenas quis suscipit tortor. Etiam consequat magna ante, eu dapibus est tincidunt eu. Morbi molestie mauris vitae vestibulum pellentesque. Curabitur vel luctus purus. Vivamus ornare, augue vel laoreet ultrices, nibh lacus faucibus nunc, lacinia commodo nisl turpis sed ex. Vestibulum gravida tortor sed nisl finibus porttitor. Sed lorem ipsum, pharetra et tincidunt a, venenatis at ex. Nunc ac risus et lacus ornare sagittis vitae et velit. Donec luctus auctor quam vel sollicitudin. Maecenas cursus risus tellus, et porta augue vehicula a. Aliquam porta pellentesque ultrices.", "type": "text", "style": "", "detail": 0, "format": 0, "version": 1}], "direction": null, "textStyle": "", "textFormat": 0}, {"type": "paragraph", "format": "", "indent": 0, "version": 1, "children": [{"mode": "normal", "text": "Vivamus felis turpis, blandit ut tellus id, commodo tristique nisi. Donec at eros porttitor, consequat mi at, tempor felis. Donec dignissim tincidunt nibh id rutrum. Phasellus et massa condimentum velit dapibus facilisis. Phasellus in mauris erat. Morbi at suscipit enim. Vestibulum fermentum ligula id erat ultricies iaculis. Pellentesque nec nisi sapien. Etiam volutpat a magna sit amet volutpat. Duis metus lorem, venenatis ac sodales eu, placerat in sapien. Vestibulum vel mollis nisl. Quisque eu aliquet orci, posuere fringilla erat. Vivamus tempus enim ut risus sollicitudin, quis volutpat dui mollis. Duis hendrerit felis diam, ac rhoncus felis sollicitudin ac. Donec vel aliquam ipsum. Integer at nisi ullamcorper, rhoncus neque ac, mattis massa.", "type": "text", "style": "", "detail": 0, "format": 0, "version": 1}], "direction": null, "textStyle": "", "textFormat": 0}, {"type": "paragraph", "format": "", "indent": 0, "version": 1, "children": [{"mode": "normal", "text": "Fusce a suscipit orci, vitae dictum lorem. Nulla sit amet ante arcu. Aliquam ornare in urna eget varius. Donec facilisis, dui pharetra rutrum eleifend, diam mi consequat leo, sit amet iaculis erat metus ac neque. Pellentesque id nisl sed arcu tincidunt egestas. Ut sit amet lobortis erat. Proin erat dui, luctus sit amet dictum et, hendrerit quis risus. Proin quis elementum magna, in consequat nisi. Aliquam tincidunt gravida cursus. Sed ac lorem a purus pulvinar cursus. Vivamus sem sapien, vehicula quis erat nec, ultricies eleifend felis. Duis a quam pharetra, rutrum lorem vitae, semper ligula. Vestibulum a risus molestie, pharetra ligula id, aliquam arcu.", "type": "text", "style": "", "detail": 0, "format": 0, "version": 1}], "direction": null, "textStyle": "", "textFormat": 0}, {"type": "paragraph", "format": "", "indent": 0, "version": 1, "children": [{"mode": "normal", "text": "Fusce pellentesque in justo non vestibulum. Donec eu lectus gravida, elementum est quis, malesuada nisl. Aenean ut imperdiet neque. Nunc varius euismod condimentum. Praesent ex purus, volutpat sed facilisis sed, laoreet quis lacus. Vestibulum sed erat auctor neque cursus maximus non in lorem. Integer volutpat quam vel gravida consectetur.", "type": "text", "style": "", "detail": 0, "format": 0, "version": 1}], "direction": null, "textStyle": "", "textFormat": 0}], "direction": null}}	post 4 | Payload Website Template	\N	Lorem ipsum dolor sit amet, consectetur adipiscing elit. Proin in vestibulum eros. Nunc ullamcorper eu odio et sollicitudin. Proin vitae nisi id le\n	2025-10-27 00:00:00+01	lorem-ipsum-dolor-sit-amet-consectetur-adipiscing-elit	f	2025-10-29 09:58:52.944+01	2025-10-28 17:46:32.007+01	draft	2025-10-29 09:58:43.806+01	2025-10-29 09:58:52.944+01	f	t
44	6	post 6	\N	{"root": {"type": "root", "format": "", "indent": 0, "version": 1, "children": [{"type": "paragraph", "format": "", "indent": 0, "version": 1, "children": [{"mode": "normal", "text": "Lorem ipsum dolor sit amet, consectetur adipiscing elit. Proin in vestibulum eros. Nunc ullamcorper eu odio et sollicitudin. Proin vitae nisi id lectus egestas posuere eu aliquam mi. Sed tempor sodales arcu, id euismod orci maximus quis. Morbi eu est felis. Cras nec sem volutpat, sodales metus et, feugiat est. Aliquam iaculis consequat nisl ac aliquam. Pellentesque sit amet ipsum dui. Mauris elit nunc, fringilla et leo eget, varius consectetur odio. Donec tortor nisi, auctor non tincidunt sagittis, iaculis pretium augue. Nunc ut pellentesque risus. Aliquam sit amet sodales justo.", "type": "text", "style": "", "detail": 0, "format": 0, "version": 1}], "direction": null, "textStyle": "", "textFormat": 0}, {"type": "paragraph", "format": "", "indent": 0, "version": 1, "children": [{"mode": "normal", "text": "Sed consectetur vel felis ut laoreet. Pellentesque habitant morbi tristique senectus et netus et malesuada fames ac turpis egestas. Sed ut tempus enim. Maecenas quis suscipit tortor. Etiam consequat magna ante, eu dapibus est tincidunt eu. Morbi molestie mauris vitae vestibulum pellentesque. Curabitur vel luctus purus. Vivamus ornare, augue vel laoreet ultrices, nibh lacus faucibus nunc, lacinia commodo nisl turpis sed ex. Vestibulum gravida tortor sed nisl finibus porttitor. Sed lorem ipsum, pharetra et tincidunt a, venenatis at ex. Nunc ac risus et lacus ornare sagittis vitae et velit. Donec luctus auctor quam vel sollicitudin. Maecenas cursus risus tellus, et porta augue vehicula a. Aliquam porta pellentesque ultrices.", "type": "text", "style": "", "detail": 0, "format": 0, "version": 1}], "direction": null, "textStyle": "", "textFormat": 0}, {"type": "paragraph", "format": "", "indent": 0, "version": 1, "children": [{"mode": "normal", "text": "Vivamus felis turpis, blandit ut tellus id, commodo tristique nisi. Donec at eros porttitor, consequat mi at, tempor felis. Donec dignissim tincidunt nibh id rutrum. Phasellus et massa condimentum velit dapibus facilisis. Phasellus in mauris erat. Morbi at suscipit enim. Vestibulum fermentum ligula id erat ultricies iaculis. Pellentesque nec nisi sapien. Etiam volutpat a magna sit amet volutpat. Duis metus lorem, venenatis ac sodales eu, placerat in sapien. Vestibulum vel mollis nisl. Quisque eu aliquet orci, posuere fringilla erat. Vivamus tempus enim ut risus sollicitudin, quis volutpat dui mollis. Duis hendrerit felis diam, ac rhoncus felis sollicitudin ac. Donec vel aliquam ipsum. Integer at nisi ullamcorper, rhoncus neque ac, mattis massa.", "type": "text", "style": "", "detail": 0, "format": 0, "version": 1}], "direction": null, "textStyle": "", "textFormat": 0}, {"type": "paragraph", "format": "", "indent": 0, "version": 1, "children": [{"mode": "normal", "text": "Fusce a suscipit orci, vitae dictum lorem. Nulla sit amet ante arcu. Aliquam ornare in urna eget varius. Donec facilisis, dui pharetra rutrum eleifend, diam mi consequat leo, sit amet iaculis erat metus ac neque. Pellentesque id nisl sed arcu tincidunt egestas. Ut sit amet lobortis erat. Proin erat dui, luctus sit amet dictum et, hendrerit quis risus. Proin quis elementum magna, in consequat nisi. Aliquam tincidunt gravida cursus. Sed ac lorem a purus pulvinar cursus. Vivamus sem sapien, vehicula quis erat nec, ultricies eleifend felis. Duis a quam pharetra, rutrum lorem vitae, semper ligula. Vestibulum a risus molestie, pharetra ligula id, aliquam arcu.", "type": "text", "style": "", "detail": 0, "format": 0, "version": 1}], "direction": null, "textStyle": "", "textFormat": 0}, {"type": "paragraph", "format": "", "indent": 0, "version": 1, "children": [{"mode": "normal", "text": "Fusce pellentesque in justo non vestibulum. Donec eu lectus gravida, elementum est quis, malesuada nisl. Aenean ut imperdiet neque. Nunc varius euismod condimentum. Praesent ex purus, volutpat sed facilisis sed, laoreet quis lacus. Vestibulum sed erat auctor neque cursus maximus non in lorem. Integer volutpat quam vel gravida consectetur.", "type": "text", "style": "", "detail": 0, "format": 0, "version": 1}], "direction": null, "textStyle": "", "textFormat": 0}], "direction": null}}	post 4 | Payload Website Template	\N	Lorem ipsum dolor sit amet, consectetur adipiscing elit. Proin in vestibulum eros. Nunc ullamcorper eu odio et sollicitudin. Proin vitae nisi id le\n	2025-10-27 00:00:00+01	post-6	f	2025-10-27 20:18:29.532+01	2025-10-27 20:18:18.123+01	published	2025-10-27 20:18:29.537+01	2025-10-27 20:18:29.537+01	f	f
70	1	post01	68	{"root": {"type": "root", "format": "", "indent": 0, "version": 1, "children": [{"type": "paragraph", "format": "", "indent": 0, "version": 1, "children": [{"mode": "normal", "text": "Lorem aaaaaaaaaaaaaaaaaaaaa ipsum dolor sit amet, consectetur adipiscing elit. Maecenas egestas erat risus, ac semper justo molestie vel. Aliquam erat volutpat. Phasellus imperdiet metus erat, id maximus diam placerat eu. Nam luctus lorem eget mauris tempus egestas. Aliquam tempus varius urna, quis finibus odio luctus a. Integer dictum finibus ex nec placerat. Phasellus risus est, consequat vitae tortor vel, accumsan commodo sapien. Ut convallis nunc et metus interdum, in luctus enim molestie. Fusce aliquet elit sed est imperdiet, vel elementum enim varius. Sed quis blandit arcu, lacinia molestie ante. Proin ac turpis urna. Pellentesque in tristique erat. Sed vitae congue sapien. Curabitur consectetur felis lectus. Etiam eu ligula id arcu feugiat eleifend.", "type": "text", "style": "", "detail": 0, "format": 0, "version": 1}], "direction": null, "textStyle": "", "textFormat": 0}, {"type": "paragraph", "format": "", "indent": 0, "version": 1, "children": [{"mode": "normal", "text": "Aliquam in lorem sed sapien bibendum feugiat eu ut turpis. Class aptent taciti sociosqu ad litora torquent per conubia nostra, per inceptos himenaeos. Morbi ante nisi, ultricies et condimentum vel, eleifend ac quam. Proin dui risus, efficitur eu massa eget, sollicitudin efficitur purus. Nulla egestas viverra dolor at tristique. Maecenas augue mi, imperdiet eget mattis in, aliquam eu sem. Ut libero diam, viverra quis lectus sed, congue iaculis ex. Ut semper ultricies posuere. Donec malesuada, leo ut semper rhoncus, tortor est pharetra turpis, in ultrices ante urna vehicula turpis. Donec eget varius velit, in volutpat neque. Morbi augue arcu, posuere non ullamcorper at, laoreet eu mauris. Suspendisse potenti. Pellentesque interdum leo ac sem convallis facilisis. Donec nec eros sit amet arcu ultrices mollis id et nisl.", "type": "text", "style": "", "detail": 0, "format": 0, "version": 1}], "direction": null, "textStyle": "", "textFormat": 0}, {"type": "paragraph", "format": "", "indent": 0, "version": 1, "children": [{"mode": "normal", "text": "Sed faucibus tellus sed orci porta tincidunt. Integer laoreet, turpis nec lobortis ultricies, ante risus volutpat odio, ut malesuada eros metus nec lorem. Ut eu mauris sed turpis accumsan scelerisque quis non lectus. Fusce et quam orci. Nam tempus felis eu turpis bibendum, non maximus nibh scelerisque. Donec id congue nisi. Fusce nulla dui, cursus consequat aliquet non, blandit et turpis. Proin ac laoreet urna. Donec id mi in felis elementum euismod in quis augue. Integer eget eleifend est.", "type": "text", "style": "", "detail": 0, "format": 0, "version": 1}], "direction": null, "textStyle": "", "textFormat": 0}, {"type": "paragraph", "format": "", "indent": 0, "version": 1, "children": [{"mode": "normal", "text": "Phasellus mollis cursus tortor, in dignissim felis vulputate quis. Nulla interdum nulla imperdiet, pulvinar mauris eget, sagittis mauris. Donec aliquam semper tellus quis condimentum. Vivamus sit amet nisl sit amet lectus ullamcorper faucibus. Vestibulum ante ipsum primis in faucibus orci luctus et ultrices posuere cubilia curae; Nullam mollis, libero finibus blandit luctus, nisl ante convallis risus, a aliquam sapien neque et risus. Praesent mollis porta laoreet. Duis lacus tortor, malesuada vitae metus non, efficitur viverra dolor. Phasellus rhoncus felis turpis, sed malesuada tellus malesuada in. Praesent fermentum sodales lacus eget lacinia. Sed convallis non purus id iaculis. Donec in malesuada enim. Cras vitae odio odio. Donec non nisi risus.", "type": "text", "style": "", "detail": 0, "format": 0, "version": 1}], "direction": null, "textStyle": "", "textFormat": 0}, {"type": "paragraph", "format": "", "indent": 0, "version": 1, "children": [{"mode": "normal", "text": "Etiam ac est lorem. Nullam fringilla vitae orci sed suscipit. Sed fermentum, nunc quis ultricies molestie, odio lectus suscipit enim, et venenatis dui tortor eget dolor. Suspendisse tempus tempor lacus sed tristique. Pellentesque habitant morbi tristique senectus et netus et malesuada fames ac turpis egestas. Integer sodales metus in neque pellentesque, eget rutrum lectus accumsan. Quisque at blandit mauris. Aliquam commodo volutpat tempus.", "type": "text", "style": "", "detail": 0, "format": 0, "version": 1}], "direction": null, "textStyle": "", "textFormat": 0}, {"type": "paragraph", "format": "", "indent": 0, "version": 1, "children": [], "direction": null, "textStyle": "", "textFormat": 0}], "direction": null}}	post01 | Payload Website Template	68	Lorem ipsum dolor sit amet, consectetur adipiscing el sskkj iosjijijsi ijsijijs isjijisjij sijisjsijis isjiijis isji isji	2025-10-24 18:06:54.442+02	post01	f	2025-11-25 09:35:16.662+01	2025-10-24 13:53:45.978+02	published	2025-11-25 09:35:16.669+01	2025-11-25 09:35:16.669+01	f	f
81	7	post 7	68	{"root": {"type": "root", "format": "", "indent": 0, "version": 1, "children": [{"type": "paragraph", "format": "", "indent": 0, "version": 1, "children": [{"mode": "normal", "text": "Lorem ipsum dolor sit amet, consectetur adipiscing elit. Proin in vestibulum eros. Nunc ullamcorper eu odio et sollicitudin. Proin vitae nisi id lectus egestas posuere eu aliquam mi. Sed tempor sodales arcu, id euismod orci maximus quis. Morbi eu est felis. Cras nec sem volutpat, sodales metus et, feugiat est. Aliquam iaculis consequat nisl ac aliquam. Pellentesque sit amet ipsum dui. Mauris elit nunc, fringilla et leo eget, varius consectetur odio. Donec tortor nisi, auctor non tincidunt sagittis, iaculis pretium augue. Nunc ut pellentesque risus. Aliquam sit amet sodales justo.", "type": "text", "style": "", "detail": 0, "format": 0, "version": 1}], "direction": null, "textStyle": "", "textFormat": 0}, {"type": "paragraph", "format": "", "indent": 0, "version": 1, "children": [{"mode": "normal", "text": "Sed consectetur vel felis ut laoreet. Pellentesque habitant morbi tristique senectus et netus et malesuada fames ac turpis egestas. Sed ut tempus enim. Maecenas quis suscipit tortor. Etiam consequat magna ante, eu dapibus est tincidunt eu. Morbi molestie mauris vitae vestibulum pellentesque. Curabitur vel luctus purus. Vivamus ornare, augue vel laoreet ultrices, nibh lacus faucibus nunc, lacinia commodo nisl turpis sed ex. Vestibulum gravida tortor sed nisl finibus porttitor. Sed lorem ipsum, pharetra et tincidunt a, venenatis at ex. Nunc ac risus et lacus ornare sagittis vitae et velit. Donec luctus auctor quam vel sollicitudin. Maecenas cursus risus tellus, et porta augue vehicula a. Aliquam porta pellentesque ultrices.", "type": "text", "style": "", "detail": 0, "format": 0, "version": 1}], "direction": null, "textStyle": "", "textFormat": 0}, {"type": "paragraph", "format": "", "indent": 0, "version": 1, "children": [{"mode": "normal", "text": "Vivamus felis turpis, blandit ut tellus id, commodo tristique nisi. Donec at eros porttitor, consequat mi at, tempor felis. Donec dignissim tincidunt nibh id rutrum. Phasellus et massa condimentum velit dapibus facilisis. Phasellus in mauris erat. Morbi at suscipit enim. Vestibulum fermentum ligula id erat ultricies iaculis. Pellentesque nec nisi sapien. Etiam volutpat a magna sit amet volutpat. Duis metus lorem, venenatis ac sodales eu, placerat in sapien. Vestibulum vel mollis nisl. Quisque eu aliquet orci, posuere fringilla erat. Vivamus tempus enim ut risus sollicitudin, quis volutpat dui mollis. Duis hendrerit felis diam, ac rhoncus felis sollicitudin ac. Donec vel aliquam ipsum. Integer at nisi ullamcorper, rhoncus neque ac, mattis massa.", "type": "text", "style": "", "detail": 0, "format": 0, "version": 1}], "direction": null, "textStyle": "", "textFormat": 0}, {"type": "paragraph", "format": "", "indent": 0, "version": 1, "children": [{"mode": "normal", "text": "Fusce a suscipit orci, vitae dictum lorem. Nulla sit amet ante arcu. Aliquam ornare in urna eget varius. Donec facilisis, dui pharetra rutrum eleifend, diam mi consequat leo, sit amet iaculis erat metus ac neque. Pellentesque id nisl sed arcu tincidunt egestas. Ut sit amet lobortis erat. Proin erat dui, luctus sit amet dictum et, hendrerit quis risus. Proin quis elementum magna, in consequat nisi. Aliquam tincidunt gravida cursus. Sed ac lorem a purus pulvinar cursus. Vivamus sem sapien, vehicula quis erat nec, ultricies eleifend felis. Duis a quam pharetra, rutrum lorem vitae, semper ligula. Vestibulum a risus molestie, pharetra ligula id, aliquam arcu.", "type": "text", "style": "", "detail": 0, "format": 0, "version": 1}], "direction": null, "textStyle": "", "textFormat": 0}, {"type": "paragraph", "format": "", "indent": 0, "version": 1, "children": [{"mode": "normal", "text": "Fusce pellentesque in justo non vestibulum. Donec eu lectus gravida, elementum est quis, malesuada nisl. Aenean ut imperdiet neque. Nunc varius euismod condimentum. Praesent ex purus, volutpat sed facilisis sed, laoreet quis lacus. Vestibulum sed erat auctor neque cursus maximus non in lorem. Integer volutpat quam vel gravida consectetur.", "type": "text", "style": "", "detail": 0, "format": 0, "version": 1}], "direction": null, "textStyle": "", "textFormat": 0}], "direction": null}}	post 4 | Payload Website Template	68	Lorem ipsum dolor sit amet, consectetur adipiscing elit. Proin in vestibulum eros. Nunc ullamcorper eu odio et sollicitudin. Proin vitae nisi id le\n	2025-10-27 00:00:00+01	post-7	f	2025-11-25 09:41:15.801+01	2025-10-27 20:19:14.986+01	draft	2025-11-25 09:41:08.829+01	2025-11-25 09:41:15.801+01	f	t
74	3	Tres pasos para aplicar en las aulas	68	{"root": {"type": "root", "format": "", "indent": 0, "version": 1, "children": [{"type": "paragraph", "format": "", "indent": 0, "version": 1, "children": [], "direction": null, "textStyle": "", "textFormat": 0}, {"type": "paragraph", "format": "", "indent": 0, "version": 1, "children": [{"mode": "normal", "text": "lorem", "type": "text", "style": "", "detail": 0, "format": 0, "version": 1}], "direction": null, "textStyle": "", "textFormat": 0}], "direction": null}}	Tres pasos para aplicar en las aulas | Payload Website Template	68	Lorem ipsum dolor sit amet, consectetur adipiscing elit. Proin in vestibulum eros. Nunc ullamcorper eu odio et sollicitudin. Proin vitae 	2025-10-27 00:00:00+01	tres-pasos-para-aplicar-en-las-aulas	f	2025-11-25 09:40:11.737+01	2025-10-27 19:36:34.888+01	published	2025-11-25 09:40:11.741+01	2025-11-25 09:40:11.741+01	t	f
73	3	Tres pasos para aplicar en las aulas	68	{"root": {"type": "root", "format": "", "indent": 0, "version": 1, "children": [{"type": "paragraph", "format": "", "indent": 0, "version": 1, "children": [], "direction": null, "textStyle": "", "textFormat": 0}, {"type": "paragraph", "format": "", "indent": 0, "version": 1, "children": [{"mode": "normal", "text": "lorem", "type": "text", "style": "", "detail": 0, "format": 0, "version": 1}], "direction": null, "textStyle": "", "textFormat": 0}], "direction": null}}	Tres pasos para aplicar en las aulas | Payload Website Template	68	Lorem ipsum dolor sit amet, consectetur adipiscing elit. Proin in vestibulum eros. Nunc ullamcorper eu odio et sollicitudin. Proin vitae 	2025-10-27 00:00:00+01	tres-pasos-para-aplicar-en-las-aulas	f	2025-11-25 09:40:10.903+01	2025-10-27 19:36:34.888+01	draft	2025-11-25 09:39:52.393+01	2025-11-25 09:40:10.903+01	f	t
76	4	post 4	68	{"root": {"type": "root", "format": "", "indent": 0, "version": 1, "children": [{"type": "paragraph", "format": "", "indent": 0, "version": 1, "children": [{"mode": "normal", "text": "Lorem ipsum dolor sit amet, consectetur adipiscing elit. Proin in vestibulum eros. Nunc ullamcorper eu odio et sollicitudin. Proin vitae nisi id lectus egestas posuere eu aliquam mi. Sed tempor sodales arcu, id euismod orci maximus quis. Morbi eu est felis. Cras nec sem volutpat, sodales metus et, feugiat est. Aliquam iaculis consequat nisl ac aliquam. Pellentesque sit amet ipsum dui. Mauris elit nunc, fringilla et leo eget, varius consectetur odio. Donec tortor nisi, auctor non tincidunt sagittis, iaculis pretium augue. Nunc ut pellentesque risus. Aliquam sit amet sodales justo.", "type": "text", "style": "", "detail": 0, "format": 0, "version": 1}], "direction": null, "textStyle": "", "textFormat": 0}, {"type": "paragraph", "format": "", "indent": 0, "version": 1, "children": [{"mode": "normal", "text": "Sed consectetur vel felis ut laoreet. Pellentesque habitant morbi tristique senectus et netus et malesuada fames ac turpis egestas. Sed ut tempus enim. Maecenas quis suscipit tortor. Etiam consequat magna ante, eu dapibus est tincidunt eu. Morbi molestie mauris vitae vestibulum pellentesque. Curabitur vel luctus purus. Vivamus ornare, augue vel laoreet ultrices, nibh lacus faucibus nunc, lacinia commodo nisl turpis sed ex. Vestibulum gravida tortor sed nisl finibus porttitor. Sed lorem ipsum, pharetra et tincidunt a, venenatis at ex. Nunc ac risus et lacus ornare sagittis vitae et velit. Donec luctus auctor quam vel sollicitudin. Maecenas cursus risus tellus, et porta augue vehicula a. Aliquam porta pellentesque ultrices.", "type": "text", "style": "", "detail": 0, "format": 0, "version": 1}], "direction": null, "textStyle": "", "textFormat": 0}, {"type": "paragraph", "format": "", "indent": 0, "version": 1, "children": [{"mode": "normal", "text": "Vivamus felis turpis, blandit ut tellus id, commodo tristique nisi. Donec at eros porttitor, consequat mi at, tempor felis. Donec dignissim tincidunt nibh id rutrum. Phasellus et massa condimentum velit dapibus facilisis. Phasellus in mauris erat. Morbi at suscipit enim. Vestibulum fermentum ligula id erat ultricies iaculis. Pellentesque nec nisi sapien. Etiam volutpat a magna sit amet volutpat. Duis metus lorem, venenatis ac sodales eu, placerat in sapien. Vestibulum vel mollis nisl. Quisque eu aliquet orci, posuere fringilla erat. Vivamus tempus enim ut risus sollicitudin, quis volutpat dui mollis. Duis hendrerit felis diam, ac rhoncus felis sollicitudin ac. Donec vel aliquam ipsum. Integer at nisi ullamcorper, rhoncus neque ac, mattis massa.", "type": "text", "style": "", "detail": 0, "format": 0, "version": 1}], "direction": null, "textStyle": "", "textFormat": 0}, {"type": "paragraph", "format": "", "indent": 0, "version": 1, "children": [{"mode": "normal", "text": "Fusce a suscipit orci, vitae dictum lorem. Nulla sit amet ante arcu. Aliquam ornare in urna eget varius. Donec facilisis, dui pharetra rutrum eleifend, diam mi consequat leo, sit amet iaculis erat metus ac neque. Pellentesque id nisl sed arcu tincidunt egestas. Ut sit amet lobortis erat. Proin erat dui, luctus sit amet dictum et, hendrerit quis risus. Proin quis elementum magna, in consequat nisi. Aliquam tincidunt gravida cursus. Sed ac lorem a purus pulvinar cursus. Vivamus sem sapien, vehicula quis erat nec, ultricies eleifend felis. Duis a quam pharetra, rutrum lorem vitae, semper ligula. Vestibulum a risus molestie, pharetra ligula id, aliquam arcu.", "type": "text", "style": "", "detail": 0, "format": 0, "version": 1}], "direction": null, "textStyle": "", "textFormat": 0}, {"type": "paragraph", "format": "", "indent": 0, "version": 1, "children": [{"mode": "normal", "text": "Fusce pellentesque in justo non vestibulum. Donec eu lectus gravida, elementum est quis, malesuada nisl. Aenean ut imperdiet neque. Nunc varius euismod condimentum. Praesent ex purus, volutpat sed facilisis sed, laoreet quis lacus. Vestibulum sed erat auctor neque cursus maximus non in lorem. Integer volutpat quam vel gravida consectetur.", "type": "text", "style": "", "detail": 0, "format": 0, "version": 1}], "direction": null, "textStyle": "", "textFormat": 0}], "direction": null}}	post 4 | Payload Website Template	68	Lorem ipsum dolor sit amet, consectetur adipiscing elit. Proin in vestibulum eros. Nunc ullamcorper eu odio et sollicitudin. Proin vitae nisi id le\n	2025-10-27 00:00:00+01	post-4	f	2025-11-25 09:40:31.434+01	2025-10-27 20:11:44.735+01	published	2025-11-25 09:40:31.439+01	2025-11-25 09:40:31.439+01	t	f
75	4	post 4	68	{"root": {"type": "root", "format": "", "indent": 0, "version": 1, "children": [{"type": "paragraph", "format": "", "indent": 0, "version": 1, "children": [{"mode": "normal", "text": "Lorem ipsum dolor sit amet, consectetur adipiscing elit. Proin in vestibulum eros. Nunc ullamcorper eu odio et sollicitudin. Proin vitae nisi id lectus egestas posuere eu aliquam mi. Sed tempor sodales arcu, id euismod orci maximus quis. Morbi eu est felis. Cras nec sem volutpat, sodales metus et, feugiat est. Aliquam iaculis consequat nisl ac aliquam. Pellentesque sit amet ipsum dui. Mauris elit nunc, fringilla et leo eget, varius consectetur odio. Donec tortor nisi, auctor non tincidunt sagittis, iaculis pretium augue. Nunc ut pellentesque risus. Aliquam sit amet sodales justo.", "type": "text", "style": "", "detail": 0, "format": 0, "version": 1}], "direction": null, "textStyle": "", "textFormat": 0}, {"type": "paragraph", "format": "", "indent": 0, "version": 1, "children": [{"mode": "normal", "text": "Sed consectetur vel felis ut laoreet. Pellentesque habitant morbi tristique senectus et netus et malesuada fames ac turpis egestas. Sed ut tempus enim. Maecenas quis suscipit tortor. Etiam consequat magna ante, eu dapibus est tincidunt eu. Morbi molestie mauris vitae vestibulum pellentesque. Curabitur vel luctus purus. Vivamus ornare, augue vel laoreet ultrices, nibh lacus faucibus nunc, lacinia commodo nisl turpis sed ex. Vestibulum gravida tortor sed nisl finibus porttitor. Sed lorem ipsum, pharetra et tincidunt a, venenatis at ex. Nunc ac risus et lacus ornare sagittis vitae et velit. Donec luctus auctor quam vel sollicitudin. Maecenas cursus risus tellus, et porta augue vehicula a. Aliquam porta pellentesque ultrices.", "type": "text", "style": "", "detail": 0, "format": 0, "version": 1}], "direction": null, "textStyle": "", "textFormat": 0}, {"type": "paragraph", "format": "", "indent": 0, "version": 1, "children": [{"mode": "normal", "text": "Vivamus felis turpis, blandit ut tellus id, commodo tristique nisi. Donec at eros porttitor, consequat mi at, tempor felis. Donec dignissim tincidunt nibh id rutrum. Phasellus et massa condimentum velit dapibus facilisis. Phasellus in mauris erat. Morbi at suscipit enim. Vestibulum fermentum ligula id erat ultricies iaculis. Pellentesque nec nisi sapien. Etiam volutpat a magna sit amet volutpat. Duis metus lorem, venenatis ac sodales eu, placerat in sapien. Vestibulum vel mollis nisl. Quisque eu aliquet orci, posuere fringilla erat. Vivamus tempus enim ut risus sollicitudin, quis volutpat dui mollis. Duis hendrerit felis diam, ac rhoncus felis sollicitudin ac. Donec vel aliquam ipsum. Integer at nisi ullamcorper, rhoncus neque ac, mattis massa.", "type": "text", "style": "", "detail": 0, "format": 0, "version": 1}], "direction": null, "textStyle": "", "textFormat": 0}, {"type": "paragraph", "format": "", "indent": 0, "version": 1, "children": [{"mode": "normal", "text": "Fusce a suscipit orci, vitae dictum lorem. Nulla sit amet ante arcu. Aliquam ornare in urna eget varius. Donec facilisis, dui pharetra rutrum eleifend, diam mi consequat leo, sit amet iaculis erat metus ac neque. Pellentesque id nisl sed arcu tincidunt egestas. Ut sit amet lobortis erat. Proin erat dui, luctus sit amet dictum et, hendrerit quis risus. Proin quis elementum magna, in consequat nisi. Aliquam tincidunt gravida cursus. Sed ac lorem a purus pulvinar cursus. Vivamus sem sapien, vehicula quis erat nec, ultricies eleifend felis. Duis a quam pharetra, rutrum lorem vitae, semper ligula. Vestibulum a risus molestie, pharetra ligula id, aliquam arcu.", "type": "text", "style": "", "detail": 0, "format": 0, "version": 1}], "direction": null, "textStyle": "", "textFormat": 0}, {"type": "paragraph", "format": "", "indent": 0, "version": 1, "children": [{"mode": "normal", "text": "Fusce pellentesque in justo non vestibulum. Donec eu lectus gravida, elementum est quis, malesuada nisl. Aenean ut imperdiet neque. Nunc varius euismod condimentum. Praesent ex purus, volutpat sed facilisis sed, laoreet quis lacus. Vestibulum sed erat auctor neque cursus maximus non in lorem. Integer volutpat quam vel gravida consectetur.", "type": "text", "style": "", "detail": 0, "format": 0, "version": 1}], "direction": null, "textStyle": "", "textFormat": 0}], "direction": null}}	post 4 | Payload Website Template	68	Lorem ipsum dolor sit amet, consectetur adipiscing elit. Proin in vestibulum eros. Nunc ullamcorper eu odio et sollicitudin. Proin vitae nisi id le\n	2025-10-27 00:00:00+01	post-4	f	2025-11-25 09:40:28.414+01	2025-10-27 20:11:44.735+01	draft	2025-11-25 09:40:20.612+01	2025-11-25 09:40:28.414+01	f	t
86	2	post 20ao	68	{"root": {"type": "root", "format": "", "indent": 0, "version": 1, "children": [{"tag": "h1", "type": "heading", "format": "", "indent": 0, "version": 1, "children": [{"mode": "normal", "text": "Lorem ipsum dolor sit ametaaaaaaa", "type": "text", "style": "", "detail": 0, "format": 0, "version": 1}], "direction": null}, {"type": "paragraph", "format": "", "indent": 0, "version": 1, "children": [{"mode": "normal", "text": ", consectetur adipiscing elit. Maecenas tempor mollis ipsum et volutpat. Integer faucibus metus at tortor posuere vestibulum. Nulla iaculis id massa ut euismod. Nullam dignissim vehicula orci nec condimentum. Fusce gravida, diam ac ultricies consectetur, neque turpis ullamcorper eros, eget placerat dolor augue sed augue. Integer ut nisi nec nisl maximus lacinia sed vehicula mauris. Pellentesque aliquet nibh at metus cursus congue vel nec leo. Mauris maximus ac leo vitae dapibus. Nam pretium lectus accumsan augue pellentesque euismod. Ut laoreet facilisis vehicula. Morbi velit purus, mattis eget libero vel, dictum venenatis erat. Suspendisse sapien metus, consectetur in tempor eu, scelerisque vitae elit. Nulla facilisi.", "type": "text", "style": "", "detail": 0, "format": 0, "version": 1}], "direction": null, "textStyle": "", "textFormat": 0}, {"type": "paragraph", "format": "", "indent": 0, "version": 1, "children": [{"mode": "normal", "text": "Duis quis turpis non purus porttitor luctus et sit amet nulla", "type": "text", "style": "", "detail": 0, "format": 2, "version": 1}, {"mode": "normal", "text": ". Phasellus imperdiet eleifend ligula. Proin eu egestas turpis, molestie congue nisl. Aenean laoreet lorem lorem, ac lacinia lorem molestie interdum. Nunc sit amet commodo quam. Proin commodo rhoncus egestas. Donec fringilla leo augue, nec tempus leo gravida a. Aliquam at tristique enim. Aenean non semper lacus. Vivamus efficitur mollis laoreet. Praesent tempus dictum elit, eget volutpat sapien euismod hendrerit. Sed tempor odio vitae lectus congue, sed blandit massa fermentum.", "type": "text", "style": "", "detail": 0, "format": 0, "version": 1}], "direction": null, "textStyle": "", "textFormat": 2}, {"type": "quote", "format": "", "indent": 0, "version": 1, "children": [{"mode": "normal", "text": "In non justo vel quam facilisis aliquam vitae pretium lorem. Sed vitae egestas turpis. Duis non tortor in eros eleifend laoreet. Pellentesque habitant morbi tristique senectus et netus et malesuada fames ac turpis egestas. Donec mauris lectus, vulputate ut egestas ut, iaculis a erat. Sed neque libero, semper nec semper a, vulputate vitae ipsum. Nam pulvinar nisi at orci condimentum, sed posuere nisi rutrum. Duis laoreet porttitor orci ut volutpat. Phasellus congue erat sit amet egestas aliquam. Morbi venenatis neque sit amet nunc porta finibus. Curabitur id velit lectus.", "type": "text", "style": "", "detail": 0, "format": 0, "version": 1}], "direction": null}, {"type": "paragraph", "format": "", "indent": 0, "version": 1, "children": [{"mode": "normal", "text": "Vivamus porta risus et erat interdum, a condimentum augue mollis. Proin pharetra, nunc ac volutpat dapibus, elit lacus egestas ante, a accumsan eros ante eleifend nibh. Nulla commodo eget sem quis facilisis. Pellentesque diam ante, ornare in blandit at, placerat vitae orci. Sed venenatis sapien ex, sit amet semper nunc pulvinar sed. Praesent eu quam vel mi scelerisque imperdiet. Phasellus in interdum elit. Proin pellentesque libero massa, condimentum pretium mi scelerisque at. Integer in sem sed sem pellentesque cursus id in tortor. Nullam id tristique dui. Sed et rhoncus ipsum, vitae ornare erat. Mauris sit amet odio dapibus dui porta congue. In egestas fringilla fermentum. Fusce vulputate faucibus diam, ac posuere urna feugiat nec.", "type": "text", "style": "", "detail": 0, "format": 0, "version": 1}], "direction": null, "textStyle": "", "textFormat": 0}, {"type": "paragraph", "format": "", "indent": 0, "version": 1, "children": [{"mode": "normal", "text": "Proin id porta tellus. Fusce suscipit turpis ac mattis scelerisque. Integer lacinia mi et posuere imperdiet. Donec ut ligula nec tellus maximus imperdiet. Nam egestas erat tincidunt, blandit sem quis, gravida lacus. Quisque dictum dapibus dictum. Aliquam ac urna sit amet sapien ultricies efficitur. Mauris ac tincidunt velit, sed aliquet diam. Praesent non risus sodales, sollicitudin lectus sagittis, convallis ante. Quisque imperdiet ante eget ligula vehicula placerat cursus vitae purus. Etiam eu venenatis orci.", "type": "text", "style": "", "detail": 0, "format": 0, "version": 1}], "direction": null, "textStyle": "", "textFormat": 0}, {"type": "block", "fields": {"id": "68fbb90a8a804de2de0fb8bb", "media": 24, "blockName": "", "blockType": "mediaBlock", "sectionName": "borrar"}, "format": "", "version": 2}, {"type": "paragraph", "format": "", "indent": 0, "version": 1, "children": [], "direction": null, "textStyle": "", "textFormat": 0}, {"type": "paragraph", "format": "", "indent": 0, "version": 1, "children": [{"mode": "normal", "text": "Donec ut vehicula lectus, at pellentesque orci. Phasellus lacinia viverra ex at fermentum. Nunc tincidunt nunc et lectus malesuada, id fermentum nisl facilisis. Donec elementum mollis massa varius scelerisque. Aliquam tincidunt nibh eu pellentesque consectetur. Morbi venenatis sapien lacus, sit amet vulputate elit tempus posuere. Proin ut facilisis felis, vel rhoncus felis. Integer imperdiet sem ut neque aliquam, eget vestibulum eros ultricies. Duis efficitur sem enim, sit amet tristique urna gravida non. Aliquam aliquet consectetur neque id tristique. Praesent sit amet erat quam. Nullam egestas orci id tellus scelerisque, vel ullamcorper dui dictum. Nulla tempus ac sapien nec porttitor.", "type": "text", "style": "", "detail": 0, "format": 0, "version": 1}], "direction": null, "textStyle": "", "textFormat": 0}, {"type": "paragraph", "format": "", "indent": 0, "version": 1, "children": [{"mode": "normal", "text": "Sed fermentum a lectus hendrerit ullamcorper. Nunc sagittis nec lacus vel volutpat. In ac enim eros. Nunc dapibus, turpis et faucibus vulputate, quam sapien dictum lorem, id varius tortor elit faucibus odio. Sed at justo ac nisl placerat vestibulum at in diam. Vivamus quis condimentum enim. Mauris vestibulum nec erat nec congue. Vestibulum luctus tincidunt tellus et iaculis. Integer at ligula mi. Fusce laoreet leo vel quam efficitur, vitae vulputate leo efficitur. Sed pharetra ligula vitae ex pharetra viverra. Donec metus justo, commodo in dictum sit amet, cursus quis enim. Phasellus laoreet quam sapien, vitae congue mauris posuere non. Interdum et malesuada fames ac ante ipsum primis in faucibus. Nullam euismod rhoncus arcu, a blandit est pharetra ac. Pellentesque sapien mauris, dapibus sit amet risus sit amet, tempor eleifend purus.", "type": "text", "style": "", "detail": 0, "format": 0, "version": 1}], "direction": null, "textStyle": "", "textFormat": 0}, {"type": "paragraph", "format": "", "indent": 0, "version": 1, "children": [{"mode": "normal", "text": "Pellentesque varius vel eros quis convallis. Cras nec purus diam. Suspendisse id lobortis velit. Fusce convallis nisl libero, nec pretium nunc dictum non. Nam ut egestas ipsum. Sed sem sapien, hendrerit in sollicitudin et, pulvinar in metus. Praesent iaculis tempor massa ac sollicitudin. Nunc vestibulum aliquet lectus sit amet volutpat. Suspendisse nec varius augue. Aliquam tellus lacus, euismod ut tortor non, rhoncus semper libero. Nunc ac fringilla magna, et ultrices diam. Fusce ac ipsum nisl.", "type": "text", "style": "", "detail": 0, "format": 0, "version": 1}], "direction": null, "textStyle": "", "textFormat": 0}, {"type": "paragraph", "format": "", "indent": 0, "version": 1, "children": [{"mode": "normal", "text": "Vestibulum erat ante, maximus eget ante vitae, ornare congue tortor. Nam nunc elit, ultricies quis tincidunt sit amet, dignissim eu mauris. Quisque congue lectus ut viverra interdum. Donec porta est ac tincidunt rutrum. Integer tempus ipsum rutrum, fringilla orci ut, feugiat erat. Aliquam a placerat justo. Sed vel dolor ultricies, sollicitudin sem id, fringilla diam. Nam eget lacus eu mauris sagittis fermentum eu vitae turpis. Nulla nisi massa, sagittis viverra ullamcorper nec, consequat vitae nisl. Maecenas molestie ligula id arcu malesuada viverra. Nunc nulla nibh, luctus ac augue vitae, imperdiet tempor est.", "type": "text", "style": "", "detail": 0, "format": 0, "version": 1}], "direction": null, "textStyle": "", "textFormat": 0}, {"type": "paragraph", "format": "", "indent": 0, "version": 1, "children": [{"mode": "normal", "text": "Nullam interdum sapien eget bibendum maximus. Duis ac massa ac dolor consectetur eleifend. Proin nec tempor nibh, vel molestie nisi. Nunc eros mi, laoreet ut porttitor rhoncus, vestibulum sit amet arcu. Nullam at pellentesque ligula. Sed id dignissim magna. In aliquam mi sapien, vitae ornare quam aliquet tempor.", "type": "text", "style": "", "detail": 0, "format": 0, "version": 1}], "direction": null, "textStyle": "", "textFormat": 0}], "direction": null}}	post 2 | Payload Website Template	68	Lorem ipsum dolor sit amet, consectetur adipiscing elit. Maecenas tempor mollis ipsum et volutpat. Integer faucibus metus at tortor posuere vestibulu	2025-10-24 19:36:34.051+02	post-2	f	2025-11-29 21:10:01.733+01	2025-10-24 19:34:43.606+02	draft	2025-11-29 21:05:31.512+01	2025-11-29 21:10:01.733+01	t	t
78	5	post 5	68	{"root": {"type": "root", "format": "", "indent": 0, "version": 1, "children": [{"type": "paragraph", "format": "", "indent": 0, "version": 1, "children": [{"mode": "normal", "text": "Lorem ipsum dolor sit amet, consectetur adipiscing elit. Proin in vestibulum eros. Nunc ullamcorper eu odio et sollicitudin. Proin vitae nisi id lectus egestas posuere eu aliquam mi. Sed tempor sodales arcu, id euismod orci maximus quis. Morbi eu est felis. Cras nec sem volutpat, sodales metus et, feugiat est. Aliquam iaculis consequat nisl ac aliquam. Pellentesque sit amet ipsum dui. Mauris elit nunc, fringilla et leo eget, varius consectetur odio. Donec tortor nisi, auctor non tincidunt sagittis, iaculis pretium augue. Nunc ut pellentesque risus. Aliquam sit amet sodales justo.", "type": "text", "style": "", "detail": 0, "format": 0, "version": 1}], "direction": null, "textStyle": "", "textFormat": 0}, {"type": "paragraph", "format": "", "indent": 0, "version": 1, "children": [{"mode": "normal", "text": "Sed consectetur vel felis ut laoreet. Pellentesque habitant morbi tristique senectus et netus et malesuada fames ac turpis egestas. Sed ut tempus enim. Maecenas quis suscipit tortor. Etiam consequat magna ante, eu dapibus est tincidunt eu. Morbi molestie mauris vitae vestibulum pellentesque. Curabitur vel luctus purus. Vivamus ornare, augue vel laoreet ultrices, nibh lacus faucibus nunc, lacinia commodo nisl turpis sed ex. Vestibulum gravida tortor sed nisl finibus porttitor. Sed lorem ipsum, pharetra et tincidunt a, venenatis at ex. Nunc ac risus et lacus ornare sagittis vitae et velit. Donec luctus auctor quam vel sollicitudin. Maecenas cursus risus tellus, et porta augue vehicula a. Aliquam porta pellentesque ultrices.", "type": "text", "style": "", "detail": 0, "format": 0, "version": 1}], "direction": null, "textStyle": "", "textFormat": 0}, {"type": "paragraph", "format": "", "indent": 0, "version": 1, "children": [{"mode": "normal", "text": "Vivamus felis turpis, blandit ut tellus id, commodo tristique nisi. Donec at eros porttitor, consequat mi at, tempor felis. Donec dignissim tincidunt nibh id rutrum. Phasellus et massa condimentum velit dapibus facilisis. Phasellus in mauris erat. Morbi at suscipit enim. Vestibulum fermentum ligula id erat ultricies iaculis. Pellentesque nec nisi sapien. Etiam volutpat a magna sit amet volutpat. Duis metus lorem, venenatis ac sodales eu, placerat in sapien. Vestibulum vel mollis nisl. Quisque eu aliquet orci, posuere fringilla erat. Vivamus tempus enim ut risus sollicitudin, quis volutpat dui mollis. Duis hendrerit felis diam, ac rhoncus felis sollicitudin ac. Donec vel aliquam ipsum. Integer at nisi ullamcorper, rhoncus neque ac, mattis massa.", "type": "text", "style": "", "detail": 0, "format": 0, "version": 1}], "direction": null, "textStyle": "", "textFormat": 0}, {"type": "paragraph", "format": "", "indent": 0, "version": 1, "children": [{"mode": "normal", "text": "Fusce a suscipit orci, vitae dictum lorem. Nulla sit amet ante arcu. Aliquam ornare in urna eget varius. Donec facilisis, dui pharetra rutrum eleifend, diam mi consequat leo, sit amet iaculis erat metus ac neque. Pellentesque id nisl sed arcu tincidunt egestas. Ut sit amet lobortis erat. Proin erat dui, luctus sit amet dictum et, hendrerit quis risus. Proin quis elementum magna, in consequat nisi. Aliquam tincidunt gravida cursus. Sed ac lorem a purus pulvinar cursus. Vivamus sem sapien, vehicula quis erat nec, ultricies eleifend felis. Duis a quam pharetra, rutrum lorem vitae, semper ligula. Vestibulum a risus molestie, pharetra ligula id, aliquam arcu.", "type": "text", "style": "", "detail": 0, "format": 0, "version": 1}], "direction": null, "textStyle": "", "textFormat": 0}, {"type": "paragraph", "format": "", "indent": 0, "version": 1, "children": [{"mode": "normal", "text": "Fusce pellentesque in justo non vestibulum. Donec eu lectus gravida, elementum est quis, malesuada nisl. Aenean ut imperdiet neque. Nunc varius euismod condimentum. Praesent ex purus, volutpat sed facilisis sed, laoreet quis lacus. Vestibulum sed erat auctor neque cursus maximus non in lorem. Integer volutpat quam vel gravida consectetur.", "type": "text", "style": "", "detail": 0, "format": 0, "version": 1}], "direction": null, "textStyle": "", "textFormat": 0}], "direction": null}}	post 4 | Payload Website Template	68	Lorem ipsum dolor sit amet, consectetur adipiscing elit. Proin in vestibulum eros. Nunc ullamcorper eu odio et sollicitudin. Proin vitae nisi id le\n	2025-10-27 00:00:00+01	post-5	f	2025-11-25 09:40:47.413+01	2025-10-27 20:18:01.538+01	published	2025-11-25 09:40:47.416+01	2025-11-25 09:40:47.416+01	t	f
77	5	post 5	68	{"root": {"type": "root", "format": "", "indent": 0, "version": 1, "children": [{"type": "paragraph", "format": "", "indent": 0, "version": 1, "children": [{"mode": "normal", "text": "Lorem ipsum dolor sit amet, consectetur adipiscing elit. Proin in vestibulum eros. Nunc ullamcorper eu odio et sollicitudin. Proin vitae nisi id lectus egestas posuere eu aliquam mi. Sed tempor sodales arcu, id euismod orci maximus quis. Morbi eu est felis. Cras nec sem volutpat, sodales metus et, feugiat est. Aliquam iaculis consequat nisl ac aliquam. Pellentesque sit amet ipsum dui. Mauris elit nunc, fringilla et leo eget, varius consectetur odio. Donec tortor nisi, auctor non tincidunt sagittis, iaculis pretium augue. Nunc ut pellentesque risus. Aliquam sit amet sodales justo.", "type": "text", "style": "", "detail": 0, "format": 0, "version": 1}], "direction": null, "textStyle": "", "textFormat": 0}, {"type": "paragraph", "format": "", "indent": 0, "version": 1, "children": [{"mode": "normal", "text": "Sed consectetur vel felis ut laoreet. Pellentesque habitant morbi tristique senectus et netus et malesuada fames ac turpis egestas. Sed ut tempus enim. Maecenas quis suscipit tortor. Etiam consequat magna ante, eu dapibus est tincidunt eu. Morbi molestie mauris vitae vestibulum pellentesque. Curabitur vel luctus purus. Vivamus ornare, augue vel laoreet ultrices, nibh lacus faucibus nunc, lacinia commodo nisl turpis sed ex. Vestibulum gravida tortor sed nisl finibus porttitor. Sed lorem ipsum, pharetra et tincidunt a, venenatis at ex. Nunc ac risus et lacus ornare sagittis vitae et velit. Donec luctus auctor quam vel sollicitudin. Maecenas cursus risus tellus, et porta augue vehicula a. Aliquam porta pellentesque ultrices.", "type": "text", "style": "", "detail": 0, "format": 0, "version": 1}], "direction": null, "textStyle": "", "textFormat": 0}, {"type": "paragraph", "format": "", "indent": 0, "version": 1, "children": [{"mode": "normal", "text": "Vivamus felis turpis, blandit ut tellus id, commodo tristique nisi. Donec at eros porttitor, consequat mi at, tempor felis. Donec dignissim tincidunt nibh id rutrum. Phasellus et massa condimentum velit dapibus facilisis. Phasellus in mauris erat. Morbi at suscipit enim. Vestibulum fermentum ligula id erat ultricies iaculis. Pellentesque nec nisi sapien. Etiam volutpat a magna sit amet volutpat. Duis metus lorem, venenatis ac sodales eu, placerat in sapien. Vestibulum vel mollis nisl. Quisque eu aliquet orci, posuere fringilla erat. Vivamus tempus enim ut risus sollicitudin, quis volutpat dui mollis. Duis hendrerit felis diam, ac rhoncus felis sollicitudin ac. Donec vel aliquam ipsum. Integer at nisi ullamcorper, rhoncus neque ac, mattis massa.", "type": "text", "style": "", "detail": 0, "format": 0, "version": 1}], "direction": null, "textStyle": "", "textFormat": 0}, {"type": "paragraph", "format": "", "indent": 0, "version": 1, "children": [{"mode": "normal", "text": "Fusce a suscipit orci, vitae dictum lorem. Nulla sit amet ante arcu. Aliquam ornare in urna eget varius. Donec facilisis, dui pharetra rutrum eleifend, diam mi consequat leo, sit amet iaculis erat metus ac neque. Pellentesque id nisl sed arcu tincidunt egestas. Ut sit amet lobortis erat. Proin erat dui, luctus sit amet dictum et, hendrerit quis risus. Proin quis elementum magna, in consequat nisi. Aliquam tincidunt gravida cursus. Sed ac lorem a purus pulvinar cursus. Vivamus sem sapien, vehicula quis erat nec, ultricies eleifend felis. Duis a quam pharetra, rutrum lorem vitae, semper ligula. Vestibulum a risus molestie, pharetra ligula id, aliquam arcu.", "type": "text", "style": "", "detail": 0, "format": 0, "version": 1}], "direction": null, "textStyle": "", "textFormat": 0}, {"type": "paragraph", "format": "", "indent": 0, "version": 1, "children": [{"mode": "normal", "text": "Fusce pellentesque in justo non vestibulum. Donec eu lectus gravida, elementum est quis, malesuada nisl. Aenean ut imperdiet neque. Nunc varius euismod condimentum. Praesent ex purus, volutpat sed facilisis sed, laoreet quis lacus. Vestibulum sed erat auctor neque cursus maximus non in lorem. Integer volutpat quam vel gravida consectetur.", "type": "text", "style": "", "detail": 0, "format": 0, "version": 1}], "direction": null, "textStyle": "", "textFormat": 0}], "direction": null}}	post 4 | Payload Website Template	68	Lorem ipsum dolor sit amet, consectetur adipiscing elit. Proin in vestibulum eros. Nunc ullamcorper eu odio et sollicitudin. Proin vitae nisi id le\n	2025-10-27 00:00:00+01	post-5	f	2025-11-25 09:40:44.903+01	2025-10-27 20:18:01.538+01	draft	2025-11-25 09:40:36.58+01	2025-11-25 09:40:44.903+01	f	t
87	1	post01	68	{"root": {"type": "root", "format": "", "indent": 0, "version": 1, "children": [{"type": "paragraph", "format": "", "indent": 0, "version": 1, "children": [{"mode": "normal", "text": "aggggggggggggggggggg Lorem aaaaaaaaaaaaaaaaaaaaa ipsum dolor sit amet, consectetur adipiscing elit. Maecenas egestas erat risus, ac semper justo molestie vel. Aliquam erat volutpat. Phasellus imperdiet metus erat, id maximus diam placerat eu. Nam luctus lorem eget mauris tempus egestas. Aliquam tempus varius urna, quis finibus odio luctus a. Integer dictum finibus ex nec placerat. Phasellus risus est, consequat vitae tortor vel, accumsan commodo sapien. Ut convallis nunc et metus interdum, in luctus enim molestie. Fusce aliquet elit sed est imperdiet, vel elementum enim varius. Sed quis blandit arcu, lacinia molestie ante. Proin ac turpis urna. Pellentesque in tristique erat. Sed vitae congue sapien. Curabitur consectetur felis lectus. Etiam eu ligula id arcu feugiat eleifend.", "type": "text", "style": "", "detail": 0, "format": 0, "version": 1}], "direction": null, "textStyle": "", "textFormat": 0}, {"type": "paragraph", "format": "", "indent": 0, "version": 1, "children": [{"mode": "normal", "text": "Aliquam in lorem sed sapien bibendum feugiat eu ut turpis. Class aptent taciti sociosqu ad litora torquent per conubia nostra, per inceptos himenaeos. Morbi ante nisi, ultricies et condimentum vel, eleifend ac quam. Proin dui risus, efficitur eu massa eget, sollicitudin efficitur purus. Nulla egestas viverra dolor at tristique. Maecenas augue mi, imperdiet eget mattis in, aliquam eu sem. Ut libero diam, viverra quis lectus sed, congue iaculis ex. Ut semper ultricies posuere. Donec malesuada, leo ut semper rhoncus, tortor est pharetra turpis, in ultrices ante urna vehicula turpis. Donec eget varius velit, in volutpat neque. Morbi augue arcu, posuere non ullamcorper at, laoreet eu mauris. Suspendisse potenti. Pellentesque interdum leo ac sem convallis facilisis. Donec nec eros sit amet arcu ultrices mollis id et nisl.", "type": "text", "style": "", "detail": 0, "format": 0, "version": 1}], "direction": null, "textStyle": "", "textFormat": 0}, {"type": "paragraph", "format": "", "indent": 0, "version": 1, "children": [{"mode": "normal", "text": "Sed faucibus tellus sed orci porta tincidunt. Integer laoreet, turpis nec lobortis ultricies, ante risus volutpat odio, ut malesuada eros metus nec lorem. Ut eu mauris sed turpis accumsan scelerisque quis non lectus. Fusce et quam orci. Nam tempus felis eu turpis bibendum, non maximus nibh scelerisque. Donec id congue nisi. Fusce nulla dui, cursus consequat aliquet non, blandit et turpis. Proin ac laoreet urna. Donec id mi in felis elementum euismod in quis augue. Integer eget eleifend est.", "type": "text", "style": "", "detail": 0, "format": 0, "version": 1}], "direction": null, "textStyle": "", "textFormat": 0}, {"type": "paragraph", "format": "", "indent": 0, "version": 1, "children": [{"mode": "normal", "text": "Phasellus mollis cursus tortor, in dignissim felis vulputate quis. Nulla interdum nulla imperdiet, pulvinar mauris eget, sagittis mauris. Donec aliquam semper tellus quis condimentum. Vivamus sit amet nisl sit amet lectus ullamcorper faucibus. Vestibulum ante ipsum primis in faucibus orci luctus et ultrices posuere cubilia curae; Nullam mollis, libero finibus blandit luctus, nisl ante convallis risus, a aliquam sapien neque et risus. Praesent mollis porta laoreet. Duis lacus tortor, malesuada vitae metus non, efficitur viverra dolor. Phasellus rhoncus felis turpis, sed malesuada tellus malesuada in. Praesent fermentum sodales lacus eget lacinia. Sed convallis non purus id iaculis. Donec in malesuada enim. Cras vitae odio odio. Donec non nisi risus.", "type": "text", "style": "", "detail": 0, "format": 0, "version": 1}], "direction": null, "textStyle": "", "textFormat": 0}, {"type": "paragraph", "format": "", "indent": 0, "version": 1, "children": [{"mode": "normal", "text": "Etiam ac est lorem. Nullam fringilla vitae orci sed suscipit. Sed fermentum, nunc quis ultricies molestie, odio lectus suscipit enim, et venenatis dui tortor eget dolor. Suspendisse tempus tempor lacus sed tristique. Pellentesque habitant morbi tristique senectus et netus et malesuada fames ac turpis egestas. Integer sodales metus in neque pellentesque, eget rutrum lectus accumsan. Quisque at blandit mauris. Aliquam commodo volutpat tempus.", "type": "text", "style": "", "detail": 0, "format": 0, "version": 1}], "direction": null, "textStyle": "", "textFormat": 0}, {"type": "paragraph", "format": "", "indent": 0, "version": 1, "children": [], "direction": null, "textStyle": "", "textFormat": 0}], "direction": null}}	post01 | Payload Website Template	68	Lorem ipsum dolor sit amet, consectetur adipiscing el sskkj iosjijijsi ijsijijs isjijisjij sijisjsijis isjiijis isji isji	2025-10-24 18:06:54.442+02	post01	f	2025-11-30 11:02:22.32+01	2025-10-24 13:53:45.978+02	published	2025-11-30 11:02:22.328+01	2025-11-30 11:02:22.328+01	f	f
80	6	post 6	68	{"root": {"type": "root", "format": "", "indent": 0, "version": 1, "children": [{"type": "paragraph", "format": "", "indent": 0, "version": 1, "children": [{"mode": "normal", "text": "Lorem ipsum dolor sit amet, consectetur adipiscing elit. Proin in vestibulum eros. Nunc ullamcorper eu odio et sollicitudin. Proin vitae nisi id lectus egestas posuere eu aliquam mi. Sed tempor sodales arcu, id euismod orci maximus quis. Morbi eu est felis. Cras nec sem volutpat, sodales metus et, feugiat est. Aliquam iaculis consequat nisl ac aliquam. Pellentesque sit amet ipsum dui. Mauris elit nunc, fringilla et leo eget, varius consectetur odio. Donec tortor nisi, auctor non tincidunt sagittis, iaculis pretium augue. Nunc ut pellentesque risus. Aliquam sit amet sodales justo.", "type": "text", "style": "", "detail": 0, "format": 0, "version": 1}], "direction": null, "textStyle": "", "textFormat": 0}, {"type": "paragraph", "format": "", "indent": 0, "version": 1, "children": [{"mode": "normal", "text": "Sed consectetur vel felis ut laoreet. Pellentesque habitant morbi tristique senectus et netus et malesuada fames ac turpis egestas. Sed ut tempus enim. Maecenas quis suscipit tortor. Etiam consequat magna ante, eu dapibus est tincidunt eu. Morbi molestie mauris vitae vestibulum pellentesque. Curabitur vel luctus purus. Vivamus ornare, augue vel laoreet ultrices, nibh lacus faucibus nunc, lacinia commodo nisl turpis sed ex. Vestibulum gravida tortor sed nisl finibus porttitor. Sed lorem ipsum, pharetra et tincidunt a, venenatis at ex. Nunc ac risus et lacus ornare sagittis vitae et velit. Donec luctus auctor quam vel sollicitudin. Maecenas cursus risus tellus, et porta augue vehicula a. Aliquam porta pellentesque ultrices.", "type": "text", "style": "", "detail": 0, "format": 0, "version": 1}], "direction": null, "textStyle": "", "textFormat": 0}, {"type": "paragraph", "format": "", "indent": 0, "version": 1, "children": [{"mode": "normal", "text": "Vivamus felis turpis, blandit ut tellus id, commodo tristique nisi. Donec at eros porttitor, consequat mi at, tempor felis. Donec dignissim tincidunt nibh id rutrum. Phasellus et massa condimentum velit dapibus facilisis. Phasellus in mauris erat. Morbi at suscipit enim. Vestibulum fermentum ligula id erat ultricies iaculis. Pellentesque nec nisi sapien. Etiam volutpat a magna sit amet volutpat. Duis metus lorem, venenatis ac sodales eu, placerat in sapien. Vestibulum vel mollis nisl. Quisque eu aliquet orci, posuere fringilla erat. Vivamus tempus enim ut risus sollicitudin, quis volutpat dui mollis. Duis hendrerit felis diam, ac rhoncus felis sollicitudin ac. Donec vel aliquam ipsum. Integer at nisi ullamcorper, rhoncus neque ac, mattis massa.", "type": "text", "style": "", "detail": 0, "format": 0, "version": 1}], "direction": null, "textStyle": "", "textFormat": 0}, {"type": "paragraph", "format": "", "indent": 0, "version": 1, "children": [{"mode": "normal", "text": "Fusce a suscipit orci, vitae dictum lorem. Nulla sit amet ante arcu. Aliquam ornare in urna eget varius. Donec facilisis, dui pharetra rutrum eleifend, diam mi consequat leo, sit amet iaculis erat metus ac neque. Pellentesque id nisl sed arcu tincidunt egestas. Ut sit amet lobortis erat. Proin erat dui, luctus sit amet dictum et, hendrerit quis risus. Proin quis elementum magna, in consequat nisi. Aliquam tincidunt gravida cursus. Sed ac lorem a purus pulvinar cursus. Vivamus sem sapien, vehicula quis erat nec, ultricies eleifend felis. Duis a quam pharetra, rutrum lorem vitae, semper ligula. Vestibulum a risus molestie, pharetra ligula id, aliquam arcu.", "type": "text", "style": "", "detail": 0, "format": 0, "version": 1}], "direction": null, "textStyle": "", "textFormat": 0}, {"type": "paragraph", "format": "", "indent": 0, "version": 1, "children": [{"mode": "normal", "text": "Fusce pellentesque in justo non vestibulum. Donec eu lectus gravida, elementum est quis, malesuada nisl. Aenean ut imperdiet neque. Nunc varius euismod condimentum. Praesent ex purus, volutpat sed facilisis sed, laoreet quis lacus. Vestibulum sed erat auctor neque cursus maximus non in lorem. Integer volutpat quam vel gravida consectetur.", "type": "text", "style": "", "detail": 0, "format": 0, "version": 1}], "direction": null, "textStyle": "", "textFormat": 0}], "direction": null}}	post 4 | Payload Website Template	68	Lorem ipsum dolor sit amet, consectetur adipiscing elit. Proin in vestibulum eros. Nunc ullamcorper eu odio et sollicitudin. Proin vitae nisi id le\n	2025-10-27 00:00:00+01	post-6	f	2025-11-25 09:41:03.373+01	2025-10-27 20:18:18.123+01	published	2025-11-25 09:41:03.377+01	2025-11-25 09:41:03.377+01	t	f
79	6	post 6	68	{"root": {"type": "root", "format": "", "indent": 0, "version": 1, "children": [{"type": "paragraph", "format": "", "indent": 0, "version": 1, "children": [{"mode": "normal", "text": "Lorem ipsum dolor sit amet, consectetur adipiscing elit. Proin in vestibulum eros. Nunc ullamcorper eu odio et sollicitudin. Proin vitae nisi id lectus egestas posuere eu aliquam mi. Sed tempor sodales arcu, id euismod orci maximus quis. Morbi eu est felis. Cras nec sem volutpat, sodales metus et, feugiat est. Aliquam iaculis consequat nisl ac aliquam. Pellentesque sit amet ipsum dui. Mauris elit nunc, fringilla et leo eget, varius consectetur odio. Donec tortor nisi, auctor non tincidunt sagittis, iaculis pretium augue. Nunc ut pellentesque risus. Aliquam sit amet sodales justo.", "type": "text", "style": "", "detail": 0, "format": 0, "version": 1}], "direction": null, "textStyle": "", "textFormat": 0}, {"type": "paragraph", "format": "", "indent": 0, "version": 1, "children": [{"mode": "normal", "text": "Sed consectetur vel felis ut laoreet. Pellentesque habitant morbi tristique senectus et netus et malesuada fames ac turpis egestas. Sed ut tempus enim. Maecenas quis suscipit tortor. Etiam consequat magna ante, eu dapibus est tincidunt eu. Morbi molestie mauris vitae vestibulum pellentesque. Curabitur vel luctus purus. Vivamus ornare, augue vel laoreet ultrices, nibh lacus faucibus nunc, lacinia commodo nisl turpis sed ex. Vestibulum gravida tortor sed nisl finibus porttitor. Sed lorem ipsum, pharetra et tincidunt a, venenatis at ex. Nunc ac risus et lacus ornare sagittis vitae et velit. Donec luctus auctor quam vel sollicitudin. Maecenas cursus risus tellus, et porta augue vehicula a. Aliquam porta pellentesque ultrices.", "type": "text", "style": "", "detail": 0, "format": 0, "version": 1}], "direction": null, "textStyle": "", "textFormat": 0}, {"type": "paragraph", "format": "", "indent": 0, "version": 1, "children": [{"mode": "normal", "text": "Vivamus felis turpis, blandit ut tellus id, commodo tristique nisi. Donec at eros porttitor, consequat mi at, tempor felis. Donec dignissim tincidunt nibh id rutrum. Phasellus et massa condimentum velit dapibus facilisis. Phasellus in mauris erat. Morbi at suscipit enim. Vestibulum fermentum ligula id erat ultricies iaculis. Pellentesque nec nisi sapien. Etiam volutpat a magna sit amet volutpat. Duis metus lorem, venenatis ac sodales eu, placerat in sapien. Vestibulum vel mollis nisl. Quisque eu aliquet orci, posuere fringilla erat. Vivamus tempus enim ut risus sollicitudin, quis volutpat dui mollis. Duis hendrerit felis diam, ac rhoncus felis sollicitudin ac. Donec vel aliquam ipsum. Integer at nisi ullamcorper, rhoncus neque ac, mattis massa.", "type": "text", "style": "", "detail": 0, "format": 0, "version": 1}], "direction": null, "textStyle": "", "textFormat": 0}, {"type": "paragraph", "format": "", "indent": 0, "version": 1, "children": [{"mode": "normal", "text": "Fusce a suscipit orci, vitae dictum lorem. Nulla sit amet ante arcu. Aliquam ornare in urna eget varius. Donec facilisis, dui pharetra rutrum eleifend, diam mi consequat leo, sit amet iaculis erat metus ac neque. Pellentesque id nisl sed arcu tincidunt egestas. Ut sit amet lobortis erat. Proin erat dui, luctus sit amet dictum et, hendrerit quis risus. Proin quis elementum magna, in consequat nisi. Aliquam tincidunt gravida cursus. Sed ac lorem a purus pulvinar cursus. Vivamus sem sapien, vehicula quis erat nec, ultricies eleifend felis. Duis a quam pharetra, rutrum lorem vitae, semper ligula. Vestibulum a risus molestie, pharetra ligula id, aliquam arcu.", "type": "text", "style": "", "detail": 0, "format": 0, "version": 1}], "direction": null, "textStyle": "", "textFormat": 0}, {"type": "paragraph", "format": "", "indent": 0, "version": 1, "children": [{"mode": "normal", "text": "Fusce pellentesque in justo non vestibulum. Donec eu lectus gravida, elementum est quis, malesuada nisl. Aenean ut imperdiet neque. Nunc varius euismod condimentum. Praesent ex purus, volutpat sed facilisis sed, laoreet quis lacus. Vestibulum sed erat auctor neque cursus maximus non in lorem. Integer volutpat quam vel gravida consectetur.", "type": "text", "style": "", "detail": 0, "format": 0, "version": 1}], "direction": null, "textStyle": "", "textFormat": 0}], "direction": null}}	post 4 | Payload Website Template	68	Lorem ipsum dolor sit amet, consectetur adipiscing elit. Proin in vestibulum eros. Nunc ullamcorper eu odio et sollicitudin. Proin vitae nisi id le\n	2025-10-27 00:00:00+01	post-6	f	2025-11-25 09:41:02.268+01	2025-10-27 20:18:18.123+01	draft	2025-11-25 09:40:52.692+01	2025-11-25 09:41:02.268+01	f	t
88	1	post01	68	{"root": {"type": "root", "format": "", "indent": 0, "version": 1, "children": [{"type": "paragraph", "format": "", "indent": 0, "version": 1, "children": [{"mode": "normal", "text": "Lorem aaaaaaaaaaaaaaaaaaaaa ipsum dolor sit amet, consectetur adipiscing elit. Maecenas egestas erat risus, ac semper justo molestie vel. Aliquam erat volutpat. Phasellus imperdiet metus erat, id maximus diam placerat eu. Nam luctus lorem eget mauris tempus egestas. Aliquam tempus varius urna, quis finibus odio luctus a. Integer dictum finibus ex nec placerat. Phasellus risus est, consequat vitae tortor vel, accumsan commodo sapien. Ut convallis nunc et metus interdum, in luctus enim molestie. Fusce aliquet elit sed est imperdiet, vel elementum enim varius. Sed quis blandit arcu, lacinia molestie ante. Proin ac turpis urna. Pellentesque in tristique erat. Sed vitae congue sapien. Curabitur consectetur felis lectus. Etiam eu ligula id arcu feugiat eleifend.", "type": "text", "style": "", "detail": 0, "format": 0, "version": 1}], "direction": null, "textStyle": "", "textFormat": 0}, {"type": "paragraph", "format": "", "indent": 0, "version": 1, "children": [{"mode": "normal", "text": "Aliquam in lorem sed sapien bibendum feugiat eu ut turpis. Class aptent taciti sociosqu ad litora torquent per conubia nostra, per inceptos himenaeos. Morbi ante nisi, ultricies et condimentum vel, eleifend ac quam. Proin dui risus, efficitur eu massa eget, sollicitudin efficitur purus. Nulla egestas viverra dolor at tristique. Maecenas augue mi, imperdiet eget mattis in, aliquam eu sem. Ut libero diam, viverra quis lectus sed, congue iaculis ex. Ut semper ultricies posuere. Donec malesuada, leo ut semper rhoncus, tortor est pharetra turpis, in ultrices ante urna vehicula turpis. Donec eget varius velit, in volutpat neque. Morbi augue arcu, posuere non ullamcorper at, laoreet eu mauris. Suspendisse potenti. Pellentesque interdum leo ac sem convallis facilisis. Donec nec eros sit amet arcu ultrices mollis id et nisl.", "type": "text", "style": "", "detail": 0, "format": 0, "version": 1}], "direction": null, "textStyle": "", "textFormat": 0}, {"type": "paragraph", "format": "", "indent": 0, "version": 1, "children": [{"mode": "normal", "text": "Sed faucibus tellus sed orci porta tincidunt. Integer laoreet, turpis nec lobortis ultricies, ante risus volutpat odio, ut malesuada eros metus nec lorem. Ut eu mauris sed turpis accumsan scelerisque quis non lectus. Fusce et quam orci. Nam tempus felis eu turpis bibendum, non maximus nibh scelerisque. Donec id congue nisi. Fusce nulla dui, cursus consequat aliquet non, blandit et turpis. Proin ac laoreet urna. Donec id mi in felis elementum euismod in quis augue. Integer eget eleifend est.", "type": "text", "style": "", "detail": 0, "format": 0, "version": 1}], "direction": null, "textStyle": "", "textFormat": 0}, {"type": "paragraph", "format": "", "indent": 0, "version": 1, "children": [{"mode": "normal", "text": "Phasellus mollis cursus tortor, in dignissim felis vulputate quis. Nulla interdum nulla imperdiet, pulvinar mauris eget, sagittis mauris. Donec aliquam semper tellus quis condimentum. Vivamus sit amet nisl sit amet lectus ullamcorper faucibus. Vestibulum ante ipsum primis in faucibus orci luctus et ultrices posuere cubilia curae; Nullam mollis, libero finibus blandit luctus, nisl ante convallis risus, a aliquam sapien neque et risus. Praesent mollis porta laoreet. Duis lacus tortor, malesuada vitae metus non, efficitur viverra dolor. Phasellus rhoncus felis turpis, sed malesuada tellus malesuada in. Praesent fermentum sodales lacus eget lacinia. Sed convallis non purus id iaculis. Donec in malesuada enim. Cras vitae odio odio. Donec non nisi risus.", "type": "text", "style": "", "detail": 0, "format": 0, "version": 1}], "direction": null, "textStyle": "", "textFormat": 0}, {"type": "paragraph", "format": "", "indent": 0, "version": 1, "children": [{"mode": "normal", "text": "Etiam ac est lorem. Nullam fringilla vitae orci sed suscipit. Sed fermentum, nunc quis ultricies molestie, odio lectus suscipit enim, et venenatis dui tortor eget dolor. Suspendisse tempus tempor lacus sed tristique. Pellentesque habitant morbi tristique senectus et netus et malesuada fames ac turpis egestas. Integer sodales metus in neque pellentesque, eget rutrum lectus accumsan. Quisque at blandit mauris. Aliquam commodo volutpat tempus.", "type": "text", "style": "", "detail": 0, "format": 0, "version": 1}], "direction": null, "textStyle": "", "textFormat": 0}, {"type": "paragraph", "format": "", "indent": 0, "version": 1, "children": [], "direction": null, "textStyle": "", "textFormat": 0}], "direction": null}}	post01 | Payload Website Template	68	Lorem ipsum dolor sit amet, consectetur adipiscing el sskkj iosjijijsi ijsijijs isjijisjij sijisjsijis isjiijis isji isji	2025-10-24 18:06:54.442+02	post01	f	2025-11-30 11:02:25.796+01	2025-10-24 13:53:45.978+02	draft	2025-11-30 11:02:25.528+01	2025-11-30 11:02:25.796+01	f	t
57	10	Lorem ipsum dolor sit amet, consectetur adipiscing elit	\N	{"root": {"type": "root", "format": "", "indent": 0, "version": 1, "children": [{"type": "paragraph", "format": "", "indent": 0, "version": 1, "children": [{"mode": "normal", "text": "Lorem ipsum dolor sit amet, consectetur adipiscing elit. Proin in vestibulum eros. Nunc ullamcorper eu odio et sollicitudin. Proin vitae nisi id lectus egestas posuere eu aliquam mi. Sed tempor sodales arcu, id euismod orci maximus quis. Morbi eu est felis. Cras nec sem volutpat, sodales metus et, feugiat est. Aliquam iaculis consequat nisl ac aliquam. Pellentesque sit amet ipsum dui. Mauris elit nunc, fringilla et leo eget, varius consectetur odio. Donec tortor nisi, auctor non tincidunt sagittis, iaculis pretium augue. Nunc ut pellentesque risus. Aliquam sit amet sodales justo.", "type": "text", "style": "", "detail": 0, "format": 0, "version": 1}], "direction": null, "textStyle": "", "textFormat": 0}, {"type": "paragraph", "format": "", "indent": 0, "version": 1, "children": [{"mode": "normal", "text": "Sed consectetur vel felis ut laoreet. Pellentesque habitant morbi tristique senectus et netus et malesuada fames ac turpis egestas. Sed ut tempus enim. Maecenas quis suscipit tortor. Etiam consequat magna ante, eu dapibus est tincidunt eu. Morbi molestie mauris vitae vestibulum pellentesque. Curabitur vel luctus purus. Vivamus ornare, augue vel laoreet ultrices, nibh lacus faucibus nunc, lacinia commodo nisl turpis sed ex. Vestibulum gravida tortor sed nisl finibus porttitor. Sed lorem ipsum, pharetra et tincidunt a, venenatis at ex. Nunc ac risus et lacus ornare sagittis vitae et velit. Donec luctus auctor quam vel sollicitudin. Maecenas cursus risus tellus, et porta augue vehicula a. Aliquam porta pellentesque ultrices.", "type": "text", "style": "", "detail": 0, "format": 0, "version": 1}], "direction": null, "textStyle": "", "textFormat": 0}, {"type": "paragraph", "format": "", "indent": 0, "version": 1, "children": [{"mode": "normal", "text": "Vivamus felis turpis, blandit ut tellus id, commodo tristique nisi. Donec at eros porttitor, consequat mi at, tempor felis. Donec dignissim tincidunt nibh id rutrum. Phasellus et massa condimentum velit dapibus facilisis. Phasellus in mauris erat. Morbi at suscipit enim. Vestibulum fermentum ligula id erat ultricies iaculis. Pellentesque nec nisi sapien. Etiam volutpat a magna sit amet volutpat. Duis metus lorem, venenatis ac sodales eu, placerat in sapien. Vestibulum vel mollis nisl. Quisque eu aliquet orci, posuere fringilla erat. Vivamus tempus enim ut risus sollicitudin, quis volutpat dui mollis. Duis hendrerit felis diam, ac rhoncus felis sollicitudin ac. Donec vel aliquam ipsum. Integer at nisi ullamcorper, rhoncus neque ac, mattis massa.", "type": "text", "style": "", "detail": 0, "format": 0, "version": 1}], "direction": null, "textStyle": "", "textFormat": 0}, {"type": "paragraph", "format": "", "indent": 0, "version": 1, "children": [{"mode": "normal", "text": "Fusce a suscipit orci, vitae dictum lorem. Nulla sit amet ante arcu. Aliquam ornare in urna eget varius. Donec facilisis, dui pharetra rutrum eleifend, diam mi consequat leo, sit amet iaculis erat metus ac neque. Pellentesque id nisl sed arcu tincidunt egestas. Ut sit amet lobortis erat. Proin erat dui, luctus sit amet dictum et, hendrerit quis risus. Proin quis elementum magna, in consequat nisi. Aliquam tincidunt gravida cursus. Sed ac lorem a purus pulvinar cursus. Vivamus sem sapien, vehicula quis erat nec, ultricies eleifend felis. Duis a quam pharetra, rutrum lorem vitae, semper ligula. Vestibulum a risus molestie, pharetra ligula id, aliquam arcu.", "type": "text", "style": "", "detail": 0, "format": 0, "version": 1}], "direction": null, "textStyle": "", "textFormat": 0}, {"type": "paragraph", "format": "", "indent": 0, "version": 1, "children": [{"mode": "normal", "text": "Fusce pellentesque in justo non vestibulum. Donec eu lectus gravida, elementum est quis, malesuada nisl. Aenean ut imperdiet neque. Nunc varius euismod condimentum. Praesent ex purus, volutpat sed facilisis sed, laoreet quis lacus. Vestibulum sed erat auctor neque cursus maximus non in lorem. Integer volutpat quam vel gravida consectetur.", "type": "text", "style": "", "detail": 0, "format": 0, "version": 1}], "direction": null, "textStyle": "", "textFormat": 0}], "direction": null}}	post 4 | Payload Website Template	\N	Lorem ipsum dolor sit amet, consectetur adipiscing elit. Proin in vestibulum eros. Nunc ullamcorper eu odio et sollicitudin. Proin vitae nisi id le\n	2025-10-27 00:00:00+01	lorem-ipsum-dolor-sit-amet-consectetur-adipiscing-elit	f	2025-10-29 09:26:40.656+01	2025-10-28 17:46:32.007+01	draft	2025-10-29 09:26:33.58+01	2025-10-29 09:26:40.656+01	f	t
43	6	post 6	\N	{"root": {"type": "root", "format": "", "indent": 0, "version": 1, "children": [{"type": "paragraph", "format": "", "indent": 0, "version": 1, "children": [{"mode": "normal", "text": "Lorem ipsum dolor sit amet, consectetur adipiscing elit. Proin in vestibulum eros. Nunc ullamcorper eu odio et sollicitudin. Proin vitae nisi id lectus egestas posuere eu aliquam mi. Sed tempor sodales arcu, id euismod orci maximus quis. Morbi eu est felis. Cras nec sem volutpat, sodales metus et, feugiat est. Aliquam iaculis consequat nisl ac aliquam. Pellentesque sit amet ipsum dui. Mauris elit nunc, fringilla et leo eget, varius consectetur odio. Donec tortor nisi, auctor non tincidunt sagittis, iaculis pretium augue. Nunc ut pellentesque risus. Aliquam sit amet sodales justo.", "type": "text", "style": "", "detail": 0, "format": 0, "version": 1}], "direction": null, "textStyle": "", "textFormat": 0}, {"type": "paragraph", "format": "", "indent": 0, "version": 1, "children": [{"mode": "normal", "text": "Sed consectetur vel felis ut laoreet. Pellentesque habitant morbi tristique senectus et netus et malesuada fames ac turpis egestas. Sed ut tempus enim. Maecenas quis suscipit tortor. Etiam consequat magna ante, eu dapibus est tincidunt eu. Morbi molestie mauris vitae vestibulum pellentesque. Curabitur vel luctus purus. Vivamus ornare, augue vel laoreet ultrices, nibh lacus faucibus nunc, lacinia commodo nisl turpis sed ex. Vestibulum gravida tortor sed nisl finibus porttitor. Sed lorem ipsum, pharetra et tincidunt a, venenatis at ex. Nunc ac risus et lacus ornare sagittis vitae et velit. Donec luctus auctor quam vel sollicitudin. Maecenas cursus risus tellus, et porta augue vehicula a. Aliquam porta pellentesque ultrices.", "type": "text", "style": "", "detail": 0, "format": 0, "version": 1}], "direction": null, "textStyle": "", "textFormat": 0}, {"type": "paragraph", "format": "", "indent": 0, "version": 1, "children": [{"mode": "normal", "text": "Vivamus felis turpis, blandit ut tellus id, commodo tristique nisi. Donec at eros porttitor, consequat mi at, tempor felis. Donec dignissim tincidunt nibh id rutrum. Phasellus et massa condimentum velit dapibus facilisis. Phasellus in mauris erat. Morbi at suscipit enim. Vestibulum fermentum ligula id erat ultricies iaculis. Pellentesque nec nisi sapien. Etiam volutpat a magna sit amet volutpat. Duis metus lorem, venenatis ac sodales eu, placerat in sapien. Vestibulum vel mollis nisl. Quisque eu aliquet orci, posuere fringilla erat. Vivamus tempus enim ut risus sollicitudin, quis volutpat dui mollis. Duis hendrerit felis diam, ac rhoncus felis sollicitudin ac. Donec vel aliquam ipsum. Integer at nisi ullamcorper, rhoncus neque ac, mattis massa.", "type": "text", "style": "", "detail": 0, "format": 0, "version": 1}], "direction": null, "textStyle": "", "textFormat": 0}, {"type": "paragraph", "format": "", "indent": 0, "version": 1, "children": [{"mode": "normal", "text": "Fusce a suscipit orci, vitae dictum lorem. Nulla sit amet ante arcu. Aliquam ornare in urna eget varius. Donec facilisis, dui pharetra rutrum eleifend, diam mi consequat leo, sit amet iaculis erat metus ac neque. Pellentesque id nisl sed arcu tincidunt egestas. Ut sit amet lobortis erat. Proin erat dui, luctus sit amet dictum et, hendrerit quis risus. Proin quis elementum magna, in consequat nisi. Aliquam tincidunt gravida cursus. Sed ac lorem a purus pulvinar cursus. Vivamus sem sapien, vehicula quis erat nec, ultricies eleifend felis. Duis a quam pharetra, rutrum lorem vitae, semper ligula. Vestibulum a risus molestie, pharetra ligula id, aliquam arcu.", "type": "text", "style": "", "detail": 0, "format": 0, "version": 1}], "direction": null, "textStyle": "", "textFormat": 0}, {"type": "paragraph", "format": "", "indent": 0, "version": 1, "children": [{"mode": "normal", "text": "Fusce pellentesque in justo non vestibulum. Donec eu lectus gravida, elementum est quis, malesuada nisl. Aenean ut imperdiet neque. Nunc varius euismod condimentum. Praesent ex purus, volutpat sed facilisis sed, laoreet quis lacus. Vestibulum sed erat auctor neque cursus maximus non in lorem. Integer volutpat quam vel gravida consectetur.", "type": "text", "style": "", "detail": 0, "format": 0, "version": 1}], "direction": null, "textStyle": "", "textFormat": 0}], "direction": null}}	post 4 | Payload Website Template	\N	Lorem ipsum dolor sit amet, consectetur adipiscing elit. Proin in vestibulum eros. Nunc ullamcorper eu odio et sollicitudin. Proin vitae nisi id le\n	2025-10-27 00:00:00+01	post-6	f	2025-10-27 20:18:27.524+01	2025-10-27 20:18:18.123+01	draft	2025-10-27 20:18:20.651+01	2025-10-27 20:18:27.524+01	f	t
45	7	post 6	\N	{"root": {"type": "root", "format": "", "indent": 0, "version": 1, "children": [{"type": "paragraph", "format": "", "indent": 0, "version": 1, "children": [{"mode": "normal", "text": "Lorem ipsum dolor sit amet, consectetur adipiscing elit. Proin in vestibulum eros. Nunc ullamcorper eu odio et sollicitudin. Proin vitae nisi id lectus egestas posuere eu aliquam mi. Sed tempor sodales arcu, id euismod orci maximus quis. Morbi eu est felis. Cras nec sem volutpat, sodales metus et, feugiat est. Aliquam iaculis consequat nisl ac aliquam. Pellentesque sit amet ipsum dui. Mauris elit nunc, fringilla et leo eget, varius consectetur odio. Donec tortor nisi, auctor non tincidunt sagittis, iaculis pretium augue. Nunc ut pellentesque risus. Aliquam sit amet sodales justo.", "type": "text", "style": "", "detail": 0, "format": 0, "version": 1}], "direction": null, "textStyle": "", "textFormat": 0}, {"type": "paragraph", "format": "", "indent": 0, "version": 1, "children": [{"mode": "normal", "text": "Sed consectetur vel felis ut laoreet. Pellentesque habitant morbi tristique senectus et netus et malesuada fames ac turpis egestas. Sed ut tempus enim. Maecenas quis suscipit tortor. Etiam consequat magna ante, eu dapibus est tincidunt eu. Morbi molestie mauris vitae vestibulum pellentesque. Curabitur vel luctus purus. Vivamus ornare, augue vel laoreet ultrices, nibh lacus faucibus nunc, lacinia commodo nisl turpis sed ex. Vestibulum gravida tortor sed nisl finibus porttitor. Sed lorem ipsum, pharetra et tincidunt a, venenatis at ex. Nunc ac risus et lacus ornare sagittis vitae et velit. Donec luctus auctor quam vel sollicitudin. Maecenas cursus risus tellus, et porta augue vehicula a. Aliquam porta pellentesque ultrices.", "type": "text", "style": "", "detail": 0, "format": 0, "version": 1}], "direction": null, "textStyle": "", "textFormat": 0}, {"type": "paragraph", "format": "", "indent": 0, "version": 1, "children": [{"mode": "normal", "text": "Vivamus felis turpis, blandit ut tellus id, commodo tristique nisi. Donec at eros porttitor, consequat mi at, tempor felis. Donec dignissim tincidunt nibh id rutrum. Phasellus et massa condimentum velit dapibus facilisis. Phasellus in mauris erat. Morbi at suscipit enim. Vestibulum fermentum ligula id erat ultricies iaculis. Pellentesque nec nisi sapien. Etiam volutpat a magna sit amet volutpat. Duis metus lorem, venenatis ac sodales eu, placerat in sapien. Vestibulum vel mollis nisl. Quisque eu aliquet orci, posuere fringilla erat. Vivamus tempus enim ut risus sollicitudin, quis volutpat dui mollis. Duis hendrerit felis diam, ac rhoncus felis sollicitudin ac. Donec vel aliquam ipsum. Integer at nisi ullamcorper, rhoncus neque ac, mattis massa.", "type": "text", "style": "", "detail": 0, "format": 0, "version": 1}], "direction": null, "textStyle": "", "textFormat": 0}, {"type": "paragraph", "format": "", "indent": 0, "version": 1, "children": [{"mode": "normal", "text": "Fusce a suscipit orci, vitae dictum lorem. Nulla sit amet ante arcu. Aliquam ornare in urna eget varius. Donec facilisis, dui pharetra rutrum eleifend, diam mi consequat leo, sit amet iaculis erat metus ac neque. Pellentesque id nisl sed arcu tincidunt egestas. Ut sit amet lobortis erat. Proin erat dui, luctus sit amet dictum et, hendrerit quis risus. Proin quis elementum magna, in consequat nisi. Aliquam tincidunt gravida cursus. Sed ac lorem a purus pulvinar cursus. Vivamus sem sapien, vehicula quis erat nec, ultricies eleifend felis. Duis a quam pharetra, rutrum lorem vitae, semper ligula. Vestibulum a risus molestie, pharetra ligula id, aliquam arcu.", "type": "text", "style": "", "detail": 0, "format": 0, "version": 1}], "direction": null, "textStyle": "", "textFormat": 0}, {"type": "paragraph", "format": "", "indent": 0, "version": 1, "children": [{"mode": "normal", "text": "Fusce pellentesque in justo non vestibulum. Donec eu lectus gravida, elementum est quis, malesuada nisl. Aenean ut imperdiet neque. Nunc varius euismod condimentum. Praesent ex purus, volutpat sed facilisis sed, laoreet quis lacus. Vestibulum sed erat auctor neque cursus maximus non in lorem. Integer volutpat quam vel gravida consectetur.", "type": "text", "style": "", "detail": 0, "format": 0, "version": 1}], "direction": null, "textStyle": "", "textFormat": 0}], "direction": null}}	post 4 | Payload Website Template	\N	Lorem ipsum dolor sit amet, consectetur adipiscing elit. Proin in vestibulum eros. Nunc ullamcorper eu odio et sollicitudin. Proin vitae nisi id le\n	2025-10-27 00:00:00+01	post-6	f	2025-10-27 20:18:29.532+01	2025-10-27 20:19:14.986+01	draft	2025-10-27 20:19:14.989+01	2025-10-27 20:19:14.989+01	f	f
66	10	Lorem ipsum dolor sit amet, consectetur adipiscing elit	\N	{"root": {"type": "root", "format": "", "indent": 0, "version": 1, "children": [{"type": "paragraph", "format": "", "indent": 0, "version": 1, "children": [{"mode": "normal", "text": "Lorem ipsum dolor sit amet, consectetur adipiscing elit. Proin in vestibulum eros. Nunc ullamcorper eu odio et sollicitudin. Proin vitae nisi id lectus egestas posuere eu aliquam mi. Sed tempor sodales arcu, id euismod orci maximus quis. Morbi eu est felis. Cras nec sem volutpat, sodales metus et, feugiat est. Aliquam iaculis consequat nisl ac aliquam. Pellentesque sit amet ipsum dui. Mauris elit nunc, fringilla et leo eget, varius consectetur odio. Donec tortor nisi, auctor non tincidunt sagittis, iaculis pretium augue. Nunc ut pellentesque risus. Aliquam sit amet sodales justo.", "type": "text", "style": "", "detail": 0, "format": 0, "version": 1}], "direction": null, "textStyle": "", "textFormat": 0}, {"type": "paragraph", "format": "", "indent": 0, "version": 1, "children": [{"mode": "normal", "text": "Sed consectetur vel felis ut laoreet. Pellentesque habitant morbi tristique senectus et netus et malesuada fames ac turpis egestas. Sed ut tempus enim. Maecenas quis suscipit tortor. Etiam consequat magna ante, eu dapibus est tincidunt eu. Morbi molestie mauris vitae vestibulum pellentesque. Curabitur vel luctus purus. Vivamus ornare, augue vel laoreet ultrices, nibh lacus faucibus nunc, lacinia commodo nisl turpis sed ex. Vestibulum gravida tortor sed nisl finibus porttitor. Sed lorem ipsum, pharetra et tincidunt a, venenatis at ex. Nunc ac risus et lacus ornare sagittis vitae et velit. Donec luctus auctor quam vel sollicitudin. Maecenas cursus risus tellus, et porta augue vehicula a. Aliquam porta pellentesque ultrices.", "type": "text", "style": "", "detail": 0, "format": 0, "version": 1}], "direction": null, "textStyle": "", "textFormat": 0}, {"type": "paragraph", "format": "", "indent": 0, "version": 1, "children": [{"mode": "normal", "text": "Vivamus felis turpis, blandit ut tellus id, commodo tristique nisi. Donec at eros porttitor, consequat mi at, tempor felis. Donec dignissim tincidunt nibh id rutrum. Phasellus et massa condimentum velit dapibus facilisis. Phasellus in mauris erat. Morbi at suscipit enim. Vestibulum fermentum ligula id erat ultricies iaculis. Pellentesque nec nisi sapien. Etiam volutpat a magna sit amet volutpat. Duis metus lorem, venenatis ac sodales eu, placerat in sapien. Vestibulum vel mollis nisl. Quisque eu aliquet orci, posuere fringilla erat. Vivamus tempus enim ut risus sollicitudin, quis volutpat dui mollis. Duis hendrerit felis diam, ac rhoncus felis sollicitudin ac. Donec vel aliquam ipsum. Integer at nisi ullamcorper, rhoncus neque ac, mattis massa.", "type": "text", "style": "", "detail": 0, "format": 0, "version": 1}], "direction": null, "textStyle": "", "textFormat": 0}, {"type": "paragraph", "format": "", "indent": 0, "version": 1, "children": [{"mode": "normal", "text": "Fusce a suscipit orci, vitae dictum lorem. Nulla sit amet ante arcu. Aliquam ornare in urna eget varius. Donec facilisis, dui pharetra rutrum eleifend, diam mi consequat leo, sit amet iaculis erat metus ac neque. Pellentesque id nisl sed arcu tincidunt egestas. Ut sit amet lobortis erat. Proin erat dui, luctus sit amet dictum et, hendrerit quis risus. Proin quis elementum magna, in consequat nisi. Aliquam tincidunt gravida cursus. Sed ac lorem a purus pulvinar cursus. Vivamus sem sapien, vehicula quis erat nec, ultricies eleifend felis. Duis a quam pharetra, rutrum lorem vitae, semper ligula. Vestibulum a risus molestie, pharetra ligula id, aliquam arcu.", "type": "text", "style": "", "detail": 0, "format": 0, "version": 1}], "direction": null, "textStyle": "", "textFormat": 0}, {"type": "paragraph", "format": "", "indent": 0, "version": 1, "children": [{"mode": "normal", "text": "Fusce pellentesque in justo non vestibulum. Donec eu lectus gravida, elementum est quis, malesuada nisl. Aenean ut imperdiet neque. Nunc varius euismod condimentum. Praesent ex purus, volutpat sed facilisis sed, laoreet quis lacus. Vestibulum sed erat auctor neque cursus maximus non in lorem. Integer volutpat quam vel gravida consectetur.", "type": "text", "style": "", "detail": 0, "format": 0, "version": 1}], "direction": null, "textStyle": "", "textFormat": 0}], "direction": null}}	Lorem ipsum dolor sit amet, consectetur adipiscing elitare w	\N	Lorem ipsum dolor sit amet, consectetur adipiscing elit. Proin in vestibulum eros. Nunc ullamcorper eu odio et sollicitudin. Proin vitae nisi id le a\n	2025-10-27 00:00:00+01	lorem-ipsum-dolor-sit-amet-consectetur-adipiscing-elit	f	2025-10-29 19:10:39.421+01	2025-10-28 17:46:32.007+01	published	2025-10-29 19:10:39.426+01	2025-10-29 19:10:39.426+01	f	f
60	10	Lorem ipsum dolor sit amet, consectetur adipiscing elit	\N	{"root": {"type": "root", "format": "", "indent": 0, "version": 1, "children": [{"type": "paragraph", "format": "", "indent": 0, "version": 1, "children": [{"mode": "normal", "text": "Lorem ipsum dolor sit amet, consectetur adipiscing elit. Proin in vestibulum eros. Nunc ullamcorper eu odio et sollicitudin. Proin vitae nisi id lectus egestas posuere eu aliquam mi. Sed tempor sodales arcu, id euismod orci maximus quis. Morbi eu est felis. Cras nec sem volutpat, sodales metus et, feugiat est. Aliquam iaculis consequat nisl ac aliquam. Pellentesque sit amet ipsum dui. Mauris elit nunc, fringilla et leo eget, varius consectetur odio. Donec tortor nisi, auctor non tincidunt sagittis, iaculis pretium augue. Nunc ut pellentesque risus. Aliquam sit amet sodales justo.", "type": "text", "style": "", "detail": 0, "format": 0, "version": 1}], "direction": null, "textStyle": "", "textFormat": 0}, {"type": "paragraph", "format": "", "indent": 0, "version": 1, "children": [{"mode": "normal", "text": "Sed consectetur vel felis ut laoreet. Pellentesque habitant morbi tristique senectus et netus et malesuada fames ac turpis egestas. Sed ut tempus enim. Maecenas quis suscipit tortor. Etiam consequat magna ante, eu dapibus est tincidunt eu. Morbi molestie mauris vitae vestibulum pellentesque. Curabitur vel luctus purus. Vivamus ornare, augue vel laoreet ultrices, nibh lacus faucibus nunc, lacinia commodo nisl turpis sed ex. Vestibulum gravida tortor sed nisl finibus porttitor. Sed lorem ipsum, pharetra et tincidunt a, venenatis at ex. Nunc ac risus et lacus ornare sagittis vitae et velit. Donec luctus auctor quam vel sollicitudin. Maecenas cursus risus tellus, et porta augue vehicula a. Aliquam porta pellentesque ultrices.", "type": "text", "style": "", "detail": 0, "format": 0, "version": 1}], "direction": null, "textStyle": "", "textFormat": 0}, {"type": "paragraph", "format": "", "indent": 0, "version": 1, "children": [{"mode": "normal", "text": "Vivamus felis turpis, blandit ut tellus id, commodo tristique nisi. Donec at eros porttitor, consequat mi at, tempor felis. Donec dignissim tincidunt nibh id rutrum. Phasellus et massa condimentum velit dapibus facilisis. Phasellus in mauris erat. Morbi at suscipit enim. Vestibulum fermentum ligula id erat ultricies iaculis. Pellentesque nec nisi sapien. Etiam volutpat a magna sit amet volutpat. Duis metus lorem, venenatis ac sodales eu, placerat in sapien. Vestibulum vel mollis nisl. Quisque eu aliquet orci, posuere fringilla erat. Vivamus tempus enim ut risus sollicitudin, quis volutpat dui mollis. Duis hendrerit felis diam, ac rhoncus felis sollicitudin ac. Donec vel aliquam ipsum. Integer at nisi ullamcorper, rhoncus neque ac, mattis massa.", "type": "text", "style": "", "detail": 0, "format": 0, "version": 1}], "direction": null, "textStyle": "", "textFormat": 0}, {"type": "paragraph", "format": "", "indent": 0, "version": 1, "children": [{"mode": "normal", "text": "Fusce a suscipit orci, vitae dictum lorem. Nulla sit amet ante arcu. Aliquam ornare in urna eget varius. Donec facilisis, dui pharetra rutrum eleifend, diam mi consequat leo, sit amet iaculis erat metus ac neque. Pellentesque id nisl sed arcu tincidunt egestas. Ut sit amet lobortis erat. Proin erat dui, luctus sit amet dictum et, hendrerit quis risus. Proin quis elementum magna, in consequat nisi. Aliquam tincidunt gravida cursus. Sed ac lorem a purus pulvinar cursus. Vivamus sem sapien, vehicula quis erat nec, ultricies eleifend felis. Duis a quam pharetra, rutrum lorem vitae, semper ligula. Vestibulum a risus molestie, pharetra ligula id, aliquam arcu.", "type": "text", "style": "", "detail": 0, "format": 0, "version": 1}], "direction": null, "textStyle": "", "textFormat": 0}, {"type": "paragraph", "format": "", "indent": 0, "version": 1, "children": [{"mode": "normal", "text": "Fusce pellentesque in justo non vestibulum. Donec eu lectus gravida, elementum est quis, malesuada nisl. Aenean ut imperdiet neque. Nunc varius euismod condimentum. Praesent ex purus, volutpat sed facilisis sed, laoreet quis lacus. Vestibulum sed erat auctor neque cursus maximus non in lorem. Integer volutpat quam vel gravida consectetur.", "type": "text", "style": "", "detail": 0, "format": 0, "version": 1}], "direction": null, "textStyle": "", "textFormat": 0}], "direction": null}}	post 4 | Payload Website Template	\N	Lorem ipsum dolor sit amet, consectetur adipiscing elit. Proin in vestibulum eros. Nunc ullamcorper eu odio et sollicitudin. Proin vitae nisi id le\n	2025-10-27 00:00:00+01	lorem-ipsum-dolor-sit-amet-consectetur-adipiscing-elit	f	2025-10-29 09:58:54.283+01	2025-10-28 17:46:32.007+01	published	2025-10-29 09:58:54.287+01	2025-10-29 09:58:54.287+01	f	f
61	10	Lorem ipsum dolor sit amet, consectetur adipiscing elit	\N	{"root": {"type": "root", "format": "", "indent": 0, "version": 1, "children": [{"type": "paragraph", "format": "", "indent": 0, "version": 1, "children": [{"mode": "normal", "text": "Lorem ipsum dolor sit amet, consectetur adipiscing elit. Proin in vestibulum eros. Nunc ullamcorper eu odio et sollicitudin. Proin vitae nisi id lectus egestas posuere eu aliquam mi. Sed tempor sodales arcu, id euismod orci maximus quis. Morbi eu est felis. Cras nec sem volutpat, sodales metus et, feugiat est. Aliquam iaculis consequat nisl ac aliquam. Pellentesque sit amet ipsum dui. Mauris elit nunc, fringilla et leo eget, varius consectetur odio. Donec tortor nisi, auctor non tincidunt sagittis, iaculis pretium augue. Nunc ut pellentesque risus. Aliquam sit amet sodales justo.", "type": "text", "style": "", "detail": 0, "format": 0, "version": 1}], "direction": null, "textStyle": "", "textFormat": 0}, {"type": "paragraph", "format": "", "indent": 0, "version": 1, "children": [{"mode": "normal", "text": "Sed consectetur vel felis ut laoreet. Pellentesque habitant morbi tristique senectus et netus et malesuada fames ac turpis egestas. Sed ut tempus enim. Maecenas quis suscipit tortor. Etiam consequat magna ante, eu dapibus est tincidunt eu. Morbi molestie mauris vitae vestibulum pellentesque. Curabitur vel luctus purus. Vivamus ornare, augue vel laoreet ultrices, nibh lacus faucibus nunc, lacinia commodo nisl turpis sed ex. Vestibulum gravida tortor sed nisl finibus porttitor. Sed lorem ipsum, pharetra et tincidunt a, venenatis at ex. Nunc ac risus et lacus ornare sagittis vitae et velit. Donec luctus auctor quam vel sollicitudin. Maecenas cursus risus tellus, et porta augue vehicula a. Aliquam porta pellentesque ultrices.", "type": "text", "style": "", "detail": 0, "format": 0, "version": 1}], "direction": null, "textStyle": "", "textFormat": 0}, {"type": "paragraph", "format": "", "indent": 0, "version": 1, "children": [{"mode": "normal", "text": "Vivamus felis turpis, blandit ut tellus id, commodo tristique nisi. Donec at eros porttitor, consequat mi at, tempor felis. Donec dignissim tincidunt nibh id rutrum. Phasellus et massa condimentum velit dapibus facilisis. Phasellus in mauris erat. Morbi at suscipit enim. Vestibulum fermentum ligula id erat ultricies iaculis. Pellentesque nec nisi sapien. Etiam volutpat a magna sit amet volutpat. Duis metus lorem, venenatis ac sodales eu, placerat in sapien. Vestibulum vel mollis nisl. Quisque eu aliquet orci, posuere fringilla erat. Vivamus tempus enim ut risus sollicitudin, quis volutpat dui mollis. Duis hendrerit felis diam, ac rhoncus felis sollicitudin ac. Donec vel aliquam ipsum. Integer at nisi ullamcorper, rhoncus neque ac, mattis massa.", "type": "text", "style": "", "detail": 0, "format": 0, "version": 1}], "direction": null, "textStyle": "", "textFormat": 0}, {"type": "paragraph", "format": "", "indent": 0, "version": 1, "children": [{"mode": "normal", "text": "Fusce a suscipit orci, vitae dictum lorem. Nulla sit amet ante arcu. Aliquam ornare in urna eget varius. Donec facilisis, dui pharetra rutrum eleifend, diam mi consequat leo, sit amet iaculis erat metus ac neque. Pellentesque id nisl sed arcu tincidunt egestas. Ut sit amet lobortis erat. Proin erat dui, luctus sit amet dictum et, hendrerit quis risus. Proin quis elementum magna, in consequat nisi. Aliquam tincidunt gravida cursus. Sed ac lorem a purus pulvinar cursus. Vivamus sem sapien, vehicula quis erat nec, ultricies eleifend felis. Duis a quam pharetra, rutrum lorem vitae, semper ligula. Vestibulum a risus molestie, pharetra ligula id, aliquam arcu.", "type": "text", "style": "", "detail": 0, "format": 0, "version": 1}], "direction": null, "textStyle": "", "textFormat": 0}, {"type": "paragraph", "format": "", "indent": 0, "version": 1, "children": [{"mode": "normal", "text": "Fusce pellentesque in justo non vestibulum. Donec eu lectus gravida, elementum est quis, malesuada nisl. Aenean ut imperdiet neque. Nunc varius euismod condimentum. Praesent ex purus, volutpat sed facilisis sed, laoreet quis lacus. Vestibulum sed erat auctor neque cursus maximus non in lorem. Integer volutpat quam vel gravida consectetur.", "type": "text", "style": "", "detail": 0, "format": 0, "version": 1}], "direction": null, "textStyle": "", "textFormat": 0}], "direction": null}}	Lorem ipsum dolor sit amet, consectetur adipiscing elitare w	\N	Lorem ipsum dolor sit amet, consectetur adipiscing elit. Proin in vestibulum eros. Nunc ullamcorper eu odio et sollicitudin. Proin vitae nisi id le\n	2025-10-27 00:00:00+01	lorem-ipsum-dolor-sit-amet-consectetur-adipiscing-elit	f	2025-10-29 19:08:23.496+01	2025-10-28 17:46:32.007+01	draft	2025-10-29 19:07:57.653+01	2025-10-29 19:08:23.496+01	f	t
56	10	post 10	\N	{"root": {"type": "root", "format": "", "indent": 0, "version": 1, "children": [{"type": "paragraph", "format": "", "indent": 0, "version": 1, "children": [{"mode": "normal", "text": "Lorem ipsum dolor sit amet, consectetur adipiscing elit. Proin in vestibulum eros. Nunc ullamcorper eu odio et sollicitudin. Proin vitae nisi id lectus egestas posuere eu aliquam mi. Sed tempor sodales arcu, id euismod orci maximus quis. Morbi eu est felis. Cras nec sem volutpat, sodales metus et, feugiat est. Aliquam iaculis consequat nisl ac aliquam. Pellentesque sit amet ipsum dui. Mauris elit nunc, fringilla et leo eget, varius consectetur odio. Donec tortor nisi, auctor non tincidunt sagittis, iaculis pretium augue. Nunc ut pellentesque risus. Aliquam sit amet sodales justo.", "type": "text", "style": "", "detail": 0, "format": 0, "version": 1}], "direction": null, "textStyle": "", "textFormat": 0}, {"type": "paragraph", "format": "", "indent": 0, "version": 1, "children": [{"mode": "normal", "text": "Sed consectetur vel felis ut laoreet. Pellentesque habitant morbi tristique senectus et netus et malesuada fames ac turpis egestas. Sed ut tempus enim. Maecenas quis suscipit tortor. Etiam consequat magna ante, eu dapibus est tincidunt eu. Morbi molestie mauris vitae vestibulum pellentesque. Curabitur vel luctus purus. Vivamus ornare, augue vel laoreet ultrices, nibh lacus faucibus nunc, lacinia commodo nisl turpis sed ex. Vestibulum gravida tortor sed nisl finibus porttitor. Sed lorem ipsum, pharetra et tincidunt a, venenatis at ex. Nunc ac risus et lacus ornare sagittis vitae et velit. Donec luctus auctor quam vel sollicitudin. Maecenas cursus risus tellus, et porta augue vehicula a. Aliquam porta pellentesque ultrices.", "type": "text", "style": "", "detail": 0, "format": 0, "version": 1}], "direction": null, "textStyle": "", "textFormat": 0}, {"type": "paragraph", "format": "", "indent": 0, "version": 1, "children": [{"mode": "normal", "text": "Vivamus felis turpis, blandit ut tellus id, commodo tristique nisi. Donec at eros porttitor, consequat mi at, tempor felis. Donec dignissim tincidunt nibh id rutrum. Phasellus et massa condimentum velit dapibus facilisis. Phasellus in mauris erat. Morbi at suscipit enim. Vestibulum fermentum ligula id erat ultricies iaculis. Pellentesque nec nisi sapien. Etiam volutpat a magna sit amet volutpat. Duis metus lorem, venenatis ac sodales eu, placerat in sapien. Vestibulum vel mollis nisl. Quisque eu aliquet orci, posuere fringilla erat. Vivamus tempus enim ut risus sollicitudin, quis volutpat dui mollis. Duis hendrerit felis diam, ac rhoncus felis sollicitudin ac. Donec vel aliquam ipsum. Integer at nisi ullamcorper, rhoncus neque ac, mattis massa.", "type": "text", "style": "", "detail": 0, "format": 0, "version": 1}], "direction": null, "textStyle": "", "textFormat": 0}, {"type": "paragraph", "format": "", "indent": 0, "version": 1, "children": [{"mode": "normal", "text": "Fusce a suscipit orci, vitae dictum lorem. Nulla sit amet ante arcu. Aliquam ornare in urna eget varius. Donec facilisis, dui pharetra rutrum eleifend, diam mi consequat leo, sit amet iaculis erat metus ac neque. Pellentesque id nisl sed arcu tincidunt egestas. Ut sit amet lobortis erat. Proin erat dui, luctus sit amet dictum et, hendrerit quis risus. Proin quis elementum magna, in consequat nisi. Aliquam tincidunt gravida cursus. Sed ac lorem a purus pulvinar cursus. Vivamus sem sapien, vehicula quis erat nec, ultricies eleifend felis. Duis a quam pharetra, rutrum lorem vitae, semper ligula. Vestibulum a risus molestie, pharetra ligula id, aliquam arcu.", "type": "text", "style": "", "detail": 0, "format": 0, "version": 1}], "direction": null, "textStyle": "", "textFormat": 0}, {"type": "paragraph", "format": "", "indent": 0, "version": 1, "children": [{"mode": "normal", "text": "Fusce pellentesque in justo non vestibulum. Donec eu lectus gravida, elementum est quis, malesuada nisl. Aenean ut imperdiet neque. Nunc varius euismod condimentum. Praesent ex purus, volutpat sed facilisis sed, laoreet quis lacus. Vestibulum sed erat auctor neque cursus maximus non in lorem. Integer volutpat quam vel gravida consectetur.", "type": "text", "style": "", "detail": 0, "format": 0, "version": 1}], "direction": null, "textStyle": "", "textFormat": 0}], "direction": null}}	post 4 | Payload Website Template	\N	Lorem ipsum dolor sit amet, consectetur adipiscing elit. Proin in vestibulum eros. Nunc ullamcorper eu odio et sollicitudin. Proin vitae nisi id le\n	2025-10-27 00:00:00+01	post-10	f	2025-10-28 17:46:39.613+01	2025-10-28 17:46:32.007+01	published	2025-10-28 17:46:39.617+01	2025-10-28 17:46:39.617+01	f	f
55	10	post 10	\N	{"root": {"type": "root", "format": "", "indent": 0, "version": 1, "children": [{"type": "paragraph", "format": "", "indent": 0, "version": 1, "children": [{"mode": "normal", "text": "Lorem ipsum dolor sit amet, consectetur adipiscing elit. Proin in vestibulum eros. Nunc ullamcorper eu odio et sollicitudin. Proin vitae nisi id lectus egestas posuere eu aliquam mi. Sed tempor sodales arcu, id euismod orci maximus quis. Morbi eu est felis. Cras nec sem volutpat, sodales metus et, feugiat est. Aliquam iaculis consequat nisl ac aliquam. Pellentesque sit amet ipsum dui. Mauris elit nunc, fringilla et leo eget, varius consectetur odio. Donec tortor nisi, auctor non tincidunt sagittis, iaculis pretium augue. Nunc ut pellentesque risus. Aliquam sit amet sodales justo.", "type": "text", "style": "", "detail": 0, "format": 0, "version": 1}], "direction": null, "textStyle": "", "textFormat": 0}, {"type": "paragraph", "format": "", "indent": 0, "version": 1, "children": [{"mode": "normal", "text": "Sed consectetur vel felis ut laoreet. Pellentesque habitant morbi tristique senectus et netus et malesuada fames ac turpis egestas. Sed ut tempus enim. Maecenas quis suscipit tortor. Etiam consequat magna ante, eu dapibus est tincidunt eu. Morbi molestie mauris vitae vestibulum pellentesque. Curabitur vel luctus purus. Vivamus ornare, augue vel laoreet ultrices, nibh lacus faucibus nunc, lacinia commodo nisl turpis sed ex. Vestibulum gravida tortor sed nisl finibus porttitor. Sed lorem ipsum, pharetra et tincidunt a, venenatis at ex. Nunc ac risus et lacus ornare sagittis vitae et velit. Donec luctus auctor quam vel sollicitudin. Maecenas cursus risus tellus, et porta augue vehicula a. Aliquam porta pellentesque ultrices.", "type": "text", "style": "", "detail": 0, "format": 0, "version": 1}], "direction": null, "textStyle": "", "textFormat": 0}, {"type": "paragraph", "format": "", "indent": 0, "version": 1, "children": [{"mode": "normal", "text": "Vivamus felis turpis, blandit ut tellus id, commodo tristique nisi. Donec at eros porttitor, consequat mi at, tempor felis. Donec dignissim tincidunt nibh id rutrum. Phasellus et massa condimentum velit dapibus facilisis. Phasellus in mauris erat. Morbi at suscipit enim. Vestibulum fermentum ligula id erat ultricies iaculis. Pellentesque nec nisi sapien. Etiam volutpat a magna sit amet volutpat. Duis metus lorem, venenatis ac sodales eu, placerat in sapien. Vestibulum vel mollis nisl. Quisque eu aliquet orci, posuere fringilla erat. Vivamus tempus enim ut risus sollicitudin, quis volutpat dui mollis. Duis hendrerit felis diam, ac rhoncus felis sollicitudin ac. Donec vel aliquam ipsum. Integer at nisi ullamcorper, rhoncus neque ac, mattis massa.", "type": "text", "style": "", "detail": 0, "format": 0, "version": 1}], "direction": null, "textStyle": "", "textFormat": 0}, {"type": "paragraph", "format": "", "indent": 0, "version": 1, "children": [{"mode": "normal", "text": "Fusce a suscipit orci, vitae dictum lorem. Nulla sit amet ante arcu. Aliquam ornare in urna eget varius. Donec facilisis, dui pharetra rutrum eleifend, diam mi consequat leo, sit amet iaculis erat metus ac neque. Pellentesque id nisl sed arcu tincidunt egestas. Ut sit amet lobortis erat. Proin erat dui, luctus sit amet dictum et, hendrerit quis risus. Proin quis elementum magna, in consequat nisi. Aliquam tincidunt gravida cursus. Sed ac lorem a purus pulvinar cursus. Vivamus sem sapien, vehicula quis erat nec, ultricies eleifend felis. Duis a quam pharetra, rutrum lorem vitae, semper ligula. Vestibulum a risus molestie, pharetra ligula id, aliquam arcu.", "type": "text", "style": "", "detail": 0, "format": 0, "version": 1}], "direction": null, "textStyle": "", "textFormat": 0}, {"type": "paragraph", "format": "", "indent": 0, "version": 1, "children": [{"mode": "normal", "text": "Fusce pellentesque in justo non vestibulum. Donec eu lectus gravida, elementum est quis, malesuada nisl. Aenean ut imperdiet neque. Nunc varius euismod condimentum. Praesent ex purus, volutpat sed facilisis sed, laoreet quis lacus. Vestibulum sed erat auctor neque cursus maximus non in lorem. Integer volutpat quam vel gravida consectetur.", "type": "text", "style": "", "detail": 0, "format": 0, "version": 1}], "direction": null, "textStyle": "", "textFormat": 0}], "direction": null}}	post 4 | Payload Website Template	\N	Lorem ipsum dolor sit amet, consectetur adipiscing elit. Proin in vestibulum eros. Nunc ullamcorper eu odio et sollicitudin. Proin vitae nisi id le\n	2025-10-27 00:00:00+01	post-10	f	2025-10-28 17:46:37.982+01	2025-10-28 17:46:32.007+01	draft	2025-10-28 17:46:34.78+01	2025-10-28 17:46:37.982+01	f	t
32	3	Tres pasos para aplicar en las aulas	\N	{"root": {"type": "root", "format": "", "indent": 0, "version": 1, "children": [{"type": "paragraph", "format": "", "indent": 0, "version": 1, "children": [], "direction": null, "textStyle": "", "textFormat": 0}, {"type": "paragraph", "format": "", "indent": 0, "version": 1, "children": [{"mode": "normal", "text": "lorem", "type": "text", "style": "", "detail": 0, "format": 0, "version": 1}], "direction": null, "textStyle": "", "textFormat": 0}], "direction": null}}	Tres pasos para aplicar en las aulas | Payload Website Template	\N	Lorem ipsum dolor sit amet, consectetur adipiscing elit. Proin in vestibulum eros. Nunc ullamcorper eu odio et sollicitudin. Proin vitae 	2025-10-27 00:00:00+01	tres-pasos-para-aplicar-en-las-aulas	f	2025-10-27 20:08:29.145+01	2025-10-27 19:36:34.888+01	draft	2025-10-27 20:08:29.149+01	2025-10-27 20:08:29.149+01	f	f
29	3	Tres pasos para aplicar en las aulas	\N	{"root": {"type": "root", "format": "", "indent": 0, "version": 1, "children": [{"type": "paragraph", "format": "", "indent": 0, "version": 1, "children": [], "direction": null, "textStyle": "", "textFormat": 0}, {"type": "paragraph", "format": "", "indent": 0, "version": 1, "children": [{"mode": "normal", "text": "lorem", "type": "text", "style": "", "detail": 0, "format": 0, "version": 1}], "direction": null, "textStyle": "", "textFormat": 0}], "direction": null}}	Tres pasos para aplicar en las aulas | Payload Website Template	\N	Lorem ipsum dolor sit amet, consectetur adipiscing elit. Proin in vestibulum eros. Nunc ullamcorper eu odio et sollicitudin. Proin vitae 	2025-10-27 00:00:00+01	tres-pasos-para-aplicar-en-las-aulas	f	2025-10-27 19:39:20.819+01	2025-10-27 19:36:34.888+01	published	2025-10-27 19:39:20.822+01	2025-10-27 19:39:20.822+01	f	f
33	3	Tres pasos para aplicar en las aulas	\N	{"root": {"type": "root", "format": "", "indent": 0, "version": 1, "children": [{"type": "paragraph", "format": "", "indent": 0, "version": 1, "children": [], "direction": null, "textStyle": "", "textFormat": 0}, {"type": "paragraph", "format": "", "indent": 0, "version": 1, "children": [{"mode": "normal", "text": "lorem", "type": "text", "style": "", "detail": 0, "format": 0, "version": 1}], "direction": null, "textStyle": "", "textFormat": 0}], "direction": null}}	Tres pasos para aplicar en las aulas | Payload Website Template	\N	Lorem ipsum dolor sit amet, consectetur adipiscing elit. Proin in vestibulum eros. Nunc ullamcorper eu odio et sollicitudin. Proin vitae 	2025-10-27 00:00:00+01	tres-pasos-para-aplicar-en-las-aulas	f	2025-10-27 20:08:45.243+01	2025-10-27 19:36:34.888+01	published	2025-10-27 20:08:45.247+01	2025-10-27 20:08:45.247+01	f	f
28	3	Tres pasos para aplicar en las aulas	\N	{"root": {"type": "root", "format": "", "indent": 0, "version": 1, "children": [{"type": "paragraph", "format": "", "indent": 0, "version": 1, "children": [], "direction": null, "textStyle": "", "textFormat": 0}, {"type": "paragraph", "format": "", "indent": 0, "version": 1, "children": [{"mode": "normal", "text": "lorem", "type": "text", "style": "", "detail": 0, "format": 0, "version": 1}], "direction": null, "textStyle": "", "textFormat": 0}], "direction": null}}	Tres pasos para aplicar en las aulas | Payload Website Template	\N	Lorem ipsum dolor sit amet, consectetur adipiscing elit. Proin in vestibulum eros. Nunc ullamcorper eu odio et sollicitudin. Proin vitae 	2025-10-27 00:00:00+01	tres-pasos-para-aplicar-en-las-aulas	f	2025-10-27 19:39:15.68+01	2025-10-27 19:36:34.888+01	draft	2025-10-27 19:36:57.407+01	2025-10-27 19:39:15.68+01	f	t
26	2	post 2	\N	{"root": {"type": "root", "format": "", "indent": 0, "version": 1, "children": [{"tag": "h1", "type": "heading", "format": "", "indent": 0, "version": 1, "children": [{"mode": "normal", "text": "Lorem ipsum dolor sit ameta", "type": "text", "style": "", "detail": 0, "format": 0, "version": 1}], "direction": null}, {"type": "paragraph", "format": "", "indent": 0, "version": 1, "children": [{"mode": "normal", "text": ", consectetur adipiscing elit. Maecenas tempor mollis ipsum et volutpat. Integer faucibus metus at tortor posuere vestibulum. Nulla iaculis id massa ut euismod. Nullam dignissim vehicula orci nec condimentum. Fusce gravida, diam ac ultricies consectetur, neque turpis ullamcorper eros, eget placerat dolor augue sed augue. Integer ut nisi nec nisl maximus lacinia sed vehicula mauris. Pellentesque aliquet nibh at metus cursus congue vel nec leo. Mauris maximus ac leo vitae dapibus. Nam pretium lectus accumsan augue pellentesque euismod. Ut laoreet facilisis vehicula. Morbi velit purus, mattis eget libero vel, dictum venenatis erat. Suspendisse sapien metus, consectetur in tempor eu, scelerisque vitae elit. Nulla facilisi.", "type": "text", "style": "", "detail": 0, "format": 0, "version": 1}], "direction": null, "textStyle": "", "textFormat": 0}, {"type": "paragraph", "format": "", "indent": 0, "version": 1, "children": [{"mode": "normal", "text": "Duis quis turpis non purus porttitor luctus et sit amet nulla", "type": "text", "style": "", "detail": 0, "format": 2, "version": 1}, {"mode": "normal", "text": ". Phasellus imperdiet eleifend ligula. Proin eu egestas turpis, molestie congue nisl. Aenean laoreet lorem lorem, ac lacinia lorem molestie interdum. Nunc sit amet commodo quam. Proin commodo rhoncus egestas. Donec fringilla leo augue, nec tempus leo gravida a. Aliquam at tristique enim. Aenean non semper lacus. Vivamus efficitur mollis laoreet. Praesent tempus dictum elit, eget volutpat sapien euismod hendrerit. Sed tempor odio vitae lectus congue, sed blandit massa fermentum.", "type": "text", "style": "", "detail": 0, "format": 0, "version": 1}], "direction": null, "textStyle": "", "textFormat": 2}, {"type": "quote", "format": "", "indent": 0, "version": 1, "children": [{"mode": "normal", "text": "In non justo vel quam facilisis aliquam vitae pretium lorem. Sed vitae egestas turpis. Duis non tortor in eros eleifend laoreet. Pellentesque habitant morbi tristique senectus et netus et malesuada fames ac turpis egestas. Donec mauris lectus, vulputate ut egestas ut, iaculis a erat. Sed neque libero, semper nec semper a, vulputate vitae ipsum. Nam pulvinar nisi at orci condimentum, sed posuere nisi rutrum. Duis laoreet porttitor orci ut volutpat. Phasellus congue erat sit amet egestas aliquam. Morbi venenatis neque sit amet nunc porta finibus. Curabitur id velit lectus.", "type": "text", "style": "", "detail": 0, "format": 0, "version": 1}], "direction": null}, {"type": "paragraph", "format": "", "indent": 0, "version": 1, "children": [{"mode": "normal", "text": "Vivamus porta risus et erat interdum, a condimentum augue mollis. Proin pharetra, nunc ac volutpat dapibus, elit lacus egestas ante, a accumsan eros ante eleifend nibh. Nulla commodo eget sem quis facilisis. Pellentesque diam ante, ornare in blandit at, placerat vitae orci. Sed venenatis sapien ex, sit amet semper nunc pulvinar sed. Praesent eu quam vel mi scelerisque imperdiet. Phasellus in interdum elit. Proin pellentesque libero massa, condimentum pretium mi scelerisque at. Integer in sem sed sem pellentesque cursus id in tortor. Nullam id tristique dui. Sed et rhoncus ipsum, vitae ornare erat. Mauris sit amet odio dapibus dui porta congue. In egestas fringilla fermentum. Fusce vulputate faucibus diam, ac posuere urna feugiat nec.", "type": "text", "style": "", "detail": 0, "format": 0, "version": 1}], "direction": null, "textStyle": "", "textFormat": 0}, {"type": "paragraph", "format": "", "indent": 0, "version": 1, "children": [{"mode": "normal", "text": "Proin id porta tellus. Fusce suscipit turpis ac mattis scelerisque. Integer lacinia mi et posuere imperdiet. Donec ut ligula nec tellus maximus imperdiet. Nam egestas erat tincidunt, blandit sem quis, gravida lacus. Quisque dictum dapibus dictum. Aliquam ac urna sit amet sapien ultricies efficitur. Mauris ac tincidunt velit, sed aliquet diam. Praesent non risus sodales, sollicitudin lectus sagittis, convallis ante. Quisque imperdiet ante eget ligula vehicula placerat cursus vitae purus. Etiam eu venenatis orci.", "type": "text", "style": "", "detail": 0, "format": 0, "version": 1}], "direction": null, "textStyle": "", "textFormat": 0}, {"type": "block", "fields": {"id": "68fbb90a8a804de2de0fb8bb", "media": 24, "blockName": "", "blockType": "mediaBlock", "sectionName": "borrar"}, "format": "", "version": 2}, {"type": "paragraph", "format": "", "indent": 0, "version": 1, "children": [], "direction": null, "textStyle": "", "textFormat": 0}, {"type": "paragraph", "format": "", "indent": 0, "version": 1, "children": [{"mode": "normal", "text": "Donec ut vehicula lectus, at pellentesque orci. Phasellus lacinia viverra ex at fermentum. Nunc tincidunt nunc et lectus malesuada, id fermentum nisl facilisis. Donec elementum mollis massa varius scelerisque. Aliquam tincidunt nibh eu pellentesque consectetur. Morbi venenatis sapien lacus, sit amet vulputate elit tempus posuere. Proin ut facilisis felis, vel rhoncus felis. Integer imperdiet sem ut neque aliquam, eget vestibulum eros ultricies. Duis efficitur sem enim, sit amet tristique urna gravida non. Aliquam aliquet consectetur neque id tristique. Praesent sit amet erat quam. Nullam egestas orci id tellus scelerisque, vel ullamcorper dui dictum. Nulla tempus ac sapien nec porttitor.", "type": "text", "style": "", "detail": 0, "format": 0, "version": 1}], "direction": null, "textStyle": "", "textFormat": 0}, {"type": "paragraph", "format": "", "indent": 0, "version": 1, "children": [{"mode": "normal", "text": "Sed fermentum a lectus hendrerit ullamcorper. Nunc sagittis nec lacus vel volutpat. In ac enim eros. Nunc dapibus, turpis et faucibus vulputate, quam sapien dictum lorem, id varius tortor elit faucibus odio. Sed at justo ac nisl placerat vestibulum at in diam. Vivamus quis condimentum enim. Mauris vestibulum nec erat nec congue. Vestibulum luctus tincidunt tellus et iaculis. Integer at ligula mi. Fusce laoreet leo vel quam efficitur, vitae vulputate leo efficitur. Sed pharetra ligula vitae ex pharetra viverra. Donec metus justo, commodo in dictum sit amet, cursus quis enim. Phasellus laoreet quam sapien, vitae congue mauris posuere non. Interdum et malesuada fames ac ante ipsum primis in faucibus. Nullam euismod rhoncus arcu, a blandit est pharetra ac. Pellentesque sapien mauris, dapibus sit amet risus sit amet, tempor eleifend purus.", "type": "text", "style": "", "detail": 0, "format": 0, "version": 1}], "direction": null, "textStyle": "", "textFormat": 0}, {"type": "paragraph", "format": "", "indent": 0, "version": 1, "children": [{"mode": "normal", "text": "Pellentesque varius vel eros quis convallis. Cras nec purus diam. Suspendisse id lobortis velit. Fusce convallis nisl libero, nec pretium nunc dictum non. Nam ut egestas ipsum. Sed sem sapien, hendrerit in sollicitudin et, pulvinar in metus. Praesent iaculis tempor massa ac sollicitudin. Nunc vestibulum aliquet lectus sit amet volutpat. Suspendisse nec varius augue. Aliquam tellus lacus, euismod ut tortor non, rhoncus semper libero. Nunc ac fringilla magna, et ultrices diam. Fusce ac ipsum nisl.", "type": "text", "style": "", "detail": 0, "format": 0, "version": 1}], "direction": null, "textStyle": "", "textFormat": 0}, {"type": "paragraph", "format": "", "indent": 0, "version": 1, "children": [{"mode": "normal", "text": "Vestibulum erat ante, maximus eget ante vitae, ornare congue tortor. Nam nunc elit, ultricies quis tincidunt sit amet, dignissim eu mauris. Quisque congue lectus ut viverra interdum. Donec porta est ac tincidunt rutrum. Integer tempus ipsum rutrum, fringilla orci ut, feugiat erat. Aliquam a placerat justo. Sed vel dolor ultricies, sollicitudin sem id, fringilla diam. Nam eget lacus eu mauris sagittis fermentum eu vitae turpis. Nulla nisi massa, sagittis viverra ullamcorper nec, consequat vitae nisl. Maecenas molestie ligula id arcu malesuada viverra. Nunc nulla nibh, luctus ac augue vitae, imperdiet tempor est.", "type": "text", "style": "", "detail": 0, "format": 0, "version": 1}], "direction": null, "textStyle": "", "textFormat": 0}, {"type": "paragraph", "format": "", "indent": 0, "version": 1, "children": [{"mode": "normal", "text": "Nullam interdum sapien eget bibendum maximus. Duis ac massa ac dolor consectetur eleifend. Proin nec tempor nibh, vel molestie nisi. Nunc eros mi, laoreet ut porttitor rhoncus, vestibulum sit amet arcu. Nullam at pellentesque ligula. Sed id dignissim magna. In aliquam mi sapien, vitae ornare quam aliquet tempor.", "type": "text", "style": "", "detail": 0, "format": 0, "version": 1}], "direction": null, "textStyle": "", "textFormat": 0}], "direction": null}}	post 2 | Payload Website Template	\N	Lorem ipsum dolor sit amet, consectetur adipiscing elit. Maecenas tempor mollis ipsum et volutpat. Integer faucibus metus at tortor posuere vestibulu	2025-10-24 19:36:34.051+02	post-2	f	2025-10-27 10:02:36.886+01	2025-10-24 19:34:43.606+02	published	2025-10-27 10:02:36.89+01	2025-10-27 10:02:36.89+01	f	f
\.


--
-- Data for Name: _posts_v_rels; Type: TABLE DATA; Schema: public; Owner: -
--

COPY public._posts_v_rels (id, "order", parent_id, path, posts_id, categories_id, users_id, tags_id) FROM stdin;
1	1	6	version.categories	\N	1	\N	\N
2	1	7	version.categories	\N	1	\N	\N
281	1	39	version.categories	\N	2	\N	\N
4	1	8	version.categories	\N	1	\N	\N
5	1	9	version.categories	\N	1	\N	\N
6	1	10	version.categories	\N	1	\N	\N
7	1	10	version.authors	\N	\N	1	\N
8	1	11	version.categories	\N	1	\N	\N
9	1	11	version.authors	\N	\N	1	\N
282	1	39	version.tags	\N	\N	\N	1
11	1	15	version.authors	\N	\N	1	\N
12	1	16	version.authors	\N	\N	1	\N
283	1	39	version.authors	\N	\N	1	\N
15	1	17	version.relatedPosts	1	\N	\N	\N
16	1	17	version.categories	\N	1	\N	\N
17	1	17	version.authors	\N	\N	1	\N
18	1	18	version.relatedPosts	1	\N	\N	\N
19	1	18	version.categories	\N	1	\N	\N
20	1	18	version.authors	\N	\N	1	\N
691	1	81	version.categories	\N	2	\N	\N
290	1	40	version.categories	\N	2	\N	\N
291	1	40	version.tags	\N	\N	\N	1
292	1	40	version.authors	\N	\N	1	\N
293	1	41	version.categories	\N	2	\N	\N
294	1	41	version.tags	\N	\N	\N	1
295	1	41	version.authors	\N	\N	1	\N
296	1	42	version.categories	\N	2	\N	\N
297	1	42	version.tags	\N	\N	\N	1
298	1	42	version.authors	\N	\N	1	\N
305	1	43	version.categories	\N	2	\N	\N
306	1	43	version.tags	\N	\N	\N	1
307	1	43	version.authors	\N	\N	1	\N
212	1	28	version.relatedPosts	2	\N	\N	\N
213	1	28	version.categories	\N	2	\N	\N
214	1	28	version.tags	\N	\N	\N	1
215	1	29	version.relatedPosts	2	\N	\N	\N
216	1	29	version.categories	\N	2	\N	\N
217	1	29	version.tags	\N	\N	\N	1
218	1	30	version.categories	\N	1	\N	\N
219	2	30	version.categories	\N	2	\N	\N
220	1	30	version.tags	\N	\N	\N	1
221	1	30	version.authors	\N	\N	1	\N
222	1	31	version.categories	\N	1	\N	\N
223	2	31	version.categories	\N	2	\N	\N
224	1	31	version.tags	\N	\N	\N	1
225	1	31	version.authors	\N	\N	1	\N
226	1	32	version.relatedPosts	2	\N	\N	\N
227	1	32	version.categories	\N	2	\N	\N
228	1	32	version.tags	\N	\N	\N	1
229	1	33	version.relatedPosts	2	\N	\N	\N
230	1	33	version.categories	\N	2	\N	\N
231	1	33	version.tags	\N	\N	\N	1
232	1	35	version.authors	\N	\N	1	\N
233	1	36	version.authors	\N	\N	1	\N
308	1	44	version.categories	\N	2	\N	\N
146	1	21	version.categories	\N	1	\N	\N
147	1	21	version.authors	\N	\N	1	\N
148	1	22	version.categories	\N	1	\N	\N
149	1	22	version.authors	\N	\N	1	\N
309	1	44	version.tags	\N	\N	\N	1
310	1	44	version.authors	\N	\N	1	\N
311	1	45	version.categories	\N	2	\N	\N
153	1	24	version.categories	\N	1	\N	\N
154	2	24	version.categories	\N	2	\N	\N
155	1	24	version.authors	\N	\N	1	\N
156	1	25	version.categories	\N	1	\N	\N
157	2	25	version.categories	\N	2	\N	\N
158	1	25	version.authors	\N	\N	1	\N
159	1	23	version.relatedPosts	1	\N	\N	\N
160	1	23	version.categories	\N	1	\N	\N
161	1	23	version.tags	\N	\N	\N	1
162	1	23	version.authors	\N	\N	1	\N
163	1	26	version.relatedPosts	1	\N	\N	\N
164	1	26	version.categories	\N	1	\N	\N
165	1	26	version.tags	\N	\N	\N	1
166	1	26	version.authors	\N	\N	1	\N
312	1	45	version.tags	\N	\N	\N	1
313	1	45	version.authors	\N	\N	1	\N
90	1	19	version.relatedPosts	1	\N	\N	\N
91	1	19	version.categories	\N	1	\N	\N
92	1	19	version.authors	\N	\N	1	\N
93	1	20	version.relatedPosts	1	\N	\N	\N
94	1	20	version.categories	\N	1	\N	\N
95	1	20	version.authors	\N	\N	1	\N
320	1	46	version.categories	\N	2	\N	\N
321	1	46	version.tags	\N	\N	\N	1
322	1	46	version.authors	\N	\N	1	\N
323	1	47	version.categories	\N	2	\N	\N
324	1	47	version.tags	\N	\N	\N	1
325	1	47	version.authors	\N	\N	1	\N
275	1	37	version.categories	\N	2	\N	\N
276	1	37	version.tags	\N	\N	\N	1
277	1	37	version.authors	\N	\N	1	\N
278	1	38	version.categories	\N	2	\N	\N
279	1	38	version.tags	\N	\N	\N	1
280	1	38	version.authors	\N	\N	1	\N
355	1	54	version.categories	\N	2	\N	\N
356	2	54	version.categories	\N	1	\N	\N
357	1	54	version.tags	\N	\N	\N	1
358	1	54	version.authors	\N	\N	1	\N
692	1	81	version.tags	\N	\N	\N	1
693	1	81	version.authors	\N	\N	1	\N
694	1	82	version.categories	\N	2	\N	\N
695	1	82	version.tags	\N	\N	\N	1
696	1	82	version.authors	\N	\N	1	\N
371	1	55	version.categories	\N	2	\N	\N
372	2	55	version.categories	\N	1	\N	\N
373	1	55	version.tags	\N	\N	\N	1
374	1	55	version.authors	\N	\N	1	\N
375	1	56	version.categories	\N	2	\N	\N
376	2	56	version.categories	\N	1	\N	\N
377	1	56	version.tags	\N	\N	\N	1
378	1	56	version.authors	\N	\N	1	\N
383	1	57	version.categories	\N	2	\N	\N
384	2	57	version.categories	\N	1	\N	\N
385	1	57	version.tags	\N	\N	\N	1
386	1	57	version.authors	\N	\N	1	\N
387	1	58	version.categories	\N	2	\N	\N
388	2	58	version.categories	\N	1	\N	\N
389	1	58	version.tags	\N	\N	\N	1
390	1	58	version.authors	\N	\N	1	\N
514	1	63	version.relatedPosts	2	\N	\N	\N
515	2	63	version.relatedPosts	4	\N	\N	\N
516	3	63	version.relatedPosts	7	\N	\N	\N
517	1	63	version.categories	\N	2	\N	\N
518	2	63	version.categories	\N	1	\N	\N
519	1	63	version.tags	\N	\N	\N	1
402	1	59	version.relatedPosts	2	\N	\N	\N
403	2	59	version.relatedPosts	4	\N	\N	\N
404	3	59	version.relatedPosts	7	\N	\N	\N
405	1	59	version.categories	\N	2	\N	\N
406	2	59	version.categories	\N	1	\N	\N
407	1	59	version.tags	\N	\N	\N	1
408	1	59	version.authors	\N	\N	1	\N
409	1	60	version.relatedPosts	2	\N	\N	\N
410	2	60	version.relatedPosts	4	\N	\N	\N
411	3	60	version.relatedPosts	7	\N	\N	\N
412	1	60	version.categories	\N	2	\N	\N
413	2	60	version.categories	\N	1	\N	\N
414	1	60	version.tags	\N	\N	\N	1
415	1	60	version.authors	\N	\N	1	\N
520	1	63	version.authors	\N	\N	1	\N
521	1	64	version.relatedPosts	2	\N	\N	\N
522	2	64	version.relatedPosts	4	\N	\N	\N
523	3	64	version.relatedPosts	7	\N	\N	\N
524	1	64	version.categories	\N	2	\N	\N
525	2	64	version.categories	\N	1	\N	\N
526	1	64	version.tags	\N	\N	\N	1
527	1	64	version.authors	\N	\N	1	\N
545	1	65	version.relatedPosts	2	\N	\N	\N
546	2	65	version.relatedPosts	4	\N	\N	\N
547	3	65	version.relatedPosts	7	\N	\N	\N
548	1	65	version.categories	\N	2	\N	\N
549	2	65	version.categories	\N	1	\N	\N
550	3	65	version.categories	\N	3	\N	\N
551	1	65	version.tags	\N	\N	\N	1
552	2	65	version.tags	\N	\N	\N	3
553	3	65	version.tags	\N	\N	\N	2
554	1	65	version.authors	\N	\N	1	\N
555	1	66	version.relatedPosts	2	\N	\N	\N
556	2	66	version.relatedPosts	4	\N	\N	\N
557	3	66	version.relatedPosts	7	\N	\N	\N
558	1	66	version.categories	\N	2	\N	\N
559	2	66	version.categories	\N	1	\N	\N
560	3	66	version.categories	\N	3	\N	\N
561	1	66	version.tags	\N	\N	\N	1
562	2	66	version.tags	\N	\N	\N	3
563	3	66	version.tags	\N	\N	\N	2
564	1	66	version.authors	\N	\N	1	\N
569	1	67	version.categories	\N	1	\N	\N
570	2	67	version.categories	\N	2	\N	\N
571	1	67	version.tags	\N	\N	\N	1
572	1	67	version.authors	\N	\N	1	\N
573	1	68	version.categories	\N	1	\N	\N
574	2	68	version.categories	\N	2	\N	\N
575	1	68	version.tags	\N	\N	\N	1
576	1	68	version.authors	\N	\N	1	\N
479	1	61	version.relatedPosts	2	\N	\N	\N
480	2	61	version.relatedPosts	4	\N	\N	\N
481	3	61	version.relatedPosts	7	\N	\N	\N
482	1	61	version.categories	\N	2	\N	\N
483	2	61	version.categories	\N	1	\N	\N
484	1	61	version.tags	\N	\N	\N	1
485	1	61	version.authors	\N	\N	1	\N
486	1	62	version.relatedPosts	2	\N	\N	\N
487	2	62	version.relatedPosts	4	\N	\N	\N
488	3	62	version.relatedPosts	7	\N	\N	\N
489	1	62	version.categories	\N	2	\N	\N
490	2	62	version.categories	\N	1	\N	\N
491	1	62	version.tags	\N	\N	\N	1
492	1	62	version.authors	\N	\N	1	\N
589	1	69	version.categories	\N	1	\N	\N
590	2	69	version.categories	\N	2	\N	\N
591	1	69	version.tags	\N	\N	\N	1
592	1	69	version.authors	\N	\N	1	\N
593	1	70	version.categories	\N	1	\N	\N
594	2	70	version.categories	\N	2	\N	\N
595	1	70	version.tags	\N	\N	\N	1
596	1	70	version.authors	\N	\N	1	\N
609	1	71	version.relatedPosts	1	\N	\N	\N
610	1	71	version.categories	\N	1	\N	\N
611	1	71	version.tags	\N	\N	\N	1
612	1	71	version.authors	\N	\N	1	\N
613	1	72	version.relatedPosts	1	\N	\N	\N
614	1	72	version.categories	\N	1	\N	\N
615	1	72	version.tags	\N	\N	\N	1
616	1	72	version.authors	\N	\N	1	\N
629	1	73	version.relatedPosts	2	\N	\N	\N
630	1	73	version.categories	\N	2	\N	\N
631	1	73	version.tags	\N	\N	\N	1
632	1	73	version.authors	\N	\N	1	\N
633	1	74	version.relatedPosts	2	\N	\N	\N
634	1	74	version.categories	\N	2	\N	\N
635	1	74	version.tags	\N	\N	\N	1
636	1	74	version.authors	\N	\N	1	\N
646	1	75	version.categories	\N	2	\N	\N
647	1	75	version.tags	\N	\N	\N	1
648	1	75	version.authors	\N	\N	1	\N
649	1	76	version.categories	\N	2	\N	\N
650	1	76	version.tags	\N	\N	\N	1
651	1	76	version.authors	\N	\N	1	\N
661	1	77	version.categories	\N	2	\N	\N
662	1	77	version.tags	\N	\N	\N	1
663	1	77	version.authors	\N	\N	1	\N
664	1	78	version.categories	\N	2	\N	\N
665	1	78	version.tags	\N	\N	\N	1
666	1	78	version.authors	\N	\N	1	\N
676	1	79	version.categories	\N	2	\N	\N
677	1	79	version.tags	\N	\N	\N	1
678	1	79	version.authors	\N	\N	1	\N
679	1	80	version.categories	\N	2	\N	\N
680	1	80	version.tags	\N	\N	\N	1
681	1	80	version.authors	\N	\N	1	\N
727	1	83	version.relatedPosts	2	\N	\N	\N
728	2	83	version.relatedPosts	4	\N	\N	\N
729	3	83	version.relatedPosts	7	\N	\N	\N
730	1	83	version.categories	\N	2	\N	\N
731	2	83	version.categories	\N	1	\N	\N
732	3	83	version.categories	\N	3	\N	\N
733	1	83	version.tags	\N	\N	\N	1
734	2	83	version.tags	\N	\N	\N	3
735	3	83	version.tags	\N	\N	\N	2
736	1	83	version.authors	\N	\N	1	\N
737	1	84	version.relatedPosts	2	\N	\N	\N
738	2	84	version.relatedPosts	4	\N	\N	\N
739	3	84	version.relatedPosts	7	\N	\N	\N
740	1	84	version.categories	\N	2	\N	\N
741	2	84	version.categories	\N	1	\N	\N
742	3	84	version.categories	\N	3	\N	\N
743	1	84	version.tags	\N	\N	\N	1
744	2	84	version.tags	\N	\N	\N	3
745	3	84	version.tags	\N	\N	\N	2
746	1	84	version.authors	\N	\N	1	\N
787	1	86	version.relatedPosts	1	\N	\N	\N
788	1	86	version.categories	\N	1	\N	\N
789	1	86	version.tags	\N	\N	\N	1
790	1	86	version.authors	\N	\N	1	\N
795	1	85	version.categories	\N	1	\N	\N
796	2	85	version.categories	\N	2	\N	\N
797	1	85	version.tags	\N	\N	\N	1
798	1	85	version.authors	\N	\N	1	\N
799	1	87	version.categories	\N	1	\N	\N
800	2	87	version.categories	\N	2	\N	\N
801	1	87	version.tags	\N	\N	\N	1
802	1	87	version.authors	\N	\N	1	\N
807	1	88	version.categories	\N	1	\N	\N
808	2	88	version.categories	\N	2	\N	\N
809	1	88	version.tags	\N	\N	\N	1
810	1	88	version.authors	\N	\N	1	\N
811	1	89	version.categories	\N	1	\N	\N
812	2	89	version.categories	\N	2	\N	\N
813	1	89	version.tags	\N	\N	\N	1
814	1	89	version.authors	\N	\N	1	\N
\.


--
-- Data for Name: _posts_v_version_populated_authors; Type: TABLE DATA; Schema: public; Owner: -
--

COPY public._posts_v_version_populated_authors (_order, _parent_id, id, _uuid, name) FROM stdin;
\.


--
-- Data for Name: categories; Type: TABLE DATA; Schema: public; Owner: -
--

COPY public.categories (id, title, slug, slug_lock, updated_at, created_at) FROM stdin;
1	categoria01	categoria01	t	2025-10-24 18:02:25.259+02	2025-10-24 18:02:25.258+02
2	categoria 02	categoria-02	t	2025-10-25 12:26:13.343+02	2025-10-25 12:26:13.343+02
3	Categoriaa 03	categoriaa-03	f	2025-10-27 10:24:17.067+01	2025-10-27 10:24:17.067+01
\.


--
-- Data for Name: documents; Type: TABLE DATA; Schema: public; Owner: -
--

COPY public.documents (id, title, description, updated_at, created_at, url, thumbnail_u_r_l, filename, mime_type, filesize, width, height, focal_x, focal_y, prefix, doc_url) FROM stdin;
10	cv	\N	2025-11-26 12:26:23.619+01	2025-11-26 12:26:23.619+01	\N	\N	ti2yt3bo8ny5izsensif.pdf	application/pdf	90878	\N	\N	\N	\N	documents	\N
\.


--
-- Data for Name: footer; Type: TABLE DATA; Schema: public; Owner: -
--

COPY public.footer (id, updated_at, created_at, is_reverse, bottom, separator_type, enable_background_image, dark_mode) FROM stdin;
1	2025-12-09 11:47:47.041+01	2025-10-24 12:30:22.921+02	f	0	separatorYellow	f	blue
\.


--
-- Data for Name: footer_nav_items; Type: TABLE DATA; Schema: public; Owner: -
--

COPY public.footer_nav_items (_order, _parent_id, id, link_type, link_new_tab, link_url, link_label) FROM stdin;
1	1	68fb54eb398c9978e6edfe42	reference	\N	\N	Inicio
2	1	68fb54fd398c9978e6edfe44	reference	\N	\N	Sobre-m
3	1	68fb5513398c9978e6edfe46	reference	\N	\N	Servicios
4	1	68fb5525398c9978e6edfe48	reference	\N	\N	Blog
5	1	68fb552d398c9978e6edfe4a	reference	\N	\N	Contacto
\.


--
-- Data for Name: footer_rels; Type: TABLE DATA; Schema: public; Owner: -
--

COPY public.footer_rels (id, "order", parent_id, path, pages_id, posts_id) FROM stdin;
36	\N	1	navItems.0.link.reference	1	\N
37	\N	1	navItems.1.link.reference	2	\N
38	\N	1	navItems.2.link.reference	1	\N
39	\N	1	navItems.3.link.reference	1	\N
40	\N	1	navItems.4.link.reference	1	\N
\.


--
-- Data for Name: form_submissions; Type: TABLE DATA; Schema: public; Owner: -
--

COPY public.form_submissions (id, form_id, updated_at, created_at) FROM stdin;
\.


--
-- Data for Name: form_submissions_submission_data; Type: TABLE DATA; Schema: public; Owner: -
--

COPY public.form_submissions_submission_data (_order, _parent_id, id, field, value) FROM stdin;
\.


--
-- Data for Name: forms; Type: TABLE DATA; Schema: public; Owner: -
--

COPY public.forms (id, title, submit_button_label, confirmation_type, confirmation_message, redirect_url, slug, updated_at, created_at) FROM stdin;
1	Formulario de contacto	\N	message	{"root": {"type": "root", "format": "", "indent": 0, "version": 1, "children": [{"type": "paragraph", "format": "", "indent": 0, "version": 1, "children": [{"mode": "normal", "text": "El mensaje ha sido enviado", "type": "text", "style": "", "detail": 0, "format": 0, "version": 1}], "direction": null, "textStyle": "", "textFormat": 0}], "direction": null}}	\N	contact	2025-12-05 18:43:51.405+01	2025-10-21 18:37:34.651+02
\.


--
-- Data for Name: forms_blocks_checkbox; Type: TABLE DATA; Schema: public; Owner: -
--

COPY public.forms_blocks_checkbox (_order, _parent_id, _path, id, name, label, width, required, default_value, block_name) FROM stdin;
\.


--
-- Data for Name: forms_blocks_email; Type: TABLE DATA; Schema: public; Owner: -
--

COPY public.forms_blocks_email (_order, _parent_id, _path, id, name, label, width, required, block_name) FROM stdin;
3	1	fields	68f7b644c5b20bf7bc32e1b5	email	Email	100	t	Email
\.


--
-- Data for Name: forms_blocks_message; Type: TABLE DATA; Schema: public; Owner: -
--

COPY public.forms_blocks_message (_order, _parent_id, _path, id, message, block_name) FROM stdin;
\.


--
-- Data for Name: forms_blocks_radio; Type: TABLE DATA; Schema: public; Owner: -
--

COPY public.forms_blocks_radio (_order, _parent_id, _path, id, block_name) FROM stdin;
1	1	fields	68f7b583c5b20bf7bc32e1ad	Sujeto
\.


--
-- Data for Name: forms_blocks_radio_options; Type: TABLE DATA; Schema: public; Owner: -
--

COPY public.forms_blocks_radio_options (_order, _parent_id, id, label, value, image_id) FROM stdin;
1	68f7b583c5b20bf7bc32e1ad	68f7b58dc5b20bf7bc32e1af	Familia	family	64
2	68f7b583c5b20bf7bc32e1ad	68f7b5dec5b20bf7bc32e1b1	Profesor	teacher	65
\.


--
-- Data for Name: forms_blocks_select; Type: TABLE DATA; Schema: public; Owner: -
--

COPY public.forms_blocks_select (_order, _parent_id, _path, id, name, label, width, default_value, placeholder, required, block_name) FROM stdin;
4	1	fields	68f7b657c5b20bf7bc32e1b7	subject	Asunto	100	\N	\N	t	Asunto
\.


--
-- Data for Name: forms_blocks_select_options; Type: TABLE DATA; Schema: public; Owner: -
--

COPY public.forms_blocks_select_options (_order, _parent_id, id, label, value) FROM stdin;
1	68f7b657c5b20bf7bc32e1b7	68f7b681c5b20bf7bc32e1b9	Servicio-01	servicio01
2	68f7b657c5b20bf7bc32e1b7	68f7b697c5b20bf7bc32e1bb	Servicio-02	servicio02
3	68f7b657c5b20bf7bc32e1b7	68f7b6a2c5b20bf7bc32e1bd	Servicio-03	servicio03
\.


--
-- Data for Name: forms_blocks_text; Type: TABLE DATA; Schema: public; Owner: -
--

COPY public.forms_blocks_text (_order, _parent_id, _path, id, name, label, width, default_value, required, block_name) FROM stdin;
2	1	fields	68f7b633c5b20bf7bc32e1b3	name	Nombre	100	\N	t	Nombre
\.


--
-- Data for Name: forms_blocks_textarea; Type: TABLE DATA; Schema: public; Owner: -
--

COPY public.forms_blocks_textarea (_order, _parent_id, _path, id, name, label, width, default_value, required, block_name) FROM stdin;
5	1	fields	68f7b6dbc5b20bf7bc32e1bf	message	Mensaje	1000	\N	t	Mensaje
\.


--
-- Data for Name: forms_emails; Type: TABLE DATA; Schema: public; Owner: -
--

COPY public.forms_emails (_order, _parent_id, id, email_to, cc, bcc, reply_to, email_from, subject, message) FROM stdin;
\.


--
-- Data for Name: header; Type: TABLE DATA; Schema: public; Owner: -
--

COPY public.header (id, updated_at, created_at) FROM stdin;
1	2025-10-21 19:08:51.894+02	2025-10-21 19:08:51.894+02
\.


--
-- Data for Name: header_nav_items; Type: TABLE DATA; Schema: public; Owner: -
--

COPY public.header_nav_items (_order, _parent_id, id) FROM stdin;
1	1	68f7bc7baa6172c24b5355c7
2	1	68f7bcc7aa6172c24b5355cd
3	1	68f7bd54aa6172c24b5355d7
4	1	68f7bdcbaa6172c24b5355e3
5	1	68f7be07aa6172c24b5355e9
\.


--
-- Data for Name: header_nav_items_nav_links; Type: TABLE DATA; Schema: public; Owner: -
--

COPY public.header_nav_items_nav_links (_order, _parent_id, id) FROM stdin;
1	68f7bc7baa6172c24b5355c7	68f7bc81aa6172c24b5355c9
1	68f7bcc7aa6172c24b5355cd	68f7bcc9aa6172c24b5355cf
1	68f7bd54aa6172c24b5355d7	68f7bd5eaa6172c24b5355d9
1	68f7bdcbaa6172c24b5355e3	68f7bdd4aa6172c24b5355e5
1	68f7be07aa6172c24b5355e9	68f7be09aa6172c24b5355eb
\.


--
-- Data for Name: header_nav_items_nav_links_items; Type: TABLE DATA; Schema: public; Owner: -
--

COPY public.header_nav_items_nav_links_items (_order, _parent_id, id, title, link_type, link_new_tab, link_url) FROM stdin;
1	68f7bc81aa6172c24b5355c9	68f7bc8faa6172c24b5355cb	Inicio	reference	\N	\N
1	68f7bcc9aa6172c24b5355cf	68f7bcccaa6172c24b5355d1	Sobre-m	reference	\N	\N
1	68f7bd5eaa6172c24b5355d9	68f7bd60aa6172c24b5355db	Servicios	reference	\N	\N
1	68f7bdd4aa6172c24b5355e5	68f7bdd8aa6172c24b5355e7	Blog	reference	\N	\N
1	68f7be09aa6172c24b5355eb	68f7be0caa6172c24b5355ed	Contacto	reference	\N	\N
\.


--
-- Data for Name: header_nav_items_nav_links_items_sub_items; Type: TABLE DATA; Schema: public; Owner: -
--

COPY public.header_nav_items_nav_links_items_sub_items (_order, _parent_id, id, title, description, enable_image, image_id, link_type, link_new_tab, link_url) FROM stdin;
1	68f7bcccaa6172c24b5355d1	68f7bd18aa6172c24b5355d5	Sobre-m	Soy Ane, diplomada en educacin primaria. Desde muy pequea tuve claro que mi vocacin estaba ligada al mundo educativo. Empec muy joven a trabajar con nixs y sent desde ese momento que la docencia era mi camino.	t	104	custom	\N	/sobre-mi/#about-first
2	68f7bcccaa6172c24b5355d1	68f7bcdfaa6172c24b5355d3	Mi visin educativa 	La educacin debe ser un espacio de bienestar compartido, donde la empata, el cuidado y la conciencia social estn en el centro.	t	104	custom	\N	/sobre-mi/#about-my-vision
1	68f7bd60aa6172c24b5355db	68f7bd7baa6172c24b5355dd	Asesoramiento familiar	Acompaamiento para mejorar la convivencia y el bienestar en casa.	t	104	reference	\N	\N
2	68f7bd60aa6172c24b5355db	68f7bd9eaa6172c24b5355df	Asesoramiento educativo	Orientacin para docentes y profesionales que buscan nuevas herramientas.	t	104	reference	\N	\N
\.


--
-- Data for Name: header_rels; Type: TABLE DATA; Schema: public; Owner: -
--

COPY public.header_rels (id, "order", parent_id, path, pages_id, posts_id) FROM stdin;
158	\N	1	navItems.3.navLinks.0.items.0.subItems.0.link.reference	\N	1
214	\N	1	navItems.0.navLinks.0.items.0.link.reference	1	\N
215	\N	1	navItems.1.navLinks.0.items.0.link.reference	2	\N
216	\N	1	navItems.1.navLinks.0.items.0.subItems.0.link.reference	2	\N
217	\N	1	navItems.1.navLinks.0.items.0.subItems.1.link.reference	2	\N
218	\N	1	navItems.2.navLinks.0.items.0.link.reference	4	\N
219	\N	1	navItems.2.navLinks.0.items.0.subItems.0.link.reference	4	\N
220	\N	1	navItems.2.navLinks.0.items.0.subItems.1.link.reference	4	\N
221	\N	1	navItems.3.navLinks.0.items.0.link.reference	3	\N
222	\N	1	navItems.4.navLinks.0.items.0.link.reference	9	\N
\.


--
-- Data for Name: media; Type: TABLE DATA; Schema: public; Owner: -
--

COPY public.media (id, alt, updated_at, created_at, url, thumbnail_u_r_l, filename, mime_type, filesize, width, height, focal_x, focal_y, prefix, unpic_url) FROM stdin;
123	\N	2025-12-11 17:00:02.528+01	2025-12-11 17:00:02.528+01	\N	\N	contact.svg	image/svg+xml	13840	512	512	\N	\N	images	\N
55	\N	2025-11-24 20:10:21.619+01	2025-11-24 20:10:21.619+01	\N	\N	hero-image.png	image/png	218398	500	500	50	50	images	\N
56	\N	2025-11-25 08:42:34.575+01	2025-11-25 08:42:34.575+01	\N	\N	box1-image.webp	image/webp	6388	450	328	50	50	images	\N
57	\N	2025-11-25 08:42:57.382+01	2025-11-25 08:42:57.382+01	\N	\N	box-2.webp	image/webp	9796	450	328	50	50	images	\N
58	\N	2025-11-25 08:43:12.874+01	2025-11-25 08:43:12.874+01	\N	\N	box-3-image.webp	image/webp	5668	450	328	50	50	images	\N
59	\N	2025-11-25 08:51:10.364+01	2025-11-25 08:51:10.363+01	\N	\N	pencil-image.jpg	image/jpeg	97401	2048	1536	50	50	images	\N
61	\N	2025-11-25 08:57:32.146+01	2025-11-25 08:57:32.146+01	\N	\N	white-heart.svg	image/svg+xml	405	51	47	\N	\N	images	\N
63	\N	2025-11-25 09:05:09.598+01	2025-11-25 09:05:09.598+01	\N	\N	pincel-left-image.webp	image/webp	41390	2048	1365	50	50	images	\N
64	\N	2025-11-25 09:13:45.986+01	2025-11-25 09:13:45.986+01	\N	\N	family-image.svg	image/svg+xml	1669	24	24	\N	\N	images	\N
65	\N	2025-11-25 09:16:14.111+01	2025-11-25 09:16:14.111+01	\N	\N	teacher-image.svg	image/svg+xml	14182	24	24	\N	\N	images	\N
66	\N	2025-11-25 09:18:57.198+01	2025-11-25 09:18:57.198+01	\N	\N	email-image.svg	image/svg+xml	731	48	48	\N	\N	images	\N
67	\N	2025-11-25 09:19:36.103+01	2025-11-25 09:19:36.103+01	\N	\N	instagram-image.svg	image/svg+xml	4120	48	48	\N	\N	images	\N
68	\N	2025-11-25 09:35:00.171+01	2025-11-25 09:35:00.171+01	\N	\N	post-image.webp	image/webp	110368	3000	2000	50	50	images	\N
69	\N	2025-11-25 10:27:07.577+01	2025-11-25 10:27:07.577+01	\N	\N	imagen-ane 1.png	image/png	597667	800	800	50	50	images	\N
70	\N	2025-11-25 11:39:07.211+01	2025-11-25 11:39:07.211+01	\N	\N	heart-yellow-1.svg	image/svg+xml	405	51	47	\N	\N	images	\N
71	\N	2025-11-25 18:00:29.067+01	2025-11-25 18:00:29.067+01	\N	\N	sobre-miwebp.webp	image/webp	181680	1536	2048	50	50	images	\N
72	\N	2025-11-25 18:07:02.551+01	2025-11-25 18:07:02.551+01	\N	\N	about-me.webp	image/webp	128570	1536	2048	50	50	images	\N
91	\N	2025-11-28 12:37:03.454+01	2025-11-28 12:37:03.454+01	\N	\N	logo-yellow.svg	image/svg+xml	13667	384	222	\N	\N	images	\N
92	\N	2025-11-28 13:48:02.788+01	2025-11-28 13:48:02.787+01	\N	\N	logo-red.svg	image/svg+xml	21691	384	222	\N	\N	images	\N
104	\N	2025-11-30 21:45:53.841+01	2025-11-30 21:45:53.841+01	\N	\N	heart-green-mobile-nav.svg	image/svg+xml	405	51	47	\N	\N	images	\N
105	\N	2025-12-01 10:47:23.865+01	2025-12-01 10:47:23.864+01	\N	\N	heart-green-1.svg	image/svg+xml	331	51	47	\N	\N	images	\N
106	\N	2025-12-01 11:27:33.602+01	2025-12-01 11:27:33.602+01	\N	\N	imagen-about-me.jpg	image/jpeg	242809	1536	2048	50	50	images	\N
107	\N	2025-12-01 12:11:26.491+01	2025-12-01 12:11:26.49+01	\N	\N	formation-image.jpg	image/jpeg	41560	500	500	50	50	images	\N
108	\N	2025-12-01 12:34:22.075+01	2025-12-01 12:34:22.075+01	\N	\N	group-child.webp	image/webp	66720	1184	864	50	50	images	\N
109	\N	2025-12-01 17:27:24.464+01	2025-12-01 17:27:24.464+01	\N	\N	pincels.jpg	image/jpeg	166046	1365	2048	50	50	images	\N
119	\N	2025-12-05 13:01:08.339+01	2025-12-05 13:01:08.339+01	\N	\N	logo-green.svg	image/svg+xml	13869	384	303	\N	\N	images	\N
\.


--
-- Data for Name: pages; Type: TABLE DATA; Schema: public; Owner: -
--

COPY public.pages (id, title, hero_title, hero_media_id, hero_rich_text, meta_title, meta_image_id, meta_description, published_at, slug, slug_lock, updated_at, created_at, _status, hero_remove_svg, hero_is_reverse, hero_bottom, hero_separator_type, hero_dark_mode) FROM stdin;
7	Asesoramiento familiar	 Hola, soy Ane, asesora y formadora educativa. Te doy la bienvenida a este espacio educativo y familiar. 	55	{"root": {"type": "root", "format": "", "indent": 0, "version": 1, "children": [{"type": "paragraph", "format": "", "indent": 0, "version": 1, "children": [{"mode": "normal", "text": "No saber por dnde empezar?", "type": "text", "style": "", "detail": 0, "format": 0, "version": 1}], "direction": "ltr", "textStyle": "", "textFormat": 0}, {"type": "paragraph", "format": "", "indent": 0, "version": 1, "children": [{"mode": "normal", "text": "Reserva una cita y empezamos.", "type": "text", "style": "", "detail": 0, "format": 0, "version": 1}], "direction": "ltr", "textStyle": "", "textFormat": 0}], "direction": null}}	\N	\N	\N	2025-11-11 14:31:44.097+01	asesoramiento-familiar	t	2025-12-10 12:38:05.198+01	2025-11-11 14:31:29.156+01	published	\N	f	100	\N	\N
9	Contacto	Hola, soy Ane, asesora y formadora educativa. Te doy la  bienvenida a este espacio educativo y familiar.	123	{"root": {"type": "root", "format": "", "indent": 0, "version": 1, "children": [{"type": "paragraph", "format": "", "indent": 0, "version": 1, "children": [{"mode": "normal", "text": "No sabes por dnde empezar?", "type": "text", "style": "", "detail": 0, "format": 0, "version": 1}], "direction": "ltr", "textStyle": "", "textFormat": 0}, {"type": "paragraph", "format": "", "indent": 0, "version": 1, "children": [{"mode": "normal", "text": "Reserva una cita y empezamos.", "type": "text", "style": "", "detail": 0, "format": 0, "version": 1}], "direction": "ltr", "textStyle": "", "textFormat": 0}], "direction": null}}	\N	\N	\N	2025-12-11 08:28:00.909+01	contacto	t	2025-12-11 17:27:13.23+01	2025-12-11 08:27:47.689+01	published	t	f	0	separatorYellow	dark
1	Home	Hola, soy Ane, asesora y formadora educativa. Te doy la  bienvenida a este espacio educativo y familiar.	55	{"root": {"type": "root", "format": "", "indent": 0, "version": 1, "children": [{"type": "paragraph", "format": "", "indent": 0, "version": 1, "children": [{"mode": "normal", "text": "No sabes por dnde empezar?", "type": "text", "style": "", "detail": 0, "format": 0, "version": 1}], "direction": "ltr", "textStyle": "", "textFormat": 0}, {"type": "paragraph", "format": "", "indent": 0, "version": 1, "children": [{"mode": "normal", "text": "Reserva una cita y empezamos.", "type": "text", "style": "", "detail": 0, "format": 0, "version": 1}], "direction": "ltr", "textStyle": "", "textFormat": 0}], "direction": null}}	Educar Sano | Asesora educativa para familias y docentes	91	Si quieres acompaamiento prctico, humano y con conciencia social, aqu encontrars las herramientas y el apoyo que necesitas.	2025-10-21 16:21:03.158+02	home	t	2025-12-11 17:28:15.491+01	2025-10-21 16:20:48.836+02	published	\N	f	0	\N	\N
8	Asesoramiento educativo	 Hola, soy Ane, asesora y formadora educativa. Te doy la bienvenida a este espacio educativo y familiar. 	55	{"root": {"type": "root", "format": "", "indent": 0, "version": 1, "children": [{"type": "paragraph", "format": "", "indent": 0, "version": 1, "children": [{"mode": "normal", "text": "No saber por dnde empezar?", "type": "text", "style": "", "detail": 0, "format": 0, "version": 1}], "direction": "ltr", "textStyle": "", "textFormat": 0}, {"type": "paragraph", "format": "", "indent": 0, "version": 1, "children": [{"mode": "normal", "text": "Reserva una cita y empezamos.", "type": "text", "style": "", "detail": 0, "format": 0, "version": 1}], "direction": "ltr", "textStyle": "", "textFormat": 0}], "direction": null}}	\N	\N	\N	2025-11-14 12:10:06.921+01	asesoramiento-educativa	t	2025-11-26 12:42:11.439+01	2025-11-14 12:09:53.393+01	published	\N	f	100	\N	\N
3	Blog	blog	72	{"root": {"type": "root", "format": "", "indent": 0, "version": 1, "children": [{"type": "paragraph", "format": "", "indent": 0, "version": 1, "children": [{"mode": "normal", "text": "blog", "type": "text", "style": "", "detail": 0, "format": 0, "version": 1}], "direction": null, "textStyle": "", "textFormat": 0}], "direction": null}}	\N	\N	\N	2025-10-24 13:29:40.167+02	blog	f	2025-11-29 21:38:43.04+01	2025-10-24 13:29:29.342+02	published	\N	f	100	\N	\N
2	Sobre-m	 Hola, soy Ane, asesora y formadora educativa. Te doy la bienvenida a este espacio educativo y familiar.	55	{"root": {"type": "root", "format": "", "indent": 0, "version": 1, "children": [{"type": "paragraph", "format": "", "indent": 0, "version": 1, "children": [{"mode": "normal", "text": "No saber por dnde empezar?", "type": "text", "style": "", "detail": 0, "format": 0, "version": 1}], "direction": "ltr", "textStyle": "", "textFormat": 0}, {"type": "paragraph", "format": "", "indent": 0, "version": 1, "children": [{"mode": "normal", "text": "Reserva una cita y empezamos.", "type": "text", "style": "", "detail": 0, "format": 0, "version": 1}], "direction": "ltr", "textStyle": "", "textFormat": 0}], "direction": null}}	\N	\N	\N	2025-10-24 12:10:55.52+02	sobre-mi	t	2025-12-11 17:30:32.548+01	2025-10-24 12:10:34.006+02	published	\N	f	0	\N	dark
4	Servicios	 Hola, soy Ane, asesora y formadora educativa. Te doy la bienvenida a este espacio educativo y familiar. 	55	{"root": {"type": "root", "format": "", "indent": 0, "version": 1, "children": [{"type": "paragraph", "format": "", "indent": 0, "version": 1, "children": [{"mode": "normal", "text": "No saber por dnde empezar?", "type": "text", "style": "", "detail": 0, "format": 0, "version": 1}], "direction": "ltr", "textStyle": "", "textFormat": 0}, {"type": "paragraph", "format": "", "indent": 0, "version": 1, "children": [{"mode": "normal", "text": "Reserva una cita y empezamos.", "type": "text", "style": "", "detail": 0, "format": 0, "version": 1}], "direction": "ltr", "textStyle": "", "textFormat": 0}], "direction": null}}	\N	\N	\N	2025-10-29 20:50:22.342+01	services	t	2025-12-11 17:30:56.207+01	2025-10-29 20:50:12.47+01	published	\N	f	0	\N	dark
\.


--
-- Data for Name: pages_blocks_box_content; Type: TABLE DATA; Schema: public; Owner: -
--

COPY public.pages_blocks_box_content (_order, _parent_id, _path, id, block_name) FROM stdin;
1	1	layout	68f7abd08feb57d8b268329d	Cajas
\.


--
-- Data for Name: pages_blocks_box_content_boxes; Type: TABLE DATA; Schema: public; Owner: -
--

COPY public.pages_blocks_box_content_boxes (_order, _parent_id, id, title, rich_text, media_id, enable_title) FROM stdin;
1	68f7abd08feb57d8b268329d	68f7abd78feb57d8b268329f		mensaje desde una caja del frontend para saber cosas	56	f
2	68f7abd08feb57d8b268329d	68f7ac218feb57d8b26832a1		Mensaje desde una caja del frontend para saber cosas	57	f
3	68f7abd08feb57d8b268329d	68f7ac5321f76af3880c857b		mensaje desde una caja del frontend para saber cosas	58	f
\.


--
-- Data for Name: pages_blocks_content; Type: TABLE DATA; Schema: public; Owner: -
--

COPY public.pages_blocks_content (_order, _parent_id, _path, id, enable_title, title, enable_image, image_id, enable_background_image, enable_rich_text, rich_text, enable_link, link_type, link_new_tab, link_url, link_label, link_appearance, is_reverse, bottom, separator_type, section_name, block_name, dark_mode) FROM stdin;
5	8	layout	69175d6fdbe6a6ac0c07fa8e	\N	\N	\N	\N	\N	t	{"root": {"type": "root", "format": "", "indent": 0, "version": 1, "children": [{"type": "block", "fields": {"id": "69175d8562d1c76ef7ad68a0", "prices": [{"id": "69175d9cdbe6a6ac0c07fa90", "link": {"url": "https://calendly.com/educarsano", "type": "calendly", "label": "agendar cita", "appearance": "default"}, "price": 60, "features": [{"id": "69175dd1dbe6a6ac0c07fa92", "feature": "Sesin de 60 minutos"}, {"id": "69175e21dbe6a6ac0c07fa94", "feature": "trabajar un tema concreto o dar seguimiento a procesos a largo plazo."}]}], "blockName": "price", "blockType": "pricesBlock"}, "format": "", "version": 2}, {"type": "paragraph", "format": "", "indent": 0, "version": 1, "children": [], "direction": null, "textStyle": "", "textFormat": 0}], "direction": null}}	\N	reference	\N	\N	\N	default	f	100	\N	\N	Precio	\N
2	1	layout	68f79891431c43bc53390a61	f	\N	\N	\N	\N	t	{"root": {"type": "root", "format": "", "indent": 0, "version": 1, "children": [{"type": "paragraph", "format": "", "indent": 0, "version": 1, "children": [{"mode": "normal", "text": "Te sientes solo/a en tu camino educativo o familiar?", "type": "text", "style": "", "detail": 0, "format": 0, "version": 1}], "direction": "ltr", "textStyle": "", "textFormat": 0}, {"type": "paragraph", "format": "", "indent": 0, "version": 1, "children": [{"mode": "normal", "text": "Quieres que tus hijos o alumnos desarrollen ", "type": "text", "style": "", "detail": 0, "format": 0, "version": 1}, {"mode": "normal", "text": "herramientas para la vida", "type": "text", "style": "", "detail": 0, "format": 1, "version": 1}, {"mode": "normal", "text": "?", "type": "text", "style": "", "detail": 0, "format": 0, "version": 1}], "direction": "ltr", "textStyle": "", "textFormat": 0}, {"type": "paragraph", "format": "", "indent": 0, "version": 1, "children": [{"mode": "normal", "text": "Buscas ", "type": "text", "style": "", "detail": 0, "format": 0, "version": 1}, {"mode": "normal", "text": "estrategias y recursos", "type": "text", "style": "", "detail": 0, "format": 1, "version": 1}, {"mode": "normal", "text": " para un aula o hogar ms humano y creativo?", "type": "text", "style": "", "detail": 0, "format": 0, "version": 1}], "direction": "ltr", "textStyle": "", "textFormat": 0}, {"type": "paragraph", "format": "", "indent": 0, "version": 1, "children": [{"mode": "normal", "text": "Quieres ", "type": "text", "style": "", "detail": 0, "format": 0, "version": 1}, {"mode": "normal", "text": "volver a creer en la educacin", "type": "text", "style": "", "detail": 0, "format": 1, "version": 1}, {"mode": "normal", "text": " y motivarte cada da?", "type": "text", "style": "", "detail": 0, "format": 0, "version": 1}], "direction": "ltr", "textStyle": "", "textFormat": 0}, {"type": "paragraph", "format": "", "indent": 0, "version": 1, "children": [{"mode": "normal", "text": "Sientes que tu entorno educativo o familiar no est funcionando como te gustara y buscas un nuevo enfoque?", "type": "text", "style": "", "detail": 0, "format": 0, "version": 1}], "direction": "ltr", "textStyle": "", "textFormat": 0}, {"type": "paragraph", "format": "", "indent": 0, "version": 1, "children": [{"mode": "normal", "text": "Te gustara ensear y acompaar desde una educacin ms ", "type": "text", "style": "", "detail": 0, "format": 0, "version": 1}, {"mode": "normal", "text": "consciente, respetuosa y socialmente responsable", "type": "text", "style": "", "detail": 0, "format": 1, "version": 1}, {"mode": "normal", "text": "?", "type": "text", "style": "", "detail": 0, "format": 0, "version": 1}], "direction": "ltr", "textStyle": "", "textFormat": 0}, {"type": "block", "fields": {"id": "68f798b375fb0ceeb6989752", "style": "info", "content": {"root": {"type": "root", "format": "", "indent": 0, "version": 1, "children": [{"type": "paragraph", "format": "", "indent": 0, "version": 1, "children": [{"mode": "normal", "text": "En Educar Sano ofrezco asesora, orientacin, formacin y herramientas prcticas a familias, educadores e instituciones educativas, para transformar la educacin en un espacio ms humano, eficaz y socialmente responsable.", "type": "text", "style": "", "detail": 0, "format": 0, "version": 1}], "direction": null, "textStyle": "", "textFormat": 0}], "direction": null}}, "blockName": "Banner", "blockType": "banner"}, "format": "", "version": 2}, {"type": "quote", "format": "", "indent": 0, "version": 1, "children": [{"mode": "normal", "text": "Transforma la educacin en un espacio humano, consciente y conectado con la sociedad. ", "type": "text", "style": "", "detail": 0, "format": 0, "version": 1}, {"mode": "normal", "text": "Yo te acompao en el camino.", "type": "text", "style": "", "detail": 0, "format": 1, "version": 1}], "direction": null}], "direction": null}}	\N	reference	\N	\N	\N	default	t	-88	separatorWhite	homeQuestions	Preguntas	dark
3	1	layout	68f798e6431c43bc53390a63	t	Sobre m	t	69	t	t	{"root": {"type": "root", "format": "", "indent": 0, "version": 1, "children": [{"type": "paragraph", "format": "", "indent": 0, "version": 1, "children": [{"mode": "normal", "text": "Soy Ane, diplomada en Educacin Primaria y con ms de veinte aos de experiencia acompaando a ni@s y familias. ", "type": "text", "style": "", "detail": 0, "format": 0, "version": 1}], "direction": "ltr", "textStyle": "", "textFormat": 0}, {"type": "paragraph", "format": "", "indent": 0, "version": 1, "children": [{"mode": "normal", "text": "He vivido de cerca las dificultades del mundo educativo:", "type": "text", "style": "", "detail": 0, "format": 0, "version": 1}], "direction": "ltr", "textStyle": "", "textFormat": 0}, {"tag": "ul", "type": "list", "start": 1, "format": "", "indent": 0, "version": 1, "children": [{"type": "listitem", "value": 1, "format": "", "indent": 0, "version": 1, "children": [{"mode": "normal", "text": "Falta de recursos", "type": "text", "style": "", "detail": 0, "format": 0, "version": 1}], "direction": "ltr"}, {"type": "listitem", "value": 2, "format": "", "indent": 0, "version": 1, "children": [{"mode": "normal", "text": "Falta de gestin de la convivencia ", "type": "text", "style": "", "detail": 0, "format": 0, "version": 1}], "direction": "ltr"}, {"type": "listitem", "value": 3, "format": "", "indent": 0, "version": 1, "children": [{"mode": "normal", "text": "Escasa atencin al bienestar docente y familiar ", "type": "text", "style": "", "detail": 0, "format": 0, "version": 1}], "direction": "ltr"}], "listType": "bullet", "direction": "ltr"}, {"type": "paragraph", "format": "", "indent": 0, "version": 1, "children": [{"mode": "normal", "text": "Educar Sano nace de la necesidad de entender la compleja realidad de hoy, humanizar la educacin y convertir los entornos familiares y educativos en espacios de bienestar comn.", "type": "text", "style": "", "detail": 0, "format": 0, "version": 1}], "direction": "ltr", "textStyle": "", "textFormat": 0}, {"type": "paragraph", "format": "", "indent": 0, "version": 1, "children": [{"mode": "normal", "text": "Por eso me dedico a la asesora, consultora y formacin educativa, ofreciendo un acompaamiento humano, prctico y consciente que devuelve a la educacin su papel transformador.", "type": "text", "style": "", "detail": 0, "format": 0, "version": 1}], "direction": "ltr", "textStyle": "", "textFormat": 0}], "direction": null}}	t	reference	\N	\N	Conoce mi historia completa	default	t	-90	separatorBackground	homeAbout	Sobre-m	blue
1	3	layout	68fb63476a0fc7515f7981a0	\N	\N	\N	\N	\N	t	{"root": {"type": "root", "format": "", "indent": 0, "version": 1, "children": [{"type": "paragraph", "format": "", "indent": 0, "version": 1, "children": [{"mode": "normal", "text": "blog", "type": "text", "style": "", "detail": 0, "format": 0, "version": 1}], "direction": null, "textStyle": "", "textFormat": 0}], "direction": null}}	\N	reference	\N	\N	\N	default	f	100	\N	\N	\N	\N
4	8	layout	69172248d570572d554a1125	t	\N	\N	\N	\N	t	{"root": {"type": "root", "format": "", "indent": 0, "version": 1, "children": [{"type": "paragraph", "format": "", "indent": 0, "version": 1, "children": [{"mode": "normal", "text": "MODALIDAD: ", "type": "text", "style": "", "detail": 0, "format": 0, "version": 1}], "direction": null, "textStyle": "", "textFormat": 0}, {"type": "paragraph", "format": "", "indent": 0, "version": 1, "children": [{"mode": "normal", "text": "Modalidad online, ideal para quienes prefieren la flexibilidad y comodidad de conectarse desde cualquier lugar.", "type": "text", "style": "", "detail": 0, "format": 0, "version": 1}], "direction": null, "textStyle": "", "textFormat": 0}, {"type": "paragraph", "format": "", "indent": 0, "version": 1, "children": [{"mode": "normal", "text": "Asesoramiento familiar a domicilio, para acompaar a las familias en su entorno cotidiano, facilitando un espacio cercano y cmodo.", "type": "text", "style": "", "detail": 0, "format": 0, "version": 1}], "direction": null, "textStyle": "", "textFormat": 0}, {"type": "block", "fields": {"id": "69175f4062d1c76ef7ad68a1", "prices": [{"id": "69175f4ddbe6a6ac0c07fa96", "link": {"url": "https://calendly.com/educarsano", "type": "calendly", "label": "agendar cita", "appearance": "default"}, "price": 60, "features": [{"id": "69177895dbe6a6ac0c07fa9a", "feature": "Sesin de 60 minutos"}, {"id": "691778a7dbe6a6ac0c07fa9c", "feature": "trabajar un tema concreto o dar seguimiento a procesos a largo plazo."}]}], "blockName": "Price", "blockType": "pricesBlock"}, "format": "", "version": 2}, {"type": "paragraph", "format": "", "indent": 0, "version": 1, "children": [], "direction": null, "textStyle": "", "textFormat": 0}], "direction": null}}	\N	reference	\N	\N	\N	default	f	100	\N	s-service-info	Modalidad-Precio	\N
1	2	layout	68fb50ed398c9978e6edfe3e	\N	\N	t	72	\N	t	{"root": {"type": "root", "format": "", "indent": 0, "version": 1, "children": [{"tag": "h2", "type": "heading", "format": "", "indent": 0, "version": 1, "children": [{"mode": "normal", "text": "QUIN SOY?", "type": "text", "style": "", "detail": 0, "format": 1, "version": 1}], "direction": null}, {"type": "paragraph", "format": "", "indent": 0, "version": 1, "children": [{"mode": "normal", "text": "Soy Ane, diplomada en educacin primaria. Desde muy pequea tuve claro que mi vocacin estaba ligada al mundo educativo. Empec muy joven a trabajar con nixs y sent desde ese momento que la docencia era mi camino.", "type": "text", "style": "", "detail": 0, "format": 0, "version": 1}], "direction": null, "textStyle": "", "textFormat": 0}, {"type": "paragraph", "format": "", "indent": 0, "version": 1, "children": [{"mode": "normal", "text": "Despus de terminar la carrera, comenc mi andadura como profesora y descubr la gran responsabilidad que implica educar. Durante mi trabajo como tutora me enfrent a diferentes dificultades y retos, te suena? Algunos de ellos fueron:", "type": "text", "style": "", "detail": 0, "format": 0, "version": 1}], "direction": null, "textStyle": "", "textFormat": 0}, {"tag": "ol", "type": "list", "start": 1, "format": "", "indent": 0, "version": 1, "children": [{"type": "listitem", "value": 1, "format": "", "indent": 0, "version": 1, "children": [{"mode": "normal", "text": "La falta de recursos, tanto acadmicos como emocionales.", "type": "text", "style": "", "detail": 0, "format": 0, "version": 1}], "direction": null}, {"type": "listitem", "value": 2, "format": "", "indent": 0, "version": 1, "children": [{"mode": "normal", "text": "La gestin con familias, docentes y equipo directivo.", "type": "text", "style": "", "detail": 0, "format": 0, "version": 1}], "direction": null}, {"type": "listitem", "value": 3, "format": "", "indent": 0, "version": 1, "children": [{"mode": "normal", "text": "La falta de apoyo y acompaamiento al profesorado.", "type": "text", "style": "", "detail": 0, "format": 0, "version": 1}], "direction": null}], "listType": "number", "direction": null}, {"type": "paragraph", "format": "", "indent": 0, "version": 1, "children": [{"mode": "normal", "text": "Toda esta experiencia me llev a seguir formndome en distintas reas para ganar conocimiento, bienestar y herramientas prcticas. Siempre me ha nacido de manera espontnea ayudar y acompaar, y las injusticias que observaba a mi alrededor me hicieron comprender que la educacin debe ser tambin un motor de transformacin social.", "type": "text", "style": "", "detail": 0, "format": 0, "version": 1}], "direction": null, "textStyle": "", "textFormat": 0}], "direction": null}}	\N	reference	\N	\N	\N	default	f	-70	separatorBackground	about-first	sobre-mi	dark
2	2	layout	68fb525c398c9978e6edfe40	\N	\N	t	71	t	t	{"root": {"type": "root", "format": "", "indent": 0, "version": 1, "children": [{"type": "paragraph", "format": "", "indent": 0, "version": 1, "children": [{"mode": "normal", "text": "Hoy, despus de ms de veinte aos dedicados a la educacin y al acompaamiento de ni@s y familias, decid emprender como asesora educativa y familiar. Mi labor consiste en acompaar a educadores y familias desde mi experiencia y visin, con un enfoque humano, prctico, integral y social. ", "type": "text", "style": "", "detail": 0, "format": 0, "version": 1}], "direction": null, "textStyle": "", "textFormat": 0}, {"type": "paragraph", "format": "", "indent": 0, "version": 1, "children": [{"mode": "normal", "text": "A lo largo de mi trayectoria he mantenido una formacin continua para ofrecer un acompaamiento de la mxima calidad, basado en la experiencia, el conocimiento y las mejores herramientas educativas.", "type": "text", "style": "", "detail": 0, "format": 0, "version": 1}], "direction": null, "textStyle": "", "textFormat": 0}, {"type": "paragraph", "format": "", "indent": 0, "version": 1, "children": [{"mode": "normal", "text": "Mi objetivo es que no te sientas perdid@ ni solo en este proceso tan fascinante y exigente que es educar, fomentando al mismo tiempo valores, conciencia social y la capacidad de ser agentes activos para un mundo ms equilibrado, justo y emptico para todxs.", "type": "text", "style": "", "detail": 0, "format": 0, "version": 1}], "direction": null, "textStyle": "", "textFormat": 0}], "direction": null}}	\N	reference	\N	\N	\N	default	f	-70	\N	about-second	sobre-mi	dark
3	2	layout	69026a07c0fe9717b5354e07	f		t	107	\N	t	{"doc": null, "root": {"type": "root", "format": "", "indent": 0, "version": 1, "children": [{"tag": "h2", "type": "heading", "format": "left", "indent": 0, "version": 1, "children": [{"mode": "normal", "text": "Formacin", "type": "text", "style": "", "detail": 0, "format": 0, "version": 1}], "direction": null}, {"tag": "ul", "type": "list", "start": 1, "format": "", "indent": 0, "version": 1, "children": [{"type": "listitem", "value": 1, "format": "", "indent": 0, "version": 1, "children": [{"mode": "normal", "text": "Diplomatura en Educacin Primaria", "type": "text", "style": "", "detail": 0, "format": 0, "version": 1}], "direction": null}, {"type": "listitem", "value": 2, "format": "", "indent": 0, "version": 1, "children": [{"mode": "normal", "text": "Experta en Educacin Emocional y Acompaamiento Educativo y Familiar", "type": "text", "style": "", "detail": 0, "format": 0, "version": 1}], "direction": null}, {"type": "listitem", "value": 3, "format": "", "indent": 0, "version": 1, "children": [{"mode": "normal", "text": "Disciplina Positiva para Familias", "type": "text", "style": "", "detail": 0, "format": 0, "version": 1}], "direction": null}, {"type": "listitem", "value": 4, "format": "", "indent": 0, "version": 1, "children": [{"mode": "normal", "text": "Instructora de Yoga y Mindfulness para ni@s, educador@s y familias", "type": "text", "style": "", "detail": 0, "format": 0, "version": 1}], "direction": null}, {"type": "listitem", "value": 5, "format": "", "indent": 0, "version": 1, "children": [{"mode": "normal", "text": "Coaching Infanto-Juvenil", "type": "text", "style": "", "detail": 0, "format": 0, "version": 1}], "direction": null}, {"type": "listitem", "value": 6, "format": "", "indent": 0, "version": 1, "children": [{"mode": "normal", "text": "Intervencin con Muecos Playmobil", "type": "text", "style": "", "detail": 0, "format": 0, "version": 1}], "direction": null}, {"type": "listitem", "value": 7, "format": "", "indent": 0, "version": 1, "children": [{"mode": "normal", "text": "Intervencin Estratgica en la Escuela", "type": "text", "style": "", "detail": 0, "format": 0, "version": 1}], "direction": null}, {"type": "listitem", "value": 8, "format": "", "indent": 0, "version": 1, "children": [{"mode": "normal", "text": "Tcnicas de Terapia Estratgica en Ni@s y Adolescentes", "type": "text", "style": "", "detail": 0, "format": 0, "version": 1}], "direction": null}, {"type": "listitem", "value": 9, "format": "", "indent": 0, "version": 1, "children": [{"mode": "normal", "text": "Formacin en la Tcnica de la Caja de Arena", "type": "text", "style": "", "detail": 0, "format": 0, "version": 1}], "direction": null}, {"type": "listitem", "value": 10, "format": "", "indent": 0, "version": 1, "children": [{"mode": "normal", "text": "Mediacin y Resolucin de Conflictos", "type": "text", "style": "", "detail": 0, "format": 0, "version": 1}], "direction": null}, {"type": "listitem", "value": 11, "format": "", "indent": 0, "version": 1, "children": [{"mode": "normal", "text": "Curso de Educacin Sexual", "type": "text", "style": "", "detail": 0, "format": 0, "version": 1}], "direction": null}], "listType": "bullet", "direction": null}], "direction": null}}	t	custom	t	https://d2kzarvvomoj6d.cloudfront.net/documents/ti2yt3bo8ny5izsensif.pdf	descargar Curriculum	default	f	-65	separatorBackground	about-academic	formacin	dark
4	2	layout	690276e88a378f13385b430c	f		t	109	t	t	{"root": {"type": "root", "format": "", "indent": 0, "version": 1, "children": [{"tag": "h2", "type": "heading", "format": "", "indent": 0, "version": 1, "children": [{"mode": "normal", "text": "Visin educativa ", "type": "text", "style": "", "detail": 0, "format": 0, "version": 1}], "direction": null}, {"type": "paragraph", "format": "", "indent": 0, "version": 1, "children": [{"mode": "normal", "text": "Educar Sano nace como respuesta a los retos que plantea la escuela actual, desde una mirada ms humana, emptica y consciente de que educar hoy implica tambin entender el mundo complejo en el que vivimos.", "type": "text", "style": "", "detail": 0, "format": 0, "version": 1}], "direction": null, "textStyle": "", "textFormat": 0}, {"type": "paragraph", "format": "", "indent": 0, "version": 1, "children": [{"mode": "normal", "text": "Creemos que la educacin debe ser un espacio de bienestar compartido para el alumnado, el profesorado y las familias donde la empata, el cuidado y la conciencia social estn en el centro.", "type": "text", "style": "", "detail": 0, "format": 0, "version": 1}], "direction": null, "textStyle": "", "textFormat": 0}, {"type": "paragraph", "format": "", "indent": 0, "version": 1, "children": [{"mode": "normal", "text": "Defendemos una escuela que respete y valore a sus docentes, garantizando condiciones laborales dignas y espacios donde puedan cuidar su salud mental y emocional.", "type": "text", "style": "", "detail": 0, "format": 0, "version": 1}, {"type": "linebreak", "version": 1}, {"mode": "normal", "text": "Tambin apostamos por una conciliacin familiar real, donde las familias puedan implicarse en la educacin sin renunciar a su equilibrio personal y profesional.", "type": "text", "style": "", "detail": 0, "format": 0, "version": 1}], "direction": null, "textStyle": "", "textFormat": 0}, {"type": "paragraph", "format": "", "indent": 0, "version": 1, "children": [{"mode": "normal", "text": "Desde ", "type": "text", "style": "", "detail": 0, "format": 0, "version": 1}, {"mode": "normal", "text": "Educar Sano", "type": "text", "style": "", "detail": 0, "format": 2, "version": 1}, {"mode": "normal", "text": " queremos acompaar a quienes sienten que educar no es solo transmitir contenidos, sino formar personas activas, crticas y comprometidas con su entorno.", "type": "text", "style": "", "detail": 0, "format": 0, "version": 1}], "direction": null, "textStyle": "", "textFormat": 0}, {"type": "paragraph", "format": "", "indent": 0, "version": 1, "children": [{"mode": "normal", "text": "Educar es el reflejo de la sociedad. Por tanto, dediqumosle el rigor, la importancia y la vala que tiene.", "type": "text", "style": "", "detail": 0, "format": 0, "version": 1}], "direction": null, "textStyle": "", "textFormat": 0}, {"type": "paragraph", "format": "", "indent": 0, "version": 1, "children": [{"mode": "normal", "text": "Mi objetivo es que no te sientas perdid@ ni solo en este proceso tan fascinante y exigente que es educar, fomentando al mismo tiempo valores, conciencia social y la capacidad de ser agentes activos para un mundo ms equilibrado, justo y emptico para todxs.", "type": "text", "style": "", "detail": 0, "format": 0, "version": 1}], "direction": null, "textStyle": "", "textFormat": 0}], "direction": null}}	\N	reference	\N	\N	\N	default	f	-80	separatorWhite	about-my-vision	visin educativa 	dark
\.


--
-- Data for Name: pages_blocks_cta; Type: TABLE DATA; Schema: public; Owner: -
--

COPY public.pages_blocks_cta (_order, _parent_id, _path, id, media_id, rich_text, is_reverse, bottom, section_name, block_name, enable_background_image, separator_type, dark_mode) FROM stdin;
2	7	layout	6914dd71a8701483dd794e84	91	{"root": {"type": "root", "format": "", "indent": 0, "version": 1, "children": [{"tag": "h2", "type": "heading", "format": "center", "indent": 0, "version": 1, "children": [{"mode": "normal", "text": "Educar Sano: tu espacio educativo y familiar de confianza", "type": "text", "style": "", "detail": 0, "format": 1, "version": 1}], "direction": "ltr", "textFormat": 1}, {"type": "paragraph", "format": "", "indent": 0, "version": 1, "children": [{"mode": "normal", "text": "Si quieres acompaamiento prctico, humano y con conciencia social, aqu encontrars las herramientas y el apoyo que necesitas.", "type": "text", "style": "", "detail": 0, "format": 0, "version": 1}], "direction": "ltr", "textStyle": "", "textFormat": 0}, {"type": "paragraph", "format": "", "indent": 0, "version": 1, "children": [{"mode": "normal", "text": "Comienza tu proceso con nosotros", "type": "text", "style": "", "detail": 0, "format": 0, "version": 1}], "direction": "ltr", "textStyle": "", "textFormat": 0}], "direction": null, "textFormat": 1}}	f	0	s-callToAction	Llamada a la accin	t	separatorYellow	\N
6	1	layout	68f79fc8f46630ee6d8dcbb6	108	{"root": {"type": "root", "format": "", "indent": 0, "version": 1, "children": [{"tag": "h2", "type": "heading", "format": "center", "indent": 0, "version": 1, "children": [{"mode": "normal", "text": "Educar Sano: tu espacio educativo y familiar de confianza", "type": "text", "style": "", "detail": 0, "format": 1, "version": 1}], "direction": "ltr", "textFormat": 1}, {"type": "paragraph", "format": "", "indent": 0, "version": 1, "children": [{"mode": "normal", "text": "Si quieres acompaamiento prctico, humano y con conciencia social, aqu encontrars las herramientas y el apoyo que necesitas.", "type": "text", "style": "", "detail": 0, "format": 0, "version": 1}], "direction": "ltr", "textStyle": "", "textFormat": 0}, {"type": "paragraph", "format": "", "indent": 0, "version": 1, "children": [{"mode": "normal", "text": "Comienza tu proceso con nosotros", "type": "text", "style": "", "detail": 0, "format": 0, "version": 1}], "direction": "ltr", "textStyle": "", "textFormat": 0}], "direction": null, "textFormat": 1}}	t	-66	HomeCallToAction01	Llamada a la accin	t	separatorBackground	\N
5	2	layout	69026af7c0fe9717b5354e09	108	{"root": {"type": "root", "format": "", "indent": 0, "version": 1, "children": [{"tag": "h2", "type": "heading", "format": "center", "indent": 0, "version": 1, "children": [{"mode": "normal", "text": "Educar Sano: tu espacio educativo y familiar de confianza", "type": "text", "style": "", "detail": 0, "format": 1, "version": 1}], "direction": "ltr", "textFormat": 1}, {"type": "paragraph", "format": "", "indent": 0, "version": 1, "children": [{"mode": "normal", "text": "Si quieres acompaamiento prctico, humano y con conciencia social, aqu encontrars las herramientas y el apoyo que necesitas.", "type": "text", "style": "", "detail": 0, "format": 0, "version": 1}], "direction": "ltr", "textStyle": "", "textFormat": 0}, {"type": "paragraph", "format": "", "indent": 0, "version": 1, "children": [{"mode": "normal", "text": "Comienza tu proceso con nosotros", "type": "text", "style": "", "detail": 0, "format": 0, "version": 1}], "direction": "ltr", "textStyle": "", "textFormat": 0}], "direction": null, "textFormat": 1}}	f	0	about-call-to-action	llamada a la accin	f	separatorBackground	\N
2	4	layout	69133610b6900a691354eca6	119	{"root": {"type": "root", "format": "", "indent": 0, "version": 1, "children": [{"tag": "h2", "type": "heading", "format": "center", "indent": 0, "version": 1, "children": [{"mode": "normal", "text": "Educar Sano: tu espacio educativo y familiar de confianza", "type": "text", "style": "", "detail": 0, "format": 1, "version": 1}], "direction": "ltr", "textFormat": 1}, {"type": "paragraph", "format": "", "indent": 0, "version": 1, "children": [{"mode": "normal", "text": "Si quieres acompaamiento prctico, humano y con conciencia social, aqu encontrars las herramientas y el apoyo que necesitas.", "type": "text", "style": "", "detail": 0, "format": 0, "version": 1}], "direction": "ltr", "textStyle": "", "textFormat": 0}, {"type": "paragraph", "format": "", "indent": 0, "version": 1, "children": [{"mode": "normal", "text": "Comienza tu proceso con nosotros", "type": "text", "style": "", "detail": 0, "format": 0, "version": 1}], "direction": "ltr", "textStyle": "", "textFormat": 0}], "direction": null, "textFormat": 1}}	t	-70	servicesCallToAction02	LLamada a la accin	t	\N	blue
\.


--
-- Data for Name: pages_blocks_cta_links; Type: TABLE DATA; Schema: public; Owner: -
--

COPY public.pages_blocks_cta_links (_order, _parent_id, id, link_type, link_new_tab, link_url, link_label, link_appearance) FROM stdin;
1	6914dd71a8701483dd794e84	6914ddba9077e42716d24d3a	calendly	\N	https://calendly.com/educarsano	agendar cita	default
2	6914dd71a8701483dd794e84	6914ddca9077e42716d24d3c	reference	\N	\N	contacto	default
1	68f79fc8f46630ee6d8dcbb6	68f7a020ad89aa564b316f79	calendly	\N	https://calendly.com/educarsano	agendar cita	default
2	68f79fc8f46630ee6d8dcbb6	68f7a03ead89aa564b316f7b	reference	\N	\N	contacto	default
1	69026af7c0fe9717b5354e09	69026b8c8a378f13385b4300	calendly	\N	https://calendly.com/educarsano	agendar cita	default
2	69026af7c0fe9717b5354e09	69026bad8a378f13385b4302	reference	\N	\N	contacto	default
1	69133610b6900a691354eca6	69133691406dbfb798ca855e	calendly	\N	https://calendly.com/educarsano	agendar cita	default
2	69133610b6900a691354eca6	6913366d406dbfb798ca855c	reference	\N	\N	contacto	default
\.


--
-- Data for Name: pages_blocks_form_block; Type: TABLE DATA; Schema: public; Owner: -
--

COPY public.pages_blocks_form_block (_order, _parent_id, _path, id, enable_header_text, header_text, enable_companion_text, companion_text, form_id, is_reverse, bottom, block_name, dark_mode, separator_type, enable_background_image) FROM stdin;
4	4	layout	693318b170b6b23ed6637e4a	t	{"root": {"type": "root", "format": "", "indent": 0, "version": 1, "children": [{"tag": "h2", "type": "heading", "format": "center", "indent": 0, "version": 1, "children": [{"mode": "normal", "text": "conectemos!", "type": "text", "style": "", "detail": 0, "format": 0, "version": 1}], "direction": null}, {"type": "paragraph", "format": "", "indent": 0, "version": 1, "children": [{"mode": "normal", "text": "Lorem ipsum dolor sit amet consectetur. Potenti diam facilisi sagittis qiuisque. Consequat gravida est semper sagittis. Morbi eleifend ac maecenas integer congue viverra morbi.", "type": "text", "style": "", "detail": 0, "format": 0, "version": 1}], "direction": "ltr", "textStyle": "", "textFormat": 0}, {"type": "block", "fields": {"id": "69331a5d5e74d2a163008163", "rrss": [{"id": "69331a5f70b6b23ed6637e4c", "icon": 66, "link": {"url": "www.google.es", "type": "custom", "label": "contacto@educarsano.com"}, "title": "Email"}, {"id": "69331a8a70b6b23ed6637e4e", "icon": 67, "link": {"url": "www.google.es", "type": "custom", "label": "@educarsano"}, "title": "Instagram"}], "blockName": "rrss", "blockType": "social"}, "format": "", "version": 2}, {"type": "paragraph", "format": "", "indent": 0, "version": 1, "children": [], "direction": "ltr", "textStyle": "", "textFormat": 0}], "direction": null}}	t	{"root": {"type": "root", "format": "", "indent": 0, "version": 1, "children": [{"tag": "h3", "type": "heading", "format": "center", "indent": 1, "version": 1, "children": [{"mode": "normal", "text": "Formulario de Contacto", "type": "text", "style": "", "detail": 0, "format": 0, "version": 1}], "direction": null}, {"type": "paragraph", "format": "center", "indent": 0, "version": 1, "children": [{"mode": "normal", "text": "Ponte en contacto conmigo y hablamos!", "type": "text", "style": "", "detail": 0, "format": 0, "version": 1}], "direction": "ltr", "textStyle": "", "textFormat": 0}], "direction": null}}	1	t	-36	formulario de contacto	blue	separatorYellow	\N
1	9	layout	693a735b61708c6b781d468d	t	{"root": {"type": "root", "format": "", "indent": 0, "version": 1, "children": [{"tag": "h2", "type": "heading", "format": "center", "indent": 0, "version": 1, "children": [{"mode": "normal", "text": "conectemos!", "type": "text", "style": "", "detail": 0, "format": 0, "version": 1}], "direction": null}, {"type": "paragraph", "format": "", "indent": 0, "version": 1, "children": [{"mode": "normal", "text": "Lorem ipsum dolor sit amet consectetur. Potenti diam facilisi sagittis qiuisque. Consequat gravida est semper sagittis. Morbi eleifend ac maecenas integer congue viverra morbi.", "type": "text", "style": "", "detail": 0, "format": 0, "version": 1}], "direction": "ltr", "textStyle": "", "textFormat": 0}, {"type": "block", "fields": {"id": "693a73da221ed6f1902cc392", "rrss": [{"id": "693a73dc61708c6b781d468f", "icon": 67, "link": {"url": "www.google.es", "type": "custom", "label": "@educarsano"}}], "blockName": "RRSS", "blockType": "social"}, "format": "", "version": 2}, {"type": "paragraph", "format": "", "indent": 0, "version": 1, "children": [], "direction": "ltr", "textStyle": "", "textFormat": 0}], "direction": null}}	t	{"root": {"type": "root", "format": "", "indent": 0, "version": 1, "children": [{"tag": "h3", "type": "heading", "format": "center", "indent": 1, "version": 1, "children": [{"mode": "normal", "text": "Formulario de Contacto", "type": "text", "style": "", "detail": 0, "format": 0, "version": 1}], "direction": null}, {"type": "paragraph", "format": "center", "indent": 0, "version": 1, "children": [{"mode": "normal", "text": "Ponte en contacto conmigo y hablamos!", "type": "text", "style": "", "detail": 0, "format": 0, "version": 1}], "direction": "ltr", "textStyle": "", "textFormat": 0}], "direction": null}}	1	f	0	Formulario de contacto	\N	separatorYellow	\N
3	7	layout	6914de439077e42716d24d3e	t	{"root": {"type": "root", "format": "", "indent": 0, "version": 1, "children": [{"tag": "h3", "type": "heading", "format": "center", "indent": 0, "version": 1, "children": [{"mode": "normal", "text": "conectemos!", "type": "text", "style": "", "detail": 0, "format": 0, "version": 1}], "direction": "ltr"}, {"type": "paragraph", "format": "", "indent": 0, "version": 1, "children": [{"mode": "normal", "text": "Lorem ipsum dolor sit amet consectetur. Potenti diam facilisi sagittis qiuisque. Consequat gravida est semper sagittis. Morbi eleifend ac maecenas integer congue viverra morbi.", "type": "text", "style": "", "detail": 0, "format": 0, "version": 1}], "direction": "ltr", "textStyle": "", "textFormat": 0}, {"type": "block", "fields": {"id": "6914e2e49df7a716df50a126", "rrss": [{"id": "6914e2ed9077e42716d24d40", "icon": 66, "link": {"url": "www.google.es", "type": "custom", "label": "contacto@educarsano.com"}, "title": "Email"}, {"id": "6914e3229077e42716d24d42", "icon": 67, "link": {"url": "www.google.es", "type": "custom", "label": "@educarsano"}, "title": "Instagram"}], "blockName": "rrss", "blockType": "social"}, "format": "", "version": 2}, {"type": "paragraph", "format": "", "indent": 0, "version": 1, "children": [], "direction": "ltr", "textStyle": "", "textFormat": 0}], "direction": null}}	t	{"root": {"type": "root", "format": "", "indent": 0, "version": 1, "children": [{"tag": "h2", "type": "heading", "format": "center", "indent": 0, "version": 1, "children": [{"mode": "normal", "text": "Formulario de Contacto", "type": "text", "style": "", "detail": 0, "format": 0, "version": 1}], "direction": "ltr"}], "direction": null}}	1	f	100	Formulario de contacto	\N	\N	\N
10	1	layout	68f7b71ec5b20bf7bc32e1c1	t	{"root": {"type": "root", "format": "", "indent": 0, "version": 1, "children": [{"tag": "h2", "type": "heading", "format": "center", "indent": 0, "version": 1, "children": [{"mode": "normal", "text": "conectemos!", "type": "text", "style": "", "detail": 0, "format": 0, "version": 1}], "direction": null}, {"type": "paragraph", "format": "", "indent": 0, "version": 1, "children": [{"mode": "normal", "text": "Lorem ipsum dolor sit amet consectetur. Potenti diam facilisi sagittis qiuisque. Consequat gravida est semper sagittis. Morbi eleifend ac maecenas integer congue viverra morbi.", "type": "text", "style": "", "detail": 0, "format": 0, "version": 1}], "direction": "ltr", "textStyle": "", "textFormat": 0}, {"type": "block", "fields": {"id": "68f7b7713a7bb11e3a36255a", "rrss": [{"id": "68f7b776539115341321864c", "icon": 66, "link": {"url": "www.google.es", "type": "custom", "label": "contacto@educarsano.com"}, "title": "Email"}, {"id": "68f7b7a8539115341321864e", "icon": 67, "link": {"url": "www.google.es", "type": "custom", "label": "@educarsano"}, "title": "Instagram"}], "blockName": "rrss", "blockType": "social"}, "format": "", "version": 2}, {"type": "paragraph", "format": "", "indent": 0, "version": 1, "children": [], "direction": "ltr", "textStyle": "", "textFormat": 0}], "direction": null}}	t	{"root": {"type": "root", "format": "", "indent": 0, "version": 1, "children": [{"tag": "h3", "type": "heading", "format": "center", "indent": 1, "version": 1, "children": [{"mode": "normal", "text": "Formulario de Contacto", "type": "text", "style": "", "detail": 0, "format": 0, "version": 1}], "direction": null}, {"type": "paragraph", "format": "center", "indent": 0, "version": 1, "children": [{"mode": "normal", "text": "Ponte en contacto conmigo y hablamos!", "type": "text", "style": "", "detail": 0, "format": 0, "version": 1}], "direction": "ltr", "textStyle": "", "textFormat": 0}], "direction": null}}	1	t	-39	Formulario de contacto	dark	separatorYellow	\N
\.


--
-- Data for Name: pages_blocks_frequently_questions_block; Type: TABLE DATA; Schema: public; Owner: -
--

COPY public.pages_blocks_frequently_questions_block (_order, _parent_id, _path, id, enable_title, title, enable_text, content, enable_image, image_id, section_name, block_name) FROM stdin;
6	8	layout	691725d2e368e34613671590	\N	\N	\N	\N	t	\N	\N	FAQ
\.


--
-- Data for Name: pages_blocks_frequently_questions_block_questions; Type: TABLE DATA; Schema: public; Owner: -
--

COPY public.pages_blocks_frequently_questions_block_questions (_order, _parent_id, id, question, answer) FROM stdin;
1	691725d2e368e34613671590	6917261ae368e34613671592	pregunta	respuesta
2	691725d2e368e34613671590	69172628e368e34613671594	pregunta	respuesta
3	691725d2e368e34613671590	6917263be368e34613671596	pregunta	respuesta
\.


--
-- Data for Name: pages_blocks_list_content; Type: TABLE DATA; Schema: public; Owner: -
--

COPY public.pages_blocks_list_content (_order, _parent_id, _path, id, enable_title, title, enable_sub_title, sub_title, enable_background_image, enable_image, field_image_id, is_reverse, bottom, separator_type, section_name, block_name, dark_mode) FROM stdin;
4	1	layout	68f79953431c43bc53390a65	t	Servicios	\N	\N	\N	t	59	f	-65	separatorWhite	homeServices	Servicios	dark
7	1	layout	68f79e0e42986f06cbf2068d	t	 Qu hace diferente a Educar Sano?	t	{"root": {"type": "root", "format": "", "indent": 0, "version": 1, "children": [{"type": "paragraph", "format": "", "indent": 0, "version": 1, "children": [{"mode": "normal", "text": "Mi propuesta no es genrica ni estandarizada. Acompa desde la experiencia, la empata y una mirada educativa adaptada a cada realidad.", "type": "text", "style": "", "detail": 0, "format": 0, "version": 1}], "direction": null, "textStyle": "", "textFormat": 0}], "direction": null}}	t	t	63	f	-80	separatorBackground	homeDiferences	 Qu hace diferente a Educar Sano?	dark
\.


--
-- Data for Name: pages_blocks_list_content_blocks; Type: TABLE DATA; Schema: public; Owner: -
--

COPY public.pages_blocks_list_content_blocks (_order, _parent_id, id, enable_filed_title, field_title, enable_icon, media_id, enable_rich_text, rich_text, enable_link, link_type, link_new_tab, link_url, link_label, link_appearance, color) FROM stdin;
1	68f79953431c43bc53390a65	692ad5a62732e16824dec687	t	Asesoramiento familiar	t	105	t	{"root": {"type": "root", "format": "", "indent": 0, "version": 1, "children": [{"type": "paragraph", "format": "", "indent": 0, "version": 1, "children": [{"mode": "normal", "text": "Acompaamiento para mejorar la convivencia y el bienestar en casa.", "type": "text", "style": "", "detail": 0, "format": 0, "version": 1}], "direction": null, "textStyle": "", "textFormat": 0}], "direction": null}}	t	reference	\N	\N	asesoramiento faamiliar	default	transparent
2	68f79953431c43bc53390a65	692c1826fa0d132570dd3aea	t	Asesoramiento educativo	t	105	t	{"root": {"type": "root", "format": "", "indent": 0, "version": 1, "children": [{"type": "paragraph", "format": "", "indent": 0, "version": 1, "children": [{"mode": "normal", "text": "Orientacin para docentes y profesionales que buscan nuevas herramientas.", "type": "text", "style": "", "detail": 0, "format": 0, "version": 1}], "direction": null, "textStyle": "", "textFormat": 0}], "direction": null}}	t	reference	\N	\N	Asesoramiento-educativo	default	transparent
3	68f79953431c43bc53390a65	692c188cfa0d132570dd3aec	t	Clases de refuerzo 	t	105	t	{"root": {"type": "root", "format": "", "indent": 0, "version": 1, "children": [{"type": "paragraph", "format": "", "indent": 0, "version": 1, "children": [{"mode": "normal", "text": "Apoyo escolar individualizado con una mirada respetuosa y consciente.", "type": "text", "style": "", "detail": 0, "format": 0, "version": 1}], "direction": null, "textStyle": "", "textFormat": 0}], "direction": null}}	\N	reference	\N	\N	\N	default	transparent
4	68f79953431c43bc53390a65	692c18c45396350128105952	t	Asesoramiento express	t	105	t	{"root": {"type": "root", "format": "", "indent": 0, "version": 1, "children": [{"type": "paragraph", "format": "", "indent": 0, "version": 1, "children": [{"mode": "normal", "text": "Sesiones rpidas para dudas concretas o decisiones urgentes.", "type": "text", "style": "", "detail": 0, "format": 0, "version": 1}], "direction": null, "textStyle": "", "textFormat": 0}], "direction": null}}	\N	reference	\N	\N	\N	default	transparent
5	68f79953431c43bc53390a65	692c18eb5396350128105954	t	Consultora educativa	t	105	t	{"root": {"type": "root", "format": "", "indent": 0, "version": 1, "children": [{"type": "paragraph", "format": "", "indent": 0, "version": 1, "children": [{"mode": "normal", "text": "Transformacin de centros escolares hacia un modelo ms humano e inclusivo.", "type": "text", "style": "", "detail": 0, "format": 0, "version": 1}], "direction": null, "textStyle": "", "textFormat": 0}], "direction": null}}	\N	reference	\N	\N	\N	default	transparent
6	68f79953431c43bc53390a65	692c190d5396350128105956	t	Supervisiones pedaggicas	t	105	t	{"root": {"type": "root", "format": "", "indent": 0, "version": 1, "children": [{"type": "paragraph", "format": "", "indent": 0, "version": 1, "children": [{"mode": "normal", "text": "Acompaamiento a equipos docentes para reflexionar y mejorar su prctica educativa.", "type": "text", "style": "", "detail": 0, "format": 0, "version": 1}], "direction": null, "textStyle": "", "textFormat": 0}], "direction": null}}	\N	reference	\N	\N	\N	default	transparent
7	68f79953431c43bc53390a65	692c19365396350128105958	t	Formaciones y charlas	t	105	t	{"root": {"type": "root", "format": "", "indent": 0, "version": 1, "children": [{"type": "paragraph", "format": "", "indent": 0, "version": 1, "children": [{"mode": "normal", "text": "Talleres y conferencias para familias, docentes e instituciones", "type": "text", "style": "", "detail": 0, "format": 0, "version": 1}], "direction": null, "textStyle": "", "textFormat": 0}], "direction": null}}	\N	reference	\N	\N	\N	default	transparent
1	68f79e0e42986f06cbf2068d	692c2817d54b4884d5beffae	t	Acompaamiento personalizado	t	105	t	{"root": {"type": "root", "format": "", "indent": 0, "version": 1, "children": [{"type": "paragraph", "format": "", "indent": 0, "version": 1, "children": [{"mode": "normal", "text": "Planes ajustados a cada familia y educador/a, con seguimiento cercano y realista.", "type": "text", "style": "", "detail": 0, "format": 0, "version": 1}], "direction": null, "textStyle": "", "textFormat": 0}], "direction": null}}	\N	reference	\N	\N	\N	default	transparent
2	68f79e0e42986f06cbf2068d	692c2879d54b4884d5beffb0	t	Enfoque prctico y actualizado	t	105	t	{"root": {"type": "root", "format": "", "indent": 0, "version": 1, "children": [{"type": "paragraph", "format": "", "indent": 0, "version": 1, "children": [{"mode": "normal", "text": "Herramientas educativas respetuosas y aplicables, basadas en la experiencia.", "type": "text", "style": "", "detail": 0, "format": 0, "version": 1}], "direction": null, "textStyle": "", "textFormat": 0}], "direction": null}}	\N	reference	\N	\N	\N	default	transparent
3	68f79e0e42986f06cbf2068d	692c28a4d54b4884d5beffb2	t	Mirada emptica y social	t	105	t	{"root": {"type": "root", "format": "", "indent": 0, "version": 1, "children": [{"type": "paragraph", "format": "", "indent": 0, "version": 1, "children": [{"mode": "normal", "text": "Escucha, respeto y compromiso con una educacin ms justa y consciente.", "type": "text", "style": "", "detail": 0, "format": 0, "version": 1}], "direction": null, "textStyle": "", "textFormat": 0}], "direction": null}}	\N	reference	\N	\N	\N	default	transparent
4	68f79e0e42986f06cbf2068d	692c28c9d54b4884d5beffb4	t	Supervisin de casos	t	105	t	{"root": {"type": "root", "format": "", "indent": 0, "version": 1, "children": [{"type": "paragraph", "format": "", "indent": 0, "version": 1, "children": [{"mode": "normal", "text": "Anlisis de situaciones concretas para encontrar estrategias tiles en el aula o en casa.", "type": "text", "style": "", "detail": 0, "format": 0, "version": 1}], "direction": null, "textStyle": "", "textFormat": 0}], "direction": null}}	f	reference	\N	\N	\N	default	transparent
5	68f79e0e42986f06cbf2068d	692c28efd54b4884d5beffb6	t	Formaciones a medida	t	105	t	{"root": {"type": "root", "format": "", "indent": 0, "version": 1, "children": [{"type": "paragraph", "format": "", "indent": 0, "version": 1, "children": [{"mode": "normal", "text": "Talleres, charlas y sesiones adaptadas a tus necesidades.", "type": "text", "style": "", "detail": 0, "format": 0, "version": 1}], "direction": null, "textStyle": "", "textFormat": 0}], "direction": null}}	\N	reference	\N	\N	\N	default	transparent
6	68f79e0e42986f06cbf2068d	692c291dd54b4884d5beffb8	t	Creatividad en la educacin	t	105	t	{"root": {"type": "root", "format": "", "indent": 0, "version": 1, "children": [{"type": "paragraph", "format": "", "indent": 0, "version": 1, "children": [{"mode": "normal", "text": "Respeto y potencia de las habilidades nicas de cada persona para que encuentre su propio estilo de acompaar a la infancia.", "type": "text", "style": "", "detail": 0, "format": 0, "version": 1}], "direction": null, "textStyle": "", "textFormat": 0}], "direction": null}}	\N	reference	\N	\N	\N	default	transparent
7	68f79e0e42986f06cbf2068d	692c293dd54b4884d5beffba	t	Precios accesibles	t	105	t	{"root": {"type": "root", "format": "", "indent": 0, "version": 1, "children": [{"type": "paragraph", "format": "", "indent": 0, "version": 1, "children": [{"mode": "normal", "text": "Tarifas sociales para madres solteras y familias con pocos recursos.", "type": "text", "style": "", "detail": 0, "format": 0, "version": 1}], "direction": null, "textStyle": "", "textFormat": 0}, {"type": "paragraph", "format": "", "indent": 0, "version": 1, "children": [{"mode": "normal", "text": "  [Ver tarifas sociales]", "type": "text", "style": "", "detail": 0, "format": 0, "version": 1}], "direction": null, "textStyle": "", "textFormat": 0}], "direction": null}}	\N	reference	\N	\N	\N	default	transparent
\.


--
-- Data for Name: pages_blocks_media_block; Type: TABLE DATA; Schema: public; Owner: -
--

COPY public.pages_blocks_media_block (_order, _parent_id, _path, id, media_id, section_name, block_name) FROM stdin;
\.


--
-- Data for Name: pages_blocks_post_carousel_block; Type: TABLE DATA; Schema: public; Owner: -
--

COPY public.pages_blocks_post_carousel_block (_order, _parent_id, _path, id, is_reverse, bottom, separator_type, block_name, enable_background_image, dark_mode) FROM stdin;
9	1	layout	6916492d9b13dd4f26d262db	f	-1	separatorYellow	Carrusel de Posts	f	blue
3	4	layout	691d8cf93531105b2f8b2cdf	t	0	separatorYellow	Carrusel de posts	\N	dark
\.


--
-- Data for Name: pages_blocks_quote_block; Type: TABLE DATA; Schema: public; Owner: -
--

COPY public.pages_blocks_quote_block (_order, _parent_id, _path, id, rich_text, enable_image, image_id, is_reverse, bottom, separator_type, section_name, block_name) FROM stdin;
\.


--
-- Data for Name: pages_blocks_quote_block_links; Type: TABLE DATA; Schema: public; Owner: -
--

COPY public.pages_blocks_quote_block_links (_order, _parent_id, id, link_type, link_new_tab, link_url, link_label, link_appearance) FROM stdin;
\.


--
-- Data for Name: pages_blocks_service; Type: TABLE DATA; Schema: public; Owner: -
--

COPY public.pages_blocks_service (_order, _parent_id, _path, id, title, enable_background_image, is_reverse, bottom, separator_type, section_name, block_name, rich_text, dark_mode) FROM stdin;
1	8	layout	69170f05dd2924b16bc2208f	Qu es?	\N	f	100	\N	s-service	Qu es?	{"root": {"type": "root", "format": "", "indent": 0, "version": 1, "children": [{"type": "paragraph", "format": "", "indent": 0, "version": 1, "children": [{"mode": "normal", "text": "a", "type": "text", "style": "", "detail": 0, "format": 0, "version": 1}], "direction": null, "textStyle": "", "textFormat": 0}], "direction": null}}	\N
2	8	layout	691710655b241dfe7d3c8aa9	Qu se trabaja?	t	f	100	\N	s-service	Qu se trabaja?	{"root": {"type": "root", "format": "", "indent": 0, "version": 1, "children": [{"type": "paragraph", "format": "", "indent": 0, "version": 1, "children": [{"mode": "normal", "text": "a", "type": "text", "style": "", "detail": 0, "format": 0, "version": 1}], "direction": null, "textStyle": "", "textFormat": 0}], "direction": null}}	\N
3	8	layout	6917116a5149fcbcda2d6242	Beneficios	\N	f	100	\N	s-service	Beneficios	{"root": {"type": "root", "format": "", "indent": 0, "version": 1, "children": [{"type": "paragraph", "format": "", "indent": 0, "version": 1, "children": [{"mode": "normal", "text": "a", "type": "text", "style": "", "detail": 0, "format": 0, "version": 1}], "direction": null, "textStyle": "", "textFormat": 0}], "direction": null}}	\N
1	7	layout	691af36d8bc453f731112679	Asesoramiento familiar	f	t	-70	separatorWhite	s-service	Asesoramiento familiar	{"root": {"type": "root", "format": "", "indent": 0, "version": 1, "children": [{"type": "paragraph", "format": "", "indent": 0, "version": 1, "children": [{"mode": "normal", "text": "El asesoramiento familiar es un espacio de acompaamiento profesional que brinda orientacin y estrategias prcticas para mejorar la comunicacin, resolver conflictos y fortalecer los vnculos entre los miembros de la familia. Est dirigido a padres, madres, cuidadores/as o hijos/as, de forma individual o conjunta, segn las necesidades de cada situacin.Se trabaja de forma personalizada y flexible, partiendo siempre de la escucha activa y sin juicios, con un acompaamiento cercano desde la calidez y el respeto.", "type": "text", "style": "", "detail": 0, "format": 0, "version": 1}], "direction": null, "textStyle": "", "textFormat": 0}], "direction": null}}	dark
\.


--
-- Data for Name: pages_blocks_service_accordions; Type: TABLE DATA; Schema: public; Owner: -
--

COPY public.pages_blocks_service_accordions (_order, _parent_id, id, title, content) FROM stdin;
1	691af36d8bc453f731112679	691b8181ff8137662ae542ca	Objetivo	{"root": {"type": "root", "format": "", "indent": 0, "version": 1, "children": [{"type": "paragraph", "format": "", "indent": 0, "version": 1, "children": [{"mode": "normal", "text": "El OBJETIVO es construir un PLAN DE ACCIN PERSONALIZADO que permita transformar situaciones conflictivas o desgastantes en oportunidades para fortalecer los vnculos familiares y mejorar la calidad de vida emocional de todos los integrantes.", "type": "text", "style": "", "detail": 0, "format": 0, "version": 1}], "direction": null, "textStyle": "", "textFormat": 0}, {"type": "paragraph", "format": "", "indent": 0, "version": 1, "children": [{"mode": "normal", "text": "Todo tipo de familia es bienvenida, sin importar su estructura, conformacin o identidad.", "type": "text", "style": "", "detail": 0, "format": 0, "version": 1}], "direction": null, "textStyle": "", "textFormat": 0}], "direction": null}}
2	691af36d8bc453f731112679	691b81aa5d8525448ff02543	Qu se trabaja?	{"root": {"type": "root", "format": "", "indent": 0, "version": 1, "children": [{"tag": "ul", "type": "list", "start": 1, "format": "", "indent": 0, "version": 1, "children": [{"type": "listitem", "value": 1, "format": "", "indent": 0, "version": 1, "children": [{"mode": "normal", "text": "Convivencia y comunicacin efectiva en la familia.", "type": "text", "style": "", "detail": 0, "format": 0, "version": 1}], "direction": null}, {"type": "listitem", "value": 2, "format": "", "indent": 0, "version": 1, "children": [{"mode": "normal", "text": "Establecimiento de lmites y normas desde una crianza respetuosa y consciente.", "type": "text", "style": "", "detail": 0, "format": 0, "version": 1}], "direction": null}, {"type": "listitem", "value": 3, "format": "", "indent": 0, "version": 1, "children": [{"mode": "normal", "text": "Manejo y regulacin de emociones tanto de adultos como de nios y adolescentes.", "type": "text", "style": "", "detail": 0, "format": 0, "version": 1}], "direction": null}, {"type": "listitem", "value": 4, "format": "", "indent": 0, "version": 1, "children": [{"mode": "normal", "text": "Estrategias para resolver conflictos de manera pacfica.", "type": "text", "style": "", "detail": 0, "format": 0, "version": 1}], "direction": null}, {"type": "listitem", "value": 5, "format": "", "indent": 0, "version": 1, "children": [{"mode": "normal", "text": "Apoyo durante etapas de cambio o crisis familiares.", "type": "text", "style": "", "detail": 0, "format": 0, "version": 1}], "direction": null}, {"type": "listitem", "value": 6, "format": "", "indent": 0, "version": 1, "children": [{"mode": "normal", "text": "Prevencin y acompaamiento en situaciones de estrs o tensin familiar", "type": "text", "style": "", "detail": 0, "format": 0, "version": 1}], "direction": null}, {"type": "listitem", "value": 7, "format": "", "indent": 0, "version": 1, "children": [{"mode": "normal", "text": ".Herramientas para afrontar desafos en la vida familiar", "type": "text", "style": "", "detail": 0, "format": 0, "version": 1}], "direction": null}], "listType": "bullet", "direction": null}], "direction": null}}
3	691af36d8bc453f731112679	691b85a88d7af98647a587c1	Beneficios	{"root": {"type": "root", "format": "", "indent": 0, "version": 1, "children": [{"type": "paragraph", "format": "", "indent": 0, "version": 1, "children": [{"mode": "normal", "text": "Mejora la comunicacin entre los miembros de la familia", "type": "text", "style": "", "detail": 0, "format": 1, "version": 1}, {"type": "linebreak", "version": 1}, {"mode": "normal", "text": " Ayuda a expresar emociones, necesidades y desacuerdos de forma ms sana y respetuosa.", "type": "text", "style": "", "detail": 0, "format": 0, "version": 1}], "direction": null, "textStyle": "", "textFormat": 1}, {"type": "paragraph", "format": "", "indent": 0, "version": 1, "children": [{"mode": "normal", "text": "Fortalece los vnculos afectivos", "type": "text", "style": "", "detail": 0, "format": 1, "version": 1}, {"type": "linebreak", "version": 1}, {"mode": "normal", "text": " Promueve el entendimiento mutuo, la empata y el apoyo emocional.", "type": "text", "style": "", "detail": 0, "format": 0, "version": 1}], "direction": null, "textStyle": "", "textFormat": 1}, {"type": "paragraph", "format": "", "indent": 0, "version": 1, "children": [{"mode": "normal", "text": "Previene y resuelve conflictos familiares", "type": "text", "style": "", "detail": 0, "format": 1, "version": 1}, {"type": "linebreak", "version": 1}, {"mode": "normal", "text": " Brinda herramientas para manejar tensiones y desacuerdos.", "type": "text", "style": "", "detail": 0, "format": 0, "version": 1}], "direction": null, "textStyle": "", "textFormat": 1}, {"type": "paragraph", "format": "", "indent": 0, "version": 1, "children": [{"mode": "normal", "text": "Favorece el desarrollo emocional de hijos/as", "type": "text", "style": "", "detail": 0, "format": 1, "version": 1}, {"type": "linebreak", "version": 1}, {"mode": "normal", "text": " Ofrece un entorno ms estable y seguro para nixs y adolescentes crezcan con confianza.", "type": "text", "style": "", "detail": 0, "format": 0, "version": 1}], "direction": null, "textStyle": "", "textFormat": 1}, {"type": "paragraph", "format": "", "indent": 0, "version": 1, "children": [{"mode": "normal", "text": "Acompaa procesos de cambio o transicin", "type": "text", "style": "", "detail": 0, "format": 1, "version": 1}, {"type": "linebreak", "version": 1}, {"mode": "normal", "text": " Como separaciones, mudanzas, duelos, adopciones, nuevas parejas o nacimientos.", "type": "text", "style": "", "detail": 0, "format": 0, "version": 1}], "direction": null, "textStyle": "", "textFormat": 1}, {"type": "paragraph", "format": "", "indent": 0, "version": 1, "children": [{"mode": "normal", "text": "Apoya a padres, madres y cuidadores/as en su rol", "type": "text", "style": "", "detail": 0, "format": 1, "version": 1}, {"type": "linebreak", "version": 1}, {"mode": "normal", "text": " Refuerza habilidades parentales, manejo de lmites y estrategias de crianza.", "type": "text", "style": "", "detail": 0, "format": 0, "version": 1}], "direction": null, "textStyle": "", "textFormat": 1}, {"type": "paragraph", "format": "", "indent": 0, "version": 1, "children": [{"mode": "normal", "text": "Fomenta el bienestar integral de la familia", "type": "text", "style": "", "detail": 0, "format": 1, "version": 1}, {"type": "linebreak", "version": 1}, {"mode": "normal", "text": " Mejora la salud emocional general, reduce el estrs y promueve una convivencia ms armoniosa.", "type": "text", "style": "", "detail": 0, "format": 0, "version": 1}], "direction": null, "textStyle": "", "textFormat": 0}], "direction": null, "textFormat": 1}}
4	691af36d8bc453f731112679	691b86134d272e51c67896b2	Modalidad	{"root": {"type": "root", "format": "", "indent": 0, "version": 1, "children": [{"type": "paragraph", "format": "", "indent": 0, "version": 1, "children": [{"mode": "normal", "text": "Modalidad online, ideal para quienes prefieren la flexibilidad y comodidad de conectarse desde cualquier lugar.", "type": "text", "style": "", "detail": 0, "format": 1, "version": 1}], "direction": null, "textStyle": "", "textFormat": 1}, {"type": "paragraph", "format": "", "indent": 0, "version": 1, "children": [{"mode": "normal", "text": "Asesoramiento familiar a domicilio, para acompaar a las familias en su entorno cotidiano, facilitando un espacio cercano y cmodo.", "type": "text", "style": "", "detail": 0, "format": 1, "version": 1}], "direction": null, "textStyle": "", "textFormat": 0}], "direction": null, "textFormat": 1}}
5	691af36d8bc453f731112679	691b86594d272e51c67896b4	Tarifa	{"root": {"type": "root", "format": "", "indent": 0, "version": 1, "children": [{"type": "paragraph", "format": "", "indent": 0, "version": 1, "children": [{"mode": "normal", "text": " Sesin de 60 minutos para trabajar un tema concreto o dar seguimiento a procesos a largo plazo.", "type": "text", "style": "", "detail": 0, "format": 0, "version": 1}, {"type": "linebreak", "version": 1}, {"mode": "normal", "text": " Est pensado tanto para familias como para educador@s que necesiten claridad, apoyo y herramientas adaptadas a su situacin.", "type": "text", "style": "", "detail": 0, "format": 0, "version": 1}, {"type": "linebreak", "version": 1}, {"mode": "normal", "text": " Incluye orientacin personalizada y propuesta de accin segn tu caso.", "type": "text", "style": "", "detail": 0, "format": 0, "version": 1}], "direction": null, "textStyle": "", "textFormat": 0}, {"type": "paragraph", "format": "", "indent": 0, "version": 1, "children": [{"mode": "normal", "text": "60 euros", "type": "text", "style": "", "detail": 0, "format": 1, "version": 1}], "direction": null, "textStyle": "", "textFormat": 1}], "direction": null, "textFormat": 1}}
\.


--
-- Data for Name: pages_blocks_service_list_block; Type: TABLE DATA; Schema: public; Owner: -
--

COPY public.pages_blocks_service_list_block (_order, _parent_id, _path, id, enable_title, title, enable_background_image, is_reverse, bottom, separator_type, section_name, block_name, dark_mode) FROM stdin;
1	4	layout	691306adb6900a691354ec94	t	Servicios	\N	t	-65	\N	service-list	lista de servicios	dark
\.


--
-- Data for Name: pages_blocks_service_list_block_blocks; Type: TABLE DATA; Schema: public; Owner: -
--

COPY public.pages_blocks_service_list_block_blocks (_order, _parent_id, id, enable_filed_title, field_title, enable_icon, media_id, enable_rich_text, rich_text, link_type, link_new_tab, link_url, link_label, link_appearance) FROM stdin;
1	691306adb6900a691354ec94	691306b7b6900a691354ec96	t	Asesoramiento familiar	t	68	t	{"root": {"type": "root", "format": "", "indent": 0, "version": 1, "children": [{"type": "paragraph", "format": "", "indent": 0, "version": 1, "children": [{"mode": "normal", "text": "Un espacio de acompaamiento profesional que brinda orientacin y estrategias prcticas para mejorar la comunicacin, resolver conflictos y fortalecer los vnculos entre los miembros de la familia.", "type": "text", "style": "", "detail": 0, "format": 0, "version": 1}], "direction": null, "textStyle": "", "textFormat": 0}], "direction": null}}	reference	\N	\N	Saber ms	outline
2	691306adb6900a691354ec94	691306feb6900a691354ec98	t	Asesoramiento educativo	t	68	t	{"root": {"type": "root", "format": "", "indent": 0, "version": 1, "children": [{"type": "paragraph", "format": "", "indent": 0, "version": 1, "children": [{"mode": "normal", "text": "Dirigido a docentes, directivos, estudiantes y profesionales de la educacin que buscan mejorar su experiencia en el mbito escolar, fortalecer su rol y adquirir herramientas para una convivencia educativa ms efectiva y respetuosa.", "type": "text", "style": "", "detail": 0, "format": 0, "version": 1}], "direction": null, "textStyle": "", "textFormat": 0}], "direction": null}}	reference	\N	\N	Saber ms	outline
3	691306adb6900a691354ec94	69130701b6900a691354ec9a	t	Clases de refuerzo	t	68	t	{"root": {"type": "root", "format": "", "indent": 0, "version": 1, "children": [{"type": "paragraph", "format": "", "indent": 0, "version": 1, "children": [{"mode": "normal", "text": " Clases de refuerzo acadmico para nios y nias de 6 a 12 aos, combinando el aprendizaje escolar con el desarrollo de habilidades para la vida y la convivencia.", "type": "text", "style": "", "detail": 0, "format": 0, "version": 1}], "direction": null, "textStyle": "", "textFormat": 0}], "direction": null}}	reference	\N	\N	Saber ms	outline
4	691306adb6900a691354ec94	69130704b6900a691354ec9c	t	Asesoramiento express por email	t	68	t	{"root": {"type": "root", "format": "", "indent": 0, "version": 1, "children": [{"type": "paragraph", "format": "", "indent": 0, "version": 1, "children": [{"mode": "normal", "text": "Asesoramiento express, pensado para resolver dudas puntuales y concretas de forma gil y directa. Est disponible tanto para familias como para educadores que necesiten orientacin especfica sobre una situacin particular, sin iniciar un proceso ms largo.", "type": "text", "style": "", "detail": 0, "format": 0, "version": 1}], "direction": null, "textStyle": "", "textFormat": 0}], "direction": null}}	reference	\N	\N	Saber ms	outline
5	691306adb6900a691354ec94	69133217b6900a691354ec9e	t	Supervisiones pedaggicas	t	68	t	{"root": {"type": "root", "format": "", "indent": 0, "version": 1, "children": [{"type": "paragraph", "format": "", "indent": 0, "version": 1, "children": [{"mode": "normal", "text": " Supervisiones pedaggicas dirigidas a docentes, directivos y equipos educativos, realizadas en el aula o en el centro escolar. Estas supervisiones consisten en la observacin sin juicio de las dinmicas y prcticas pedaggicas, con el fin de reflexionar y mejorar la gestin del aula, la comunicacin y el liderazgo.", "type": "text", "style": "", "detail": 0, "format": 0, "version": 1}], "direction": null, "textStyle": "", "textFormat": 0}], "direction": null}}	reference	\N	\N	Saber ms	outline
6	691306adb6900a691354ec94	69133278b6900a691354eca0	t	Consultora educativa	t	68	t	{"root": {"type": "root", "format": "", "indent": 0, "version": 1, "children": [{"type": "paragraph", "format": "", "indent": 0, "version": 1, "children": [{"mode": "normal", "text": "consultora educativa dirigido a instituciones, equipos directivos y profesionales de la educacin que buscan acompaamiento integral y estratgico para mejorar sus prcticas y gestin.", "type": "text", "style": "", "detail": 0, "format": 0, "version": 1}], "direction": null, "textStyle": "", "textFormat": 0}, {"type": "paragraph", "format": "", "indent": 0, "version": 1, "children": [{"mode": "normal", "text": "A diferencia del asesoramiento, la consultora se enfoca en procesos ms largos y profundos, que incluyen anlisis detallados, diseo de planes de mejora y seguimiento continuo.", "type": "text", "style": "", "detail": 0, "format": 0, "version": 1}], "direction": null, "textStyle": "", "textFormat": 0}], "direction": null}}	reference	\N	\N	Saber ms	outline
7	691306adb6900a691354ec94	691332f1b6900a691354eca2	t	Formaciones,Talleres y charlas	t	68	t	{"root": {"type": "root", "format": "", "indent": 0, "version": 1, "children": [{"type": "paragraph", "format": "", "indent": 0, "version": 1, "children": [{"mode": "normal", "text": "Ofrezco espacios formativos pensados para acompaar procesos educativos con sentido, generar dilogo, y construir entornos ms humanos, respetuosos y sostenibles.", "type": "text", "style": "", "detail": 0, "format": 0, "version": 1}], "direction": null, "textStyle": "", "textFormat": 0}, {"type": "paragraph", "format": "", "indent": 0, "version": 1, "children": [{"mode": "normal", "text": "Las formaciones pueden ser personalizadas y adaptadas a las realidades y necesidades de cada entorno educativo, familiar o comunitario.", "type": "text", "style": "", "detail": 0, "format": 0, "version": 1}], "direction": null, "textStyle": "", "textFormat": 0}], "direction": null}}	reference	\N	\N	Saber ms	outline
8	691306adb6900a691354ec94	69133348b6900a691354eca4	t	Tarifa social disponible	t	68	t	{"root": {"type": "root", "format": "", "indent": 0, "version": 1, "children": [{"type": "paragraph", "format": "", "indent": 0, "version": 1, "children": [{"mode": "normal", "text": "Comprendo que no todas las personas atraviesan las mismas situaciones econmicas.", "type": "text", "style": "", "detail": 0, "format": 0, "version": 1}], "direction": null, "textStyle": "", "textFormat": 0}, {"type": "paragraph", "format": "", "indent": 0, "version": 1, "children": [{"mode": "normal", "text": "Por eso, ofrezco algunas plazas mensuales con tarifa reducida, destinadas a quienes realmente lo necesiten.", "type": "text", "style": "", "detail": 0, "format": 0, "version": 1}], "direction": null, "textStyle": "", "textFormat": 0}, {"type": "paragraph", "format": "", "indent": 0, "version": 1, "children": [{"mode": "normal", "text": "No se requiere documentacin ni justificantes.", "type": "text", "style": "", "detail": 0, "format": 1, "version": 1}, {"type": "linebreak", "version": 1}, {"mode": "normal", "text": "Confo en tu palabra y en el buen uso de este recurso solidario.", "type": "text", "style": "", "detail": 0, "format": 0, "version": 1}], "direction": null, "textStyle": "", "textFormat": 1}, {"type": "paragraph", "format": "", "indent": 0, "version": 1, "children": [{"mode": "normal", "text": "Si sientes que esta opcin es para ti, puedes escribirme con total confianza.", "type": "text", "style": "", "detail": 0, "format": 0, "version": 1}], "direction": null, "textStyle": "", "textFormat": 0}], "direction": null}}	reference	\N	\N	Contacto	outline
\.


--
-- Data for Name: pages_blocks_simple_list_content; Type: TABLE DATA; Schema: public; Owner: -
--

COPY public.pages_blocks_simple_list_content (_order, _parent_id, _path, id, enable_title, title, enable_background_image, is_reverse, bottom, separator_type, section_name, block_name, dark_mode, image_id) FROM stdin;
5	1	layout	68f79af089f5b3661274fffe	t	Este espacio es para ti...	f	t	-88	\N	homeIsForYou	Este espacio es para ti...	dark	91
8	1	layout	68f7a081ad89aa564b316f7d	t	Mi visin educativa	t	t	-104	separatorBackground	homeMyVision	Mi visin educativa	dark	92
\.


--
-- Data for Name: pages_blocks_simple_list_content_blocks; Type: TABLE DATA; Schema: public; Owner: -
--

COPY public.pages_blocks_simple_list_content_blocks (_order, _parent_id, id, enable_icon, media_id, enable_rich_text, rich_text, color) FROM stdin;
1	68f79af089f5b3661274fffe	68f79b4789f5b36612750000	t	61	t	{"root": {"type": "root", "format": "", "indent": 0, "version": 1, "children": [{"type": "paragraph", "format": "", "indent": 0, "version": 1, "children": [{"mode": "normal", "text": "Si quieres revisar hbitos y dinmicas familiares o escolares.", "type": "text", "style": "", "detail": 0, "format": 0, "version": 1}], "direction": null, "textStyle": "", "textFormat": 0}], "direction": null}}	yellow
2	68f79af089f5b3661274fffe	68f79b7789f5b36612750002	t	61	t	{"root": {"type": "root", "format": "", "indent": 0, "version": 1, "children": [{"type": "paragraph", "format": "", "indent": 0, "version": 1, "children": [{"mode": "normal", "text": "Si buscas nuevas estrategias para acompaar a tus hij@s o estudiantes.", "type": "text", "style": "", "detail": 0, "format": 0, "version": 1}], "direction": null, "textStyle": "", "textFormat": 0}], "direction": null}}	yellow
3	68f79af089f5b3661274fffe	68f79b8d89f5b36612750004	t	61	t	{"root": {"type": "root", "format": "", "indent": 0, "version": 1, "children": [{"type": "paragraph", "format": "", "indent": 0, "version": 1, "children": [{"mode": "normal", "text": "Si valoras una educacin ms respetuosa y consciente y emptica.", "type": "text", "style": "", "detail": 0, "format": 0, "version": 1}], "direction": null, "textStyle": "", "textFormat": 0}], "direction": null}}	yellow
4	68f79af089f5b3661274fffe	68f79b9e89f5b36612750006	t	61	t	{"root": {"type": "root", "format": "", "indent": 0, "version": 1, "children": [{"type": "paragraph", "format": "", "indent": 0, "version": 1, "children": [{"mode": "normal", "text": "Si necesitas orientacin profesional para tomar decisiones con claridad.", "type": "text", "style": "", "detail": 0, "format": 0, "version": 1}], "direction": null, "textStyle": "", "textFormat": 0}], "direction": null}}	yellow
5	68f79af089f5b3661274fffe	68f79bd089f5b36612750008	t	61	t	{"root": {"type": "root", "format": "", "indent": 0, "version": 1, "children": [{"type": "paragraph", "format": "", "indent": 0, "version": 1, "children": [{"mode": "normal", "text": "Si crees que educar es tambin transformar la sociedad.", "type": "text", "style": "", "detail": 0, "format": 0, "version": 1}], "direction": null, "textStyle": "", "textFormat": 0}], "direction": null}}	yellow
1	68f7a081ad89aa564b316f7d	68f7a0fcad89aa564b316f7f	t	61	t	{"root": {"type": "root", "format": "", "indent": 0, "version": 1, "children": [{"type": "paragraph", "format": "", "indent": 0, "version": 1, "children": [{"mode": "normal", "text": "La educacin debe ser un espacio de bienestar compartido, donde la empata, el cuidado y la conciencia social estn en el centro", "type": "text", "style": "", "detail": 0, "format": 0, "version": 1}], "direction": null, "textStyle": "", "textFormat": 0}], "direction": null}}	red
2	68f7a081ad89aa564b316f7d	68f7a12bad89aa564b316f81	t	61	t	{"root": {"type": "root", "format": "", "indent": 0, "version": 1, "children": [{"type": "paragraph", "format": "", "indent": 0, "version": 1, "children": [{"mode": "normal", "text": "La escuela y la familia son agentes de transformacin social, capaces de formar personas autnomas, reflexivas y comprometidas.", "type": "text", "style": "", "detail": 0, "format": 0, "version": 1}], "direction": null, "textStyle": "", "textFormat": 0}], "direction": null}}	red
3	68f7a081ad89aa564b316f7d	68f7a157ad89aa564b316f85	t	61	t	{"root": {"type": "root", "format": "", "indent": 0, "version": 1, "children": [{"type": "paragraph", "format": "", "indent": 0, "version": 1, "children": [{"mode": "normal", "text": "Igualdad de gnero: Educacin libre de estereotipos y respetuosa con todas las identidades.", "type": "text", "style": "", "detail": 0, "format": 0, "version": 1}], "direction": null, "textStyle": "", "textFormat": 0}], "direction": null}}	red
4	68f7a081ad89aa564b316f7d	68f7a16cad89aa564b316f87	t	61	t	{"root": {"type": "root", "format": "", "indent": 0, "version": 1, "children": [{"type": "paragraph", "format": "", "indent": 0, "version": 1, "children": [{"mode": "normal", "text": "Educacin inclusiva y reparadora: Reconozco la diversidad y acompao necesidades individuales.", "type": "text", "style": "", "detail": 0, "format": 0, "version": 1}], "direction": null, "textStyle": "", "textFormat": 0}], "direction": null}}	red
5	68f7a081ad89aa564b316f7d	68f7a18dad89aa564b316f89	t	61	t	{"root": {"type": "root", "format": "", "indent": 0, "version": 1, "children": [{"type": "paragraph", "format": "", "indent": 0, "version": 1, "children": [{"mode": "normal", "text": "Educacin para la transformacin social: Fomento la empata, la solidaridad y la conciencia social.", "type": "text", "style": "", "detail": 0, "format": 0, "version": 1}], "direction": null, "textStyle": "", "textFormat": 0}], "direction": null}}	red
6	68f7a081ad89aa564b316f7d	68f7a19fad89aa564b316f8b	t	61	t	{"root": {"type": "root", "format": "", "indent": 0, "version": 1, "children": [{"type": "paragraph", "format": "", "indent": 0, "version": 1, "children": [{"mode": "normal", "text": "Pedagogas innovadoras y de cuidado: Metodologas activas centradas en el bienestar del alumnado.", "type": "text", "style": "", "detail": 0, "format": 0, "version": 1}], "direction": null, "textStyle": "", "textFormat": 0}], "direction": null}}	red
7	68f7a081ad89aa564b316f7d	68f7a1b1ad89aa564b316f8d	t	61	t	{"root": {"type": "root", "format": "", "indent": 0, "version": 1, "children": [{"type": "paragraph", "format": "", "indent": 0, "version": 1, "children": [{"mode": "normal", "text": "Fomento del pensamiento crtico: Enseo a pensar de forma autnoma, reflexiva y responsable.", "type": "text", "style": "", "detail": 0, "format": 0, "version": 1}], "direction": null, "textStyle": "", "textFormat": 0}], "direction": null}}	red
8	68f7a081ad89aa564b316f7d	68f7a1c4ad89aa564b316f8f	t	61	t	{"root": {"type": "root", "format": "", "indent": 0, "version": 1, "children": [{"type": "paragraph", "format": "", "indent": 0, "version": 1, "children": [{"mode": "normal", "text": "Coherencia educativa: Trabajo desde la integridad entre pensamiento, emocin y accin.", "type": "text", "style": "", "detail": 0, "format": 0, "version": 1}], "direction": null, "textStyle": "", "textFormat": 0}], "direction": null}}	red
9	68f7a081ad89aa564b316f7d	68f7a1d7ad89aa564b316f91	t	61	t	{"root": {"type": "root", "format": "", "indent": 0, "version": 1, "children": [{"type": "paragraph", "format": "", "indent": 0, "version": 1, "children": [{"mode": "normal", "text": "Educacin ecolgica y consciente: Promuevo el respeto por el medio ambiente y hbitos sostenibles.", "type": "text", "style": "", "detail": 0, "format": 0, "version": 1}], "direction": null, "textStyle": "", "textFormat": 0}], "direction": null}}	red
\.


--
-- Data for Name: pages_blocks_social; Type: TABLE DATA; Schema: public; Owner: -
--

COPY public.pages_blocks_social (_order, _parent_id, _path, id, block_name) FROM stdin;
\.


--
-- Data for Name: pages_blocks_social_rrss; Type: TABLE DATA; Schema: public; Owner: -
--

COPY public.pages_blocks_social_rrss (_order, _parent_id, id, title, link_type, link_new_tab, link_url, link_label, icon_id) FROM stdin;
\.


--
-- Data for Name: pages_hero_links; Type: TABLE DATA; Schema: public; Owner: -
--

COPY public.pages_hero_links (_order, _parent_id, id, link_type, link_new_tab, link_url, link_label, link_appearance) FROM stdin;
1	7	69133ada406dbfb798ca8560	calendly	\N	https://www.calendly.com/educarsano	agendar cita	default
2	7	69133af2406dbfb798ca8562	reference	\N	\N	contacto	default
1	9	693a72f161708c6b781d4689	calendly	\N	https://www.calendly.com/educarsano	agendar cita	default
1	1	68f79700dd973d810fb0a527	calendly	\N	https://www.calendly.com/educarsano	agendar cita	default
2	1	68f7971bdd973d810fb0a529	reference	\N	\N	contacto	default
1	2	690b977ffdcb6410a4be8c5c	calendly	\N	https://www.calendly.com/educarsano	agendar cita	default
2	2	690b9798fdcb6410a4be8c5e	reference	\N	\N	contacto	default
1	8	69170e40dd2924b16bc22089	calendly	\N	https://www.calendly.com/educarsano	agendar cita	default
2	8	69170e55dd2924b16bc2208b	reference	\N	\N	contacto	default
1	4	690270428a378f13385b4306	calendly	\N	https://www.calendly.com/educarsano	agendar cita	default
2	4	690270658a378f13385b4308	reference	\N	\N	contacto	default
\.


--
-- Data for Name: pages_rels; Type: TABLE DATA; Schema: public; Owner: -
--

COPY public.pages_rels (id, "order", parent_id, path, pages_id, posts_id) FROM stdin;
2377	\N	2	hero.links.1.link.reference	1	\N
2378	\N	2	layout.4.links.1.link.reference	1	\N
2379	\N	4	hero.links.1.link.reference	1	\N
2380	\N	4	layout.0.blocks.0.link.reference	7	\N
2381	\N	4	layout.0.blocks.1.link.reference	8	\N
2382	\N	4	layout.0.blocks.2.link.reference	1	\N
2383	\N	4	layout.0.blocks.3.link.reference	1	\N
2384	\N	4	layout.0.blocks.4.link.reference	1	\N
2385	\N	4	layout.0.blocks.5.link.reference	1	\N
2386	\N	4	layout.0.blocks.6.link.reference	1	\N
2387	\N	4	layout.0.blocks.7.link.reference	1	\N
2388	\N	4	layout.1.links.0.link.reference	1	\N
2389	\N	4	layout.1.links.1.link.reference	1	\N
314	\N	1	layout.7.links.1.link.reference	1	\N
622	\N	7	layout.3.links.1.link.reference	1	\N
557	\N	7	layout.0.link.reference	1	\N
558	\N	7	layout.1.link.reference	1	\N
559	\N	7	layout.2.link.reference	1	\N
1171	\N	8	hero.links.1.link.reference	1	\N
2328	\N	7	hero.links.1.link.reference	1	\N
2329	\N	7	layout.1.links.1.link.reference	1	\N
2336	\N	1	hero.links.1.link.reference	9	\N
2337	\N	1	layout.1.link.reference	1	\N
2338	\N	1	layout.2.link.reference	1	\N
59	\N	1	layout.4.links.1.link.reference	1	\N
60	\N	1	layout.6.links.1.link.reference	1	\N
2339	\N	1	layout.3.blocks.0.link.reference	7	\N
2340	\N	1	layout.3.blocks.1.link.reference	8	\N
2341	\N	1	layout.5.links.1.link.reference	1	\N
1686	\N	2	layout.3.links.1.link.reference	1	\N
\.


--
-- Data for Name: payload_jobs; Type: TABLE DATA; Schema: public; Owner: -
--

COPY public.payload_jobs (id, input, completed_at, total_tried, has_error, error, task_slug, queue, wait_until, processing, updated_at, created_at) FROM stdin;
\.


--
-- Data for Name: payload_jobs_log; Type: TABLE DATA; Schema: public; Owner: -
--

COPY public.payload_jobs_log (_order, _parent_id, id, executed_at, completed_at, task_slug, task_i_d, input, output, state, error) FROM stdin;
\.


--
-- Data for Name: payload_kv; Type: TABLE DATA; Schema: public; Owner: -
--

COPY public.payload_kv (id, key, data) FROM stdin;
\.


--
-- Data for Name: payload_locked_documents; Type: TABLE DATA; Schema: public; Owner: -
--

COPY public.payload_locked_documents (id, global_slug, updated_at, created_at) FROM stdin;
\.


--
-- Data for Name: payload_locked_documents_rels; Type: TABLE DATA; Schema: public; Owner: -
--

COPY public.payload_locked_documents_rels (id, "order", parent_id, path, users_id, media_id, posts_id, pages_id, forms_id, form_submissions_id, categories_id, tags_id, documents_id, videos_id) FROM stdin;
\.


--
-- Data for Name: payload_migrations; Type: TABLE DATA; Schema: public; Owner: -
--

COPY public.payload_migrations (id, name, batch, updated_at, created_at) FROM stdin;
1	dev	-1	2025-12-11 17:23:49.831+01	2025-10-21 16:17:52.868+02
\.


--
-- Data for Name: payload_preferences; Type: TABLE DATA; Schema: public; Owner: -
--

COPY public.payload_preferences (id, key, value, updated_at, created_at) FROM stdin;
2	collection-forms	{"limit": 10, "editViewType": "default"}	2025-10-21 18:31:11.634+02	2025-10-21 16:18:57.007+02
11	collection-categories	{"limit": 10, "columns": [{"active": true, "accessor": "title"}, {"active": true, "accessor": "slug"}, {"active": false, "accessor": "slugLock"}, {"active": true, "accessor": "updatedAt"}, {"active": false, "accessor": "id"}, {"active": false, "accessor": "createdAt"}], "editViewType": "default"}	2025-10-27 09:35:00.391+01	2025-10-24 18:01:56.509+02
7	global-header	{"fields": {"navItems": {"collapsed": []}, "navItems.0.navLinks": {"collapsed": []}, "navItems.1.navLinks": {"collapsed": []}, "navItems.2.navLinks": {"collapsed": []}, "navItems.3.navLinks": {"collapsed": []}, "navItems.4.navLinks": {"collapsed": []}, "navItems.1.navLinks.0.items.0.subItems": {"collapsed": []}, "navItems.3.navLinks.0.items.0.subItems": {"collapsed": ["6925fd1f72537360c39ad06d"]}}, "editViewType": "default"}	2025-11-28 20:48:28.387+01	2025-10-21 19:01:17.322+02
1	collection-pages	{"limit": 10, "columns": [{"active": true, "accessor": "title"}, {"active": true, "accessor": "slug"}, {"active": true, "accessor": "updatedAt"}, {"active": false, "accessor": "id"}, {"active": false, "accessor": "hero.title"}, {"active": false, "accessor": "hero.media"}, {"active": false, "accessor": "hero.richText"}, {"active": false, "accessor": "hero.links"}, {"active": false, "accessor": "layout"}, {"active": false, "accessor": "meta.overview"}, {"active": false, "accessor": "meta.title"}, {"active": false, "accessor": "meta.image"}, {"active": false, "accessor": "meta.description"}, {"active": false, "accessor": "meta.preview"}, {"active": false, "accessor": "publishedAt"}, {"active": false, "accessor": "slugLock"}, {"active": false, "accessor": "createdAt"}, {"active": false, "accessor": "_status"}], "editViewType": "default"}	2025-11-30 10:24:58.286+01	2025-10-21 16:18:48.82+02
12	collection-posts-1	{"fields": {"_index-1": {"tabIndex": 0}}}	2025-11-29 12:53:58.864+01	2025-10-24 18:06:23.861+02
15	collection-tags	{"limit": 10, "editViewType": "default"}	2025-10-27 09:57:23.378+01	2025-10-27 09:57:03.989+01
28	collection-form-submissions	{"limit": 10}	2025-11-29 11:06:39.507+01	2025-11-01 20:32:04.132+01
13	collection-users	{"limit": 10, "columns": [{"active": true, "accessor": "name"}, {"active": true, "accessor": "email"}, {"active": false, "accessor": "id"}, {"active": false, "accessor": "avatar"}, {"active": true, "accessor": "roles"}, {"active": false, "accessor": "updatedAt"}, {"active": false, "accessor": "createdAt"}], "editViewType": "default"}	2025-10-31 11:14:20.917+01	2025-10-24 19:01:10.365+02
9	global-footer	{"fields": {"navItems": {"collapsed": []}}, "editViewType": "default"}	2025-10-24 12:29:01.05+02	2025-10-24 12:28:04.083+02
39	collection-documents	{"limit": 10, "editViewType": "default"}	2025-11-23 20:39:32.913+01	2025-11-23 20:11:22.131+01
6	collection-forms-1	{"fields": {"fields": {"collapsed": ["68f7b633c5b20bf7bc32e1b3", "68f7b644c5b20bf7bc32e1b5", "68f7b657c5b20bf7bc32e1b7", "68f7b6dbc5b20bf7bc32e1bf"]}}}	2025-11-25 09:13:10.415+01	2025-10-21 19:01:02.044+02
30	nav	{"open": true}	2025-11-01 21:47:29.599+01	2025-11-01 21:47:26.831+01
43	nav	{"groups": {"Colecciones": {"open": true}}}	2025-12-02 17:30:04.551+01	2025-11-29 11:03:50.637+01
14	collection-posts-2	{"fields": {"_index-1": {"tabIndex": 0}}}	2025-11-25 09:39:38.177+01	2025-10-24 19:36:47.593+02
32	collection-contact-messages	{}	2025-11-03 20:39:45.571+01	2025-11-03 20:39:45.571+01
16	collection-posts-3	{"fields": {"_index-1": {"tabIndex": 0}}}	2025-11-25 09:39:56.935+01	2025-10-27 19:36:36.813+01
23	collection-users	{"limit": 10, "columns": [{"active": true, "accessor": "name"}, {"active": true, "accessor": "email"}, {"active": false, "accessor": "id"}, {"active": false, "accessor": "avatar"}, {"active": true, "accessor": "roles"}, {"active": false, "accessor": "updatedAt"}, {"active": false, "accessor": "createdAt"}], "editViewType": "default"}	2025-11-04 20:26:21.091+01	2025-10-31 12:11:47.923+01
45	global-header	{"fields": {"navItems": {"collapsed": ["68f7bc7baa6172c24b5355c7", "68f7bcc7aa6172c24b5355cd", "68f7bd54aa6172c24b5355d7", "68f7bdcbaa6172c24b5355e3"]}, "navItems.3.navLinks": {"collapsed": []}, "navItems.4.navLinks": {"collapsed": []}}, "editViewType": "default"}	2025-12-11 08:39:47.81+01	2025-11-29 21:38:12.939+01
20	collection-posts-10	{"fields": {"_index-1": {"tabIndex": 2}}}	2025-12-11 08:52:41.207+01	2025-10-29 09:58:39.739+01
33	collection-pages-2	{"fields": {"rrss": {"collapsed": []}, "layout": {"collapsed": ["68fb525c398c9978e6edfe40"]}, "_index-1": {"tabIndex": 0}, "hero.links": {"collapsed": []}}}	2025-12-11 17:28:42.729+01	2025-11-05 19:29:21.676+01
5	collection-posts	{"limit": 10, "columns": [{"active": true, "accessor": "title"}, {"active": true, "accessor": "slug"}, {"active": true, "accessor": "updatedAt"}, {"active": false, "accessor": "id"}, {"active": false, "accessor": "heroImage"}, {"active": false, "accessor": "content"}, {"active": false, "accessor": "relatedPosts"}, {"active": true, "accessor": "categories"}, {"active": false, "accessor": "meta.overview"}, {"active": false, "accessor": "meta.title"}, {"active": false, "accessor": "meta.image"}, {"active": false, "accessor": "meta.description"}, {"active": false, "accessor": "meta.preview"}, {"active": false, "accessor": "publishedAt"}, {"active": false, "accessor": "authors"}, {"active": false, "accessor": "slugLock"}, {"active": false, "accessor": "createdAt"}, {"active": true, "accessor": "_status"}], "editViewType": "default"}	2025-10-25 12:07:51.104+02	2025-10-21 17:31:28.972+02
27	collection-posts	{"editViewType": "default"}	2025-11-29 19:27:48.635+01	2025-10-31 17:34:25.911+01
10	collection-pages-3	{"fields": {"layout": {"collapsed": []}, "_index-1": {"tabIndex": 0}}}	2025-11-29 21:35:21.408+01	2025-10-24 13:30:06.431+02
8	collection-pages-2	{"fields": {"layout": {"collapsed": ["68fb50ed398c9978e6edfe3e", "690276e88a378f13385b430c"]}, "_index-1": {"tabIndex": 1}, "layout.3.links": {"collapsed": ["69026b8c8a378f13385b4300", "69026bad8a378f13385b4302"]}, "layout.2.blocks": {"collapsed": []}, "layout.6.blocks": {"collapsed": ["690278948a378f13385b4314", "69027af88a378f13385b4316", "69027b2f8a378f13385b4318", "69027b598a378f13385b431a", "69027b878a378f13385b431c", "69027bb68a378f13385b431e", "69027be48a378f13385b4320"]}}}	2025-12-04 19:08:09.132+01	2025-10-24 12:11:45.966+02
36	collection-pages-8	{"fields": {"layout": {"collapsed": ["69170f05dd2924b16bc2208f", "691710655b241dfe7d3c8aa9", "6917116a5149fcbcda2d6242", "69172248d570572d554a1125", "69175d6fdbe6a6ac0c07fa8e", "691725d2e368e34613671590"]}, "prices": {"collapsed": ["6917272fe368e34613671598"]}, "_index-1": {"tabIndex": 1}, "richText": {"hello": "hi", "collapsed": ["69172705644949125ff63d4c", "69175d8562d1c76ef7ad68a0"]}, "hero.links": {"collapsed": []}, "layout.0.blockOne": {"collapsed": []}, "layout.0.blockTwo": {"collapsed": []}, "layout.1.blockOne": {"collapsed": []}, "layout.1.blockTwo": {"collapsed": []}, "layout.2.blockOne": {"collapsed": []}, "layout.2.blockTwo": {"collapsed": []}}}	2025-11-27 12:08:44.48+01	2025-11-14 12:10:57.507+01
35	collection-pages-7	{"fields": {"rrss": {"collapsed": []}, "layout": {"collapsed": []}, "_index-1": {"tabIndex": 1}, "hero.links": {"collapsed": []}, "layout.0.blocks": {"collapsed": []}, "layout.0.blockOne": {"collapsed": ["691376875382884a6f92054b", "6913769bdc5bd520759ab94e"]}, "layout.0.blockTwo": {"collapsed": ["691376acc0ac39854d6b8b4b", "691376bc671c1e4710afc06b"]}, "layout.1.blockOne": {"collapsed": ["6914d1ee7ef8e377b10c70ea", "6914d1ee7ef8e377b10c70eb"]}, "layout.1.blockTwo": {"collapsed": ["6914d1ee7ef8e377b10c70ec", "6914d1ee7ef8e377b10c70ed"]}, "layout.2.blockOne": {"collapsed": []}, "layout.2.blockTwo": {"collapsed": []}}}	2025-12-10 12:37:10.875+01	2025-11-12 19:29:20.239+01
17	collection-posts-4	{"fields": {"_index-1": {"tabIndex": 0}}}	2025-11-25 09:40:24.5+01	2025-10-27 20:12:38.568+01
34	collection-pages-7	{"fields": {"rrss": {"collapsed": []}, "layout": {"collapsed": ["6914dd71a8701483dd794e84", "6914de439077e42716d24d3e"]}, "_index-1": {"tabIndex": 1}, "headerText": {"hello": "hi", "collapsed": ["6914e2e49df7a716df50a126"]}, "hero.links": {"collapsed": []}, "layout.3.links": {"collapsed": []}, "layout.0.blocks": {"collapsed": []}, "layout.0.blockOne": {"collapsed": []}, "layout.0.blockTwo": {"collapsed": []}, "layout.0.accordions": {"collapsed": ["691b81aa5d8525448ff02543", "691b85a88d7af98647a587c1", "691b86134d272e51c67896b2", "691b86594d272e51c67896b4"]}}}	2025-11-27 12:22:35.083+01	2025-11-11 14:32:12.75+01
24	collection-categories	{}	2025-10-31 13:26:54.17+01	2025-10-31 13:26:54.17+01
26	collection-pages	{"limit": 10, "editViewType": "default"}	2025-11-01 20:35:18.36+01	2025-10-31 14:01:38.16+01
3	collection-media	{"limit": 10, "columns": [{"active": true, "accessor": "filename"}, {"active": false, "accessor": "alt"}, {"active": false, "accessor": "id"}, {"active": false, "accessor": "updatedAt"}, {"active": true, "accessor": "createdAt"}, {"active": false, "accessor": "url"}, {"active": false, "accessor": "thumbnailURL"}, {"active": false, "accessor": "mimeType"}, {"active": false, "accessor": "filesize"}, {"active": true, "accessor": "width"}, {"active": false, "accessor": "height"}, {"active": false, "accessor": "unpicUrl"}, {"active": false, "accessor": "prefix"}, {"active": false, "accessor": "sizes.large.url"}, {"active": false, "accessor": "sizes.large.width"}, {"active": false, "accessor": "sizes.large.height"}, {"active": false, "accessor": "sizes.large.mimeType"}, {"active": false, "accessor": "sizes.large.filesize"}, {"active": false, "accessor": "sizes.large.filename"}, {"active": false, "accessor": "sizes.medium.url"}, {"active": false, "accessor": "sizes.medium.width"}, {"active": false, "accessor": "sizes.medium.height"}, {"active": false, "accessor": "sizes.medium.mimeType"}, {"active": false, "accessor": "sizes.medium.filesize"}, {"active": false, "accessor": "sizes.medium.filename"}, {"active": false, "accessor": "sizes.small.url"}, {"active": false, "accessor": "sizes.small.width"}, {"active": false, "accessor": "sizes.small.height"}, {"active": false, "accessor": "sizes.small.mimeType"}, {"active": false, "accessor": "sizes.small.filesize"}, {"active": false, "accessor": "sizes.small.filename"}], "editViewType": "default"}	2025-11-30 09:53:33.017+01	2025-10-21 16:21:10.11+02
37	collection-pages-8	{"fields": {"layout": {"collapsed": ["691725d2e368e34613671590"]}, "_index-1": {"tabIndex": 1}}}	2025-11-27 10:35:23.076+01	2025-11-14 13:50:59.648+01
40	collection-posts-5	{"fields": {"_index-1": {"tabIndex": 2}}}	2025-11-25 09:40:40.944+01	2025-11-25 09:40:40.945+01
44	collection-videos	{}	2025-11-29 18:46:41.913+01	2025-11-29 18:46:41.913+01
21	collection-pages-4	{"fields": {"rrss": {"collapsed": []}, "layout": {"collapsed": ["691d8cf93531105b2f8b2cdf", "691d8d2f3531105b2f8b2ce1"]}, "prices": {"collapsed": ["690a39215848b31fe3c044c9", "690a39785848b31fe3c044da", "690a397b5848b31fe3c044e6"]}, "_index-1": {"tabIndex": 1}, "richText": {"hello": "hi", "collapsed": ["6908ab1e308a19cbee634d6e"]}, "questions": {"collapsed": ["6908ab21f360da2b13cc25fe", "6908ab2ff360da2b13cc2600"]}, "hero.links": {"collapsed": ["690270428a378f13385b4306", "690270658a378f13385b4308"]}, "layout.1.links": {"collapsed": ["6913366d406dbfb798ca855c", "69133691406dbfb798ca855e"]}, "layout.0.blocks": {"collapsed": ["691306b7b6900a691354ec96", "691306feb6900a691354ec98", "69130701b6900a691354ec9a", "69130704b6900a691354ec9c", "69133217b6900a691354ec9e", "69133278b6900a691354eca0", "691332f1b6900a691354eca2", "69133348b6900a691354eca4"]}, "layout.1.blocks": {"collapsed": ["690325b4bbb60f6131aaba32", "6903296dbbb60f6131aaba3a", "69032a84bbb60f6131aaba3e", "69032bd0bbb60f6131aaba42", "69032d4302487c028802d052", "69032f1402487c028802d056", "6903305b02487c028802d05a"]}, "prices.0.features": {"collapsed": ["690a39415848b31fe3c044cb", "690a395a5848b31fe3c044cd", "690a395d5848b31fe3c044cf", "690a39615848b31fe3c044d1", "690a39655848b31fe3c044d3"]}}}	2025-12-05 10:14:27.543+01	2025-10-29 20:51:32.319+01
29	collection-pages-1	{"fields": {"rrss": {"collapsed": []}, "layout": {"collapsed": ["68f7abd08feb57d8b268329d", "68f79891431c43bc53390a61", "68f798e6431c43bc53390a63", "68f79953431c43bc53390a65", "68f79af089f5b3661274fffe", "68f79fc8f46630ee6d8dcbb6", "68f79e0e42986f06cbf2068d", "68f7a081ad89aa564b316f7d", "6916492d9b13dd4f26d262db"]}, "_index-1": {"tabIndex": 0}, "hero.links": {"collapsed": []}, "layout.5.links": {"collapsed": ["68f7a020ad89aa564b316f79", "68f7a03ead89aa564b316f7b"]}, "layout.7.links": {"collapsed": []}, "layout.3.blocks": {"collapsed": ["692ad5a62732e16824dec687"]}, "layout.4.blocks": {"collapsed": ["68f79b7789f5b36612750002", "68f79b8d89f5b36612750004", "68f79b9e89f5b36612750006", "68f79bd089f5b36612750008"]}, "layout.6.blocks": {"collapsed": ["68f79e9542986f06cbf2068f", "68f79ee742986f06cbf20691", "68f79f13f46630ee6d8dcbac", "68f79f2ef46630ee6d8dcbae", "68f79f4ef46630ee6d8dcbb0", "68f79f73f46630ee6d8dcbb2", "68f79f87f46630ee6d8dcbb4"]}, "layout.7.blocks": {"collapsed": ["68f7a0fcad89aa564b316f7f", "68f7a12bad89aa564b316f81", "68f7a157ad89aa564b316f85", "68f7a16cad89aa564b316f87", "68f7a18dad89aa564b316f89", "68f7a19fad89aa564b316f8b", "68f7a1b1ad89aa564b316f8d", "68f7a1c4ad89aa564b316f8f", "68f7a1d7ad89aa564b316f91"]}, "layout.8.blocks": {"collapsed": []}}}	2025-12-11 17:28:09.099+01	2025-11-01 20:35:20.618+01
41	collection-posts-6	{"fields": {"_index-1": {"tabIndex": 2}}}	2025-11-25 09:40:57.312+01	2025-11-25 09:40:57.313+01
38	collection-forms	{"editViewType": "default"}	2025-11-21 09:47:59.571+01	2025-11-21 09:47:57.869+01
25	collection-media	{"limit": 10, "columns": [{"active": true, "accessor": "filename"}, {"active": false, "accessor": "alt"}, {"active": false, "accessor": "id"}, {"active": false, "accessor": "updatedAt"}, {"active": true, "accessor": "createdAt"}, {"active": false, "accessor": "url"}, {"active": false, "accessor": "thumbnailURL"}, {"active": false, "accessor": "mimeType"}, {"active": false, "accessor": "filesize"}, {"active": true, "accessor": "width"}, {"active": false, "accessor": "height"}, {"active": false, "accessor": "unpicUrl"}, {"active": false, "accessor": "prefix"}, {"active": false, "accessor": "sizes.large.url"}, {"active": false, "accessor": "sizes.large.width"}, {"active": false, "accessor": "sizes.large.height"}, {"active": false, "accessor": "sizes.large.mimeType"}, {"active": false, "accessor": "sizes.large.filesize"}, {"active": false, "accessor": "sizes.large.filename"}, {"active": false, "accessor": "sizes.medium.url"}, {"active": false, "accessor": "sizes.medium.width"}, {"active": false, "accessor": "sizes.medium.height"}, {"active": false, "accessor": "sizes.medium.mimeType"}, {"active": false, "accessor": "sizes.medium.filesize"}, {"active": false, "accessor": "sizes.medium.filename"}, {"active": false, "accessor": "sizes.small.url"}, {"active": false, "accessor": "sizes.small.width"}, {"active": false, "accessor": "sizes.small.height"}, {"active": false, "accessor": "sizes.small.mimeType"}, {"active": false, "accessor": "sizes.small.filesize"}, {"active": false, "accessor": "sizes.small.filename"}], "editViewType": "default"}	2025-11-29 21:56:34.066+01	2025-10-31 14:01:11.322+01
47	global-footer	{"editViewType": "default"}	2025-12-01 17:22:25.7+01	2025-12-01 17:22:25.701+01
4	collection-pages-1	{"fields": {"rrss": {"collapsed": []}, "layout": {"collapsed": ["68f7abd08feb57d8b268329d", "68f79891431c43bc53390a61", "68f798e6431c43bc53390a63", "68f79af089f5b3661274fffe", "68f79fc8f46630ee6d8dcbb6", "68f7a081ad89aa564b316f7d", "6916492d9b13dd4f26d262db", "68f7b71ec5b20bf7bc32e1c1"]}, "_index-0": {"tabIndex": 0}, "_index-1": {"tabIndex": 0}, "richText": {"hello": "hi", "collapsed": ["68f798b375fb0ceeb6989752"]}, "hero.links": {"collapsed": []}, "_index-0-0-1": {"tabIndex": 2}, "layout.0.boxes": {"collapsed": ["68f7abd78feb57d8b268329f", "68f7ac218feb57d8b26832a1", "68f7ac5321f76af3880c857b"]}, "layout.5.links": {"collapsed": []}, "layout.7.links": {"collapsed": []}, "layout.3.blocks": {"collapsed": []}, "layout.4.blocks": {"collapsed": []}, "layout.6.blocks": {"collapsed": []}, "layout.7.blocks": {"collapsed": []}, "layout.8.blocks": {"collapsed": []}}}	2025-12-03 18:38:44.318+01	2025-10-21 16:21:54.238+02
49	collection-pages-9	{"fields": {"layout": {"collapsed": []}, "_index-1": {"tabIndex": 0}}}	2025-12-11 17:16:04.96+01	2025-12-11 17:14:56.485+01
48	collection-pages-9	{"fields": {"rrss": {"collapsed": []}, "layout": {"collapsed": []}, "_index-1": {"tabIndex": 1}, "hero.links": {"collapsed": []}}}	2025-12-11 17:27:01.199+01	2025-12-11 08:29:55.559+01
42	collection-posts-7	{"fields": {"_index-1": {"tabIndex": 2}}}	2025-11-25 09:41:11.933+01	2025-11-25 09:41:11.933+01
46	collection-documents	{"limit": 10}	2025-11-29 21:57:18.044+01	2025-11-29 21:56:59.139+01
31	collection-pages-4	{"fields": {"rrss": {"collapsed": []}, "layout": {"collapsed": ["691306adb6900a691354ec94", "69133610b6900a691354eca6"]}, "prices": {"collapsed": []}, "_index-1": {"tabIndex": 0}, "richText": {"hello": "hi", "collapsed": ["6908ab1e308a19cbee634d6e", "6908ab3e308a19cbee634d6f"]}, "hero.links": {"collapsed": []}, "layout.1.links": {"collapsed": []}, "layout.0.blocks": {"collapsed": ["691306b7b6900a691354ec96", "691306feb6900a691354ec98", "69130701b6900a691354ec9a", "69130704b6900a691354ec9c", "69133217b6900a691354ec9e", "69133278b6900a691354eca0", "691332f1b6900a691354eca2", "69133348b6900a691354eca4"]}, "layout.1.blocks": {"collapsed": ["690325b4bbb60f6131aaba32", "6903296dbbb60f6131aaba3a", "69032a84bbb60f6131aaba3e", "69032bd0bbb60f6131aaba42", "69032d4302487c028802d052", "69032f1402487c028802d056", "6903305b02487c028802d05a"]}, "prices.0.features": {"collapsed": ["690a39415848b31fe3c044cb", "690a395a5848b31fe3c044cd", "690a395d5848b31fe3c044cf", "690a39615848b31fe3c044d1", "690a39655848b31fe3c044d3"]}}}	2025-12-11 17:28:54.067+01	2025-11-03 09:21:15.093+01
\.


--
-- Data for Name: payload_preferences_rels; Type: TABLE DATA; Schema: public; Owner: -
--

COPY public.payload_preferences_rels (id, "order", parent_id, path, users_id) FROM stdin;
58	\N	2	user	1
120	\N	11	user	1
811	\N	17	user	1
812	\N	40	user	1
813	\N	41	user	1
814	\N	42	user	1
124	\N	15	user	1
277	\N	32	user	1
871	\N	36	user	2
874	\N	34	user	2
1173	\N	45	user	2
1009	\N	27	user	2
1180	\N	20	user	1
1183	\N	49	user	1
1185	\N	48	user	2
1186	\N	29	user	2
1187	\N	33	user	2
1019	\N	10	user	1
1188	\N	31	user	2
93	\N	9	user	1
773	\N	39	user	1
895	\N	7	user	1
1026	\N	25	user	2
958	\N	12	user	1
1028	\N	46	user	2
720	\N	38	user	2
1029	\N	3	user	1
902	\N	28	user	1
1031	\N	1	user	1
312	\N	23	user	2
118	\N	5	user	1
973	\N	44	user	1
853	\N	37	user	1
235	\N	13	user	1
238	\N	24	user	2
803	\N	6	user	1
252	\N	26	user	2
809	\N	14	user	1
810	\N	16	user	1
263	\N	30	user	2
1125	\N	47	user	2
1135	\N	43	user	1
1136	\N	4	user	1
1137	\N	8	user	1
1139	\N	21	user	1
1159	\N	35	user	1
\.


--
-- Data for Name: posts; Type: TABLE DATA; Schema: public; Owner: -
--

COPY public.posts (id, title, hero_image_id, content, slug, updated_at, created_at, meta_title, meta_image_id, meta_description, published_at, slug_lock, _status) FROM stdin;
2	post 2	68	{"root": {"type": "root", "format": "", "indent": 0, "version": 1, "children": [{"tag": "h1", "type": "heading", "format": "", "indent": 0, "version": 1, "children": [{"mode": "normal", "text": "Lorem ipsum dolor sit ameta", "type": "text", "style": "", "detail": 0, "format": 0, "version": 1}], "direction": null}, {"type": "paragraph", "format": "", "indent": 0, "version": 1, "children": [{"mode": "normal", "text": ", consectetur adipiscing elit. Maecenas tempor mollis ipsum et volutpat. Integer faucibus metus at tortor posuere vestibulum. Nulla iaculis id massa ut euismod. Nullam dignissim vehicula orci nec condimentum. Fusce gravida, diam ac ultricies consectetur, neque turpis ullamcorper eros, eget placerat dolor augue sed augue. Integer ut nisi nec nisl maximus lacinia sed vehicula mauris. Pellentesque aliquet nibh at metus cursus congue vel nec leo. Mauris maximus ac leo vitae dapibus. Nam pretium lectus accumsan augue pellentesque euismod. Ut laoreet facilisis vehicula. Morbi velit purus, mattis eget libero vel, dictum venenatis erat. Suspendisse sapien metus, consectetur in tempor eu, scelerisque vitae elit. Nulla facilisi.", "type": "text", "style": "", "detail": 0, "format": 0, "version": 1}], "direction": null, "textStyle": "", "textFormat": 0}, {"type": "paragraph", "format": "", "indent": 0, "version": 1, "children": [{"mode": "normal", "text": "Duis quis turpis non purus porttitor luctus et sit amet nulla", "type": "text", "style": "", "detail": 0, "format": 2, "version": 1}, {"mode": "normal", "text": ". Phasellus imperdiet eleifend ligula. Proin eu egestas turpis, molestie congue nisl. Aenean laoreet lorem lorem, ac lacinia lorem molestie interdum. Nunc sit amet commodo quam. Proin commodo rhoncus egestas. Donec fringilla leo augue, nec tempus leo gravida a. Aliquam at tristique enim. Aenean non semper lacus. Vivamus efficitur mollis laoreet. Praesent tempus dictum elit, eget volutpat sapien euismod hendrerit. Sed tempor odio vitae lectus congue, sed blandit massa fermentum.", "type": "text", "style": "", "detail": 0, "format": 0, "version": 1}], "direction": null, "textStyle": "", "textFormat": 2}, {"type": "quote", "format": "", "indent": 0, "version": 1, "children": [{"mode": "normal", "text": "In non justo vel quam facilisis aliquam vitae pretium lorem. Sed vitae egestas turpis. Duis non tortor in eros eleifend laoreet. Pellentesque habitant morbi tristique senectus et netus et malesuada fames ac turpis egestas. Donec mauris lectus, vulputate ut egestas ut, iaculis a erat. Sed neque libero, semper nec semper a, vulputate vitae ipsum. Nam pulvinar nisi at orci condimentum, sed posuere nisi rutrum. Duis laoreet porttitor orci ut volutpat. Phasellus congue erat sit amet egestas aliquam. Morbi venenatis neque sit amet nunc porta finibus. Curabitur id velit lectus.", "type": "text", "style": "", "detail": 0, "format": 0, "version": 1}], "direction": null}, {"type": "paragraph", "format": "", "indent": 0, "version": 1, "children": [{"mode": "normal", "text": "Vivamus porta risus et erat interdum, a condimentum augue mollis. Proin pharetra, nunc ac volutpat dapibus, elit lacus egestas ante, a accumsan eros ante eleifend nibh. Nulla commodo eget sem quis facilisis. Pellentesque diam ante, ornare in blandit at, placerat vitae orci. Sed venenatis sapien ex, sit amet semper nunc pulvinar sed. Praesent eu quam vel mi scelerisque imperdiet. Phasellus in interdum elit. Proin pellentesque libero massa, condimentum pretium mi scelerisque at. Integer in sem sed sem pellentesque cursus id in tortor. Nullam id tristique dui. Sed et rhoncus ipsum, vitae ornare erat. Mauris sit amet odio dapibus dui porta congue. In egestas fringilla fermentum. Fusce vulputate faucibus diam, ac posuere urna feugiat nec.", "type": "text", "style": "", "detail": 0, "format": 0, "version": 1}], "direction": null, "textStyle": "", "textFormat": 0}, {"type": "paragraph", "format": "", "indent": 0, "version": 1, "children": [{"mode": "normal", "text": "Proin id porta tellus. Fusce suscipit turpis ac mattis scelerisque. Integer lacinia mi et posuere imperdiet. Donec ut ligula nec tellus maximus imperdiet. Nam egestas erat tincidunt, blandit sem quis, gravida lacus. Quisque dictum dapibus dictum. Aliquam ac urna sit amet sapien ultricies efficitur. Mauris ac tincidunt velit, sed aliquet diam. Praesent non risus sodales, sollicitudin lectus sagittis, convallis ante. Quisque imperdiet ante eget ligula vehicula placerat cursus vitae purus. Etiam eu venenatis orci.", "type": "text", "style": "", "detail": 0, "format": 0, "version": 1}], "direction": null, "textStyle": "", "textFormat": 0}, {"type": "block", "fields": {"id": "68fbb90a8a804de2de0fb8bb", "media": 24, "blockName": "", "blockType": "mediaBlock", "sectionName": "borrar"}, "format": "", "version": 2}, {"type": "paragraph", "format": "", "indent": 0, "version": 1, "children": [], "direction": null, "textStyle": "", "textFormat": 0}, {"type": "paragraph", "format": "", "indent": 0, "version": 1, "children": [{"mode": "normal", "text": "Donec ut vehicula lectus, at pellentesque orci. Phasellus lacinia viverra ex at fermentum. Nunc tincidunt nunc et lectus malesuada, id fermentum nisl facilisis. Donec elementum mollis massa varius scelerisque. Aliquam tincidunt nibh eu pellentesque consectetur. Morbi venenatis sapien lacus, sit amet vulputate elit tempus posuere. Proin ut facilisis felis, vel rhoncus felis. Integer imperdiet sem ut neque aliquam, eget vestibulum eros ultricies. Duis efficitur sem enim, sit amet tristique urna gravida non. Aliquam aliquet consectetur neque id tristique. Praesent sit amet erat quam. Nullam egestas orci id tellus scelerisque, vel ullamcorper dui dictum. Nulla tempus ac sapien nec porttitor.", "type": "text", "style": "", "detail": 0, "format": 0, "version": 1}], "direction": null, "textStyle": "", "textFormat": 0}, {"type": "paragraph", "format": "", "indent": 0, "version": 1, "children": [{"mode": "normal", "text": "Sed fermentum a lectus hendrerit ullamcorper. Nunc sagittis nec lacus vel volutpat. In ac enim eros. Nunc dapibus, turpis et faucibus vulputate, quam sapien dictum lorem, id varius tortor elit faucibus odio. Sed at justo ac nisl placerat vestibulum at in diam. Vivamus quis condimentum enim. Mauris vestibulum nec erat nec congue. Vestibulum luctus tincidunt tellus et iaculis. Integer at ligula mi. Fusce laoreet leo vel quam efficitur, vitae vulputate leo efficitur. Sed pharetra ligula vitae ex pharetra viverra. Donec metus justo, commodo in dictum sit amet, cursus quis enim. Phasellus laoreet quam sapien, vitae congue mauris posuere non. Interdum et malesuada fames ac ante ipsum primis in faucibus. Nullam euismod rhoncus arcu, a blandit est pharetra ac. Pellentesque sapien mauris, dapibus sit amet risus sit amet, tempor eleifend purus.", "type": "text", "style": "", "detail": 0, "format": 0, "version": 1}], "direction": null, "textStyle": "", "textFormat": 0}, {"type": "paragraph", "format": "", "indent": 0, "version": 1, "children": [{"mode": "normal", "text": "Pellentesque varius vel eros quis convallis. Cras nec purus diam. Suspendisse id lobortis velit. Fusce convallis nisl libero, nec pretium nunc dictum non. Nam ut egestas ipsum. Sed sem sapien, hendrerit in sollicitudin et, pulvinar in metus. Praesent iaculis tempor massa ac sollicitudin. Nunc vestibulum aliquet lectus sit amet volutpat. Suspendisse nec varius augue. Aliquam tellus lacus, euismod ut tortor non, rhoncus semper libero. Nunc ac fringilla magna, et ultrices diam. Fusce ac ipsum nisl.", "type": "text", "style": "", "detail": 0, "format": 0, "version": 1}], "direction": null, "textStyle": "", "textFormat": 0}, {"type": "paragraph", "format": "", "indent": 0, "version": 1, "children": [{"mode": "normal", "text": "Vestibulum erat ante, maximus eget ante vitae, ornare congue tortor. Nam nunc elit, ultricies quis tincidunt sit amet, dignissim eu mauris. Quisque congue lectus ut viverra interdum. Donec porta est ac tincidunt rutrum. Integer tempus ipsum rutrum, fringilla orci ut, feugiat erat. Aliquam a placerat justo. Sed vel dolor ultricies, sollicitudin sem id, fringilla diam. Nam eget lacus eu mauris sagittis fermentum eu vitae turpis. Nulla nisi massa, sagittis viverra ullamcorper nec, consequat vitae nisl. Maecenas molestie ligula id arcu malesuada viverra. Nunc nulla nibh, luctus ac augue vitae, imperdiet tempor est.", "type": "text", "style": "", "detail": 0, "format": 0, "version": 1}], "direction": null, "textStyle": "", "textFormat": 0}, {"type": "paragraph", "format": "", "indent": 0, "version": 1, "children": [{"mode": "normal", "text": "Nullam interdum sapien eget bibendum maximus. Duis ac massa ac dolor consectetur eleifend. Proin nec tempor nibh, vel molestie nisi. Nunc eros mi, laoreet ut porttitor rhoncus, vestibulum sit amet arcu. Nullam at pellentesque ligula. Sed id dignissim magna. In aliquam mi sapien, vitae ornare quam aliquet tempor.", "type": "text", "style": "", "detail": 0, "format": 0, "version": 1}], "direction": null, "textStyle": "", "textFormat": 0}], "direction": null}}	post-2	2025-11-25 09:39:45.495+01	2025-10-24 19:34:43.606+02	post 2 | Payload Website Template	68	Lorem ipsum dolor sit amet, consectetur adipiscing elit. Maecenas tempor mollis ipsum et volutpat. Integer faucibus metus at tortor posuere vestibulu	2025-10-24 19:36:34.051+02	f	published
3	Tres pasos para aplicar en las aulas	68	{"root": {"type": "root", "format": "", "indent": 0, "version": 1, "children": [{"type": "paragraph", "format": "", "indent": 0, "version": 1, "children": [], "direction": null, "textStyle": "", "textFormat": 0}, {"type": "paragraph", "format": "", "indent": 0, "version": 1, "children": [{"mode": "normal", "text": "lorem", "type": "text", "style": "", "detail": 0, "format": 0, "version": 1}], "direction": null, "textStyle": "", "textFormat": 0}], "direction": null}}	tres-pasos-para-aplicar-en-las-aulas	2025-11-25 09:40:11.737+01	2025-10-27 19:36:34.888+01	Tres pasos para aplicar en las aulas | Payload Website Template	68	Lorem ipsum dolor sit amet, consectetur adipiscing elit. Proin in vestibulum eros. Nunc ullamcorper eu odio et sollicitudin. Proin vitae 	2025-10-27 00:00:00+01	f	published
4	post 4	68	{"root": {"type": "root", "format": "", "indent": 0, "version": 1, "children": [{"type": "paragraph", "format": "", "indent": 0, "version": 1, "children": [{"mode": "normal", "text": "Lorem ipsum dolor sit amet, consectetur adipiscing elit. Proin in vestibulum eros. Nunc ullamcorper eu odio et sollicitudin. Proin vitae nisi id lectus egestas posuere eu aliquam mi. Sed tempor sodales arcu, id euismod orci maximus quis. Morbi eu est felis. Cras nec sem volutpat, sodales metus et, feugiat est. Aliquam iaculis consequat nisl ac aliquam. Pellentesque sit amet ipsum dui. Mauris elit nunc, fringilla et leo eget, varius consectetur odio. Donec tortor nisi, auctor non tincidunt sagittis, iaculis pretium augue. Nunc ut pellentesque risus. Aliquam sit amet sodales justo.", "type": "text", "style": "", "detail": 0, "format": 0, "version": 1}], "direction": null, "textStyle": "", "textFormat": 0}, {"type": "paragraph", "format": "", "indent": 0, "version": 1, "children": [{"mode": "normal", "text": "Sed consectetur vel felis ut laoreet. Pellentesque habitant morbi tristique senectus et netus et malesuada fames ac turpis egestas. Sed ut tempus enim. Maecenas quis suscipit tortor. Etiam consequat magna ante, eu dapibus est tincidunt eu. Morbi molestie mauris vitae vestibulum pellentesque. Curabitur vel luctus purus. Vivamus ornare, augue vel laoreet ultrices, nibh lacus faucibus nunc, lacinia commodo nisl turpis sed ex. Vestibulum gravida tortor sed nisl finibus porttitor. Sed lorem ipsum, pharetra et tincidunt a, venenatis at ex. Nunc ac risus et lacus ornare sagittis vitae et velit. Donec luctus auctor quam vel sollicitudin. Maecenas cursus risus tellus, et porta augue vehicula a. Aliquam porta pellentesque ultrices.", "type": "text", "style": "", "detail": 0, "format": 0, "version": 1}], "direction": null, "textStyle": "", "textFormat": 0}, {"type": "paragraph", "format": "", "indent": 0, "version": 1, "children": [{"mode": "normal", "text": "Vivamus felis turpis, blandit ut tellus id, commodo tristique nisi. Donec at eros porttitor, consequat mi at, tempor felis. Donec dignissim tincidunt nibh id rutrum. Phasellus et massa condimentum velit dapibus facilisis. Phasellus in mauris erat. Morbi at suscipit enim. Vestibulum fermentum ligula id erat ultricies iaculis. Pellentesque nec nisi sapien. Etiam volutpat a magna sit amet volutpat. Duis metus lorem, venenatis ac sodales eu, placerat in sapien. Vestibulum vel mollis nisl. Quisque eu aliquet orci, posuere fringilla erat. Vivamus tempus enim ut risus sollicitudin, quis volutpat dui mollis. Duis hendrerit felis diam, ac rhoncus felis sollicitudin ac. Donec vel aliquam ipsum. Integer at nisi ullamcorper, rhoncus neque ac, mattis massa.", "type": "text", "style": "", "detail": 0, "format": 0, "version": 1}], "direction": null, "textStyle": "", "textFormat": 0}, {"type": "paragraph", "format": "", "indent": 0, "version": 1, "children": [{"mode": "normal", "text": "Fusce a suscipit orci, vitae dictum lorem. Nulla sit amet ante arcu. Aliquam ornare in urna eget varius. Donec facilisis, dui pharetra rutrum eleifend, diam mi consequat leo, sit amet iaculis erat metus ac neque. Pellentesque id nisl sed arcu tincidunt egestas. Ut sit amet lobortis erat. Proin erat dui, luctus sit amet dictum et, hendrerit quis risus. Proin quis elementum magna, in consequat nisi. Aliquam tincidunt gravida cursus. Sed ac lorem a purus pulvinar cursus. Vivamus sem sapien, vehicula quis erat nec, ultricies eleifend felis. Duis a quam pharetra, rutrum lorem vitae, semper ligula. Vestibulum a risus molestie, pharetra ligula id, aliquam arcu.", "type": "text", "style": "", "detail": 0, "format": 0, "version": 1}], "direction": null, "textStyle": "", "textFormat": 0}, {"type": "paragraph", "format": "", "indent": 0, "version": 1, "children": [{"mode": "normal", "text": "Fusce pellentesque in justo non vestibulum. Donec eu lectus gravida, elementum est quis, malesuada nisl. Aenean ut imperdiet neque. Nunc varius euismod condimentum. Praesent ex purus, volutpat sed facilisis sed, laoreet quis lacus. Vestibulum sed erat auctor neque cursus maximus non in lorem. Integer volutpat quam vel gravida consectetur.", "type": "text", "style": "", "detail": 0, "format": 0, "version": 1}], "direction": null, "textStyle": "", "textFormat": 0}], "direction": null}}	post-4	2025-11-25 09:40:31.434+01	2025-10-27 20:11:44.735+01	post 4 | Payload Website Template	68	Lorem ipsum dolor sit amet, consectetur adipiscing elit. Proin in vestibulum eros. Nunc ullamcorper eu odio et sollicitudin. Proin vitae nisi id le\n	2025-10-27 00:00:00+01	f	published
5	post 5	68	{"root": {"type": "root", "format": "", "indent": 0, "version": 1, "children": [{"type": "paragraph", "format": "", "indent": 0, "version": 1, "children": [{"mode": "normal", "text": "Lorem ipsum dolor sit amet, consectetur adipiscing elit. Proin in vestibulum eros. Nunc ullamcorper eu odio et sollicitudin. Proin vitae nisi id lectus egestas posuere eu aliquam mi. Sed tempor sodales arcu, id euismod orci maximus quis. Morbi eu est felis. Cras nec sem volutpat, sodales metus et, feugiat est. Aliquam iaculis consequat nisl ac aliquam. Pellentesque sit amet ipsum dui. Mauris elit nunc, fringilla et leo eget, varius consectetur odio. Donec tortor nisi, auctor non tincidunt sagittis, iaculis pretium augue. Nunc ut pellentesque risus. Aliquam sit amet sodales justo.", "type": "text", "style": "", "detail": 0, "format": 0, "version": 1}], "direction": null, "textStyle": "", "textFormat": 0}, {"type": "paragraph", "format": "", "indent": 0, "version": 1, "children": [{"mode": "normal", "text": "Sed consectetur vel felis ut laoreet. Pellentesque habitant morbi tristique senectus et netus et malesuada fames ac turpis egestas. Sed ut tempus enim. Maecenas quis suscipit tortor. Etiam consequat magna ante, eu dapibus est tincidunt eu. Morbi molestie mauris vitae vestibulum pellentesque. Curabitur vel luctus purus. Vivamus ornare, augue vel laoreet ultrices, nibh lacus faucibus nunc, lacinia commodo nisl turpis sed ex. Vestibulum gravida tortor sed nisl finibus porttitor. Sed lorem ipsum, pharetra et tincidunt a, venenatis at ex. Nunc ac risus et lacus ornare sagittis vitae et velit. Donec luctus auctor quam vel sollicitudin. Maecenas cursus risus tellus, et porta augue vehicula a. Aliquam porta pellentesque ultrices.", "type": "text", "style": "", "detail": 0, "format": 0, "version": 1}], "direction": null, "textStyle": "", "textFormat": 0}, {"type": "paragraph", "format": "", "indent": 0, "version": 1, "children": [{"mode": "normal", "text": "Vivamus felis turpis, blandit ut tellus id, commodo tristique nisi. Donec at eros porttitor, consequat mi at, tempor felis. Donec dignissim tincidunt nibh id rutrum. Phasellus et massa condimentum velit dapibus facilisis. Phasellus in mauris erat. Morbi at suscipit enim. Vestibulum fermentum ligula id erat ultricies iaculis. Pellentesque nec nisi sapien. Etiam volutpat a magna sit amet volutpat. Duis metus lorem, venenatis ac sodales eu, placerat in sapien. Vestibulum vel mollis nisl. Quisque eu aliquet orci, posuere fringilla erat. Vivamus tempus enim ut risus sollicitudin, quis volutpat dui mollis. Duis hendrerit felis diam, ac rhoncus felis sollicitudin ac. Donec vel aliquam ipsum. Integer at nisi ullamcorper, rhoncus neque ac, mattis massa.", "type": "text", "style": "", "detail": 0, "format": 0, "version": 1}], "direction": null, "textStyle": "", "textFormat": 0}, {"type": "paragraph", "format": "", "indent": 0, "version": 1, "children": [{"mode": "normal", "text": "Fusce a suscipit orci, vitae dictum lorem. Nulla sit amet ante arcu. Aliquam ornare in urna eget varius. Donec facilisis, dui pharetra rutrum eleifend, diam mi consequat leo, sit amet iaculis erat metus ac neque. Pellentesque id nisl sed arcu tincidunt egestas. Ut sit amet lobortis erat. Proin erat dui, luctus sit amet dictum et, hendrerit quis risus. Proin quis elementum magna, in consequat nisi. Aliquam tincidunt gravida cursus. Sed ac lorem a purus pulvinar cursus. Vivamus sem sapien, vehicula quis erat nec, ultricies eleifend felis. Duis a quam pharetra, rutrum lorem vitae, semper ligula. Vestibulum a risus molestie, pharetra ligula id, aliquam arcu.", "type": "text", "style": "", "detail": 0, "format": 0, "version": 1}], "direction": null, "textStyle": "", "textFormat": 0}, {"type": "paragraph", "format": "", "indent": 0, "version": 1, "children": [{"mode": "normal", "text": "Fusce pellentesque in justo non vestibulum. Donec eu lectus gravida, elementum est quis, malesuada nisl. Aenean ut imperdiet neque. Nunc varius euismod condimentum. Praesent ex purus, volutpat sed facilisis sed, laoreet quis lacus. Vestibulum sed erat auctor neque cursus maximus non in lorem. Integer volutpat quam vel gravida consectetur.", "type": "text", "style": "", "detail": 0, "format": 0, "version": 1}], "direction": null, "textStyle": "", "textFormat": 0}], "direction": null}}	post-5	2025-11-25 09:40:47.413+01	2025-10-27 20:18:01.538+01	post 4 | Payload Website Template	68	Lorem ipsum dolor sit amet, consectetur adipiscing elit. Proin in vestibulum eros. Nunc ullamcorper eu odio et sollicitudin. Proin vitae nisi id le\n	2025-10-27 00:00:00+01	f	published
6	post 6	68	{"root": {"type": "root", "format": "", "indent": 0, "version": 1, "children": [{"type": "paragraph", "format": "", "indent": 0, "version": 1, "children": [{"mode": "normal", "text": "Lorem ipsum dolor sit amet, consectetur adipiscing elit. Proin in vestibulum eros. Nunc ullamcorper eu odio et sollicitudin. Proin vitae nisi id lectus egestas posuere eu aliquam mi. Sed tempor sodales arcu, id euismod orci maximus quis. Morbi eu est felis. Cras nec sem volutpat, sodales metus et, feugiat est. Aliquam iaculis consequat nisl ac aliquam. Pellentesque sit amet ipsum dui. Mauris elit nunc, fringilla et leo eget, varius consectetur odio. Donec tortor nisi, auctor non tincidunt sagittis, iaculis pretium augue. Nunc ut pellentesque risus. Aliquam sit amet sodales justo.", "type": "text", "style": "", "detail": 0, "format": 0, "version": 1}], "direction": null, "textStyle": "", "textFormat": 0}, {"type": "paragraph", "format": "", "indent": 0, "version": 1, "children": [{"mode": "normal", "text": "Sed consectetur vel felis ut laoreet. Pellentesque habitant morbi tristique senectus et netus et malesuada fames ac turpis egestas. Sed ut tempus enim. Maecenas quis suscipit tortor. Etiam consequat magna ante, eu dapibus est tincidunt eu. Morbi molestie mauris vitae vestibulum pellentesque. Curabitur vel luctus purus. Vivamus ornare, augue vel laoreet ultrices, nibh lacus faucibus nunc, lacinia commodo nisl turpis sed ex. Vestibulum gravida tortor sed nisl finibus porttitor. Sed lorem ipsum, pharetra et tincidunt a, venenatis at ex. Nunc ac risus et lacus ornare sagittis vitae et velit. Donec luctus auctor quam vel sollicitudin. Maecenas cursus risus tellus, et porta augue vehicula a. Aliquam porta pellentesque ultrices.", "type": "text", "style": "", "detail": 0, "format": 0, "version": 1}], "direction": null, "textStyle": "", "textFormat": 0}, {"type": "paragraph", "format": "", "indent": 0, "version": 1, "children": [{"mode": "normal", "text": "Vivamus felis turpis, blandit ut tellus id, commodo tristique nisi. Donec at eros porttitor, consequat mi at, tempor felis. Donec dignissim tincidunt nibh id rutrum. Phasellus et massa condimentum velit dapibus facilisis. Phasellus in mauris erat. Morbi at suscipit enim. Vestibulum fermentum ligula id erat ultricies iaculis. Pellentesque nec nisi sapien. Etiam volutpat a magna sit amet volutpat. Duis metus lorem, venenatis ac sodales eu, placerat in sapien. Vestibulum vel mollis nisl. Quisque eu aliquet orci, posuere fringilla erat. Vivamus tempus enim ut risus sollicitudin, quis volutpat dui mollis. Duis hendrerit felis diam, ac rhoncus felis sollicitudin ac. Donec vel aliquam ipsum. Integer at nisi ullamcorper, rhoncus neque ac, mattis massa.", "type": "text", "style": "", "detail": 0, "format": 0, "version": 1}], "direction": null, "textStyle": "", "textFormat": 0}, {"type": "paragraph", "format": "", "indent": 0, "version": 1, "children": [{"mode": "normal", "text": "Fusce a suscipit orci, vitae dictum lorem. Nulla sit amet ante arcu. Aliquam ornare in urna eget varius. Donec facilisis, dui pharetra rutrum eleifend, diam mi consequat leo, sit amet iaculis erat metus ac neque. Pellentesque id nisl sed arcu tincidunt egestas. Ut sit amet lobortis erat. Proin erat dui, luctus sit amet dictum et, hendrerit quis risus. Proin quis elementum magna, in consequat nisi. Aliquam tincidunt gravida cursus. Sed ac lorem a purus pulvinar cursus. Vivamus sem sapien, vehicula quis erat nec, ultricies eleifend felis. Duis a quam pharetra, rutrum lorem vitae, semper ligula. Vestibulum a risus molestie, pharetra ligula id, aliquam arcu.", "type": "text", "style": "", "detail": 0, "format": 0, "version": 1}], "direction": null, "textStyle": "", "textFormat": 0}, {"type": "paragraph", "format": "", "indent": 0, "version": 1, "children": [{"mode": "normal", "text": "Fusce pellentesque in justo non vestibulum. Donec eu lectus gravida, elementum est quis, malesuada nisl. Aenean ut imperdiet neque. Nunc varius euismod condimentum. Praesent ex purus, volutpat sed facilisis sed, laoreet quis lacus. Vestibulum sed erat auctor neque cursus maximus non in lorem. Integer volutpat quam vel gravida consectetur.", "type": "text", "style": "", "detail": 0, "format": 0, "version": 1}], "direction": null, "textStyle": "", "textFormat": 0}], "direction": null}}	post-6	2025-11-25 09:41:03.373+01	2025-10-27 20:18:18.123+01	post 4 | Payload Website Template	68	Lorem ipsum dolor sit amet, consectetur adipiscing elit. Proin in vestibulum eros. Nunc ullamcorper eu odio et sollicitudin. Proin vitae nisi id le\n	2025-10-27 00:00:00+01	f	published
7	post 7	68	{"root": {"type": "root", "format": "", "indent": 0, "version": 1, "children": [{"type": "paragraph", "format": "", "indent": 0, "version": 1, "children": [{"mode": "normal", "text": "Lorem ipsum dolor sit amet, consectetur adipiscing elit. Proin in vestibulum eros. Nunc ullamcorper eu odio et sollicitudin. Proin vitae nisi id lectus egestas posuere eu aliquam mi. Sed tempor sodales arcu, id euismod orci maximus quis. Morbi eu est felis. Cras nec sem volutpat, sodales metus et, feugiat est. Aliquam iaculis consequat nisl ac aliquam. Pellentesque sit amet ipsum dui. Mauris elit nunc, fringilla et leo eget, varius consectetur odio. Donec tortor nisi, auctor non tincidunt sagittis, iaculis pretium augue. Nunc ut pellentesque risus. Aliquam sit amet sodales justo.", "type": "text", "style": "", "detail": 0, "format": 0, "version": 1}], "direction": null, "textStyle": "", "textFormat": 0}, {"type": "paragraph", "format": "", "indent": 0, "version": 1, "children": [{"mode": "normal", "text": "Sed consectetur vel felis ut laoreet. Pellentesque habitant morbi tristique senectus et netus et malesuada fames ac turpis egestas. Sed ut tempus enim. Maecenas quis suscipit tortor. Etiam consequat magna ante, eu dapibus est tincidunt eu. Morbi molestie mauris vitae vestibulum pellentesque. Curabitur vel luctus purus. Vivamus ornare, augue vel laoreet ultrices, nibh lacus faucibus nunc, lacinia commodo nisl turpis sed ex. Vestibulum gravida tortor sed nisl finibus porttitor. Sed lorem ipsum, pharetra et tincidunt a, venenatis at ex. Nunc ac risus et lacus ornare sagittis vitae et velit. Donec luctus auctor quam vel sollicitudin. Maecenas cursus risus tellus, et porta augue vehicula a. Aliquam porta pellentesque ultrices.", "type": "text", "style": "", "detail": 0, "format": 0, "version": 1}], "direction": null, "textStyle": "", "textFormat": 0}, {"type": "paragraph", "format": "", "indent": 0, "version": 1, "children": [{"mode": "normal", "text": "Vivamus felis turpis, blandit ut tellus id, commodo tristique nisi. Donec at eros porttitor, consequat mi at, tempor felis. Donec dignissim tincidunt nibh id rutrum. Phasellus et massa condimentum velit dapibus facilisis. Phasellus in mauris erat. Morbi at suscipit enim. Vestibulum fermentum ligula id erat ultricies iaculis. Pellentesque nec nisi sapien. Etiam volutpat a magna sit amet volutpat. Duis metus lorem, venenatis ac sodales eu, placerat in sapien. Vestibulum vel mollis nisl. Quisque eu aliquet orci, posuere fringilla erat. Vivamus tempus enim ut risus sollicitudin, quis volutpat dui mollis. Duis hendrerit felis diam, ac rhoncus felis sollicitudin ac. Donec vel aliquam ipsum. Integer at nisi ullamcorper, rhoncus neque ac, mattis massa.", "type": "text", "style": "", "detail": 0, "format": 0, "version": 1}], "direction": null, "textStyle": "", "textFormat": 0}, {"type": "paragraph", "format": "", "indent": 0, "version": 1, "children": [{"mode": "normal", "text": "Fusce a suscipit orci, vitae dictum lorem. Nulla sit amet ante arcu. Aliquam ornare in urna eget varius. Donec facilisis, dui pharetra rutrum eleifend, diam mi consequat leo, sit amet iaculis erat metus ac neque. Pellentesque id nisl sed arcu tincidunt egestas. Ut sit amet lobortis erat. Proin erat dui, luctus sit amet dictum et, hendrerit quis risus. Proin quis elementum magna, in consequat nisi. Aliquam tincidunt gravida cursus. Sed ac lorem a purus pulvinar cursus. Vivamus sem sapien, vehicula quis erat nec, ultricies eleifend felis. Duis a quam pharetra, rutrum lorem vitae, semper ligula. Vestibulum a risus molestie, pharetra ligula id, aliquam arcu.", "type": "text", "style": "", "detail": 0, "format": 0, "version": 1}], "direction": null, "textStyle": "", "textFormat": 0}, {"type": "paragraph", "format": "", "indent": 0, "version": 1, "children": [{"mode": "normal", "text": "Fusce pellentesque in justo non vestibulum. Donec eu lectus gravida, elementum est quis, malesuada nisl. Aenean ut imperdiet neque. Nunc varius euismod condimentum. Praesent ex purus, volutpat sed facilisis sed, laoreet quis lacus. Vestibulum sed erat auctor neque cursus maximus non in lorem. Integer volutpat quam vel gravida consectetur.", "type": "text", "style": "", "detail": 0, "format": 0, "version": 1}], "direction": null, "textStyle": "", "textFormat": 0}], "direction": null}}	post-7	2025-11-25 09:41:16.482+01	2025-10-27 20:19:14.986+01	post 4 | Payload Website Template	68	Lorem ipsum dolor sit amet, consectetur adipiscing elit. Proin in vestibulum eros. Nunc ullamcorper eu odio et sollicitudin. Proin vitae nisi id le\n	2025-10-27 00:00:00+01	f	published
10	Lorem ipsum dolor sit amet, consectetur adipiscing elit	68	{"root": {"type": "root", "format": "", "indent": 0, "version": 1, "children": [{"type": "paragraph", "format": "", "indent": 0, "version": 1, "children": [{"mode": "normal", "text": "Lorem ipsum dolor sit amet, consectetur adipiscing elit. Proin in vestibulum eros. Nunc ullamcorper eu odio et sollicitudin. Proin vitae nisi id lectus egestas posuere eu aliquam mi. Sed tempor sodales arcu, id euismod orci maximus quis. Morbi eu est felis. Cras nec sem volutpat, sodales metus et, feugiat est. Aliquam iaculis consequat nisl ac aliquam. Pellentesque sit amet ipsum dui. Mauris elit nunc, fringilla et leo eget, varius consectetur odio. Donec tortor nisi, auctor non tincidunt sagittis, iaculis pretium augue. Nunc ut pellentesque risus. Aliquam sit amet sodales justo.", "type": "text", "style": "", "detail": 0, "format": 0, "version": 1}], "direction": null, "textStyle": "", "textFormat": 0}, {"type": "paragraph", "format": "", "indent": 0, "version": 1, "children": [{"mode": "normal", "text": "Sed consectetur vel felis ut laoreet. Pellentesque habitant morbi tristique senectus et netus et malesuada fames ac turpis egestas. Sed ut tempus enim. Maecenas quis suscipit tortor. Etiam consequat magna ante, eu dapibus est tincidunt eu. Morbi molestie mauris vitae vestibulum pellentesque. Curabitur vel luctus purus. Vivamus ornare, augue vel laoreet ultrices, nibh lacus faucibus nunc, lacinia commodo nisl turpis sed ex. Vestibulum gravida tortor sed nisl finibus porttitor. Sed lorem ipsum, pharetra et tincidunt a, venenatis at ex. Nunc ac risus et lacus ornare sagittis vitae et velit. Donec luctus auctor quam vel sollicitudin. Maecenas cursus risus tellus, et porta augue vehicula a. Aliquam porta pellentesque ultrices.", "type": "text", "style": "", "detail": 0, "format": 0, "version": 1}], "direction": null, "textStyle": "", "textFormat": 0}, {"type": "paragraph", "format": "", "indent": 0, "version": 1, "children": [{"mode": "normal", "text": "Vivamus felis turpis, blandit ut tellus id, commodo tristique nisi. Donec at eros porttitor, consequat mi at, tempor felis. Donec dignissim tincidunt nibh id rutrum. Phasellus et massa condimentum velit dapibus facilisis. Phasellus in mauris erat. Morbi at suscipit enim. Vestibulum fermentum ligula id erat ultricies iaculis. Pellentesque nec nisi sapien. Etiam volutpat a magna sit amet volutpat. Duis metus lorem, venenatis ac sodales eu, placerat in sapien. Vestibulum vel mollis nisl. Quisque eu aliquet orci, posuere fringilla erat. Vivamus tempus enim ut risus sollicitudin, quis volutpat dui mollis. Duis hendrerit felis diam, ac rhoncus felis sollicitudin ac. Donec vel aliquam ipsum. Integer at nisi ullamcorper, rhoncus neque ac, mattis massa.", "type": "text", "style": "", "detail": 0, "format": 0, "version": 1}], "direction": null, "textStyle": "", "textFormat": 0}, {"type": "paragraph", "format": "", "indent": 0, "version": 1, "children": [{"mode": "normal", "text": "Fusce a suscipit orci, vitae dictum lorem. Nulla sit amet ante arcu. Aliquam ornare in urna eget varius. Donec facilisis, dui pharetra rutrum eleifend, diam mi consequat leo, sit amet iaculis erat metus ac neque. Pellentesque id nisl sed arcu tincidunt egestas. Ut sit amet lobortis erat. Proin erat dui, luctus sit amet dictum et, hendrerit quis risus. Proin quis elementum magna, in consequat nisi. Aliquam tincidunt gravida cursus. Sed ac lorem a purus pulvinar cursus. Vivamus sem sapien, vehicula quis erat nec, ultricies eleifend felis. Duis a quam pharetra, rutrum lorem vitae, semper ligula. Vestibulum a risus molestie, pharetra ligula id, aliquam arcu.", "type": "text", "style": "", "detail": 0, "format": 0, "version": 1}], "direction": null, "textStyle": "", "textFormat": 0}, {"type": "paragraph", "format": "", "indent": 0, "version": 1, "children": [{"mode": "normal", "text": "Fusce pellentesque in justo non vestibulum. Donec eu lectus gravida, elementum est quis, malesuada nisl. Aenean ut imperdiet neque. Nunc varius euismod condimentum. Praesent ex purus, volutpat sed facilisis sed, laoreet quis lacus. Vestibulum sed erat auctor neque cursus maximus non in lorem. Integer volutpat quam vel gravida consectetur.", "type": "text", "style": "", "detail": 0, "format": 0, "version": 1}], "direction": null, "textStyle": "", "textFormat": 0}], "direction": null}}	lorem-ipsum-dolor-sit-amet-consectetur-adipiscing-elit	2025-11-25 09:41:39.06+01	2025-10-28 17:46:32.007+01	Lorem ipsum dolor sit amet, consectetur adipiscing elitare w	68	Lorem ipsum dolor sit amet, consectetur adipiscing elit. Proin in vestibulum eros. Nunc ullamcorper eu odio et sollicitudin. Proin vitae nisi id le a\n	2025-10-27 00:00:00+01	f	published
1	post01	68	{"root": {"type": "root", "format": "", "indent": 0, "version": 1, "children": [{"type": "paragraph", "format": "", "indent": 0, "version": 1, "children": [{"mode": "normal", "text": "Lorem aaaaaaaaaaaaaaaaaaaaa ipsum dolor sit amet, consectetur adipiscing elit. Maecenas egestas erat risus, ac semper justo molestie vel. Aliquam erat volutpat. Phasellus imperdiet metus erat, id maximus diam placerat eu. Nam luctus lorem eget mauris tempus egestas. Aliquam tempus varius urna, quis finibus odio luctus a. Integer dictum finibus ex nec placerat. Phasellus risus est, consequat vitae tortor vel, accumsan commodo sapien. Ut convallis nunc et metus interdum, in luctus enim molestie. Fusce aliquet elit sed est imperdiet, vel elementum enim varius. Sed quis blandit arcu, lacinia molestie ante. Proin ac turpis urna. Pellentesque in tristique erat. Sed vitae congue sapien. Curabitur consectetur felis lectus. Etiam eu ligula id arcu feugiat eleifend.", "type": "text", "style": "", "detail": 0, "format": 0, "version": 1}], "direction": null, "textStyle": "", "textFormat": 0}, {"type": "paragraph", "format": "", "indent": 0, "version": 1, "children": [{"mode": "normal", "text": "Aliquam in lorem sed sapien bibendum feugiat eu ut turpis. Class aptent taciti sociosqu ad litora torquent per conubia nostra, per inceptos himenaeos. Morbi ante nisi, ultricies et condimentum vel, eleifend ac quam. Proin dui risus, efficitur eu massa eget, sollicitudin efficitur purus. Nulla egestas viverra dolor at tristique. Maecenas augue mi, imperdiet eget mattis in, aliquam eu sem. Ut libero diam, viverra quis lectus sed, congue iaculis ex. Ut semper ultricies posuere. Donec malesuada, leo ut semper rhoncus, tortor est pharetra turpis, in ultrices ante urna vehicula turpis. Donec eget varius velit, in volutpat neque. Morbi augue arcu, posuere non ullamcorper at, laoreet eu mauris. Suspendisse potenti. Pellentesque interdum leo ac sem convallis facilisis. Donec nec eros sit amet arcu ultrices mollis id et nisl.", "type": "text", "style": "", "detail": 0, "format": 0, "version": 1}], "direction": null, "textStyle": "", "textFormat": 0}, {"type": "paragraph", "format": "", "indent": 0, "version": 1, "children": [{"mode": "normal", "text": "Sed faucibus tellus sed orci porta tincidunt. Integer laoreet, turpis nec lobortis ultricies, ante risus volutpat odio, ut malesuada eros metus nec lorem. Ut eu mauris sed turpis accumsan scelerisque quis non lectus. Fusce et quam orci. Nam tempus felis eu turpis bibendum, non maximus nibh scelerisque. Donec id congue nisi. Fusce nulla dui, cursus consequat aliquet non, blandit et turpis. Proin ac laoreet urna. Donec id mi in felis elementum euismod in quis augue. Integer eget eleifend est.", "type": "text", "style": "", "detail": 0, "format": 0, "version": 1}], "direction": null, "textStyle": "", "textFormat": 0}, {"type": "paragraph", "format": "", "indent": 0, "version": 1, "children": [{"mode": "normal", "text": "Phasellus mollis cursus tortor, in dignissim felis vulputate quis. Nulla interdum nulla imperdiet, pulvinar mauris eget, sagittis mauris. Donec aliquam semper tellus quis condimentum. Vivamus sit amet nisl sit amet lectus ullamcorper faucibus. Vestibulum ante ipsum primis in faucibus orci luctus et ultrices posuere cubilia curae; Nullam mollis, libero finibus blandit luctus, nisl ante convallis risus, a aliquam sapien neque et risus. Praesent mollis porta laoreet. Duis lacus tortor, malesuada vitae metus non, efficitur viverra dolor. Phasellus rhoncus felis turpis, sed malesuada tellus malesuada in. Praesent fermentum sodales lacus eget lacinia. Sed convallis non purus id iaculis. Donec in malesuada enim. Cras vitae odio odio. Donec non nisi risus.", "type": "text", "style": "", "detail": 0, "format": 0, "version": 1}], "direction": null, "textStyle": "", "textFormat": 0}, {"type": "paragraph", "format": "", "indent": 0, "version": 1, "children": [{"mode": "normal", "text": "Etiam ac est lorem. Nullam fringilla vitae orci sed suscipit. Sed fermentum, nunc quis ultricies molestie, odio lectus suscipit enim, et venenatis dui tortor eget dolor. Suspendisse tempus tempor lacus sed tristique. Pellentesque habitant morbi tristique senectus et netus et malesuada fames ac turpis egestas. Integer sodales metus in neque pellentesque, eget rutrum lectus accumsan. Quisque at blandit mauris. Aliquam commodo volutpat tempus.", "type": "text", "style": "", "detail": 0, "format": 0, "version": 1}], "direction": null, "textStyle": "", "textFormat": 0}, {"type": "paragraph", "format": "", "indent": 0, "version": 1, "children": [], "direction": null, "textStyle": "", "textFormat": 0}], "direction": null}}	post01	2025-11-30 11:02:27.315+01	2025-10-24 13:53:45.978+02	post01 | Payload Website Template	68	Lorem ipsum dolor sit amet, consectetur adipiscing el sskkj iosjijijsi ijsijijs isjijisjij sijisjsijis isjiijis isji isji	2025-10-24 18:06:54.442+02	f	published
\.


--
-- Data for Name: posts_populated_authors; Type: TABLE DATA; Schema: public; Owner: -
--

COPY public.posts_populated_authors (_order, _parent_id, id, name) FROM stdin;
\.


--
-- Data for Name: posts_rels; Type: TABLE DATA; Schema: public; Owner: -
--

COPY public.posts_rels (id, "order", parent_id, path, posts_id, categories_id, users_id, tags_id) FROM stdin;
156	1	1	categories	\N	1	\N	\N
157	2	1	categories	\N	2	\N	\N
158	1	1	tags	\N	\N	\N	1
159	1	1	authors	\N	\N	1	\N
122	1	2	relatedPosts	1	\N	\N	\N
123	1	2	categories	\N	1	\N	\N
124	1	2	tags	\N	\N	\N	1
125	1	2	authors	\N	\N	1	\N
126	1	3	relatedPosts	2	\N	\N	\N
127	1	3	categories	\N	2	\N	\N
128	1	3	tags	\N	\N	\N	1
129	1	3	authors	\N	\N	1	\N
130	1	4	categories	\N	2	\N	\N
131	1	4	tags	\N	\N	\N	1
132	1	4	authors	\N	\N	1	\N
133	1	5	categories	\N	2	\N	\N
134	1	5	tags	\N	\N	\N	1
135	1	5	authors	\N	\N	1	\N
136	1	6	categories	\N	2	\N	\N
137	1	6	tags	\N	\N	\N	1
138	1	6	authors	\N	\N	1	\N
139	1	7	categories	\N	2	\N	\N
140	1	7	tags	\N	\N	\N	1
141	1	7	authors	\N	\N	1	\N
142	1	10	relatedPosts	2	\N	\N	\N
143	2	10	relatedPosts	4	\N	\N	\N
144	3	10	relatedPosts	7	\N	\N	\N
145	1	10	categories	\N	2	\N	\N
146	2	10	categories	\N	1	\N	\N
147	3	10	categories	\N	3	\N	\N
148	1	10	tags	\N	\N	\N	1
149	2	10	tags	\N	\N	\N	3
150	3	10	tags	\N	\N	\N	2
151	1	10	authors	\N	\N	1	\N
\.


--
-- Data for Name: tags; Type: TABLE DATA; Schema: public; Owner: -
--

COPY public.tags (id, title, slug, slug_lock, updated_at, created_at) FROM stdin;
1	recursos	recursos	f	2025-10-27 09:57:29.846+01	2025-10-27 09:57:29.846+01
2	tips	tips	f	2025-10-29 19:06:15.436+01	2025-10-29 19:06:15.436+01
3	descargable	descargable	f	2025-10-29 19:06:43.907+01	2025-10-29 19:06:43.907+01
\.


--
-- Data for Name: users; Type: TABLE DATA; Schema: public; Owner: -
--

COPY public.users (id, updated_at, created_at, email, reset_password_token, reset_password_expiration, salt, hash, login_attempts, lock_until, name, avatar_id) FROM stdin;
1	2025-12-02 17:27:55.163+01	2025-10-21 16:18:40.478+02	contacto@educarsano.com	\N	\N	3738151b443440f1afed1ab29b7698a07b6e5bc40a9318f910657a1894603925	f428810cec1e4ed8fd238310fe1c03e1f5bfdbb58aeb4df97458363d2774970b45aaa7c32a1d8c2f0b95ea3a8a47f09a21f7ebd3b574369ddd5a297aaf62baecb57e26fb4ee841fced65d9e8099d5fa4c636d6abf73ec1855ca88e68c6a8f0efe00ff00cbefd7d02a78c3e5a2d255ee6e1b4117d5813b25179fd9b5a67dfd03e0ffe4715369c5c2f3ea12ad0f4f8c9f874ec98105899fc455a144c270d31b5cdeb67a4641b4668c4c12451ee7eaf7905042656fe6da9e973a90fb053ca7d4ce3b21f68f419bfe623067625adb214d3660706ede7d997e822f1316bbe54f52a85c5b05342662a6812b992aa7414a0424de85d19734b177b9361be7b1d0584806324b57ecadaf6327d3c4c1adad32e0f10010694819601ae9f7968fcd4709a67fdac894c9083fa57e3ca58c11766c016185e5ba2c84b5538bf4e36a2e066e581fbc7738ea64cc2a60449433f019f5abfe8ec3191a0481bc7e0bb73f5205fe6f08094527fbc41fa1bfd8e52da5b7af31a2bd321ebc53824dd37ea42cf159bb2c57762e068fcd9ee74faed55a12bfd2c15cdad48f0ae093699f654a3ae3a62daf32e6f150321dbdfe78172d5c1ae74e77fb1d6baabbf7070c9ca85904b5cfb89a21818085b2214041f68ebf3782c7d3a9120618b78ec0df44b45613c299079ac1a0468bcf771e9cb59532e39cfee39575178893405d703d889e733c5678bb44932eb	0	\N	Ane	69
2	2025-12-01 17:18:16.288+01	2025-10-31 10:56:07.261+01	josebaquerejetawork@gmail.com	\N	\N	e65a2e44f04de92a908662656b1a8037821410417c6ee079c83de9c0fc8af03c	5121741fe6c9db293d7e092da2a74fd3eb15fd8a6b446b7c3294ac17212fd7a7de8d8a3352e4ccff8ea698ec6e81251bf7f55b4dc84e27ab2e0f31bd59a36a5a9e8e3ee87259bafbbde42d4f591f70eea9cbfa869cbdd5b4ae69bb3ffed66240b1b070beefb9bdcb378595566cfb7fa2ae7d7c009e5631a85ef1772ebf99e9b0d5d369c3d7b1d6ccbf1950b92591ccb1225ad0097bb3b6dbf424e6d0dbd7c0e4133b0d703c5361d3b57c2f68a9b228464520235aa9a4a85b1a9794538d591dfdefaf1ac95a81210e4c15c11dc18583070722a96b45fd860419b56cae34cca5d9f0c242af22b6e97a77b20689773de1b519ecb48843e39f2a8b33000c047955be61791a1338013c55d1ec33a02f0cf5433abbb7d19babfbb2b7ef38d7cf69979771dd0a58c932a3a58cd6e2b9f9bdaf78ca49035c2298a9ed575aaab2922b3267cc373ba3b5ca2e13229dc2a919566783a0926a11883a9283874c8c88c561fc0b592e8b672a0241b8b484edf0f6c004cb37ef30ce17194be162a95592dcedf7fd7152ae7dda717c175c410632551ee3caac6b222afdc491e63dc5bfea1c16b26b85bfebeb3b1dd1465ba1dde44009fe258bb000658ba2b0546d9939448b3ea2e0d3e4b976a48de0fe15198650a4d33d5f3a9691169da6538afcf7a9a0edb97b9714b112fa10674d9fd07c9f59fcf304dce16eb1103ac05f18a0f4ad2cab17f534	0	\N	Admin	\N
3	2025-11-04 20:34:12.757+01	2025-10-31 13:35:26.943+01	editar@gmail.com	\N	\N	7010174391b5fb47671276335a1b4d6791b3f782495c425e4559ebd491eade14	ec04c74d112d2fc21267d82f3b2076dd1192db4d8907bf952260c23239cbcd681c515c69f5bc40f67752aa30e73c6b6128a48fa030489b39f52e1ea7387d243f0cbb7a565fb650936ff197ae65f543d12507f5be7d85a4baec76f4a380f71ed215f81dd187301e248bcbfac3fb978a856d5bfcb49ee5ead78f418e8505ba3a2f8e1ff52a480d0fc29497d8fbe7ed262084c561df7d1259536c4f8cfbcb4ba70fa6ac2d503a1838486b344595cf492715fb182cecc59abe36a02a3cd93ee09e23fd5cb912b94910b3d932d4e949758070adb688663c98dc8bf14dd99ac7e44631bbad3927d846abfeb44b0b250185d06094e3c33f835f4ce272ed7afd330831f7f708bed8ce580a21a0f97a6eba951373826a2a5b2b0842599035f3f66614c22facb6d72dcbe44944f8d995632f27e05ba9515817a8f23dfe80b03ab52596a310d23281ac77a8e52cdfe0a91108ece3f3345b78b4244367068b376617c66f985d6896a61c5e23c4ab0165251fd1f458ab2461e041322691d8dc5ff073c59679e40314151766b4ab4737939ab70cd017254293cc860ac5d91a7f2ed18c9e647eeb05d4594253297f8f22dd4e1be8468c6282db795544d9371e7c1b3afa430232c58eda440b368f51b87ee7f2ce985c79b3b756770bbde249414e947a0e3206d820f08f7154e6faad5bc5f5afce48b3f2a98f265b3bf24c4312167ebb39f91219f2	0	\N	Invitado	\N
\.


--
-- Data for Name: users_roles; Type: TABLE DATA; Schema: public; Owner: -
--

COPY public.users_roles ("order", parent_id, value, id) FROM stdin;
1	3	guest	19
1	1	user	188
1	2	admin	189
\.


--
-- Data for Name: users_sessions; Type: TABLE DATA; Schema: public; Owner: -
--

COPY public.users_sessions (_order, _parent_id, id, created_at, expires_at) FROM stdin;
1	2	c9b60eaa-679a-42cf-a978-0e9cbcde1a13	2025-12-11 17:19:25.04+01	2025-12-11 19:19:25.04+01
\.


--
-- Data for Name: videos; Type: TABLE DATA; Schema: public; Owner: -
--

COPY public.videos (id, title, duration, prefix, updated_at, created_at, url, thumbnail_u_r_l, filename, mime_type, filesize, width, height, focal_x, focal_y) FROM stdin;
\.


--
-- Name: _pages_v_blocks_box_content_boxes_id_seq; Type: SEQUENCE SET; Schema: public; Owner: -
--

SELECT pg_catalog.setval('public._pages_v_blocks_box_content_boxes_id_seq', 1626, true);


--
-- Name: _pages_v_blocks_box_content_id_seq; Type: SEQUENCE SET; Schema: public; Owner: -
--

SELECT pg_catalog.setval('public._pages_v_blocks_box_content_id_seq', 549, true);


--
-- Name: _pages_v_blocks_content_id_seq; Type: SEQUENCE SET; Schema: public; Owner: -
--

SELECT pg_catalog.setval('public._pages_v_blocks_content_id_seq', 4947, true);


--
-- Name: _pages_v_blocks_cta_id_seq; Type: SEQUENCE SET; Schema: public; Owner: -
--

SELECT pg_catalog.setval('public._pages_v_blocks_cta_id_seq', 901, true);


--
-- Name: _pages_v_blocks_cta_links_id_seq; Type: SEQUENCE SET; Schema: public; Owner: -
--

SELECT pg_catalog.setval('public._pages_v_blocks_cta_links_id_seq', 1770, true);


--
-- Name: _pages_v_blocks_form_block_id_seq; Type: SEQUENCE SET; Schema: public; Owner: -
--

SELECT pg_catalog.setval('public._pages_v_blocks_form_block_id_seq', 735, true);


--
-- Name: _pages_v_blocks_frequently_questions_block_id_seq; Type: SEQUENCE SET; Schema: public; Owner: -
--

SELECT pg_catalog.setval('public._pages_v_blocks_frequently_questions_block_id_seq', 70, true);


--
-- Name: _pages_v_blocks_frequently_questions_block_questions_id_seq; Type: SEQUENCE SET; Schema: public; Owner: -
--

SELECT pg_catalog.setval('public._pages_v_blocks_frequently_questions_block_questions_id_seq', 201, true);


--
-- Name: _pages_v_blocks_list_content_blocks_id_seq; Type: SEQUENCE SET; Schema: public; Owner: -
--

SELECT pg_catalog.setval('public._pages_v_blocks_list_content_blocks_id_seq', 1054, true);


--
-- Name: _pages_v_blocks_list_content_id_seq; Type: SEQUENCE SET; Schema: public; Owner: -
--

SELECT pg_catalog.setval('public._pages_v_blocks_list_content_id_seq', 1214, true);


--
-- Name: _pages_v_blocks_media_block_id_seq; Type: SEQUENCE SET; Schema: public; Owner: -
--

SELECT pg_catalog.setval('public._pages_v_blocks_media_block_id_seq', 1, false);


--
-- Name: _pages_v_blocks_post_carousel_block_id_seq; Type: SEQUENCE SET; Schema: public; Owner: -
--

SELECT pg_catalog.setval('public._pages_v_blocks_post_carousel_block_id_seq', 547, true);


--
-- Name: _pages_v_blocks_quote_block_id_seq; Type: SEQUENCE SET; Schema: public; Owner: -
--

SELECT pg_catalog.setval('public._pages_v_blocks_quote_block_id_seq', 158, true);


--
-- Name: _pages_v_blocks_quote_block_links_id_seq; Type: SEQUENCE SET; Schema: public; Owner: -
--

SELECT pg_catalog.setval('public._pages_v_blocks_quote_block_links_id_seq', 303, true);


--
-- Name: _pages_v_blocks_service_accordions_id_seq; Type: SEQUENCE SET; Schema: public; Owner: -
--

SELECT pg_catalog.setval('public._pages_v_blocks_service_accordions_id_seq', 120, true);


--
-- Name: _pages_v_blocks_service_id_seq; Type: SEQUENCE SET; Schema: public; Owner: -
--

SELECT pg_catalog.setval('public._pages_v_blocks_service_id_seq', 544, true);


--
-- Name: _pages_v_blocks_service_list_block_blocks_id_seq; Type: SEQUENCE SET; Schema: public; Owner: -
--

SELECT pg_catalog.setval('public._pages_v_blocks_service_list_block_blocks_id_seq', 1135, true);


--
-- Name: _pages_v_blocks_service_list_block_id_seq; Type: SEQUENCE SET; Schema: public; Owner: -
--

SELECT pg_catalog.setval('public._pages_v_blocks_service_list_block_id_seq', 160, true);


--
-- Name: _pages_v_blocks_simple_list_content_blocks_id_seq; Type: SEQUENCE SET; Schema: public; Owner: -
--

SELECT pg_catalog.setval('public._pages_v_blocks_simple_list_content_blocks_id_seq', 8062, true);


--
-- Name: _pages_v_blocks_simple_list_content_id_seq; Type: SEQUENCE SET; Schema: public; Owner: -
--

SELECT pg_catalog.setval('public._pages_v_blocks_simple_list_content_id_seq', 1244, true);


--
-- Name: _pages_v_blocks_social_id_seq; Type: SEQUENCE SET; Schema: public; Owner: -
--

SELECT pg_catalog.setval('public._pages_v_blocks_social_id_seq', 1, false);


--
-- Name: _pages_v_blocks_social_rrss_id_seq; Type: SEQUENCE SET; Schema: public; Owner: -
--

SELECT pg_catalog.setval('public._pages_v_blocks_social_rrss_id_seq', 1, false);


--
-- Name: _pages_v_id_seq; Type: SEQUENCE SET; Schema: public; Owner: -
--

SELECT pg_catalog.setval('public._pages_v_id_seq', 874, true);


--
-- Name: _pages_v_rels_id_seq; Type: SEQUENCE SET; Schema: public; Owner: -
--

SELECT pg_catalog.setval('public._pages_v_rels_id_seq', 5105, true);


--
-- Name: _pages_v_version_hero_links_id_seq; Type: SEQUENCE SET; Schema: public; Owner: -
--

SELECT pg_catalog.setval('public._pages_v_version_hero_links_id_seq', 2986, true);


--
-- Name: _posts_v_id_seq; Type: SEQUENCE SET; Schema: public; Owner: -
--

SELECT pg_catalog.setval('public._posts_v_id_seq', 89, true);


--
-- Name: _posts_v_rels_id_seq; Type: SEQUENCE SET; Schema: public; Owner: -
--

SELECT pg_catalog.setval('public._posts_v_rels_id_seq', 814, true);


--
-- Name: _posts_v_version_populated_authors_id_seq; Type: SEQUENCE SET; Schema: public; Owner: -
--

SELECT pg_catalog.setval('public._posts_v_version_populated_authors_id_seq', 1, false);


--
-- Name: categories_id_seq; Type: SEQUENCE SET; Schema: public; Owner: -
--

SELECT pg_catalog.setval('public.categories_id_seq', 3, true);


--
-- Name: documents_id_seq; Type: SEQUENCE SET; Schema: public; Owner: -
--

SELECT pg_catalog.setval('public.documents_id_seq', 10, true);


--
-- Name: footer_id_seq; Type: SEQUENCE SET; Schema: public; Owner: -
--

SELECT pg_catalog.setval('public.footer_id_seq', 1, true);


--
-- Name: footer_rels_id_seq; Type: SEQUENCE SET; Schema: public; Owner: -
--

SELECT pg_catalog.setval('public.footer_rels_id_seq', 40, true);


--
-- Name: form_submissions_id_seq; Type: SEQUENCE SET; Schema: public; Owner: -
--

SELECT pg_catalog.setval('public.form_submissions_id_seq', 1, false);


--
-- Name: forms_id_seq; Type: SEQUENCE SET; Schema: public; Owner: -
--

SELECT pg_catalog.setval('public.forms_id_seq', 1, true);


--
-- Name: header_id_seq; Type: SEQUENCE SET; Schema: public; Owner: -
--

SELECT pg_catalog.setval('public.header_id_seq', 1, true);


--
-- Name: header_rels_id_seq; Type: SEQUENCE SET; Schema: public; Owner: -
--

SELECT pg_catalog.setval('public.header_rels_id_seq', 222, true);


--
-- Name: media_id_seq; Type: SEQUENCE SET; Schema: public; Owner: -
--

SELECT pg_catalog.setval('public.media_id_seq', 123, true);


--
-- Name: pages_id_seq; Type: SEQUENCE SET; Schema: public; Owner: -
--

SELECT pg_catalog.setval('public.pages_id_seq', 9, true);


--
-- Name: pages_rels_id_seq; Type: SEQUENCE SET; Schema: public; Owner: -
--

SELECT pg_catalog.setval('public.pages_rels_id_seq', 2389, true);


--
-- Name: payload_jobs_id_seq; Type: SEQUENCE SET; Schema: public; Owner: -
--

SELECT pg_catalog.setval('public.payload_jobs_id_seq', 1, false);


--
-- Name: payload_kv_id_seq; Type: SEQUENCE SET; Schema: public; Owner: -
--

SELECT pg_catalog.setval('public.payload_kv_id_seq', 1, false);


--
-- Name: payload_locked_documents_id_seq; Type: SEQUENCE SET; Schema: public; Owner: -
--

SELECT pg_catalog.setval('public.payload_locked_documents_id_seq', 1608, true);


--
-- Name: payload_locked_documents_rels_id_seq; Type: SEQUENCE SET; Schema: public; Owner: -
--

SELECT pg_catalog.setval('public.payload_locked_documents_rels_id_seq', 3181, true);


--
-- Name: payload_migrations_id_seq; Type: SEQUENCE SET; Schema: public; Owner: -
--

SELECT pg_catalog.setval('public.payload_migrations_id_seq', 1, true);


--
-- Name: payload_preferences_id_seq; Type: SEQUENCE SET; Schema: public; Owner: -
--

SELECT pg_catalog.setval('public.payload_preferences_id_seq', 49, true);


--
-- Name: payload_preferences_rels_id_seq; Type: SEQUENCE SET; Schema: public; Owner: -
--

SELECT pg_catalog.setval('public.payload_preferences_rels_id_seq', 1188, true);


--
-- Name: posts_id_seq; Type: SEQUENCE SET; Schema: public; Owner: -
--

SELECT pg_catalog.setval('public.posts_id_seq', 10, true);


--
-- Name: posts_rels_id_seq; Type: SEQUENCE SET; Schema: public; Owner: -
--

SELECT pg_catalog.setval('public.posts_rels_id_seq', 159, true);


--
-- Name: tags_id_seq; Type: SEQUENCE SET; Schema: public; Owner: -
--

SELECT pg_catalog.setval('public.tags_id_seq', 3, true);


--
-- Name: users_id_seq; Type: SEQUENCE SET; Schema: public; Owner: -
--

SELECT pg_catalog.setval('public.users_id_seq', 3, true);


--
-- Name: users_roles_id_seq; Type: SEQUENCE SET; Schema: public; Owner: -
--

SELECT pg_catalog.setval('public.users_roles_id_seq', 189, true);


--
-- Name: videos_id_seq; Type: SEQUENCE SET; Schema: public; Owner: -
--

SELECT pg_catalog.setval('public.videos_id_seq', 1, false);


--
-- Name: _pages_v_blocks_box_content_boxes _pages_v_blocks_box_content_boxes_pkey; Type: CONSTRAINT; Schema: public; Owner: -
--

ALTER TABLE ONLY public._pages_v_blocks_box_content_boxes
    ADD CONSTRAINT _pages_v_blocks_box_content_boxes_pkey PRIMARY KEY (id);


--
-- Name: _pages_v_blocks_box_content _pages_v_blocks_box_content_pkey; Type: CONSTRAINT; Schema: public; Owner: -
--

ALTER TABLE ONLY public._pages_v_blocks_box_content
    ADD CONSTRAINT _pages_v_blocks_box_content_pkey PRIMARY KEY (id);


--
-- Name: _pages_v_blocks_content _pages_v_blocks_content_pkey; Type: CONSTRAINT; Schema: public; Owner: -
--

ALTER TABLE ONLY public._pages_v_blocks_content
    ADD CONSTRAINT _pages_v_blocks_content_pkey PRIMARY KEY (id);


--
-- Name: _pages_v_blocks_cta_links _pages_v_blocks_cta_links_pkey; Type: CONSTRAINT; Schema: public; Owner: -
--

ALTER TABLE ONLY public._pages_v_blocks_cta_links
    ADD CONSTRAINT _pages_v_blocks_cta_links_pkey PRIMARY KEY (id);


--
-- Name: _pages_v_blocks_cta _pages_v_blocks_cta_pkey; Type: CONSTRAINT; Schema: public; Owner: -
--

ALTER TABLE ONLY public._pages_v_blocks_cta
    ADD CONSTRAINT _pages_v_blocks_cta_pkey PRIMARY KEY (id);


--
-- Name: _pages_v_blocks_form_block _pages_v_blocks_form_block_pkey; Type: CONSTRAINT; Schema: public; Owner: -
--

ALTER TABLE ONLY public._pages_v_blocks_form_block
    ADD CONSTRAINT _pages_v_blocks_form_block_pkey PRIMARY KEY (id);


--
-- Name: _pages_v_blocks_frequently_questions_block _pages_v_blocks_frequently_questions_block_pkey; Type: CONSTRAINT; Schema: public; Owner: -
--

ALTER TABLE ONLY public._pages_v_blocks_frequently_questions_block
    ADD CONSTRAINT _pages_v_blocks_frequently_questions_block_pkey PRIMARY KEY (id);


--
-- Name: _pages_v_blocks_frequently_questions_block_questions _pages_v_blocks_frequently_questions_block_questions_pkey; Type: CONSTRAINT; Schema: public; Owner: -
--

ALTER TABLE ONLY public._pages_v_blocks_frequently_questions_block_questions
    ADD CONSTRAINT _pages_v_blocks_frequently_questions_block_questions_pkey PRIMARY KEY (id);


--
-- Name: _pages_v_blocks_list_content_blocks _pages_v_blocks_list_content_blocks_pkey; Type: CONSTRAINT; Schema: public; Owner: -
--

ALTER TABLE ONLY public._pages_v_blocks_list_content_blocks
    ADD CONSTRAINT _pages_v_blocks_list_content_blocks_pkey PRIMARY KEY (id);


--
-- Name: _pages_v_blocks_list_content _pages_v_blocks_list_content_pkey; Type: CONSTRAINT; Schema: public; Owner: -
--

ALTER TABLE ONLY public._pages_v_blocks_list_content
    ADD CONSTRAINT _pages_v_blocks_list_content_pkey PRIMARY KEY (id);


--
-- Name: _pages_v_blocks_media_block _pages_v_blocks_media_block_pkey; Type: CONSTRAINT; Schema: public; Owner: -
--

ALTER TABLE ONLY public._pages_v_blocks_media_block
    ADD CONSTRAINT _pages_v_blocks_media_block_pkey PRIMARY KEY (id);


--
-- Name: _pages_v_blocks_post_carousel_block _pages_v_blocks_post_carousel_block_pkey; Type: CONSTRAINT; Schema: public; Owner: -
--

ALTER TABLE ONLY public._pages_v_blocks_post_carousel_block
    ADD CONSTRAINT _pages_v_blocks_post_carousel_block_pkey PRIMARY KEY (id);


--
-- Name: _pages_v_blocks_quote_block_links _pages_v_blocks_quote_block_links_pkey; Type: CONSTRAINT; Schema: public; Owner: -
--

ALTER TABLE ONLY public._pages_v_blocks_quote_block_links
    ADD CONSTRAINT _pages_v_blocks_quote_block_links_pkey PRIMARY KEY (id);


--
-- Name: _pages_v_blocks_quote_block _pages_v_blocks_quote_block_pkey; Type: CONSTRAINT; Schema: public; Owner: -
--

ALTER TABLE ONLY public._pages_v_blocks_quote_block
    ADD CONSTRAINT _pages_v_blocks_quote_block_pkey PRIMARY KEY (id);


--
-- Name: _pages_v_blocks_service_accordions _pages_v_blocks_service_accordions_pkey; Type: CONSTRAINT; Schema: public; Owner: -
--

ALTER TABLE ONLY public._pages_v_blocks_service_accordions
    ADD CONSTRAINT _pages_v_blocks_service_accordions_pkey PRIMARY KEY (id);


--
-- Name: _pages_v_blocks_service_list_block_blocks _pages_v_blocks_service_list_block_blocks_pkey; Type: CONSTRAINT; Schema: public; Owner: -
--

ALTER TABLE ONLY public._pages_v_blocks_service_list_block_blocks
    ADD CONSTRAINT _pages_v_blocks_service_list_block_blocks_pkey PRIMARY KEY (id);


--
-- Name: _pages_v_blocks_service_list_block _pages_v_blocks_service_list_block_pkey; Type: CONSTRAINT; Schema: public; Owner: -
--

ALTER TABLE ONLY public._pages_v_blocks_service_list_block
    ADD CONSTRAINT _pages_v_blocks_service_list_block_pkey PRIMARY KEY (id);


--
-- Name: _pages_v_blocks_service _pages_v_blocks_service_pkey; Type: CONSTRAINT; Schema: public; Owner: -
--

ALTER TABLE ONLY public._pages_v_blocks_service
    ADD CONSTRAINT _pages_v_blocks_service_pkey PRIMARY KEY (id);


--
-- Name: _pages_v_blocks_simple_list_content_blocks _pages_v_blocks_simple_list_content_blocks_pkey; Type: CONSTRAINT; Schema: public; Owner: -
--

ALTER TABLE ONLY public._pages_v_blocks_simple_list_content_blocks
    ADD CONSTRAINT _pages_v_blocks_simple_list_content_blocks_pkey PRIMARY KEY (id);


--
-- Name: _pages_v_blocks_simple_list_content _pages_v_blocks_simple_list_content_pkey; Type: CONSTRAINT; Schema: public; Owner: -
--

ALTER TABLE ONLY public._pages_v_blocks_simple_list_content
    ADD CONSTRAINT _pages_v_blocks_simple_list_content_pkey PRIMARY KEY (id);


--
-- Name: _pages_v_blocks_social _pages_v_blocks_social_pkey; Type: CONSTRAINT; Schema: public; Owner: -
--

ALTER TABLE ONLY public._pages_v_blocks_social
    ADD CONSTRAINT _pages_v_blocks_social_pkey PRIMARY KEY (id);


--
-- Name: _pages_v_blocks_social_rrss _pages_v_blocks_social_rrss_pkey; Type: CONSTRAINT; Schema: public; Owner: -
--

ALTER TABLE ONLY public._pages_v_blocks_social_rrss
    ADD CONSTRAINT _pages_v_blocks_social_rrss_pkey PRIMARY KEY (id);


--
-- Name: _pages_v _pages_v_pkey; Type: CONSTRAINT; Schema: public; Owner: -
--

ALTER TABLE ONLY public._pages_v
    ADD CONSTRAINT _pages_v_pkey PRIMARY KEY (id);


--
-- Name: _pages_v_rels _pages_v_rels_pkey; Type: CONSTRAINT; Schema: public; Owner: -
--

ALTER TABLE ONLY public._pages_v_rels
    ADD CONSTRAINT _pages_v_rels_pkey PRIMARY KEY (id);


--
-- Name: _pages_v_version_hero_links _pages_v_version_hero_links_pkey; Type: CONSTRAINT; Schema: public; Owner: -
--

ALTER TABLE ONLY public._pages_v_version_hero_links
    ADD CONSTRAINT _pages_v_version_hero_links_pkey PRIMARY KEY (id);


--
-- Name: _posts_v _posts_v_pkey; Type: CONSTRAINT; Schema: public; Owner: -
--

ALTER TABLE ONLY public._posts_v
    ADD CONSTRAINT _posts_v_pkey PRIMARY KEY (id);


--
-- Name: _posts_v_rels _posts_v_rels_pkey; Type: CONSTRAINT; Schema: public; Owner: -
--

ALTER TABLE ONLY public._posts_v_rels
    ADD CONSTRAINT _posts_v_rels_pkey PRIMARY KEY (id);


--
-- Name: _posts_v_version_populated_authors _posts_v_version_populated_authors_pkey; Type: CONSTRAINT; Schema: public; Owner: -
--

ALTER TABLE ONLY public._posts_v_version_populated_authors
    ADD CONSTRAINT _posts_v_version_populated_authors_pkey PRIMARY KEY (id);


--
-- Name: categories categories_pkey; Type: CONSTRAINT; Schema: public; Owner: -
--

ALTER TABLE ONLY public.categories
    ADD CONSTRAINT categories_pkey PRIMARY KEY (id);


--
-- Name: documents documents_pkey; Type: CONSTRAINT; Schema: public; Owner: -
--

ALTER TABLE ONLY public.documents
    ADD CONSTRAINT documents_pkey PRIMARY KEY (id);


--
-- Name: footer_nav_items footer_nav_items_pkey; Type: CONSTRAINT; Schema: public; Owner: -
--

ALTER TABLE ONLY public.footer_nav_items
    ADD CONSTRAINT footer_nav_items_pkey PRIMARY KEY (id);


--
-- Name: footer footer_pkey; Type: CONSTRAINT; Schema: public; Owner: -
--

ALTER TABLE ONLY public.footer
    ADD CONSTRAINT footer_pkey PRIMARY KEY (id);


--
-- Name: footer_rels footer_rels_pkey; Type: CONSTRAINT; Schema: public; Owner: -
--

ALTER TABLE ONLY public.footer_rels
    ADD CONSTRAINT footer_rels_pkey PRIMARY KEY (id);


--
-- Name: form_submissions form_submissions_pkey; Type: CONSTRAINT; Schema: public; Owner: -
--

ALTER TABLE ONLY public.form_submissions
    ADD CONSTRAINT form_submissions_pkey PRIMARY KEY (id);


--
-- Name: form_submissions_submission_data form_submissions_submission_data_pkey; Type: CONSTRAINT; Schema: public; Owner: -
--

ALTER TABLE ONLY public.form_submissions_submission_data
    ADD CONSTRAINT form_submissions_submission_data_pkey PRIMARY KEY (id);


--
-- Name: forms_blocks_checkbox forms_blocks_checkbox_pkey; Type: CONSTRAINT; Schema: public; Owner: -
--

ALTER TABLE ONLY public.forms_blocks_checkbox
    ADD CONSTRAINT forms_blocks_checkbox_pkey PRIMARY KEY (id);


--
-- Name: forms_blocks_email forms_blocks_email_pkey; Type: CONSTRAINT; Schema: public; Owner: -
--

ALTER TABLE ONLY public.forms_blocks_email
    ADD CONSTRAINT forms_blocks_email_pkey PRIMARY KEY (id);


--
-- Name: forms_blocks_message forms_blocks_message_pkey; Type: CONSTRAINT; Schema: public; Owner: -
--

ALTER TABLE ONLY public.forms_blocks_message
    ADD CONSTRAINT forms_blocks_message_pkey PRIMARY KEY (id);


--
-- Name: forms_blocks_radio_options forms_blocks_radio_options_pkey; Type: CONSTRAINT; Schema: public; Owner: -
--

ALTER TABLE ONLY public.forms_blocks_radio_options
    ADD CONSTRAINT forms_blocks_radio_options_pkey PRIMARY KEY (id);


--
-- Name: forms_blocks_radio forms_blocks_radio_pkey; Type: CONSTRAINT; Schema: public; Owner: -
--

ALTER TABLE ONLY public.forms_blocks_radio
    ADD CONSTRAINT forms_blocks_radio_pkey PRIMARY KEY (id);


--
-- Name: forms_blocks_select_options forms_blocks_select_options_pkey; Type: CONSTRAINT; Schema: public; Owner: -
--

ALTER TABLE ONLY public.forms_blocks_select_options
    ADD CONSTRAINT forms_blocks_select_options_pkey PRIMARY KEY (id);


--
-- Name: forms_blocks_select forms_blocks_select_pkey; Type: CONSTRAINT; Schema: public; Owner: -
--

ALTER TABLE ONLY public.forms_blocks_select
    ADD CONSTRAINT forms_blocks_select_pkey PRIMARY KEY (id);


--
-- Name: forms_blocks_text forms_blocks_text_pkey; Type: CONSTRAINT; Schema: public; Owner: -
--

ALTER TABLE ONLY public.forms_blocks_text
    ADD CONSTRAINT forms_blocks_text_pkey PRIMARY KEY (id);


--
-- Name: forms_blocks_textarea forms_blocks_textarea_pkey; Type: CONSTRAINT; Schema: public; Owner: -
--

ALTER TABLE ONLY public.forms_blocks_textarea
    ADD CONSTRAINT forms_blocks_textarea_pkey PRIMARY KEY (id);


--
-- Name: forms_emails forms_emails_pkey; Type: CONSTRAINT; Schema: public; Owner: -
--

ALTER TABLE ONLY public.forms_emails
    ADD CONSTRAINT forms_emails_pkey PRIMARY KEY (id);


--
-- Name: forms forms_pkey; Type: CONSTRAINT; Schema: public; Owner: -
--

ALTER TABLE ONLY public.forms
    ADD CONSTRAINT forms_pkey PRIMARY KEY (id);


--
-- Name: header_nav_items_nav_links_items header_nav_items_nav_links_items_pkey; Type: CONSTRAINT; Schema: public; Owner: -
--

ALTER TABLE ONLY public.header_nav_items_nav_links_items
    ADD CONSTRAINT header_nav_items_nav_links_items_pkey PRIMARY KEY (id);


--
-- Name: header_nav_items_nav_links_items_sub_items header_nav_items_nav_links_items_sub_items_pkey; Type: CONSTRAINT; Schema: public; Owner: -
--

ALTER TABLE ONLY public.header_nav_items_nav_links_items_sub_items
    ADD CONSTRAINT header_nav_items_nav_links_items_sub_items_pkey PRIMARY KEY (id);


--
-- Name: header_nav_items_nav_links header_nav_items_nav_links_pkey; Type: CONSTRAINT; Schema: public; Owner: -
--

ALTER TABLE ONLY public.header_nav_items_nav_links
    ADD CONSTRAINT header_nav_items_nav_links_pkey PRIMARY KEY (id);


--
-- Name: header_nav_items header_nav_items_pkey; Type: CONSTRAINT; Schema: public; Owner: -
--

ALTER TABLE ONLY public.header_nav_items
    ADD CONSTRAINT header_nav_items_pkey PRIMARY KEY (id);


--
-- Name: header header_pkey; Type: CONSTRAINT; Schema: public; Owner: -
--

ALTER TABLE ONLY public.header
    ADD CONSTRAINT header_pkey PRIMARY KEY (id);


--
-- Name: header_rels header_rels_pkey; Type: CONSTRAINT; Schema: public; Owner: -
--

ALTER TABLE ONLY public.header_rels
    ADD CONSTRAINT header_rels_pkey PRIMARY KEY (id);


--
-- Name: media media_pkey; Type: CONSTRAINT; Schema: public; Owner: -
--

ALTER TABLE ONLY public.media
    ADD CONSTRAINT media_pkey PRIMARY KEY (id);


--
-- Name: pages_blocks_box_content_boxes pages_blocks_box_content_boxes_pkey; Type: CONSTRAINT; Schema: public; Owner: -
--

ALTER TABLE ONLY public.pages_blocks_box_content_boxes
    ADD CONSTRAINT pages_blocks_box_content_boxes_pkey PRIMARY KEY (id);


--
-- Name: pages_blocks_box_content pages_blocks_box_content_pkey; Type: CONSTRAINT; Schema: public; Owner: -
--

ALTER TABLE ONLY public.pages_blocks_box_content
    ADD CONSTRAINT pages_blocks_box_content_pkey PRIMARY KEY (id);


--
-- Name: pages_blocks_content pages_blocks_content_pkey; Type: CONSTRAINT; Schema: public; Owner: -
--

ALTER TABLE ONLY public.pages_blocks_content
    ADD CONSTRAINT pages_blocks_content_pkey PRIMARY KEY (id);


--
-- Name: pages_blocks_cta_links pages_blocks_cta_links_pkey; Type: CONSTRAINT; Schema: public; Owner: -
--

ALTER TABLE ONLY public.pages_blocks_cta_links
    ADD CONSTRAINT pages_blocks_cta_links_pkey PRIMARY KEY (id);


--
-- Name: pages_blocks_cta pages_blocks_cta_pkey; Type: CONSTRAINT; Schema: public; Owner: -
--

ALTER TABLE ONLY public.pages_blocks_cta
    ADD CONSTRAINT pages_blocks_cta_pkey PRIMARY KEY (id);


--
-- Name: pages_blocks_form_block pages_blocks_form_block_pkey; Type: CONSTRAINT; Schema: public; Owner: -
--

ALTER TABLE ONLY public.pages_blocks_form_block
    ADD CONSTRAINT pages_blocks_form_block_pkey PRIMARY KEY (id);


--
-- Name: pages_blocks_frequently_questions_block pages_blocks_frequently_questions_block_pkey; Type: CONSTRAINT; Schema: public; Owner: -
--

ALTER TABLE ONLY public.pages_blocks_frequently_questions_block
    ADD CONSTRAINT pages_blocks_frequently_questions_block_pkey PRIMARY KEY (id);


--
-- Name: pages_blocks_frequently_questions_block_questions pages_blocks_frequently_questions_block_questions_pkey; Type: CONSTRAINT; Schema: public; Owner: -
--

ALTER TABLE ONLY public.pages_blocks_frequently_questions_block_questions
    ADD CONSTRAINT pages_blocks_frequently_questions_block_questions_pkey PRIMARY KEY (id);


--
-- Name: pages_blocks_list_content_blocks pages_blocks_list_content_blocks_pkey; Type: CONSTRAINT; Schema: public; Owner: -
--

ALTER TABLE ONLY public.pages_blocks_list_content_blocks
    ADD CONSTRAINT pages_blocks_list_content_blocks_pkey PRIMARY KEY (id);


--
-- Name: pages_blocks_list_content pages_blocks_list_content_pkey; Type: CONSTRAINT; Schema: public; Owner: -
--

ALTER TABLE ONLY public.pages_blocks_list_content
    ADD CONSTRAINT pages_blocks_list_content_pkey PRIMARY KEY (id);


--
-- Name: pages_blocks_media_block pages_blocks_media_block_pkey; Type: CONSTRAINT; Schema: public; Owner: -
--

ALTER TABLE ONLY public.pages_blocks_media_block
    ADD CONSTRAINT pages_blocks_media_block_pkey PRIMARY KEY (id);


--
-- Name: pages_blocks_post_carousel_block pages_blocks_post_carousel_block_pkey; Type: CONSTRAINT; Schema: public; Owner: -
--

ALTER TABLE ONLY public.pages_blocks_post_carousel_block
    ADD CONSTRAINT pages_blocks_post_carousel_block_pkey PRIMARY KEY (id);


--
-- Name: pages_blocks_quote_block_links pages_blocks_quote_block_links_pkey; Type: CONSTRAINT; Schema: public; Owner: -
--

ALTER TABLE ONLY public.pages_blocks_quote_block_links
    ADD CONSTRAINT pages_blocks_quote_block_links_pkey PRIMARY KEY (id);


--
-- Name: pages_blocks_quote_block pages_blocks_quote_block_pkey; Type: CONSTRAINT; Schema: public; Owner: -
--

ALTER TABLE ONLY public.pages_blocks_quote_block
    ADD CONSTRAINT pages_blocks_quote_block_pkey PRIMARY KEY (id);


--
-- Name: pages_blocks_service_accordions pages_blocks_service_accordions_pkey; Type: CONSTRAINT; Schema: public; Owner: -
--

ALTER TABLE ONLY public.pages_blocks_service_accordions
    ADD CONSTRAINT pages_blocks_service_accordions_pkey PRIMARY KEY (id);


--
-- Name: pages_blocks_service_list_block_blocks pages_blocks_service_list_block_blocks_pkey; Type: CONSTRAINT; Schema: public; Owner: -
--

ALTER TABLE ONLY public.pages_blocks_service_list_block_blocks
    ADD CONSTRAINT pages_blocks_service_list_block_blocks_pkey PRIMARY KEY (id);


--
-- Name: pages_blocks_service_list_block pages_blocks_service_list_block_pkey; Type: CONSTRAINT; Schema: public; Owner: -
--

ALTER TABLE ONLY public.pages_blocks_service_list_block
    ADD CONSTRAINT pages_blocks_service_list_block_pkey PRIMARY KEY (id);


--
-- Name: pages_blocks_service pages_blocks_service_pkey; Type: CONSTRAINT; Schema: public; Owner: -
--

ALTER TABLE ONLY public.pages_blocks_service
    ADD CONSTRAINT pages_blocks_service_pkey PRIMARY KEY (id);


--
-- Name: pages_blocks_simple_list_content_blocks pages_blocks_simple_list_content_blocks_pkey; Type: CONSTRAINT; Schema: public; Owner: -
--

ALTER TABLE ONLY public.pages_blocks_simple_list_content_blocks
    ADD CONSTRAINT pages_blocks_simple_list_content_blocks_pkey PRIMARY KEY (id);


--
-- Name: pages_blocks_simple_list_content pages_blocks_simple_list_content_pkey; Type: CONSTRAINT; Schema: public; Owner: -
--

ALTER TABLE ONLY public.pages_blocks_simple_list_content
    ADD CONSTRAINT pages_blocks_simple_list_content_pkey PRIMARY KEY (id);


--
-- Name: pages_blocks_social pages_blocks_social_pkey; Type: CONSTRAINT; Schema: public; Owner: -
--

ALTER TABLE ONLY public.pages_blocks_social
    ADD CONSTRAINT pages_blocks_social_pkey PRIMARY KEY (id);


--
-- Name: pages_blocks_social_rrss pages_blocks_social_rrss_pkey; Type: CONSTRAINT; Schema: public; Owner: -
--

ALTER TABLE ONLY public.pages_blocks_social_rrss
    ADD CONSTRAINT pages_blocks_social_rrss_pkey PRIMARY KEY (id);


--
-- Name: pages_hero_links pages_hero_links_pkey; Type: CONSTRAINT; Schema: public; Owner: -
--

ALTER TABLE ONLY public.pages_hero_links
    ADD CONSTRAINT pages_hero_links_pkey PRIMARY KEY (id);


--
-- Name: pages pages_pkey; Type: CONSTRAINT; Schema: public; Owner: -
--

ALTER TABLE ONLY public.pages
    ADD CONSTRAINT pages_pkey PRIMARY KEY (id);


--
-- Name: pages_rels pages_rels_pkey; Type: CONSTRAINT; Schema: public; Owner: -
--

ALTER TABLE ONLY public.pages_rels
    ADD CONSTRAINT pages_rels_pkey PRIMARY KEY (id);


--
-- Name: payload_jobs_log payload_jobs_log_pkey; Type: CONSTRAINT; Schema: public; Owner: -
--

ALTER TABLE ONLY public.payload_jobs_log
    ADD CONSTRAINT payload_jobs_log_pkey PRIMARY KEY (id);


--
-- Name: payload_jobs payload_jobs_pkey; Type: CONSTRAINT; Schema: public; Owner: -
--

ALTER TABLE ONLY public.payload_jobs
    ADD CONSTRAINT payload_jobs_pkey PRIMARY KEY (id);


--
-- Name: payload_kv payload_kv_pkey; Type: CONSTRAINT; Schema: public; Owner: -
--

ALTER TABLE ONLY public.payload_kv
    ADD CONSTRAINT payload_kv_pkey PRIMARY KEY (id);


--
-- Name: payload_locked_documents payload_locked_documents_pkey; Type: CONSTRAINT; Schema: public; Owner: -
--

ALTER TABLE ONLY public.payload_locked_documents
    ADD CONSTRAINT payload_locked_documents_pkey PRIMARY KEY (id);


--
-- Name: payload_locked_documents_rels payload_locked_documents_rels_pkey; Type: CONSTRAINT; Schema: public; Owner: -
--

ALTER TABLE ONLY public.payload_locked_documents_rels
    ADD CONSTRAINT payload_locked_documents_rels_pkey PRIMARY KEY (id);


--
-- Name: payload_migrations payload_migrations_pkey; Type: CONSTRAINT; Schema: public; Owner: -
--

ALTER TABLE ONLY public.payload_migrations
    ADD CONSTRAINT payload_migrations_pkey PRIMARY KEY (id);


--
-- Name: payload_preferences payload_preferences_pkey; Type: CONSTRAINT; Schema: public; Owner: -
--

ALTER TABLE ONLY public.payload_preferences
    ADD CONSTRAINT payload_preferences_pkey PRIMARY KEY (id);


--
-- Name: payload_preferences_rels payload_preferences_rels_pkey; Type: CONSTRAINT; Schema: public; Owner: -
--

ALTER TABLE ONLY public.payload_preferences_rels
    ADD CONSTRAINT payload_preferences_rels_pkey PRIMARY KEY (id);


--
-- Name: posts posts_pkey; Type: CONSTRAINT; Schema: public; Owner: -
--

ALTER TABLE ONLY public.posts
    ADD CONSTRAINT posts_pkey PRIMARY KEY (id);


--
-- Name: posts_populated_authors posts_populated_authors_pkey; Type: CONSTRAINT; Schema: public; Owner: -
--

ALTER TABLE ONLY public.posts_populated_authors
    ADD CONSTRAINT posts_populated_authors_pkey PRIMARY KEY (id);


--
-- Name: posts_rels posts_rels_pkey; Type: CONSTRAINT; Schema: public; Owner: -
--

ALTER TABLE ONLY public.posts_rels
    ADD CONSTRAINT posts_rels_pkey PRIMARY KEY (id);


--
-- Name: tags tags_pkey; Type: CONSTRAINT; Schema: public; Owner: -
--

ALTER TABLE ONLY public.tags
    ADD CONSTRAINT tags_pkey PRIMARY KEY (id);


--
-- Name: users users_pkey; Type: CONSTRAINT; Schema: public; Owner: -
--

ALTER TABLE ONLY public.users
    ADD CONSTRAINT users_pkey PRIMARY KEY (id);


--
-- Name: users_roles users_roles_pkey; Type: CONSTRAINT; Schema: public; Owner: -
--

ALTER TABLE ONLY public.users_roles
    ADD CONSTRAINT users_roles_pkey PRIMARY KEY (id);


--
-- Name: users_sessions users_sessions_pkey; Type: CONSTRAINT; Schema: public; Owner: -
--

ALTER TABLE ONLY public.users_sessions
    ADD CONSTRAINT users_sessions_pkey PRIMARY KEY (id);


--
-- Name: videos videos_pkey; Type: CONSTRAINT; Schema: public; Owner: -
--

ALTER TABLE ONLY public.videos
    ADD CONSTRAINT videos_pkey PRIMARY KEY (id);


--
-- Name: _pages_v_autosave_idx; Type: INDEX; Schema: public; Owner: -
--

CREATE INDEX _pages_v_autosave_idx ON public._pages_v USING btree (autosave);


--
-- Name: _pages_v_blocks_box_content_boxes_media_idx; Type: INDEX; Schema: public; Owner: -
--

CREATE INDEX _pages_v_blocks_box_content_boxes_media_idx ON public._pages_v_blocks_box_content_boxes USING btree (media_id);


--
-- Name: _pages_v_blocks_box_content_boxes_order_idx; Type: INDEX; Schema: public; Owner: -
--

CREATE INDEX _pages_v_blocks_box_content_boxes_order_idx ON public._pages_v_blocks_box_content_boxes USING btree (_order);


--
-- Name: _pages_v_blocks_box_content_boxes_parent_id_idx; Type: INDEX; Schema: public; Owner: -
--

CREATE INDEX _pages_v_blocks_box_content_boxes_parent_id_idx ON public._pages_v_blocks_box_content_boxes USING btree (_parent_id);


--
-- Name: _pages_v_blocks_box_content_order_idx; Type: INDEX; Schema: public; Owner: -
--

CREATE INDEX _pages_v_blocks_box_content_order_idx ON public._pages_v_blocks_box_content USING btree (_order);


--
-- Name: _pages_v_blocks_box_content_parent_id_idx; Type: INDEX; Schema: public; Owner: -
--

CREATE INDEX _pages_v_blocks_box_content_parent_id_idx ON public._pages_v_blocks_box_content USING btree (_parent_id);


--
-- Name: _pages_v_blocks_box_content_path_idx; Type: INDEX; Schema: public; Owner: -
--

CREATE INDEX _pages_v_blocks_box_content_path_idx ON public._pages_v_blocks_box_content USING btree (_path);


--
-- Name: _pages_v_blocks_content_image_idx; Type: INDEX; Schema: public; Owner: -
--

CREATE INDEX _pages_v_blocks_content_image_idx ON public._pages_v_blocks_content USING btree (image_id);


--
-- Name: _pages_v_blocks_content_order_idx; Type: INDEX; Schema: public; Owner: -
--

CREATE INDEX _pages_v_blocks_content_order_idx ON public._pages_v_blocks_content USING btree (_order);


--
-- Name: _pages_v_blocks_content_parent_id_idx; Type: INDEX; Schema: public; Owner: -
--

CREATE INDEX _pages_v_blocks_content_parent_id_idx ON public._pages_v_blocks_content USING btree (_parent_id);


--
-- Name: _pages_v_blocks_content_path_idx; Type: INDEX; Schema: public; Owner: -
--

CREATE INDEX _pages_v_blocks_content_path_idx ON public._pages_v_blocks_content USING btree (_path);


--
-- Name: _pages_v_blocks_content_section_name_idx; Type: INDEX; Schema: public; Owner: -
--

CREATE INDEX _pages_v_blocks_content_section_name_idx ON public._pages_v_blocks_content USING btree (section_name);


--
-- Name: _pages_v_blocks_cta_links_order_idx; Type: INDEX; Schema: public; Owner: -
--

CREATE INDEX _pages_v_blocks_cta_links_order_idx ON public._pages_v_blocks_cta_links USING btree (_order);


--
-- Name: _pages_v_blocks_cta_links_parent_id_idx; Type: INDEX; Schema: public; Owner: -
--

CREATE INDEX _pages_v_blocks_cta_links_parent_id_idx ON public._pages_v_blocks_cta_links USING btree (_parent_id);


--
-- Name: _pages_v_blocks_cta_media_idx; Type: INDEX; Schema: public; Owner: -
--

CREATE INDEX _pages_v_blocks_cta_media_idx ON public._pages_v_blocks_cta USING btree (media_id);


--
-- Name: _pages_v_blocks_cta_order_idx; Type: INDEX; Schema: public; Owner: -
--

CREATE INDEX _pages_v_blocks_cta_order_idx ON public._pages_v_blocks_cta USING btree (_order);


--
-- Name: _pages_v_blocks_cta_parent_id_idx; Type: INDEX; Schema: public; Owner: -
--

CREATE INDEX _pages_v_blocks_cta_parent_id_idx ON public._pages_v_blocks_cta USING btree (_parent_id);


--
-- Name: _pages_v_blocks_cta_path_idx; Type: INDEX; Schema: public; Owner: -
--

CREATE INDEX _pages_v_blocks_cta_path_idx ON public._pages_v_blocks_cta USING btree (_path);


--
-- Name: _pages_v_blocks_form_block_form_idx; Type: INDEX; Schema: public; Owner: -
--

CREATE INDEX _pages_v_blocks_form_block_form_idx ON public._pages_v_blocks_form_block USING btree (form_id);


--
-- Name: _pages_v_blocks_form_block_order_idx; Type: INDEX; Schema: public; Owner: -
--

CREATE INDEX _pages_v_blocks_form_block_order_idx ON public._pages_v_blocks_form_block USING btree (_order);


--
-- Name: _pages_v_blocks_form_block_parent_id_idx; Type: INDEX; Schema: public; Owner: -
--

CREATE INDEX _pages_v_blocks_form_block_parent_id_idx ON public._pages_v_blocks_form_block USING btree (_parent_id);


--
-- Name: _pages_v_blocks_form_block_path_idx; Type: INDEX; Schema: public; Owner: -
--

CREATE INDEX _pages_v_blocks_form_block_path_idx ON public._pages_v_blocks_form_block USING btree (_path);


--
-- Name: _pages_v_blocks_frequently_questions_block_image_idx; Type: INDEX; Schema: public; Owner: -
--

CREATE INDEX _pages_v_blocks_frequently_questions_block_image_idx ON public._pages_v_blocks_frequently_questions_block USING btree (image_id);


--
-- Name: _pages_v_blocks_frequently_questions_block_order_idx; Type: INDEX; Schema: public; Owner: -
--

CREATE INDEX _pages_v_blocks_frequently_questions_block_order_idx ON public._pages_v_blocks_frequently_questions_block USING btree (_order);


--
-- Name: _pages_v_blocks_frequently_questions_block_parent_id_idx; Type: INDEX; Schema: public; Owner: -
--

CREATE INDEX _pages_v_blocks_frequently_questions_block_parent_id_idx ON public._pages_v_blocks_frequently_questions_block USING btree (_parent_id);


--
-- Name: _pages_v_blocks_frequently_questions_block_path_idx; Type: INDEX; Schema: public; Owner: -
--

CREATE INDEX _pages_v_blocks_frequently_questions_block_path_idx ON public._pages_v_blocks_frequently_questions_block USING btree (_path);


--
-- Name: _pages_v_blocks_frequently_questions_block_questions_order_idx; Type: INDEX; Schema: public; Owner: -
--

CREATE INDEX _pages_v_blocks_frequently_questions_block_questions_order_idx ON public._pages_v_blocks_frequently_questions_block_questions USING btree (_order);


--
-- Name: _pages_v_blocks_frequently_questions_block_questions_parent_id_; Type: INDEX; Schema: public; Owner: -
--

CREATE INDEX _pages_v_blocks_frequently_questions_block_questions_parent_id_ ON public._pages_v_blocks_frequently_questions_block_questions USING btree (_parent_id);


--
-- Name: _pages_v_blocks_frequently_questions_block_section_name_idx; Type: INDEX; Schema: public; Owner: -
--

CREATE INDEX _pages_v_blocks_frequently_questions_block_section_name_idx ON public._pages_v_blocks_frequently_questions_block USING btree (section_name);


--
-- Name: _pages_v_blocks_list_content_blocks_media_idx; Type: INDEX; Schema: public; Owner: -
--

CREATE INDEX _pages_v_blocks_list_content_blocks_media_idx ON public._pages_v_blocks_list_content_blocks USING btree (media_id);


--
-- Name: _pages_v_blocks_list_content_blocks_order_idx; Type: INDEX; Schema: public; Owner: -
--

CREATE INDEX _pages_v_blocks_list_content_blocks_order_idx ON public._pages_v_blocks_list_content_blocks USING btree (_order);


--
-- Name: _pages_v_blocks_list_content_blocks_parent_id_idx; Type: INDEX; Schema: public; Owner: -
--

CREATE INDEX _pages_v_blocks_list_content_blocks_parent_id_idx ON public._pages_v_blocks_list_content_blocks USING btree (_parent_id);


--
-- Name: _pages_v_blocks_list_content_field_image_idx; Type: INDEX; Schema: public; Owner: -
--

CREATE INDEX _pages_v_blocks_list_content_field_image_idx ON public._pages_v_blocks_list_content USING btree (field_image_id);


--
-- Name: _pages_v_blocks_list_content_order_idx; Type: INDEX; Schema: public; Owner: -
--

CREATE INDEX _pages_v_blocks_list_content_order_idx ON public._pages_v_blocks_list_content USING btree (_order);


--
-- Name: _pages_v_blocks_list_content_parent_id_idx; Type: INDEX; Schema: public; Owner: -
--

CREATE INDEX _pages_v_blocks_list_content_parent_id_idx ON public._pages_v_blocks_list_content USING btree (_parent_id);


--
-- Name: _pages_v_blocks_list_content_path_idx; Type: INDEX; Schema: public; Owner: -
--

CREATE INDEX _pages_v_blocks_list_content_path_idx ON public._pages_v_blocks_list_content USING btree (_path);


--
-- Name: _pages_v_blocks_list_content_section_name_idx; Type: INDEX; Schema: public; Owner: -
--

CREATE INDEX _pages_v_blocks_list_content_section_name_idx ON public._pages_v_blocks_list_content USING btree (section_name);


--
-- Name: _pages_v_blocks_media_block_media_idx; Type: INDEX; Schema: public; Owner: -
--

CREATE INDEX _pages_v_blocks_media_block_media_idx ON public._pages_v_blocks_media_block USING btree (media_id);


--
-- Name: _pages_v_blocks_media_block_order_idx; Type: INDEX; Schema: public; Owner: -
--

CREATE INDEX _pages_v_blocks_media_block_order_idx ON public._pages_v_blocks_media_block USING btree (_order);


--
-- Name: _pages_v_blocks_media_block_parent_id_idx; Type: INDEX; Schema: public; Owner: -
--

CREATE INDEX _pages_v_blocks_media_block_parent_id_idx ON public._pages_v_blocks_media_block USING btree (_parent_id);


--
-- Name: _pages_v_blocks_media_block_path_idx; Type: INDEX; Schema: public; Owner: -
--

CREATE INDEX _pages_v_blocks_media_block_path_idx ON public._pages_v_blocks_media_block USING btree (_path);


--
-- Name: _pages_v_blocks_post_carousel_block_order_idx; Type: INDEX; Schema: public; Owner: -
--

CREATE INDEX _pages_v_blocks_post_carousel_block_order_idx ON public._pages_v_blocks_post_carousel_block USING btree (_order);


--
-- Name: _pages_v_blocks_post_carousel_block_parent_id_idx; Type: INDEX; Schema: public; Owner: -
--

CREATE INDEX _pages_v_blocks_post_carousel_block_parent_id_idx ON public._pages_v_blocks_post_carousel_block USING btree (_parent_id);


--
-- Name: _pages_v_blocks_post_carousel_block_path_idx; Type: INDEX; Schema: public; Owner: -
--

CREATE INDEX _pages_v_blocks_post_carousel_block_path_idx ON public._pages_v_blocks_post_carousel_block USING btree (_path);


--
-- Name: _pages_v_blocks_quote_block_image_idx; Type: INDEX; Schema: public; Owner: -
--

CREATE INDEX _pages_v_blocks_quote_block_image_idx ON public._pages_v_blocks_quote_block USING btree (image_id);


--
-- Name: _pages_v_blocks_quote_block_links_order_idx; Type: INDEX; Schema: public; Owner: -
--

CREATE INDEX _pages_v_blocks_quote_block_links_order_idx ON public._pages_v_blocks_quote_block_links USING btree (_order);


--
-- Name: _pages_v_blocks_quote_block_links_parent_id_idx; Type: INDEX; Schema: public; Owner: -
--

CREATE INDEX _pages_v_blocks_quote_block_links_parent_id_idx ON public._pages_v_blocks_quote_block_links USING btree (_parent_id);


--
-- Name: _pages_v_blocks_quote_block_order_idx; Type: INDEX; Schema: public; Owner: -
--

CREATE INDEX _pages_v_blocks_quote_block_order_idx ON public._pages_v_blocks_quote_block USING btree (_order);


--
-- Name: _pages_v_blocks_quote_block_parent_id_idx; Type: INDEX; Schema: public; Owner: -
--

CREATE INDEX _pages_v_blocks_quote_block_parent_id_idx ON public._pages_v_blocks_quote_block USING btree (_parent_id);


--
-- Name: _pages_v_blocks_quote_block_path_idx; Type: INDEX; Schema: public; Owner: -
--

CREATE INDEX _pages_v_blocks_quote_block_path_idx ON public._pages_v_blocks_quote_block USING btree (_path);


--
-- Name: _pages_v_blocks_quote_block_section_name_idx; Type: INDEX; Schema: public; Owner: -
--

CREATE INDEX _pages_v_blocks_quote_block_section_name_idx ON public._pages_v_blocks_quote_block USING btree (section_name);


--
-- Name: _pages_v_blocks_service_accordions_order_idx; Type: INDEX; Schema: public; Owner: -
--

CREATE INDEX _pages_v_blocks_service_accordions_order_idx ON public._pages_v_blocks_service_accordions USING btree (_order);


--
-- Name: _pages_v_blocks_service_accordions_parent_id_idx; Type: INDEX; Schema: public; Owner: -
--

CREATE INDEX _pages_v_blocks_service_accordions_parent_id_idx ON public._pages_v_blocks_service_accordions USING btree (_parent_id);


--
-- Name: _pages_v_blocks_service_list_block_blocks_media_idx; Type: INDEX; Schema: public; Owner: -
--

CREATE INDEX _pages_v_blocks_service_list_block_blocks_media_idx ON public._pages_v_blocks_service_list_block_blocks USING btree (media_id);


--
-- Name: _pages_v_blocks_service_list_block_blocks_order_idx; Type: INDEX; Schema: public; Owner: -
--

CREATE INDEX _pages_v_blocks_service_list_block_blocks_order_idx ON public._pages_v_blocks_service_list_block_blocks USING btree (_order);


--
-- Name: _pages_v_blocks_service_list_block_blocks_parent_id_idx; Type: INDEX; Schema: public; Owner: -
--

CREATE INDEX _pages_v_blocks_service_list_block_blocks_parent_id_idx ON public._pages_v_blocks_service_list_block_blocks USING btree (_parent_id);


--
-- Name: _pages_v_blocks_service_list_block_order_idx; Type: INDEX; Schema: public; Owner: -
--

CREATE INDEX _pages_v_blocks_service_list_block_order_idx ON public._pages_v_blocks_service_list_block USING btree (_order);


--
-- Name: _pages_v_blocks_service_list_block_parent_id_idx; Type: INDEX; Schema: public; Owner: -
--

CREATE INDEX _pages_v_blocks_service_list_block_parent_id_idx ON public._pages_v_blocks_service_list_block USING btree (_parent_id);


--
-- Name: _pages_v_blocks_service_list_block_path_idx; Type: INDEX; Schema: public; Owner: -
--

CREATE INDEX _pages_v_blocks_service_list_block_path_idx ON public._pages_v_blocks_service_list_block USING btree (_path);


--
-- Name: _pages_v_blocks_service_list_block_section_name_idx; Type: INDEX; Schema: public; Owner: -
--

CREATE INDEX _pages_v_blocks_service_list_block_section_name_idx ON public._pages_v_blocks_service_list_block USING btree (section_name);


--
-- Name: _pages_v_blocks_service_order_idx; Type: INDEX; Schema: public; Owner: -
--

CREATE INDEX _pages_v_blocks_service_order_idx ON public._pages_v_blocks_service USING btree (_order);


--
-- Name: _pages_v_blocks_service_parent_id_idx; Type: INDEX; Schema: public; Owner: -
--

CREATE INDEX _pages_v_blocks_service_parent_id_idx ON public._pages_v_blocks_service USING btree (_parent_id);


--
-- Name: _pages_v_blocks_service_path_idx; Type: INDEX; Schema: public; Owner: -
--

CREATE INDEX _pages_v_blocks_service_path_idx ON public._pages_v_blocks_service USING btree (_path);


--
-- Name: _pages_v_blocks_simple_list_content_blocks_media_idx; Type: INDEX; Schema: public; Owner: -
--

CREATE INDEX _pages_v_blocks_simple_list_content_blocks_media_idx ON public._pages_v_blocks_simple_list_content_blocks USING btree (media_id);


--
-- Name: _pages_v_blocks_simple_list_content_blocks_order_idx; Type: INDEX; Schema: public; Owner: -
--

CREATE INDEX _pages_v_blocks_simple_list_content_blocks_order_idx ON public._pages_v_blocks_simple_list_content_blocks USING btree (_order);


--
-- Name: _pages_v_blocks_simple_list_content_blocks_parent_id_idx; Type: INDEX; Schema: public; Owner: -
--

CREATE INDEX _pages_v_blocks_simple_list_content_blocks_parent_id_idx ON public._pages_v_blocks_simple_list_content_blocks USING btree (_parent_id);


--
-- Name: _pages_v_blocks_simple_list_content_image_idx; Type: INDEX; Schema: public; Owner: -
--

CREATE INDEX _pages_v_blocks_simple_list_content_image_idx ON public._pages_v_blocks_simple_list_content USING btree (image_id);


--
-- Name: _pages_v_blocks_simple_list_content_order_idx; Type: INDEX; Schema: public; Owner: -
--

CREATE INDEX _pages_v_blocks_simple_list_content_order_idx ON public._pages_v_blocks_simple_list_content USING btree (_order);


--
-- Name: _pages_v_blocks_simple_list_content_parent_id_idx; Type: INDEX; Schema: public; Owner: -
--

CREATE INDEX _pages_v_blocks_simple_list_content_parent_id_idx ON public._pages_v_blocks_simple_list_content USING btree (_parent_id);


--
-- Name: _pages_v_blocks_simple_list_content_path_idx; Type: INDEX; Schema: public; Owner: -
--

CREATE INDEX _pages_v_blocks_simple_list_content_path_idx ON public._pages_v_blocks_simple_list_content USING btree (_path);


--
-- Name: _pages_v_blocks_social_order_idx; Type: INDEX; Schema: public; Owner: -
--

CREATE INDEX _pages_v_blocks_social_order_idx ON public._pages_v_blocks_social USING btree (_order);


--
-- Name: _pages_v_blocks_social_parent_id_idx; Type: INDEX; Schema: public; Owner: -
--

CREATE INDEX _pages_v_blocks_social_parent_id_idx ON public._pages_v_blocks_social USING btree (_parent_id);


--
-- Name: _pages_v_blocks_social_path_idx; Type: INDEX; Schema: public; Owner: -
--

CREATE INDEX _pages_v_blocks_social_path_idx ON public._pages_v_blocks_social USING btree (_path);


--
-- Name: _pages_v_blocks_social_rrss_icon_idx; Type: INDEX; Schema: public; Owner: -
--

CREATE INDEX _pages_v_blocks_social_rrss_icon_idx ON public._pages_v_blocks_social_rrss USING btree (icon_id);


--
-- Name: _pages_v_blocks_social_rrss_order_idx; Type: INDEX; Schema: public; Owner: -
--

CREATE INDEX _pages_v_blocks_social_rrss_order_idx ON public._pages_v_blocks_social_rrss USING btree (_order);


--
-- Name: _pages_v_blocks_social_rrss_parent_id_idx; Type: INDEX; Schema: public; Owner: -
--

CREATE INDEX _pages_v_blocks_social_rrss_parent_id_idx ON public._pages_v_blocks_social_rrss USING btree (_parent_id);


--
-- Name: _pages_v_created_at_idx; Type: INDEX; Schema: public; Owner: -
--

CREATE INDEX _pages_v_created_at_idx ON public._pages_v USING btree (created_at);


--
-- Name: _pages_v_latest_idx; Type: INDEX; Schema: public; Owner: -
--

CREATE INDEX _pages_v_latest_idx ON public._pages_v USING btree (latest);


--
-- Name: _pages_v_parent_idx; Type: INDEX; Schema: public; Owner: -
--

CREATE INDEX _pages_v_parent_idx ON public._pages_v USING btree (parent_id);


--
-- Name: _pages_v_rels_order_idx; Type: INDEX; Schema: public; Owner: -
--

CREATE INDEX _pages_v_rels_order_idx ON public._pages_v_rels USING btree ("order");


--
-- Name: _pages_v_rels_pages_id_idx; Type: INDEX; Schema: public; Owner: -
--

CREATE INDEX _pages_v_rels_pages_id_idx ON public._pages_v_rels USING btree (pages_id);


--
-- Name: _pages_v_rels_parent_idx; Type: INDEX; Schema: public; Owner: -
--

CREATE INDEX _pages_v_rels_parent_idx ON public._pages_v_rels USING btree (parent_id);


--
-- Name: _pages_v_rels_path_idx; Type: INDEX; Schema: public; Owner: -
--

CREATE INDEX _pages_v_rels_path_idx ON public._pages_v_rels USING btree (path);


--
-- Name: _pages_v_rels_posts_id_idx; Type: INDEX; Schema: public; Owner: -
--

CREATE INDEX _pages_v_rels_posts_id_idx ON public._pages_v_rels USING btree (posts_id);


--
-- Name: _pages_v_updated_at_idx; Type: INDEX; Schema: public; Owner: -
--

CREATE INDEX _pages_v_updated_at_idx ON public._pages_v USING btree (updated_at);


--
-- Name: _pages_v_version_hero_links_order_idx; Type: INDEX; Schema: public; Owner: -
--

CREATE INDEX _pages_v_version_hero_links_order_idx ON public._pages_v_version_hero_links USING btree (_order);


--
-- Name: _pages_v_version_hero_links_parent_id_idx; Type: INDEX; Schema: public; Owner: -
--

CREATE INDEX _pages_v_version_hero_links_parent_id_idx ON public._pages_v_version_hero_links USING btree (_parent_id);


--
-- Name: _pages_v_version_hero_version_hero_media_idx; Type: INDEX; Schema: public; Owner: -
--

CREATE INDEX _pages_v_version_hero_version_hero_media_idx ON public._pages_v USING btree (version_hero_media_id);


--
-- Name: _pages_v_version_meta_version_meta_image_idx; Type: INDEX; Schema: public; Owner: -
--

CREATE INDEX _pages_v_version_meta_version_meta_image_idx ON public._pages_v USING btree (version_meta_image_id);


--
-- Name: _pages_v_version_version__status_idx; Type: INDEX; Schema: public; Owner: -
--

CREATE INDEX _pages_v_version_version__status_idx ON public._pages_v USING btree (version__status);


--
-- Name: _pages_v_version_version_created_at_idx; Type: INDEX; Schema: public; Owner: -
--

CREATE INDEX _pages_v_version_version_created_at_idx ON public._pages_v USING btree (version_created_at);


--
-- Name: _pages_v_version_version_slug_idx; Type: INDEX; Schema: public; Owner: -
--

CREATE INDEX _pages_v_version_version_slug_idx ON public._pages_v USING btree (version_slug);


--
-- Name: _pages_v_version_version_updated_at_idx; Type: INDEX; Schema: public; Owner: -
--

CREATE INDEX _pages_v_version_version_updated_at_idx ON public._pages_v USING btree (version_updated_at);


--
-- Name: _posts_v_autosave_idx; Type: INDEX; Schema: public; Owner: -
--

CREATE INDEX _posts_v_autosave_idx ON public._posts_v USING btree (autosave);


--
-- Name: _posts_v_created_at_idx; Type: INDEX; Schema: public; Owner: -
--

CREATE INDEX _posts_v_created_at_idx ON public._posts_v USING btree (created_at);


--
-- Name: _posts_v_latest_idx; Type: INDEX; Schema: public; Owner: -
--

CREATE INDEX _posts_v_latest_idx ON public._posts_v USING btree (latest);


--
-- Name: _posts_v_parent_idx; Type: INDEX; Schema: public; Owner: -
--

CREATE INDEX _posts_v_parent_idx ON public._posts_v USING btree (parent_id);


--
-- Name: _posts_v_rels_categories_id_idx; Type: INDEX; Schema: public; Owner: -
--

CREATE INDEX _posts_v_rels_categories_id_idx ON public._posts_v_rels USING btree (categories_id);


--
-- Name: _posts_v_rels_order_idx; Type: INDEX; Schema: public; Owner: -
--

CREATE INDEX _posts_v_rels_order_idx ON public._posts_v_rels USING btree ("order");


--
-- Name: _posts_v_rels_parent_idx; Type: INDEX; Schema: public; Owner: -
--

CREATE INDEX _posts_v_rels_parent_idx ON public._posts_v_rels USING btree (parent_id);


--
-- Name: _posts_v_rels_path_idx; Type: INDEX; Schema: public; Owner: -
--

CREATE INDEX _posts_v_rels_path_idx ON public._posts_v_rels USING btree (path);


--
-- Name: _posts_v_rels_posts_id_idx; Type: INDEX; Schema: public; Owner: -
--

CREATE INDEX _posts_v_rels_posts_id_idx ON public._posts_v_rels USING btree (posts_id);


--
-- Name: _posts_v_rels_tags_id_idx; Type: INDEX; Schema: public; Owner: -
--

CREATE INDEX _posts_v_rels_tags_id_idx ON public._posts_v_rels USING btree (tags_id);


--
-- Name: _posts_v_rels_users_id_idx; Type: INDEX; Schema: public; Owner: -
--

CREATE INDEX _posts_v_rels_users_id_idx ON public._posts_v_rels USING btree (users_id);


--
-- Name: _posts_v_updated_at_idx; Type: INDEX; Schema: public; Owner: -
--

CREATE INDEX _posts_v_updated_at_idx ON public._posts_v USING btree (updated_at);


--
-- Name: _posts_v_version_meta_version_meta_image_idx; Type: INDEX; Schema: public; Owner: -
--

CREATE INDEX _posts_v_version_meta_version_meta_image_idx ON public._posts_v USING btree (version_meta_image_id);


--
-- Name: _posts_v_version_populated_authors_order_idx; Type: INDEX; Schema: public; Owner: -
--

CREATE INDEX _posts_v_version_populated_authors_order_idx ON public._posts_v_version_populated_authors USING btree (_order);


--
-- Name: _posts_v_version_populated_authors_parent_id_idx; Type: INDEX; Schema: public; Owner: -
--

CREATE INDEX _posts_v_version_populated_authors_parent_id_idx ON public._posts_v_version_populated_authors USING btree (_parent_id);


--
-- Name: _posts_v_version_version__status_idx; Type: INDEX; Schema: public; Owner: -
--

CREATE INDEX _posts_v_version_version__status_idx ON public._posts_v USING btree (version__status);


--
-- Name: _posts_v_version_version_created_at_idx; Type: INDEX; Schema: public; Owner: -
--

CREATE INDEX _posts_v_version_version_created_at_idx ON public._posts_v USING btree (version_created_at);


--
-- Name: _posts_v_version_version_hero_image_idx; Type: INDEX; Schema: public; Owner: -
--

CREATE INDEX _posts_v_version_version_hero_image_idx ON public._posts_v USING btree (version_hero_image_id);


--
-- Name: _posts_v_version_version_slug_idx; Type: INDEX; Schema: public; Owner: -
--

CREATE INDEX _posts_v_version_version_slug_idx ON public._posts_v USING btree (version_slug);


--
-- Name: _posts_v_version_version_updated_at_idx; Type: INDEX; Schema: public; Owner: -
--

CREATE INDEX _posts_v_version_version_updated_at_idx ON public._posts_v USING btree (version_updated_at);


--
-- Name: categories_created_at_idx; Type: INDEX; Schema: public; Owner: -
--

CREATE INDEX categories_created_at_idx ON public.categories USING btree (created_at);


--
-- Name: categories_slug_idx; Type: INDEX; Schema: public; Owner: -
--

CREATE INDEX categories_slug_idx ON public.categories USING btree (slug);


--
-- Name: categories_updated_at_idx; Type: INDEX; Schema: public; Owner: -
--

CREATE INDEX categories_updated_at_idx ON public.categories USING btree (updated_at);


--
-- Name: documents_created_at_idx; Type: INDEX; Schema: public; Owner: -
--

CREATE INDEX documents_created_at_idx ON public.documents USING btree (created_at);


--
-- Name: documents_filename_idx; Type: INDEX; Schema: public; Owner: -
--

CREATE UNIQUE INDEX documents_filename_idx ON public.documents USING btree (filename);


--
-- Name: documents_updated_at_idx; Type: INDEX; Schema: public; Owner: -
--

CREATE INDEX documents_updated_at_idx ON public.documents USING btree (updated_at);


--
-- Name: footer_nav_items_order_idx; Type: INDEX; Schema: public; Owner: -
--

CREATE INDEX footer_nav_items_order_idx ON public.footer_nav_items USING btree (_order);


--
-- Name: footer_nav_items_parent_id_idx; Type: INDEX; Schema: public; Owner: -
--

CREATE INDEX footer_nav_items_parent_id_idx ON public.footer_nav_items USING btree (_parent_id);


--
-- Name: footer_rels_order_idx; Type: INDEX; Schema: public; Owner: -
--

CREATE INDEX footer_rels_order_idx ON public.footer_rels USING btree ("order");


--
-- Name: footer_rels_pages_id_idx; Type: INDEX; Schema: public; Owner: -
--

CREATE INDEX footer_rels_pages_id_idx ON public.footer_rels USING btree (pages_id);


--
-- Name: footer_rels_parent_idx; Type: INDEX; Schema: public; Owner: -
--

CREATE INDEX footer_rels_parent_idx ON public.footer_rels USING btree (parent_id);


--
-- Name: footer_rels_path_idx; Type: INDEX; Schema: public; Owner: -
--

CREATE INDEX footer_rels_path_idx ON public.footer_rels USING btree (path);


--
-- Name: footer_rels_posts_id_idx; Type: INDEX; Schema: public; Owner: -
--

CREATE INDEX footer_rels_posts_id_idx ON public.footer_rels USING btree (posts_id);


--
-- Name: form_submissions_created_at_idx; Type: INDEX; Schema: public; Owner: -
--

CREATE INDEX form_submissions_created_at_idx ON public.form_submissions USING btree (created_at);


--
-- Name: form_submissions_form_idx; Type: INDEX; Schema: public; Owner: -
--

CREATE INDEX form_submissions_form_idx ON public.form_submissions USING btree (form_id);


--
-- Name: form_submissions_submission_data_order_idx; Type: INDEX; Schema: public; Owner: -
--

CREATE INDEX form_submissions_submission_data_order_idx ON public.form_submissions_submission_data USING btree (_order);


--
-- Name: form_submissions_submission_data_parent_id_idx; Type: INDEX; Schema: public; Owner: -
--

CREATE INDEX form_submissions_submission_data_parent_id_idx ON public.form_submissions_submission_data USING btree (_parent_id);


--
-- Name: form_submissions_updated_at_idx; Type: INDEX; Schema: public; Owner: -
--

CREATE INDEX form_submissions_updated_at_idx ON public.form_submissions USING btree (updated_at);


--
-- Name: forms_blocks_checkbox_order_idx; Type: INDEX; Schema: public; Owner: -
--

CREATE INDEX forms_blocks_checkbox_order_idx ON public.forms_blocks_checkbox USING btree (_order);


--
-- Name: forms_blocks_checkbox_parent_id_idx; Type: INDEX; Schema: public; Owner: -
--

CREATE INDEX forms_blocks_checkbox_parent_id_idx ON public.forms_blocks_checkbox USING btree (_parent_id);


--
-- Name: forms_blocks_checkbox_path_idx; Type: INDEX; Schema: public; Owner: -
--

CREATE INDEX forms_blocks_checkbox_path_idx ON public.forms_blocks_checkbox USING btree (_path);


--
-- Name: forms_blocks_email_order_idx; Type: INDEX; Schema: public; Owner: -
--

CREATE INDEX forms_blocks_email_order_idx ON public.forms_blocks_email USING btree (_order);


--
-- Name: forms_blocks_email_parent_id_idx; Type: INDEX; Schema: public; Owner: -
--

CREATE INDEX forms_blocks_email_parent_id_idx ON public.forms_blocks_email USING btree (_parent_id);


--
-- Name: forms_blocks_email_path_idx; Type: INDEX; Schema: public; Owner: -
--

CREATE INDEX forms_blocks_email_path_idx ON public.forms_blocks_email USING btree (_path);


--
-- Name: forms_blocks_message_order_idx; Type: INDEX; Schema: public; Owner: -
--

CREATE INDEX forms_blocks_message_order_idx ON public.forms_blocks_message USING btree (_order);


--
-- Name: forms_blocks_message_parent_id_idx; Type: INDEX; Schema: public; Owner: -
--

CREATE INDEX forms_blocks_message_parent_id_idx ON public.forms_blocks_message USING btree (_parent_id);


--
-- Name: forms_blocks_message_path_idx; Type: INDEX; Schema: public; Owner: -
--

CREATE INDEX forms_blocks_message_path_idx ON public.forms_blocks_message USING btree (_path);


--
-- Name: forms_blocks_radio_options_image_idx; Type: INDEX; Schema: public; Owner: -
--

CREATE INDEX forms_blocks_radio_options_image_idx ON public.forms_blocks_radio_options USING btree (image_id);


--
-- Name: forms_blocks_radio_options_order_idx; Type: INDEX; Schema: public; Owner: -
--

CREATE INDEX forms_blocks_radio_options_order_idx ON public.forms_blocks_radio_options USING btree (_order);


--
-- Name: forms_blocks_radio_options_parent_id_idx; Type: INDEX; Schema: public; Owner: -
--

CREATE INDEX forms_blocks_radio_options_parent_id_idx ON public.forms_blocks_radio_options USING btree (_parent_id);


--
-- Name: forms_blocks_radio_order_idx; Type: INDEX; Schema: public; Owner: -
--

CREATE INDEX forms_blocks_radio_order_idx ON public.forms_blocks_radio USING btree (_order);


--
-- Name: forms_blocks_radio_parent_id_idx; Type: INDEX; Schema: public; Owner: -
--

CREATE INDEX forms_blocks_radio_parent_id_idx ON public.forms_blocks_radio USING btree (_parent_id);


--
-- Name: forms_blocks_radio_path_idx; Type: INDEX; Schema: public; Owner: -
--

CREATE INDEX forms_blocks_radio_path_idx ON public.forms_blocks_radio USING btree (_path);


--
-- Name: forms_blocks_select_options_order_idx; Type: INDEX; Schema: public; Owner: -
--

CREATE INDEX forms_blocks_select_options_order_idx ON public.forms_blocks_select_options USING btree (_order);


--
-- Name: forms_blocks_select_options_parent_id_idx; Type: INDEX; Schema: public; Owner: -
--

CREATE INDEX forms_blocks_select_options_parent_id_idx ON public.forms_blocks_select_options USING btree (_parent_id);


--
-- Name: forms_blocks_select_order_idx; Type: INDEX; Schema: public; Owner: -
--

CREATE INDEX forms_blocks_select_order_idx ON public.forms_blocks_select USING btree (_order);


--
-- Name: forms_blocks_select_parent_id_idx; Type: INDEX; Schema: public; Owner: -
--

CREATE INDEX forms_blocks_select_parent_id_idx ON public.forms_blocks_select USING btree (_parent_id);


--
-- Name: forms_blocks_select_path_idx; Type: INDEX; Schema: public; Owner: -
--

CREATE INDEX forms_blocks_select_path_idx ON public.forms_blocks_select USING btree (_path);


--
-- Name: forms_blocks_text_order_idx; Type: INDEX; Schema: public; Owner: -
--

CREATE INDEX forms_blocks_text_order_idx ON public.forms_blocks_text USING btree (_order);


--
-- Name: forms_blocks_text_parent_id_idx; Type: INDEX; Schema: public; Owner: -
--

CREATE INDEX forms_blocks_text_parent_id_idx ON public.forms_blocks_text USING btree (_parent_id);


--
-- Name: forms_blocks_text_path_idx; Type: INDEX; Schema: public; Owner: -
--

CREATE INDEX forms_blocks_text_path_idx ON public.forms_blocks_text USING btree (_path);


--
-- Name: forms_blocks_textarea_order_idx; Type: INDEX; Schema: public; Owner: -
--

CREATE INDEX forms_blocks_textarea_order_idx ON public.forms_blocks_textarea USING btree (_order);


--
-- Name: forms_blocks_textarea_parent_id_idx; Type: INDEX; Schema: public; Owner: -
--

CREATE INDEX forms_blocks_textarea_parent_id_idx ON public.forms_blocks_textarea USING btree (_parent_id);


--
-- Name: forms_blocks_textarea_path_idx; Type: INDEX; Schema: public; Owner: -
--

CREATE INDEX forms_blocks_textarea_path_idx ON public.forms_blocks_textarea USING btree (_path);


--
-- Name: forms_created_at_idx; Type: INDEX; Schema: public; Owner: -
--

CREATE INDEX forms_created_at_idx ON public.forms USING btree (created_at);


--
-- Name: forms_emails_order_idx; Type: INDEX; Schema: public; Owner: -
--

CREATE INDEX forms_emails_order_idx ON public.forms_emails USING btree (_order);


--
-- Name: forms_emails_parent_id_idx; Type: INDEX; Schema: public; Owner: -
--

CREATE INDEX forms_emails_parent_id_idx ON public.forms_emails USING btree (_parent_id);


--
-- Name: forms_updated_at_idx; Type: INDEX; Schema: public; Owner: -
--

CREATE INDEX forms_updated_at_idx ON public.forms USING btree (updated_at);


--
-- Name: header_nav_items_nav_links_items_order_idx; Type: INDEX; Schema: public; Owner: -
--

CREATE INDEX header_nav_items_nav_links_items_order_idx ON public.header_nav_items_nav_links_items USING btree (_order);


--
-- Name: header_nav_items_nav_links_items_parent_id_idx; Type: INDEX; Schema: public; Owner: -
--

CREATE INDEX header_nav_items_nav_links_items_parent_id_idx ON public.header_nav_items_nav_links_items USING btree (_parent_id);


--
-- Name: header_nav_items_nav_links_items_sub_items_image_idx; Type: INDEX; Schema: public; Owner: -
--

CREATE INDEX header_nav_items_nav_links_items_sub_items_image_idx ON public.header_nav_items_nav_links_items_sub_items USING btree (image_id);


--
-- Name: header_nav_items_nav_links_items_sub_items_order_idx; Type: INDEX; Schema: public; Owner: -
--

CREATE INDEX header_nav_items_nav_links_items_sub_items_order_idx ON public.header_nav_items_nav_links_items_sub_items USING btree (_order);


--
-- Name: header_nav_items_nav_links_items_sub_items_parent_id_idx; Type: INDEX; Schema: public; Owner: -
--

CREATE INDEX header_nav_items_nav_links_items_sub_items_parent_id_idx ON public.header_nav_items_nav_links_items_sub_items USING btree (_parent_id);


--
-- Name: header_nav_items_nav_links_order_idx; Type: INDEX; Schema: public; Owner: -
--

CREATE INDEX header_nav_items_nav_links_order_idx ON public.header_nav_items_nav_links USING btree (_order);


--
-- Name: header_nav_items_nav_links_parent_id_idx; Type: INDEX; Schema: public; Owner: -
--

CREATE INDEX header_nav_items_nav_links_parent_id_idx ON public.header_nav_items_nav_links USING btree (_parent_id);


--
-- Name: header_nav_items_order_idx; Type: INDEX; Schema: public; Owner: -
--

CREATE INDEX header_nav_items_order_idx ON public.header_nav_items USING btree (_order);


--
-- Name: header_nav_items_parent_id_idx; Type: INDEX; Schema: public; Owner: -
--

CREATE INDEX header_nav_items_parent_id_idx ON public.header_nav_items USING btree (_parent_id);


--
-- Name: header_rels_order_idx; Type: INDEX; Schema: public; Owner: -
--

CREATE INDEX header_rels_order_idx ON public.header_rels USING btree ("order");


--
-- Name: header_rels_pages_id_idx; Type: INDEX; Schema: public; Owner: -
--

CREATE INDEX header_rels_pages_id_idx ON public.header_rels USING btree (pages_id);


--
-- Name: header_rels_parent_idx; Type: INDEX; Schema: public; Owner: -
--

CREATE INDEX header_rels_parent_idx ON public.header_rels USING btree (parent_id);


--
-- Name: header_rels_path_idx; Type: INDEX; Schema: public; Owner: -
--

CREATE INDEX header_rels_path_idx ON public.header_rels USING btree (path);


--
-- Name: header_rels_posts_id_idx; Type: INDEX; Schema: public; Owner: -
--

CREATE INDEX header_rels_posts_id_idx ON public.header_rels USING btree (posts_id);


--
-- Name: media_created_at_idx; Type: INDEX; Schema: public; Owner: -
--

CREATE INDEX media_created_at_idx ON public.media USING btree (created_at);


--
-- Name: media_filename_idx; Type: INDEX; Schema: public; Owner: -
--

CREATE UNIQUE INDEX media_filename_idx ON public.media USING btree (filename);


--
-- Name: media_updated_at_idx; Type: INDEX; Schema: public; Owner: -
--

CREATE INDEX media_updated_at_idx ON public.media USING btree (updated_at);


--
-- Name: pages__status_idx; Type: INDEX; Schema: public; Owner: -
--

CREATE INDEX pages__status_idx ON public.pages USING btree (_status);


--
-- Name: pages_blocks_box_content_boxes_media_idx; Type: INDEX; Schema: public; Owner: -
--

CREATE INDEX pages_blocks_box_content_boxes_media_idx ON public.pages_blocks_box_content_boxes USING btree (media_id);


--
-- Name: pages_blocks_box_content_boxes_order_idx; Type: INDEX; Schema: public; Owner: -
--

CREATE INDEX pages_blocks_box_content_boxes_order_idx ON public.pages_blocks_box_content_boxes USING btree (_order);


--
-- Name: pages_blocks_box_content_boxes_parent_id_idx; Type: INDEX; Schema: public; Owner: -
--

CREATE INDEX pages_blocks_box_content_boxes_parent_id_idx ON public.pages_blocks_box_content_boxes USING btree (_parent_id);


--
-- Name: pages_blocks_box_content_order_idx; Type: INDEX; Schema: public; Owner: -
--

CREATE INDEX pages_blocks_box_content_order_idx ON public.pages_blocks_box_content USING btree (_order);


--
-- Name: pages_blocks_box_content_parent_id_idx; Type: INDEX; Schema: public; Owner: -
--

CREATE INDEX pages_blocks_box_content_parent_id_idx ON public.pages_blocks_box_content USING btree (_parent_id);


--
-- Name: pages_blocks_box_content_path_idx; Type: INDEX; Schema: public; Owner: -
--

CREATE INDEX pages_blocks_box_content_path_idx ON public.pages_blocks_box_content USING btree (_path);


--
-- Name: pages_blocks_content_image_idx; Type: INDEX; Schema: public; Owner: -
--

CREATE INDEX pages_blocks_content_image_idx ON public.pages_blocks_content USING btree (image_id);


--
-- Name: pages_blocks_content_order_idx; Type: INDEX; Schema: public; Owner: -
--

CREATE INDEX pages_blocks_content_order_idx ON public.pages_blocks_content USING btree (_order);


--
-- Name: pages_blocks_content_parent_id_idx; Type: INDEX; Schema: public; Owner: -
--

CREATE INDEX pages_blocks_content_parent_id_idx ON public.pages_blocks_content USING btree (_parent_id);


--
-- Name: pages_blocks_content_path_idx; Type: INDEX; Schema: public; Owner: -
--

CREATE INDEX pages_blocks_content_path_idx ON public.pages_blocks_content USING btree (_path);


--
-- Name: pages_blocks_content_section_name_idx; Type: INDEX; Schema: public; Owner: -
--

CREATE UNIQUE INDEX pages_blocks_content_section_name_idx ON public.pages_blocks_content USING btree (section_name);


--
-- Name: pages_blocks_cta_links_order_idx; Type: INDEX; Schema: public; Owner: -
--

CREATE INDEX pages_blocks_cta_links_order_idx ON public.pages_blocks_cta_links USING btree (_order);


--
-- Name: pages_blocks_cta_links_parent_id_idx; Type: INDEX; Schema: public; Owner: -
--

CREATE INDEX pages_blocks_cta_links_parent_id_idx ON public.pages_blocks_cta_links USING btree (_parent_id);


--
-- Name: pages_blocks_cta_media_idx; Type: INDEX; Schema: public; Owner: -
--

CREATE INDEX pages_blocks_cta_media_idx ON public.pages_blocks_cta USING btree (media_id);


--
-- Name: pages_blocks_cta_order_idx; Type: INDEX; Schema: public; Owner: -
--

CREATE INDEX pages_blocks_cta_order_idx ON public.pages_blocks_cta USING btree (_order);


--
-- Name: pages_blocks_cta_parent_id_idx; Type: INDEX; Schema: public; Owner: -
--

CREATE INDEX pages_blocks_cta_parent_id_idx ON public.pages_blocks_cta USING btree (_parent_id);


--
-- Name: pages_blocks_cta_path_idx; Type: INDEX; Schema: public; Owner: -
--

CREATE INDEX pages_blocks_cta_path_idx ON public.pages_blocks_cta USING btree (_path);


--
-- Name: pages_blocks_form_block_form_idx; Type: INDEX; Schema: public; Owner: -
--

CREATE INDEX pages_blocks_form_block_form_idx ON public.pages_blocks_form_block USING btree (form_id);


--
-- Name: pages_blocks_form_block_order_idx; Type: INDEX; Schema: public; Owner: -
--

CREATE INDEX pages_blocks_form_block_order_idx ON public.pages_blocks_form_block USING btree (_order);


--
-- Name: pages_blocks_form_block_parent_id_idx; Type: INDEX; Schema: public; Owner: -
--

CREATE INDEX pages_blocks_form_block_parent_id_idx ON public.pages_blocks_form_block USING btree (_parent_id);


--
-- Name: pages_blocks_form_block_path_idx; Type: INDEX; Schema: public; Owner: -
--

CREATE INDEX pages_blocks_form_block_path_idx ON public.pages_blocks_form_block USING btree (_path);


--
-- Name: pages_blocks_frequently_questions_block_image_idx; Type: INDEX; Schema: public; Owner: -
--

CREATE INDEX pages_blocks_frequently_questions_block_image_idx ON public.pages_blocks_frequently_questions_block USING btree (image_id);


--
-- Name: pages_blocks_frequently_questions_block_order_idx; Type: INDEX; Schema: public; Owner: -
--

CREATE INDEX pages_blocks_frequently_questions_block_order_idx ON public.pages_blocks_frequently_questions_block USING btree (_order);


--
-- Name: pages_blocks_frequently_questions_block_parent_id_idx; Type: INDEX; Schema: public; Owner: -
--

CREATE INDEX pages_blocks_frequently_questions_block_parent_id_idx ON public.pages_blocks_frequently_questions_block USING btree (_parent_id);


--
-- Name: pages_blocks_frequently_questions_block_path_idx; Type: INDEX; Schema: public; Owner: -
--

CREATE INDEX pages_blocks_frequently_questions_block_path_idx ON public.pages_blocks_frequently_questions_block USING btree (_path);


--
-- Name: pages_blocks_frequently_questions_block_questions_order_idx; Type: INDEX; Schema: public; Owner: -
--

CREATE INDEX pages_blocks_frequently_questions_block_questions_order_idx ON public.pages_blocks_frequently_questions_block_questions USING btree (_order);


--
-- Name: pages_blocks_frequently_questions_block_questions_parent_id_idx; Type: INDEX; Schema: public; Owner: -
--

CREATE INDEX pages_blocks_frequently_questions_block_questions_parent_id_idx ON public.pages_blocks_frequently_questions_block_questions USING btree (_parent_id);


--
-- Name: pages_blocks_frequently_questions_block_section_name_idx; Type: INDEX; Schema: public; Owner: -
--

CREATE UNIQUE INDEX pages_blocks_frequently_questions_block_section_name_idx ON public.pages_blocks_frequently_questions_block USING btree (section_name);


--
-- Name: pages_blocks_list_content_blocks_media_idx; Type: INDEX; Schema: public; Owner: -
--

CREATE INDEX pages_blocks_list_content_blocks_media_idx ON public.pages_blocks_list_content_blocks USING btree (media_id);


--
-- Name: pages_blocks_list_content_blocks_order_idx; Type: INDEX; Schema: public; Owner: -
--

CREATE INDEX pages_blocks_list_content_blocks_order_idx ON public.pages_blocks_list_content_blocks USING btree (_order);


--
-- Name: pages_blocks_list_content_blocks_parent_id_idx; Type: INDEX; Schema: public; Owner: -
--

CREATE INDEX pages_blocks_list_content_blocks_parent_id_idx ON public.pages_blocks_list_content_blocks USING btree (_parent_id);


--
-- Name: pages_blocks_list_content_field_image_idx; Type: INDEX; Schema: public; Owner: -
--

CREATE INDEX pages_blocks_list_content_field_image_idx ON public.pages_blocks_list_content USING btree (field_image_id);


--
-- Name: pages_blocks_list_content_order_idx; Type: INDEX; Schema: public; Owner: -
--

CREATE INDEX pages_blocks_list_content_order_idx ON public.pages_blocks_list_content USING btree (_order);


--
-- Name: pages_blocks_list_content_parent_id_idx; Type: INDEX; Schema: public; Owner: -
--

CREATE INDEX pages_blocks_list_content_parent_id_idx ON public.pages_blocks_list_content USING btree (_parent_id);


--
-- Name: pages_blocks_list_content_path_idx; Type: INDEX; Schema: public; Owner: -
--

CREATE INDEX pages_blocks_list_content_path_idx ON public.pages_blocks_list_content USING btree (_path);


--
-- Name: pages_blocks_list_content_section_name_idx; Type: INDEX; Schema: public; Owner: -
--

CREATE UNIQUE INDEX pages_blocks_list_content_section_name_idx ON public.pages_blocks_list_content USING btree (section_name);


--
-- Name: pages_blocks_media_block_media_idx; Type: INDEX; Schema: public; Owner: -
--

CREATE INDEX pages_blocks_media_block_media_idx ON public.pages_blocks_media_block USING btree (media_id);


--
-- Name: pages_blocks_media_block_order_idx; Type: INDEX; Schema: public; Owner: -
--

CREATE INDEX pages_blocks_media_block_order_idx ON public.pages_blocks_media_block USING btree (_order);


--
-- Name: pages_blocks_media_block_parent_id_idx; Type: INDEX; Schema: public; Owner: -
--

CREATE INDEX pages_blocks_media_block_parent_id_idx ON public.pages_blocks_media_block USING btree (_parent_id);


--
-- Name: pages_blocks_media_block_path_idx; Type: INDEX; Schema: public; Owner: -
--

CREATE INDEX pages_blocks_media_block_path_idx ON public.pages_blocks_media_block USING btree (_path);


--
-- Name: pages_blocks_post_carousel_block_order_idx; Type: INDEX; Schema: public; Owner: -
--

CREATE INDEX pages_blocks_post_carousel_block_order_idx ON public.pages_blocks_post_carousel_block USING btree (_order);


--
-- Name: pages_blocks_post_carousel_block_parent_id_idx; Type: INDEX; Schema: public; Owner: -
--

CREATE INDEX pages_blocks_post_carousel_block_parent_id_idx ON public.pages_blocks_post_carousel_block USING btree (_parent_id);


--
-- Name: pages_blocks_post_carousel_block_path_idx; Type: INDEX; Schema: public; Owner: -
--

CREATE INDEX pages_blocks_post_carousel_block_path_idx ON public.pages_blocks_post_carousel_block USING btree (_path);


--
-- Name: pages_blocks_quote_block_image_idx; Type: INDEX; Schema: public; Owner: -
--

CREATE INDEX pages_blocks_quote_block_image_idx ON public.pages_blocks_quote_block USING btree (image_id);


--
-- Name: pages_blocks_quote_block_links_order_idx; Type: INDEX; Schema: public; Owner: -
--

CREATE INDEX pages_blocks_quote_block_links_order_idx ON public.pages_blocks_quote_block_links USING btree (_order);


--
-- Name: pages_blocks_quote_block_links_parent_id_idx; Type: INDEX; Schema: public; Owner: -
--

CREATE INDEX pages_blocks_quote_block_links_parent_id_idx ON public.pages_blocks_quote_block_links USING btree (_parent_id);


--
-- Name: pages_blocks_quote_block_order_idx; Type: INDEX; Schema: public; Owner: -
--

CREATE INDEX pages_blocks_quote_block_order_idx ON public.pages_blocks_quote_block USING btree (_order);


--
-- Name: pages_blocks_quote_block_parent_id_idx; Type: INDEX; Schema: public; Owner: -
--

CREATE INDEX pages_blocks_quote_block_parent_id_idx ON public.pages_blocks_quote_block USING btree (_parent_id);


--
-- Name: pages_blocks_quote_block_path_idx; Type: INDEX; Schema: public; Owner: -
--

CREATE INDEX pages_blocks_quote_block_path_idx ON public.pages_blocks_quote_block USING btree (_path);


--
-- Name: pages_blocks_quote_block_section_name_idx; Type: INDEX; Schema: public; Owner: -
--

CREATE UNIQUE INDEX pages_blocks_quote_block_section_name_idx ON public.pages_blocks_quote_block USING btree (section_name);


--
-- Name: pages_blocks_service_accordions_order_idx; Type: INDEX; Schema: public; Owner: -
--

CREATE INDEX pages_blocks_service_accordions_order_idx ON public.pages_blocks_service_accordions USING btree (_order);


--
-- Name: pages_blocks_service_accordions_parent_id_idx; Type: INDEX; Schema: public; Owner: -
--

CREATE INDEX pages_blocks_service_accordions_parent_id_idx ON public.pages_blocks_service_accordions USING btree (_parent_id);


--
-- Name: pages_blocks_service_list_block_blocks_media_idx; Type: INDEX; Schema: public; Owner: -
--

CREATE INDEX pages_blocks_service_list_block_blocks_media_idx ON public.pages_blocks_service_list_block_blocks USING btree (media_id);


--
-- Name: pages_blocks_service_list_block_blocks_order_idx; Type: INDEX; Schema: public; Owner: -
--

CREATE INDEX pages_blocks_service_list_block_blocks_order_idx ON public.pages_blocks_service_list_block_blocks USING btree (_order);


--
-- Name: pages_blocks_service_list_block_blocks_parent_id_idx; Type: INDEX; Schema: public; Owner: -
--

CREATE INDEX pages_blocks_service_list_block_blocks_parent_id_idx ON public.pages_blocks_service_list_block_blocks USING btree (_parent_id);


--
-- Name: pages_blocks_service_list_block_order_idx; Type: INDEX; Schema: public; Owner: -
--

CREATE INDEX pages_blocks_service_list_block_order_idx ON public.pages_blocks_service_list_block USING btree (_order);


--
-- Name: pages_blocks_service_list_block_parent_id_idx; Type: INDEX; Schema: public; Owner: -
--

CREATE INDEX pages_blocks_service_list_block_parent_id_idx ON public.pages_blocks_service_list_block USING btree (_parent_id);


--
-- Name: pages_blocks_service_list_block_path_idx; Type: INDEX; Schema: public; Owner: -
--

CREATE INDEX pages_blocks_service_list_block_path_idx ON public.pages_blocks_service_list_block USING btree (_path);


--
-- Name: pages_blocks_service_list_block_section_name_idx; Type: INDEX; Schema: public; Owner: -
--

CREATE UNIQUE INDEX pages_blocks_service_list_block_section_name_idx ON public.pages_blocks_service_list_block USING btree (section_name);


--
-- Name: pages_blocks_service_order_idx; Type: INDEX; Schema: public; Owner: -
--

CREATE INDEX pages_blocks_service_order_idx ON public.pages_blocks_service USING btree (_order);


--
-- Name: pages_blocks_service_parent_id_idx; Type: INDEX; Schema: public; Owner: -
--

CREATE INDEX pages_blocks_service_parent_id_idx ON public.pages_blocks_service USING btree (_parent_id);


--
-- Name: pages_blocks_service_path_idx; Type: INDEX; Schema: public; Owner: -
--

CREATE INDEX pages_blocks_service_path_idx ON public.pages_blocks_service USING btree (_path);


--
-- Name: pages_blocks_simple_list_content_blocks_media_idx; Type: INDEX; Schema: public; Owner: -
--

CREATE INDEX pages_blocks_simple_list_content_blocks_media_idx ON public.pages_blocks_simple_list_content_blocks USING btree (media_id);


--
-- Name: pages_blocks_simple_list_content_blocks_order_idx; Type: INDEX; Schema: public; Owner: -
--

CREATE INDEX pages_blocks_simple_list_content_blocks_order_idx ON public.pages_blocks_simple_list_content_blocks USING btree (_order);


--
-- Name: pages_blocks_simple_list_content_blocks_parent_id_idx; Type: INDEX; Schema: public; Owner: -
--

CREATE INDEX pages_blocks_simple_list_content_blocks_parent_id_idx ON public.pages_blocks_simple_list_content_blocks USING btree (_parent_id);


--
-- Name: pages_blocks_simple_list_content_image_idx; Type: INDEX; Schema: public; Owner: -
--

CREATE INDEX pages_blocks_simple_list_content_image_idx ON public.pages_blocks_simple_list_content USING btree (image_id);


--
-- Name: pages_blocks_simple_list_content_order_idx; Type: INDEX; Schema: public; Owner: -
--

CREATE INDEX pages_blocks_simple_list_content_order_idx ON public.pages_blocks_simple_list_content USING btree (_order);


--
-- Name: pages_blocks_simple_list_content_parent_id_idx; Type: INDEX; Schema: public; Owner: -
--

CREATE INDEX pages_blocks_simple_list_content_parent_id_idx ON public.pages_blocks_simple_list_content USING btree (_parent_id);


--
-- Name: pages_blocks_simple_list_content_path_idx; Type: INDEX; Schema: public; Owner: -
--

CREATE INDEX pages_blocks_simple_list_content_path_idx ON public.pages_blocks_simple_list_content USING btree (_path);


--
-- Name: pages_blocks_social_order_idx; Type: INDEX; Schema: public; Owner: -
--

CREATE INDEX pages_blocks_social_order_idx ON public.pages_blocks_social USING btree (_order);


--
-- Name: pages_blocks_social_parent_id_idx; Type: INDEX; Schema: public; Owner: -
--

CREATE INDEX pages_blocks_social_parent_id_idx ON public.pages_blocks_social USING btree (_parent_id);


--
-- Name: pages_blocks_social_path_idx; Type: INDEX; Schema: public; Owner: -
--

CREATE INDEX pages_blocks_social_path_idx ON public.pages_blocks_social USING btree (_path);


--
-- Name: pages_blocks_social_rrss_icon_idx; Type: INDEX; Schema: public; Owner: -
--

CREATE INDEX pages_blocks_social_rrss_icon_idx ON public.pages_blocks_social_rrss USING btree (icon_id);


--
-- Name: pages_blocks_social_rrss_order_idx; Type: INDEX; Schema: public; Owner: -
--

CREATE INDEX pages_blocks_social_rrss_order_idx ON public.pages_blocks_social_rrss USING btree (_order);


--
-- Name: pages_blocks_social_rrss_parent_id_idx; Type: INDEX; Schema: public; Owner: -
--

CREATE INDEX pages_blocks_social_rrss_parent_id_idx ON public.pages_blocks_social_rrss USING btree (_parent_id);


--
-- Name: pages_created_at_idx; Type: INDEX; Schema: public; Owner: -
--

CREATE INDEX pages_created_at_idx ON public.pages USING btree (created_at);


--
-- Name: pages_hero_hero_media_idx; Type: INDEX; Schema: public; Owner: -
--

CREATE INDEX pages_hero_hero_media_idx ON public.pages USING btree (hero_media_id);


--
-- Name: pages_hero_links_order_idx; Type: INDEX; Schema: public; Owner: -
--

CREATE INDEX pages_hero_links_order_idx ON public.pages_hero_links USING btree (_order);


--
-- Name: pages_hero_links_parent_id_idx; Type: INDEX; Schema: public; Owner: -
--

CREATE INDEX pages_hero_links_parent_id_idx ON public.pages_hero_links USING btree (_parent_id);


--
-- Name: pages_meta_meta_image_idx; Type: INDEX; Schema: public; Owner: -
--

CREATE INDEX pages_meta_meta_image_idx ON public.pages USING btree (meta_image_id);


--
-- Name: pages_rels_order_idx; Type: INDEX; Schema: public; Owner: -
--

CREATE INDEX pages_rels_order_idx ON public.pages_rels USING btree ("order");


--
-- Name: pages_rels_pages_id_idx; Type: INDEX; Schema: public; Owner: -
--

CREATE INDEX pages_rels_pages_id_idx ON public.pages_rels USING btree (pages_id);


--
-- Name: pages_rels_parent_idx; Type: INDEX; Schema: public; Owner: -
--

CREATE INDEX pages_rels_parent_idx ON public.pages_rels USING btree (parent_id);


--
-- Name: pages_rels_path_idx; Type: INDEX; Schema: public; Owner: -
--

CREATE INDEX pages_rels_path_idx ON public.pages_rels USING btree (path);


--
-- Name: pages_rels_posts_id_idx; Type: INDEX; Schema: public; Owner: -
--

CREATE INDEX pages_rels_posts_id_idx ON public.pages_rels USING btree (posts_id);


--
-- Name: pages_slug_idx; Type: INDEX; Schema: public; Owner: -
--

CREATE INDEX pages_slug_idx ON public.pages USING btree (slug);


--
-- Name: pages_updated_at_idx; Type: INDEX; Schema: public; Owner: -
--

CREATE INDEX pages_updated_at_idx ON public.pages USING btree (updated_at);


--
-- Name: payload_jobs_completed_at_idx; Type: INDEX; Schema: public; Owner: -
--

CREATE INDEX payload_jobs_completed_at_idx ON public.payload_jobs USING btree (completed_at);


--
-- Name: payload_jobs_created_at_idx; Type: INDEX; Schema: public; Owner: -
--

CREATE INDEX payload_jobs_created_at_idx ON public.payload_jobs USING btree (created_at);


--
-- Name: payload_jobs_has_error_idx; Type: INDEX; Schema: public; Owner: -
--

CREATE INDEX payload_jobs_has_error_idx ON public.payload_jobs USING btree (has_error);


--
-- Name: payload_jobs_log_order_idx; Type: INDEX; Schema: public; Owner: -
--

CREATE INDEX payload_jobs_log_order_idx ON public.payload_jobs_log USING btree (_order);


--
-- Name: payload_jobs_log_parent_id_idx; Type: INDEX; Schema: public; Owner: -
--

CREATE INDEX payload_jobs_log_parent_id_idx ON public.payload_jobs_log USING btree (_parent_id);


--
-- Name: payload_jobs_processing_idx; Type: INDEX; Schema: public; Owner: -
--

CREATE INDEX payload_jobs_processing_idx ON public.payload_jobs USING btree (processing);


--
-- Name: payload_jobs_queue_idx; Type: INDEX; Schema: public; Owner: -
--

CREATE INDEX payload_jobs_queue_idx ON public.payload_jobs USING btree (queue);


--
-- Name: payload_jobs_task_slug_idx; Type: INDEX; Schema: public; Owner: -
--

CREATE INDEX payload_jobs_task_slug_idx ON public.payload_jobs USING btree (task_slug);


--
-- Name: payload_jobs_total_tried_idx; Type: INDEX; Schema: public; Owner: -
--

CREATE INDEX payload_jobs_total_tried_idx ON public.payload_jobs USING btree (total_tried);


--
-- Name: payload_jobs_updated_at_idx; Type: INDEX; Schema: public; Owner: -
--

CREATE INDEX payload_jobs_updated_at_idx ON public.payload_jobs USING btree (updated_at);


--
-- Name: payload_jobs_wait_until_idx; Type: INDEX; Schema: public; Owner: -
--

CREATE INDEX payload_jobs_wait_until_idx ON public.payload_jobs USING btree (wait_until);


--
-- Name: payload_kv_key_idx; Type: INDEX; Schema: public; Owner: -
--

CREATE UNIQUE INDEX payload_kv_key_idx ON public.payload_kv USING btree (key);


--
-- Name: payload_locked_documents_created_at_idx; Type: INDEX; Schema: public; Owner: -
--

CREATE INDEX payload_locked_documents_created_at_idx ON public.payload_locked_documents USING btree (created_at);


--
-- Name: payload_locked_documents_global_slug_idx; Type: INDEX; Schema: public; Owner: -
--

CREATE INDEX payload_locked_documents_global_slug_idx ON public.payload_locked_documents USING btree (global_slug);


--
-- Name: payload_locked_documents_rels_categories_id_idx; Type: INDEX; Schema: public; Owner: -
--

CREATE INDEX payload_locked_documents_rels_categories_id_idx ON public.payload_locked_documents_rels USING btree (categories_id);


--
-- Name: payload_locked_documents_rels_documents_id_idx; Type: INDEX; Schema: public; Owner: -
--

CREATE INDEX payload_locked_documents_rels_documents_id_idx ON public.payload_locked_documents_rels USING btree (documents_id);


--
-- Name: payload_locked_documents_rels_form_submissions_id_idx; Type: INDEX; Schema: public; Owner: -
--

CREATE INDEX payload_locked_documents_rels_form_submissions_id_idx ON public.payload_locked_documents_rels USING btree (form_submissions_id);


--
-- Name: payload_locked_documents_rels_forms_id_idx; Type: INDEX; Schema: public; Owner: -
--

CREATE INDEX payload_locked_documents_rels_forms_id_idx ON public.payload_locked_documents_rels USING btree (forms_id);


--
-- Name: payload_locked_documents_rels_media_id_idx; Type: INDEX; Schema: public; Owner: -
--

CREATE INDEX payload_locked_documents_rels_media_id_idx ON public.payload_locked_documents_rels USING btree (media_id);


--
-- Name: payload_locked_documents_rels_order_idx; Type: INDEX; Schema: public; Owner: -
--

CREATE INDEX payload_locked_documents_rels_order_idx ON public.payload_locked_documents_rels USING btree ("order");


--
-- Name: payload_locked_documents_rels_pages_id_idx; Type: INDEX; Schema: public; Owner: -
--

CREATE INDEX payload_locked_documents_rels_pages_id_idx ON public.payload_locked_documents_rels USING btree (pages_id);


--
-- Name: payload_locked_documents_rels_parent_idx; Type: INDEX; Schema: public; Owner: -
--

CREATE INDEX payload_locked_documents_rels_parent_idx ON public.payload_locked_documents_rels USING btree (parent_id);


--
-- Name: payload_locked_documents_rels_path_idx; Type: INDEX; Schema: public; Owner: -
--

CREATE INDEX payload_locked_documents_rels_path_idx ON public.payload_locked_documents_rels USING btree (path);


--
-- Name: payload_locked_documents_rels_posts_id_idx; Type: INDEX; Schema: public; Owner: -
--

CREATE INDEX payload_locked_documents_rels_posts_id_idx ON public.payload_locked_documents_rels USING btree (posts_id);


--
-- Name: payload_locked_documents_rels_tags_id_idx; Type: INDEX; Schema: public; Owner: -
--

CREATE INDEX payload_locked_documents_rels_tags_id_idx ON public.payload_locked_documents_rels USING btree (tags_id);


--
-- Name: payload_locked_documents_rels_users_id_idx; Type: INDEX; Schema: public; Owner: -
--

CREATE INDEX payload_locked_documents_rels_users_id_idx ON public.payload_locked_documents_rels USING btree (users_id);


--
-- Name: payload_locked_documents_rels_videos_id_idx; Type: INDEX; Schema: public; Owner: -
--

CREATE INDEX payload_locked_documents_rels_videos_id_idx ON public.payload_locked_documents_rels USING btree (videos_id);


--
-- Name: payload_locked_documents_updated_at_idx; Type: INDEX; Schema: public; Owner: -
--

CREATE INDEX payload_locked_documents_updated_at_idx ON public.payload_locked_documents USING btree (updated_at);


--
-- Name: payload_migrations_created_at_idx; Type: INDEX; Schema: public; Owner: -
--

CREATE INDEX payload_migrations_created_at_idx ON public.payload_migrations USING btree (created_at);


--
-- Name: payload_migrations_updated_at_idx; Type: INDEX; Schema: public; Owner: -
--

CREATE INDEX payload_migrations_updated_at_idx ON public.payload_migrations USING btree (updated_at);


--
-- Name: payload_preferences_created_at_idx; Type: INDEX; Schema: public; Owner: -
--

CREATE INDEX payload_preferences_created_at_idx ON public.payload_preferences USING btree (created_at);


--
-- Name: payload_preferences_key_idx; Type: INDEX; Schema: public; Owner: -
--

CREATE INDEX payload_preferences_key_idx ON public.payload_preferences USING btree (key);


--
-- Name: payload_preferences_rels_order_idx; Type: INDEX; Schema: public; Owner: -
--

CREATE INDEX payload_preferences_rels_order_idx ON public.payload_preferences_rels USING btree ("order");


--
-- Name: payload_preferences_rels_parent_idx; Type: INDEX; Schema: public; Owner: -
--

CREATE INDEX payload_preferences_rels_parent_idx ON public.payload_preferences_rels USING btree (parent_id);


--
-- Name: payload_preferences_rels_path_idx; Type: INDEX; Schema: public; Owner: -
--

CREATE INDEX payload_preferences_rels_path_idx ON public.payload_preferences_rels USING btree (path);


--
-- Name: payload_preferences_rels_users_id_idx; Type: INDEX; Schema: public; Owner: -
--

CREATE INDEX payload_preferences_rels_users_id_idx ON public.payload_preferences_rels USING btree (users_id);


--
-- Name: payload_preferences_updated_at_idx; Type: INDEX; Schema: public; Owner: -
--

CREATE INDEX payload_preferences_updated_at_idx ON public.payload_preferences USING btree (updated_at);


--
-- Name: posts__status_idx; Type: INDEX; Schema: public; Owner: -
--

CREATE INDEX posts__status_idx ON public.posts USING btree (_status);


--
-- Name: posts_created_at_idx; Type: INDEX; Schema: public; Owner: -
--

CREATE INDEX posts_created_at_idx ON public.posts USING btree (created_at);


--
-- Name: posts_hero_image_idx; Type: INDEX; Schema: public; Owner: -
--

CREATE INDEX posts_hero_image_idx ON public.posts USING btree (hero_image_id);


--
-- Name: posts_meta_meta_image_idx; Type: INDEX; Schema: public; Owner: -
--

CREATE INDEX posts_meta_meta_image_idx ON public.posts USING btree (meta_image_id);


--
-- Name: posts_populated_authors_order_idx; Type: INDEX; Schema: public; Owner: -
--

CREATE INDEX posts_populated_authors_order_idx ON public.posts_populated_authors USING btree (_order);


--
-- Name: posts_populated_authors_parent_id_idx; Type: INDEX; Schema: public; Owner: -
--

CREATE INDEX posts_populated_authors_parent_id_idx ON public.posts_populated_authors USING btree (_parent_id);


--
-- Name: posts_rels_categories_id_idx; Type: INDEX; Schema: public; Owner: -
--

CREATE INDEX posts_rels_categories_id_idx ON public.posts_rels USING btree (categories_id);


--
-- Name: posts_rels_order_idx; Type: INDEX; Schema: public; Owner: -
--

CREATE INDEX posts_rels_order_idx ON public.posts_rels USING btree ("order");


--
-- Name: posts_rels_parent_idx; Type: INDEX; Schema: public; Owner: -
--

CREATE INDEX posts_rels_parent_idx ON public.posts_rels USING btree (parent_id);


--
-- Name: posts_rels_path_idx; Type: INDEX; Schema: public; Owner: -
--

CREATE INDEX posts_rels_path_idx ON public.posts_rels USING btree (path);


--
-- Name: posts_rels_posts_id_idx; Type: INDEX; Schema: public; Owner: -
--

CREATE INDEX posts_rels_posts_id_idx ON public.posts_rels USING btree (posts_id);


--
-- Name: posts_rels_tags_id_idx; Type: INDEX; Schema: public; Owner: -
--

CREATE INDEX posts_rels_tags_id_idx ON public.posts_rels USING btree (tags_id);


--
-- Name: posts_rels_users_id_idx; Type: INDEX; Schema: public; Owner: -
--

CREATE INDEX posts_rels_users_id_idx ON public.posts_rels USING btree (users_id);


--
-- Name: posts_slug_idx; Type: INDEX; Schema: public; Owner: -
--

CREATE INDEX posts_slug_idx ON public.posts USING btree (slug);


--
-- Name: posts_updated_at_idx; Type: INDEX; Schema: public; Owner: -
--

CREATE INDEX posts_updated_at_idx ON public.posts USING btree (updated_at);


--
-- Name: tags_created_at_idx; Type: INDEX; Schema: public; Owner: -
--

CREATE INDEX tags_created_at_idx ON public.tags USING btree (created_at);


--
-- Name: tags_slug_idx; Type: INDEX; Schema: public; Owner: -
--

CREATE INDEX tags_slug_idx ON public.tags USING btree (slug);


--
-- Name: tags_updated_at_idx; Type: INDEX; Schema: public; Owner: -
--

CREATE INDEX tags_updated_at_idx ON public.tags USING btree (updated_at);


--
-- Name: users_avatar_idx; Type: INDEX; Schema: public; Owner: -
--

CREATE INDEX users_avatar_idx ON public.users USING btree (avatar_id);


--
-- Name: users_created_at_idx; Type: INDEX; Schema: public; Owner: -
--

CREATE INDEX users_created_at_idx ON public.users USING btree (created_at);


--
-- Name: users_email_idx; Type: INDEX; Schema: public; Owner: -
--

CREATE UNIQUE INDEX users_email_idx ON public.users USING btree (email);


--
-- Name: users_roles_order_idx; Type: INDEX; Schema: public; Owner: -
--

CREATE INDEX users_roles_order_idx ON public.users_roles USING btree ("order");


--
-- Name: users_roles_parent_idx; Type: INDEX; Schema: public; Owner: -
--

CREATE INDEX users_roles_parent_idx ON public.users_roles USING btree (parent_id);


--
-- Name: users_sessions_order_idx; Type: INDEX; Schema: public; Owner: -
--

CREATE INDEX users_sessions_order_idx ON public.users_sessions USING btree (_order);


--
-- Name: users_sessions_parent_id_idx; Type: INDEX; Schema: public; Owner: -
--

CREATE INDEX users_sessions_parent_id_idx ON public.users_sessions USING btree (_parent_id);


--
-- Name: users_updated_at_idx; Type: INDEX; Schema: public; Owner: -
--

CREATE INDEX users_updated_at_idx ON public.users USING btree (updated_at);


--
-- Name: videos_created_at_idx; Type: INDEX; Schema: public; Owner: -
--

CREATE INDEX videos_created_at_idx ON public.videos USING btree (created_at);


--
-- Name: videos_filename_idx; Type: INDEX; Schema: public; Owner: -
--

CREATE UNIQUE INDEX videos_filename_idx ON public.videos USING btree (filename);


--
-- Name: videos_updated_at_idx; Type: INDEX; Schema: public; Owner: -
--

CREATE INDEX videos_updated_at_idx ON public.videos USING btree (updated_at);


--
-- Name: _pages_v_blocks_box_content_boxes _pages_v_blocks_box_content_boxes_media_id_media_id_fk; Type: FK CONSTRAINT; Schema: public; Owner: -
--

ALTER TABLE ONLY public._pages_v_blocks_box_content_boxes
    ADD CONSTRAINT _pages_v_blocks_box_content_boxes_media_id_media_id_fk FOREIGN KEY (media_id) REFERENCES public.media(id) ON DELETE SET NULL;


--
-- Name: _pages_v_blocks_box_content_boxes _pages_v_blocks_box_content_boxes_parent_id_fk; Type: FK CONSTRAINT; Schema: public; Owner: -
--

ALTER TABLE ONLY public._pages_v_blocks_box_content_boxes
    ADD CONSTRAINT _pages_v_blocks_box_content_boxes_parent_id_fk FOREIGN KEY (_parent_id) REFERENCES public._pages_v_blocks_box_content(id) ON DELETE CASCADE;


--
-- Name: _pages_v_blocks_box_content _pages_v_blocks_box_content_parent_id_fk; Type: FK CONSTRAINT; Schema: public; Owner: -
--

ALTER TABLE ONLY public._pages_v_blocks_box_content
    ADD CONSTRAINT _pages_v_blocks_box_content_parent_id_fk FOREIGN KEY (_parent_id) REFERENCES public._pages_v(id) ON DELETE CASCADE;


--
-- Name: _pages_v_blocks_content _pages_v_blocks_content_image_id_media_id_fk; Type: FK CONSTRAINT; Schema: public; Owner: -
--

ALTER TABLE ONLY public._pages_v_blocks_content
    ADD CONSTRAINT _pages_v_blocks_content_image_id_media_id_fk FOREIGN KEY (image_id) REFERENCES public.media(id) ON DELETE SET NULL;


--
-- Name: _pages_v_blocks_content _pages_v_blocks_content_parent_id_fk; Type: FK CONSTRAINT; Schema: public; Owner: -
--

ALTER TABLE ONLY public._pages_v_blocks_content
    ADD CONSTRAINT _pages_v_blocks_content_parent_id_fk FOREIGN KEY (_parent_id) REFERENCES public._pages_v(id) ON DELETE CASCADE;


--
-- Name: _pages_v_blocks_cta_links _pages_v_blocks_cta_links_parent_id_fk; Type: FK CONSTRAINT; Schema: public; Owner: -
--

ALTER TABLE ONLY public._pages_v_blocks_cta_links
    ADD CONSTRAINT _pages_v_blocks_cta_links_parent_id_fk FOREIGN KEY (_parent_id) REFERENCES public._pages_v_blocks_cta(id) ON DELETE CASCADE;


--
-- Name: _pages_v_blocks_cta _pages_v_blocks_cta_media_id_media_id_fk; Type: FK CONSTRAINT; Schema: public; Owner: -
--

ALTER TABLE ONLY public._pages_v_blocks_cta
    ADD CONSTRAINT _pages_v_blocks_cta_media_id_media_id_fk FOREIGN KEY (media_id) REFERENCES public.media(id) ON DELETE SET NULL;


--
-- Name: _pages_v_blocks_cta _pages_v_blocks_cta_parent_id_fk; Type: FK CONSTRAINT; Schema: public; Owner: -
--

ALTER TABLE ONLY public._pages_v_blocks_cta
    ADD CONSTRAINT _pages_v_blocks_cta_parent_id_fk FOREIGN KEY (_parent_id) REFERENCES public._pages_v(id) ON DELETE CASCADE;


--
-- Name: _pages_v_blocks_form_block _pages_v_blocks_form_block_form_id_forms_id_fk; Type: FK CONSTRAINT; Schema: public; Owner: -
--

ALTER TABLE ONLY public._pages_v_blocks_form_block
    ADD CONSTRAINT _pages_v_blocks_form_block_form_id_forms_id_fk FOREIGN KEY (form_id) REFERENCES public.forms(id) ON DELETE SET NULL;


--
-- Name: _pages_v_blocks_form_block _pages_v_blocks_form_block_parent_id_fk; Type: FK CONSTRAINT; Schema: public; Owner: -
--

ALTER TABLE ONLY public._pages_v_blocks_form_block
    ADD CONSTRAINT _pages_v_blocks_form_block_parent_id_fk FOREIGN KEY (_parent_id) REFERENCES public._pages_v(id) ON DELETE CASCADE;


--
-- Name: _pages_v_blocks_frequently_questions_block _pages_v_blocks_frequently_questions_block_image_id_media_id_fk; Type: FK CONSTRAINT; Schema: public; Owner: -
--

ALTER TABLE ONLY public._pages_v_blocks_frequently_questions_block
    ADD CONSTRAINT _pages_v_blocks_frequently_questions_block_image_id_media_id_fk FOREIGN KEY (image_id) REFERENCES public.media(id) ON DELETE SET NULL;


--
-- Name: _pages_v_blocks_frequently_questions_block _pages_v_blocks_frequently_questions_block_parent_id_fk; Type: FK CONSTRAINT; Schema: public; Owner: -
--

ALTER TABLE ONLY public._pages_v_blocks_frequently_questions_block
    ADD CONSTRAINT _pages_v_blocks_frequently_questions_block_parent_id_fk FOREIGN KEY (_parent_id) REFERENCES public._pages_v(id) ON DELETE CASCADE;


--
-- Name: _pages_v_blocks_frequently_questions_block_questions _pages_v_blocks_frequently_questions_block_questions_parent_id_; Type: FK CONSTRAINT; Schema: public; Owner: -
--

ALTER TABLE ONLY public._pages_v_blocks_frequently_questions_block_questions
    ADD CONSTRAINT _pages_v_blocks_frequently_questions_block_questions_parent_id_ FOREIGN KEY (_parent_id) REFERENCES public._pages_v_blocks_frequently_questions_block(id) ON DELETE CASCADE;


--
-- Name: _pages_v_blocks_list_content_blocks _pages_v_blocks_list_content_blocks_media_id_media_id_fk; Type: FK CONSTRAINT; Schema: public; Owner: -
--

ALTER TABLE ONLY public._pages_v_blocks_list_content_blocks
    ADD CONSTRAINT _pages_v_blocks_list_content_blocks_media_id_media_id_fk FOREIGN KEY (media_id) REFERENCES public.media(id) ON DELETE SET NULL;


--
-- Name: _pages_v_blocks_list_content_blocks _pages_v_blocks_list_content_blocks_parent_id_fk; Type: FK CONSTRAINT; Schema: public; Owner: -
--

ALTER TABLE ONLY public._pages_v_blocks_list_content_blocks
    ADD CONSTRAINT _pages_v_blocks_list_content_blocks_parent_id_fk FOREIGN KEY (_parent_id) REFERENCES public._pages_v_blocks_list_content(id) ON DELETE CASCADE;


--
-- Name: _pages_v_blocks_list_content _pages_v_blocks_list_content_field_image_id_media_id_fk; Type: FK CONSTRAINT; Schema: public; Owner: -
--

ALTER TABLE ONLY public._pages_v_blocks_list_content
    ADD CONSTRAINT _pages_v_blocks_list_content_field_image_id_media_id_fk FOREIGN KEY (field_image_id) REFERENCES public.media(id) ON DELETE SET NULL;


--
-- Name: _pages_v_blocks_list_content _pages_v_blocks_list_content_parent_id_fk; Type: FK CONSTRAINT; Schema: public; Owner: -
--

ALTER TABLE ONLY public._pages_v_blocks_list_content
    ADD CONSTRAINT _pages_v_blocks_list_content_parent_id_fk FOREIGN KEY (_parent_id) REFERENCES public._pages_v(id) ON DELETE CASCADE;


--
-- Name: _pages_v_blocks_media_block _pages_v_blocks_media_block_media_id_media_id_fk; Type: FK CONSTRAINT; Schema: public; Owner: -
--

ALTER TABLE ONLY public._pages_v_blocks_media_block
    ADD CONSTRAINT _pages_v_blocks_media_block_media_id_media_id_fk FOREIGN KEY (media_id) REFERENCES public.media(id) ON DELETE SET NULL;


--
-- Name: _pages_v_blocks_media_block _pages_v_blocks_media_block_parent_id_fk; Type: FK CONSTRAINT; Schema: public; Owner: -
--

ALTER TABLE ONLY public._pages_v_blocks_media_block
    ADD CONSTRAINT _pages_v_blocks_media_block_parent_id_fk FOREIGN KEY (_parent_id) REFERENCES public._pages_v(id) ON DELETE CASCADE;


--
-- Name: _pages_v_blocks_post_carousel_block _pages_v_blocks_post_carousel_block_parent_id_fk; Type: FK CONSTRAINT; Schema: public; Owner: -
--

ALTER TABLE ONLY public._pages_v_blocks_post_carousel_block
    ADD CONSTRAINT _pages_v_blocks_post_carousel_block_parent_id_fk FOREIGN KEY (_parent_id) REFERENCES public._pages_v(id) ON DELETE CASCADE;


--
-- Name: _pages_v_blocks_quote_block _pages_v_blocks_quote_block_image_id_media_id_fk; Type: FK CONSTRAINT; Schema: public; Owner: -
--

ALTER TABLE ONLY public._pages_v_blocks_quote_block
    ADD CONSTRAINT _pages_v_blocks_quote_block_image_id_media_id_fk FOREIGN KEY (image_id) REFERENCES public.media(id) ON DELETE SET NULL;


--
-- Name: _pages_v_blocks_quote_block_links _pages_v_blocks_quote_block_links_parent_id_fk; Type: FK CONSTRAINT; Schema: public; Owner: -
--

ALTER TABLE ONLY public._pages_v_blocks_quote_block_links
    ADD CONSTRAINT _pages_v_blocks_quote_block_links_parent_id_fk FOREIGN KEY (_parent_id) REFERENCES public._pages_v_blocks_quote_block(id) ON DELETE CASCADE;


--
-- Name: _pages_v_blocks_quote_block _pages_v_blocks_quote_block_parent_id_fk; Type: FK CONSTRAINT; Schema: public; Owner: -
--

ALTER TABLE ONLY public._pages_v_blocks_quote_block
    ADD CONSTRAINT _pages_v_blocks_quote_block_parent_id_fk FOREIGN KEY (_parent_id) REFERENCES public._pages_v(id) ON DELETE CASCADE;


--
-- Name: _pages_v_blocks_service_accordions _pages_v_blocks_service_accordions_parent_id_fk; Type: FK CONSTRAINT; Schema: public; Owner: -
--

ALTER TABLE ONLY public._pages_v_blocks_service_accordions
    ADD CONSTRAINT _pages_v_blocks_service_accordions_parent_id_fk FOREIGN KEY (_parent_id) REFERENCES public._pages_v_blocks_service(id) ON DELETE CASCADE;


--
-- Name: _pages_v_blocks_service_list_block_blocks _pages_v_blocks_service_list_block_blocks_media_id_media_id_fk; Type: FK CONSTRAINT; Schema: public; Owner: -
--

ALTER TABLE ONLY public._pages_v_blocks_service_list_block_blocks
    ADD CONSTRAINT _pages_v_blocks_service_list_block_blocks_media_id_media_id_fk FOREIGN KEY (media_id) REFERENCES public.media(id) ON DELETE SET NULL;


--
-- Name: _pages_v_blocks_service_list_block_blocks _pages_v_blocks_service_list_block_blocks_parent_id_fk; Type: FK CONSTRAINT; Schema: public; Owner: -
--

ALTER TABLE ONLY public._pages_v_blocks_service_list_block_blocks
    ADD CONSTRAINT _pages_v_blocks_service_list_block_blocks_parent_id_fk FOREIGN KEY (_parent_id) REFERENCES public._pages_v_blocks_service_list_block(id) ON DELETE CASCADE;


--
-- Name: _pages_v_blocks_service_list_block _pages_v_blocks_service_list_block_parent_id_fk; Type: FK CONSTRAINT; Schema: public; Owner: -
--

ALTER TABLE ONLY public._pages_v_blocks_service_list_block
    ADD CONSTRAINT _pages_v_blocks_service_list_block_parent_id_fk FOREIGN KEY (_parent_id) REFERENCES public._pages_v(id) ON DELETE CASCADE;


--
-- Name: _pages_v_blocks_service _pages_v_blocks_service_parent_id_fk; Type: FK CONSTRAINT; Schema: public; Owner: -
--

ALTER TABLE ONLY public._pages_v_blocks_service
    ADD CONSTRAINT _pages_v_blocks_service_parent_id_fk FOREIGN KEY (_parent_id) REFERENCES public._pages_v(id) ON DELETE CASCADE;


--
-- Name: _pages_v_blocks_simple_list_content_blocks _pages_v_blocks_simple_list_content_blocks_media_id_media_id_fk; Type: FK CONSTRAINT; Schema: public; Owner: -
--

ALTER TABLE ONLY public._pages_v_blocks_simple_list_content_blocks
    ADD CONSTRAINT _pages_v_blocks_simple_list_content_blocks_media_id_media_id_fk FOREIGN KEY (media_id) REFERENCES public.media(id) ON DELETE SET NULL;


--
-- Name: _pages_v_blocks_simple_list_content_blocks _pages_v_blocks_simple_list_content_blocks_parent_id_fk; Type: FK CONSTRAINT; Schema: public; Owner: -
--

ALTER TABLE ONLY public._pages_v_blocks_simple_list_content_blocks
    ADD CONSTRAINT _pages_v_blocks_simple_list_content_blocks_parent_id_fk FOREIGN KEY (_parent_id) REFERENCES public._pages_v_blocks_simple_list_content(id) ON DELETE CASCADE;


--
-- Name: _pages_v_blocks_simple_list_content _pages_v_blocks_simple_list_content_image_id_media_id_fk; Type: FK CONSTRAINT; Schema: public; Owner: -
--

ALTER TABLE ONLY public._pages_v_blocks_simple_list_content
    ADD CONSTRAINT _pages_v_blocks_simple_list_content_image_id_media_id_fk FOREIGN KEY (image_id) REFERENCES public.media(id) ON DELETE SET NULL;


--
-- Name: _pages_v_blocks_simple_list_content _pages_v_blocks_simple_list_content_parent_id_fk; Type: FK CONSTRAINT; Schema: public; Owner: -
--

ALTER TABLE ONLY public._pages_v_blocks_simple_list_content
    ADD CONSTRAINT _pages_v_blocks_simple_list_content_parent_id_fk FOREIGN KEY (_parent_id) REFERENCES public._pages_v(id) ON DELETE CASCADE;


--
-- Name: _pages_v_blocks_social _pages_v_blocks_social_parent_id_fk; Type: FK CONSTRAINT; Schema: public; Owner: -
--

ALTER TABLE ONLY public._pages_v_blocks_social
    ADD CONSTRAINT _pages_v_blocks_social_parent_id_fk FOREIGN KEY (_parent_id) REFERENCES public._pages_v(id) ON DELETE CASCADE;


--
-- Name: _pages_v_blocks_social_rrss _pages_v_blocks_social_rrss_icon_id_media_id_fk; Type: FK CONSTRAINT; Schema: public; Owner: -
--

ALTER TABLE ONLY public._pages_v_blocks_social_rrss
    ADD CONSTRAINT _pages_v_blocks_social_rrss_icon_id_media_id_fk FOREIGN KEY (icon_id) REFERENCES public.media(id) ON DELETE SET NULL;


--
-- Name: _pages_v_blocks_social_rrss _pages_v_blocks_social_rrss_parent_id_fk; Type: FK CONSTRAINT; Schema: public; Owner: -
--

ALTER TABLE ONLY public._pages_v_blocks_social_rrss
    ADD CONSTRAINT _pages_v_blocks_social_rrss_parent_id_fk FOREIGN KEY (_parent_id) REFERENCES public._pages_v_blocks_social(id) ON DELETE CASCADE;


--
-- Name: _pages_v _pages_v_parent_id_pages_id_fk; Type: FK CONSTRAINT; Schema: public; Owner: -
--

ALTER TABLE ONLY public._pages_v
    ADD CONSTRAINT _pages_v_parent_id_pages_id_fk FOREIGN KEY (parent_id) REFERENCES public.pages(id) ON DELETE SET NULL;


--
-- Name: _pages_v_rels _pages_v_rels_pages_fk; Type: FK CONSTRAINT; Schema: public; Owner: -
--

ALTER TABLE ONLY public._pages_v_rels
    ADD CONSTRAINT _pages_v_rels_pages_fk FOREIGN KEY (pages_id) REFERENCES public.pages(id) ON DELETE CASCADE;


--
-- Name: _pages_v_rels _pages_v_rels_parent_fk; Type: FK CONSTRAINT; Schema: public; Owner: -
--

ALTER TABLE ONLY public._pages_v_rels
    ADD CONSTRAINT _pages_v_rels_parent_fk FOREIGN KEY (parent_id) REFERENCES public._pages_v(id) ON DELETE CASCADE;


--
-- Name: _pages_v_rels _pages_v_rels_posts_fk; Type: FK CONSTRAINT; Schema: public; Owner: -
--

ALTER TABLE ONLY public._pages_v_rels
    ADD CONSTRAINT _pages_v_rels_posts_fk FOREIGN KEY (posts_id) REFERENCES public.posts(id) ON DELETE CASCADE;


--
-- Name: _pages_v_version_hero_links _pages_v_version_hero_links_parent_id_fk; Type: FK CONSTRAINT; Schema: public; Owner: -
--

ALTER TABLE ONLY public._pages_v_version_hero_links
    ADD CONSTRAINT _pages_v_version_hero_links_parent_id_fk FOREIGN KEY (_parent_id) REFERENCES public._pages_v(id) ON DELETE CASCADE;


--
-- Name: _pages_v _pages_v_version_hero_media_id_media_id_fk; Type: FK CONSTRAINT; Schema: public; Owner: -
--

ALTER TABLE ONLY public._pages_v
    ADD CONSTRAINT _pages_v_version_hero_media_id_media_id_fk FOREIGN KEY (version_hero_media_id) REFERENCES public.media(id) ON DELETE SET NULL;


--
-- Name: _pages_v _pages_v_version_meta_image_id_media_id_fk; Type: FK CONSTRAINT; Schema: public; Owner: -
--

ALTER TABLE ONLY public._pages_v
    ADD CONSTRAINT _pages_v_version_meta_image_id_media_id_fk FOREIGN KEY (version_meta_image_id) REFERENCES public.media(id) ON DELETE SET NULL;


--
-- Name: _posts_v _posts_v_parent_id_posts_id_fk; Type: FK CONSTRAINT; Schema: public; Owner: -
--

ALTER TABLE ONLY public._posts_v
    ADD CONSTRAINT _posts_v_parent_id_posts_id_fk FOREIGN KEY (parent_id) REFERENCES public.posts(id) ON DELETE SET NULL;


--
-- Name: _posts_v_rels _posts_v_rels_categories_fk; Type: FK CONSTRAINT; Schema: public; Owner: -
--

ALTER TABLE ONLY public._posts_v_rels
    ADD CONSTRAINT _posts_v_rels_categories_fk FOREIGN KEY (categories_id) REFERENCES public.categories(id) ON DELETE CASCADE;


--
-- Name: _posts_v_rels _posts_v_rels_parent_fk; Type: FK CONSTRAINT; Schema: public; Owner: -
--

ALTER TABLE ONLY public._posts_v_rels
    ADD CONSTRAINT _posts_v_rels_parent_fk FOREIGN KEY (parent_id) REFERENCES public._posts_v(id) ON DELETE CASCADE;


--
-- Name: _posts_v_rels _posts_v_rels_posts_fk; Type: FK CONSTRAINT; Schema: public; Owner: -
--

ALTER TABLE ONLY public._posts_v_rels
    ADD CONSTRAINT _posts_v_rels_posts_fk FOREIGN KEY (posts_id) REFERENCES public.posts(id) ON DELETE CASCADE;


--
-- Name: _posts_v_rels _posts_v_rels_tags_fk; Type: FK CONSTRAINT; Schema: public; Owner: -
--

ALTER TABLE ONLY public._posts_v_rels
    ADD CONSTRAINT _posts_v_rels_tags_fk FOREIGN KEY (tags_id) REFERENCES public.tags(id) ON DELETE CASCADE;


--
-- Name: _posts_v_rels _posts_v_rels_users_fk; Type: FK CONSTRAINT; Schema: public; Owner: -
--

ALTER TABLE ONLY public._posts_v_rels
    ADD CONSTRAINT _posts_v_rels_users_fk FOREIGN KEY (users_id) REFERENCES public.users(id) ON DELETE CASCADE;


--
-- Name: _posts_v _posts_v_version_hero_image_id_media_id_fk; Type: FK CONSTRAINT; Schema: public; Owner: -
--

ALTER TABLE ONLY public._posts_v
    ADD CONSTRAINT _posts_v_version_hero_image_id_media_id_fk FOREIGN KEY (version_hero_image_id) REFERENCES public.media(id) ON DELETE SET NULL;


--
-- Name: _posts_v _posts_v_version_meta_image_id_media_id_fk; Type: FK CONSTRAINT; Schema: public; Owner: -
--

ALTER TABLE ONLY public._posts_v
    ADD CONSTRAINT _posts_v_version_meta_image_id_media_id_fk FOREIGN KEY (version_meta_image_id) REFERENCES public.media(id) ON DELETE SET NULL;


--
-- Name: _posts_v_version_populated_authors _posts_v_version_populated_authors_parent_id_fk; Type: FK CONSTRAINT; Schema: public; Owner: -
--

ALTER TABLE ONLY public._posts_v_version_populated_authors
    ADD CONSTRAINT _posts_v_version_populated_authors_parent_id_fk FOREIGN KEY (_parent_id) REFERENCES public._posts_v(id) ON DELETE CASCADE;


--
-- Name: footer_nav_items footer_nav_items_parent_id_fk; Type: FK CONSTRAINT; Schema: public; Owner: -
--

ALTER TABLE ONLY public.footer_nav_items
    ADD CONSTRAINT footer_nav_items_parent_id_fk FOREIGN KEY (_parent_id) REFERENCES public.footer(id) ON DELETE CASCADE;


--
-- Name: footer_rels footer_rels_pages_fk; Type: FK CONSTRAINT; Schema: public; Owner: -
--

ALTER TABLE ONLY public.footer_rels
    ADD CONSTRAINT footer_rels_pages_fk FOREIGN KEY (pages_id) REFERENCES public.pages(id) ON DELETE CASCADE;


--
-- Name: footer_rels footer_rels_parent_fk; Type: FK CONSTRAINT; Schema: public; Owner: -
--

ALTER TABLE ONLY public.footer_rels
    ADD CONSTRAINT footer_rels_parent_fk FOREIGN KEY (parent_id) REFERENCES public.footer(id) ON DELETE CASCADE;


--
-- Name: footer_rels footer_rels_posts_fk; Type: FK CONSTRAINT; Schema: public; Owner: -
--

ALTER TABLE ONLY public.footer_rels
    ADD CONSTRAINT footer_rels_posts_fk FOREIGN KEY (posts_id) REFERENCES public.posts(id) ON DELETE CASCADE;


--
-- Name: form_submissions form_submissions_form_id_forms_id_fk; Type: FK CONSTRAINT; Schema: public; Owner: -
--

ALTER TABLE ONLY public.form_submissions
    ADD CONSTRAINT form_submissions_form_id_forms_id_fk FOREIGN KEY (form_id) REFERENCES public.forms(id) ON DELETE SET NULL;


--
-- Name: form_submissions_submission_data form_submissions_submission_data_parent_id_fk; Type: FK CONSTRAINT; Schema: public; Owner: -
--

ALTER TABLE ONLY public.form_submissions_submission_data
    ADD CONSTRAINT form_submissions_submission_data_parent_id_fk FOREIGN KEY (_parent_id) REFERENCES public.form_submissions(id) ON DELETE CASCADE;


--
-- Name: forms_blocks_checkbox forms_blocks_checkbox_parent_id_fk; Type: FK CONSTRAINT; Schema: public; Owner: -
--

ALTER TABLE ONLY public.forms_blocks_checkbox
    ADD CONSTRAINT forms_blocks_checkbox_parent_id_fk FOREIGN KEY (_parent_id) REFERENCES public.forms(id) ON DELETE CASCADE;


--
-- Name: forms_blocks_email forms_blocks_email_parent_id_fk; Type: FK CONSTRAINT; Schema: public; Owner: -
--

ALTER TABLE ONLY public.forms_blocks_email
    ADD CONSTRAINT forms_blocks_email_parent_id_fk FOREIGN KEY (_parent_id) REFERENCES public.forms(id) ON DELETE CASCADE;


--
-- Name: forms_blocks_message forms_blocks_message_parent_id_fk; Type: FK CONSTRAINT; Schema: public; Owner: -
--

ALTER TABLE ONLY public.forms_blocks_message
    ADD CONSTRAINT forms_blocks_message_parent_id_fk FOREIGN KEY (_parent_id) REFERENCES public.forms(id) ON DELETE CASCADE;


--
-- Name: forms_blocks_radio_options forms_blocks_radio_options_image_id_media_id_fk; Type: FK CONSTRAINT; Schema: public; Owner: -
--

ALTER TABLE ONLY public.forms_blocks_radio_options
    ADD CONSTRAINT forms_blocks_radio_options_image_id_media_id_fk FOREIGN KEY (image_id) REFERENCES public.media(id) ON DELETE SET NULL;


--
-- Name: forms_blocks_radio_options forms_blocks_radio_options_parent_id_fk; Type: FK CONSTRAINT; Schema: public; Owner: -
--

ALTER TABLE ONLY public.forms_blocks_radio_options
    ADD CONSTRAINT forms_blocks_radio_options_parent_id_fk FOREIGN KEY (_parent_id) REFERENCES public.forms_blocks_radio(id) ON DELETE CASCADE;


--
-- Name: forms_blocks_radio forms_blocks_radio_parent_id_fk; Type: FK CONSTRAINT; Schema: public; Owner: -
--

ALTER TABLE ONLY public.forms_blocks_radio
    ADD CONSTRAINT forms_blocks_radio_parent_id_fk FOREIGN KEY (_parent_id) REFERENCES public.forms(id) ON DELETE CASCADE;


--
-- Name: forms_blocks_select_options forms_blocks_select_options_parent_id_fk; Type: FK CONSTRAINT; Schema: public; Owner: -
--

ALTER TABLE ONLY public.forms_blocks_select_options
    ADD CONSTRAINT forms_blocks_select_options_parent_id_fk FOREIGN KEY (_parent_id) REFERENCES public.forms_blocks_select(id) ON DELETE CASCADE;


--
-- Name: forms_blocks_select forms_blocks_select_parent_id_fk; Type: FK CONSTRAINT; Schema: public; Owner: -
--

ALTER TABLE ONLY public.forms_blocks_select
    ADD CONSTRAINT forms_blocks_select_parent_id_fk FOREIGN KEY (_parent_id) REFERENCES public.forms(id) ON DELETE CASCADE;


--
-- Name: forms_blocks_text forms_blocks_text_parent_id_fk; Type: FK CONSTRAINT; Schema: public; Owner: -
--

ALTER TABLE ONLY public.forms_blocks_text
    ADD CONSTRAINT forms_blocks_text_parent_id_fk FOREIGN KEY (_parent_id) REFERENCES public.forms(id) ON DELETE CASCADE;


--
-- Name: forms_blocks_textarea forms_blocks_textarea_parent_id_fk; Type: FK CONSTRAINT; Schema: public; Owner: -
--

ALTER TABLE ONLY public.forms_blocks_textarea
    ADD CONSTRAINT forms_blocks_textarea_parent_id_fk FOREIGN KEY (_parent_id) REFERENCES public.forms(id) ON DELETE CASCADE;


--
-- Name: forms_emails forms_emails_parent_id_fk; Type: FK CONSTRAINT; Schema: public; Owner: -
--

ALTER TABLE ONLY public.forms_emails
    ADD CONSTRAINT forms_emails_parent_id_fk FOREIGN KEY (_parent_id) REFERENCES public.forms(id) ON DELETE CASCADE;


--
-- Name: header_nav_items_nav_links_items header_nav_items_nav_links_items_parent_id_fk; Type: FK CONSTRAINT; Schema: public; Owner: -
--

ALTER TABLE ONLY public.header_nav_items_nav_links_items
    ADD CONSTRAINT header_nav_items_nav_links_items_parent_id_fk FOREIGN KEY (_parent_id) REFERENCES public.header_nav_items_nav_links(id) ON DELETE CASCADE;


--
-- Name: header_nav_items_nav_links_items_sub_items header_nav_items_nav_links_items_sub_items_image_id_media_id_fk; Type: FK CONSTRAINT; Schema: public; Owner: -
--

ALTER TABLE ONLY public.header_nav_items_nav_links_items_sub_items
    ADD CONSTRAINT header_nav_items_nav_links_items_sub_items_image_id_media_id_fk FOREIGN KEY (image_id) REFERENCES public.media(id) ON DELETE SET NULL;


--
-- Name: header_nav_items_nav_links_items_sub_items header_nav_items_nav_links_items_sub_items_parent_id_fk; Type: FK CONSTRAINT; Schema: public; Owner: -
--

ALTER TABLE ONLY public.header_nav_items_nav_links_items_sub_items
    ADD CONSTRAINT header_nav_items_nav_links_items_sub_items_parent_id_fk FOREIGN KEY (_parent_id) REFERENCES public.header_nav_items_nav_links_items(id) ON DELETE CASCADE;


--
-- Name: header_nav_items_nav_links header_nav_items_nav_links_parent_id_fk; Type: FK CONSTRAINT; Schema: public; Owner: -
--

ALTER TABLE ONLY public.header_nav_items_nav_links
    ADD CONSTRAINT header_nav_items_nav_links_parent_id_fk FOREIGN KEY (_parent_id) REFERENCES public.header_nav_items(id) ON DELETE CASCADE;


--
-- Name: header_nav_items header_nav_items_parent_id_fk; Type: FK CONSTRAINT; Schema: public; Owner: -
--

ALTER TABLE ONLY public.header_nav_items
    ADD CONSTRAINT header_nav_items_parent_id_fk FOREIGN KEY (_parent_id) REFERENCES public.header(id) ON DELETE CASCADE;


--
-- Name: header_rels header_rels_pages_fk; Type: FK CONSTRAINT; Schema: public; Owner: -
--

ALTER TABLE ONLY public.header_rels
    ADD CONSTRAINT header_rels_pages_fk FOREIGN KEY (pages_id) REFERENCES public.pages(id) ON DELETE CASCADE;


--
-- Name: header_rels header_rels_parent_fk; Type: FK CONSTRAINT; Schema: public; Owner: -
--

ALTER TABLE ONLY public.header_rels
    ADD CONSTRAINT header_rels_parent_fk FOREIGN KEY (parent_id) REFERENCES public.header(id) ON DELETE CASCADE;


--
-- Name: header_rels header_rels_posts_fk; Type: FK CONSTRAINT; Schema: public; Owner: -
--

ALTER TABLE ONLY public.header_rels
    ADD CONSTRAINT header_rels_posts_fk FOREIGN KEY (posts_id) REFERENCES public.posts(id) ON DELETE CASCADE;


--
-- Name: pages_blocks_box_content_boxes pages_blocks_box_content_boxes_media_id_media_id_fk; Type: FK CONSTRAINT; Schema: public; Owner: -
--

ALTER TABLE ONLY public.pages_blocks_box_content_boxes
    ADD CONSTRAINT pages_blocks_box_content_boxes_media_id_media_id_fk FOREIGN KEY (media_id) REFERENCES public.media(id) ON DELETE SET NULL;


--
-- Name: pages_blocks_box_content_boxes pages_blocks_box_content_boxes_parent_id_fk; Type: FK CONSTRAINT; Schema: public; Owner: -
--

ALTER TABLE ONLY public.pages_blocks_box_content_boxes
    ADD CONSTRAINT pages_blocks_box_content_boxes_parent_id_fk FOREIGN KEY (_parent_id) REFERENCES public.pages_blocks_box_content(id) ON DELETE CASCADE;


--
-- Name: pages_blocks_box_content pages_blocks_box_content_parent_id_fk; Type: FK CONSTRAINT; Schema: public; Owner: -
--

ALTER TABLE ONLY public.pages_blocks_box_content
    ADD CONSTRAINT pages_blocks_box_content_parent_id_fk FOREIGN KEY (_parent_id) REFERENCES public.pages(id) ON DELETE CASCADE;


--
-- Name: pages_blocks_content pages_blocks_content_image_id_media_id_fk; Type: FK CONSTRAINT; Schema: public; Owner: -
--

ALTER TABLE ONLY public.pages_blocks_content
    ADD CONSTRAINT pages_blocks_content_image_id_media_id_fk FOREIGN KEY (image_id) REFERENCES public.media(id) ON DELETE SET NULL;


--
-- Name: pages_blocks_content pages_blocks_content_parent_id_fk; Type: FK CONSTRAINT; Schema: public; Owner: -
--

ALTER TABLE ONLY public.pages_blocks_content
    ADD CONSTRAINT pages_blocks_content_parent_id_fk FOREIGN KEY (_parent_id) REFERENCES public.pages(id) ON DELETE CASCADE;


--
-- Name: pages_blocks_cta_links pages_blocks_cta_links_parent_id_fk; Type: FK CONSTRAINT; Schema: public; Owner: -
--

ALTER TABLE ONLY public.pages_blocks_cta_links
    ADD CONSTRAINT pages_blocks_cta_links_parent_id_fk FOREIGN KEY (_parent_id) REFERENCES public.pages_blocks_cta(id) ON DELETE CASCADE;


--
-- Name: pages_blocks_cta pages_blocks_cta_media_id_media_id_fk; Type: FK CONSTRAINT; Schema: public; Owner: -
--

ALTER TABLE ONLY public.pages_blocks_cta
    ADD CONSTRAINT pages_blocks_cta_media_id_media_id_fk FOREIGN KEY (media_id) REFERENCES public.media(id) ON DELETE SET NULL;


--
-- Name: pages_blocks_cta pages_blocks_cta_parent_id_fk; Type: FK CONSTRAINT; Schema: public; Owner: -
--

ALTER TABLE ONLY public.pages_blocks_cta
    ADD CONSTRAINT pages_blocks_cta_parent_id_fk FOREIGN KEY (_parent_id) REFERENCES public.pages(id) ON DELETE CASCADE;


--
-- Name: pages_blocks_form_block pages_blocks_form_block_form_id_forms_id_fk; Type: FK CONSTRAINT; Schema: public; Owner: -
--

ALTER TABLE ONLY public.pages_blocks_form_block
    ADD CONSTRAINT pages_blocks_form_block_form_id_forms_id_fk FOREIGN KEY (form_id) REFERENCES public.forms(id) ON DELETE SET NULL;


--
-- Name: pages_blocks_form_block pages_blocks_form_block_parent_id_fk; Type: FK CONSTRAINT; Schema: public; Owner: -
--

ALTER TABLE ONLY public.pages_blocks_form_block
    ADD CONSTRAINT pages_blocks_form_block_parent_id_fk FOREIGN KEY (_parent_id) REFERENCES public.pages(id) ON DELETE CASCADE;


--
-- Name: pages_blocks_frequently_questions_block pages_blocks_frequently_questions_block_image_id_media_id_fk; Type: FK CONSTRAINT; Schema: public; Owner: -
--

ALTER TABLE ONLY public.pages_blocks_frequently_questions_block
    ADD CONSTRAINT pages_blocks_frequently_questions_block_image_id_media_id_fk FOREIGN KEY (image_id) REFERENCES public.media(id) ON DELETE SET NULL;


--
-- Name: pages_blocks_frequently_questions_block pages_blocks_frequently_questions_block_parent_id_fk; Type: FK CONSTRAINT; Schema: public; Owner: -
--

ALTER TABLE ONLY public.pages_blocks_frequently_questions_block
    ADD CONSTRAINT pages_blocks_frequently_questions_block_parent_id_fk FOREIGN KEY (_parent_id) REFERENCES public.pages(id) ON DELETE CASCADE;


--
-- Name: pages_blocks_frequently_questions_block_questions pages_blocks_frequently_questions_block_questions_parent_id_fk; Type: FK CONSTRAINT; Schema: public; Owner: -
--

ALTER TABLE ONLY public.pages_blocks_frequently_questions_block_questions
    ADD CONSTRAINT pages_blocks_frequently_questions_block_questions_parent_id_fk FOREIGN KEY (_parent_id) REFERENCES public.pages_blocks_frequently_questions_block(id) ON DELETE CASCADE;


--
-- Name: pages_blocks_list_content_blocks pages_blocks_list_content_blocks_media_id_media_id_fk; Type: FK CONSTRAINT; Schema: public; Owner: -
--

ALTER TABLE ONLY public.pages_blocks_list_content_blocks
    ADD CONSTRAINT pages_blocks_list_content_blocks_media_id_media_id_fk FOREIGN KEY (media_id) REFERENCES public.media(id) ON DELETE SET NULL;


--
-- Name: pages_blocks_list_content_blocks pages_blocks_list_content_blocks_parent_id_fk; Type: FK CONSTRAINT; Schema: public; Owner: -
--

ALTER TABLE ONLY public.pages_blocks_list_content_blocks
    ADD CONSTRAINT pages_blocks_list_content_blocks_parent_id_fk FOREIGN KEY (_parent_id) REFERENCES public.pages_blocks_list_content(id) ON DELETE CASCADE;


--
-- Name: pages_blocks_list_content pages_blocks_list_content_field_image_id_media_id_fk; Type: FK CONSTRAINT; Schema: public; Owner: -
--

ALTER TABLE ONLY public.pages_blocks_list_content
    ADD CONSTRAINT pages_blocks_list_content_field_image_id_media_id_fk FOREIGN KEY (field_image_id) REFERENCES public.media(id) ON DELETE SET NULL;


--
-- Name: pages_blocks_list_content pages_blocks_list_content_parent_id_fk; Type: FK CONSTRAINT; Schema: public; Owner: -
--

ALTER TABLE ONLY public.pages_blocks_list_content
    ADD CONSTRAINT pages_blocks_list_content_parent_id_fk FOREIGN KEY (_parent_id) REFERENCES public.pages(id) ON DELETE CASCADE;


--
-- Name: pages_blocks_media_block pages_blocks_media_block_media_id_media_id_fk; Type: FK CONSTRAINT; Schema: public; Owner: -
--

ALTER TABLE ONLY public.pages_blocks_media_block
    ADD CONSTRAINT pages_blocks_media_block_media_id_media_id_fk FOREIGN KEY (media_id) REFERENCES public.media(id) ON DELETE SET NULL;


--
-- Name: pages_blocks_media_block pages_blocks_media_block_parent_id_fk; Type: FK CONSTRAINT; Schema: public; Owner: -
--

ALTER TABLE ONLY public.pages_blocks_media_block
    ADD CONSTRAINT pages_blocks_media_block_parent_id_fk FOREIGN KEY (_parent_id) REFERENCES public.pages(id) ON DELETE CASCADE;


--
-- Name: pages_blocks_post_carousel_block pages_blocks_post_carousel_block_parent_id_fk; Type: FK CONSTRAINT; Schema: public; Owner: -
--

ALTER TABLE ONLY public.pages_blocks_post_carousel_block
    ADD CONSTRAINT pages_blocks_post_carousel_block_parent_id_fk FOREIGN KEY (_parent_id) REFERENCES public.pages(id) ON DELETE CASCADE;


--
-- Name: pages_blocks_quote_block pages_blocks_quote_block_image_id_media_id_fk; Type: FK CONSTRAINT; Schema: public; Owner: -
--

ALTER TABLE ONLY public.pages_blocks_quote_block
    ADD CONSTRAINT pages_blocks_quote_block_image_id_media_id_fk FOREIGN KEY (image_id) REFERENCES public.media(id) ON DELETE SET NULL;


--
-- Name: pages_blocks_quote_block_links pages_blocks_quote_block_links_parent_id_fk; Type: FK CONSTRAINT; Schema: public; Owner: -
--

ALTER TABLE ONLY public.pages_blocks_quote_block_links
    ADD CONSTRAINT pages_blocks_quote_block_links_parent_id_fk FOREIGN KEY (_parent_id) REFERENCES public.pages_blocks_quote_block(id) ON DELETE CASCADE;


--
-- Name: pages_blocks_quote_block pages_blocks_quote_block_parent_id_fk; Type: FK CONSTRAINT; Schema: public; Owner: -
--

ALTER TABLE ONLY public.pages_blocks_quote_block
    ADD CONSTRAINT pages_blocks_quote_block_parent_id_fk FOREIGN KEY (_parent_id) REFERENCES public.pages(id) ON DELETE CASCADE;


--
-- Name: pages_blocks_service_accordions pages_blocks_service_accordions_parent_id_fk; Type: FK CONSTRAINT; Schema: public; Owner: -
--

ALTER TABLE ONLY public.pages_blocks_service_accordions
    ADD CONSTRAINT pages_blocks_service_accordions_parent_id_fk FOREIGN KEY (_parent_id) REFERENCES public.pages_blocks_service(id) ON DELETE CASCADE;


--
-- Name: pages_blocks_service_list_block_blocks pages_blocks_service_list_block_blocks_media_id_media_id_fk; Type: FK CONSTRAINT; Schema: public; Owner: -
--

ALTER TABLE ONLY public.pages_blocks_service_list_block_blocks
    ADD CONSTRAINT pages_blocks_service_list_block_blocks_media_id_media_id_fk FOREIGN KEY (media_id) REFERENCES public.media(id) ON DELETE SET NULL;


--
-- Name: pages_blocks_service_list_block_blocks pages_blocks_service_list_block_blocks_parent_id_fk; Type: FK CONSTRAINT; Schema: public; Owner: -
--

ALTER TABLE ONLY public.pages_blocks_service_list_block_blocks
    ADD CONSTRAINT pages_blocks_service_list_block_blocks_parent_id_fk FOREIGN KEY (_parent_id) REFERENCES public.pages_blocks_service_list_block(id) ON DELETE CASCADE;


--
-- Name: pages_blocks_service_list_block pages_blocks_service_list_block_parent_id_fk; Type: FK CONSTRAINT; Schema: public; Owner: -
--

ALTER TABLE ONLY public.pages_blocks_service_list_block
    ADD CONSTRAINT pages_blocks_service_list_block_parent_id_fk FOREIGN KEY (_parent_id) REFERENCES public.pages(id) ON DELETE CASCADE;


--
-- Name: pages_blocks_service pages_blocks_service_parent_id_fk; Type: FK CONSTRAINT; Schema: public; Owner: -
--

ALTER TABLE ONLY public.pages_blocks_service
    ADD CONSTRAINT pages_blocks_service_parent_id_fk FOREIGN KEY (_parent_id) REFERENCES public.pages(id) ON DELETE CASCADE;


--
-- Name: pages_blocks_simple_list_content_blocks pages_blocks_simple_list_content_blocks_media_id_media_id_fk; Type: FK CONSTRAINT; Schema: public; Owner: -
--

ALTER TABLE ONLY public.pages_blocks_simple_list_content_blocks
    ADD CONSTRAINT pages_blocks_simple_list_content_blocks_media_id_media_id_fk FOREIGN KEY (media_id) REFERENCES public.media(id) ON DELETE SET NULL;


--
-- Name: pages_blocks_simple_list_content_blocks pages_blocks_simple_list_content_blocks_parent_id_fk; Type: FK CONSTRAINT; Schema: public; Owner: -
--

ALTER TABLE ONLY public.pages_blocks_simple_list_content_blocks
    ADD CONSTRAINT pages_blocks_simple_list_content_blocks_parent_id_fk FOREIGN KEY (_parent_id) REFERENCES public.pages_blocks_simple_list_content(id) ON DELETE CASCADE;


--
-- Name: pages_blocks_simple_list_content pages_blocks_simple_list_content_image_id_media_id_fk; Type: FK CONSTRAINT; Schema: public; Owner: -
--

ALTER TABLE ONLY public.pages_blocks_simple_list_content
    ADD CONSTRAINT pages_blocks_simple_list_content_image_id_media_id_fk FOREIGN KEY (image_id) REFERENCES public.media(id) ON DELETE SET NULL;


--
-- Name: pages_blocks_simple_list_content pages_blocks_simple_list_content_parent_id_fk; Type: FK CONSTRAINT; Schema: public; Owner: -
--

ALTER TABLE ONLY public.pages_blocks_simple_list_content
    ADD CONSTRAINT pages_blocks_simple_list_content_parent_id_fk FOREIGN KEY (_parent_id) REFERENCES public.pages(id) ON DELETE CASCADE;


--
-- Name: pages_blocks_social pages_blocks_social_parent_id_fk; Type: FK CONSTRAINT; Schema: public; Owner: -
--

ALTER TABLE ONLY public.pages_blocks_social
    ADD CONSTRAINT pages_blocks_social_parent_id_fk FOREIGN KEY (_parent_id) REFERENCES public.pages(id) ON DELETE CASCADE;


--
-- Name: pages_blocks_social_rrss pages_blocks_social_rrss_icon_id_media_id_fk; Type: FK CONSTRAINT; Schema: public; Owner: -
--

ALTER TABLE ONLY public.pages_blocks_social_rrss
    ADD CONSTRAINT pages_blocks_social_rrss_icon_id_media_id_fk FOREIGN KEY (icon_id) REFERENCES public.media(id) ON DELETE SET NULL;


--
-- Name: pages_blocks_social_rrss pages_blocks_social_rrss_parent_id_fk; Type: FK CONSTRAINT; Schema: public; Owner: -
--

ALTER TABLE ONLY public.pages_blocks_social_rrss
    ADD CONSTRAINT pages_blocks_social_rrss_parent_id_fk FOREIGN KEY (_parent_id) REFERENCES public.pages_blocks_social(id) ON DELETE CASCADE;


--
-- Name: pages_hero_links pages_hero_links_parent_id_fk; Type: FK CONSTRAINT; Schema: public; Owner: -
--

ALTER TABLE ONLY public.pages_hero_links
    ADD CONSTRAINT pages_hero_links_parent_id_fk FOREIGN KEY (_parent_id) REFERENCES public.pages(id) ON DELETE CASCADE;


--
-- Name: pages pages_hero_media_id_media_id_fk; Type: FK CONSTRAINT; Schema: public; Owner: -
--

ALTER TABLE ONLY public.pages
    ADD CONSTRAINT pages_hero_media_id_media_id_fk FOREIGN KEY (hero_media_id) REFERENCES public.media(id) ON DELETE SET NULL;


--
-- Name: pages pages_meta_image_id_media_id_fk; Type: FK CONSTRAINT; Schema: public; Owner: -
--

ALTER TABLE ONLY public.pages
    ADD CONSTRAINT pages_meta_image_id_media_id_fk FOREIGN KEY (meta_image_id) REFERENCES public.media(id) ON DELETE SET NULL;


--
-- Name: pages_rels pages_rels_pages_fk; Type: FK CONSTRAINT; Schema: public; Owner: -
--

ALTER TABLE ONLY public.pages_rels
    ADD CONSTRAINT pages_rels_pages_fk FOREIGN KEY (pages_id) REFERENCES public.pages(id) ON DELETE CASCADE;


--
-- Name: pages_rels pages_rels_parent_fk; Type: FK CONSTRAINT; Schema: public; Owner: -
--

ALTER TABLE ONLY public.pages_rels
    ADD CONSTRAINT pages_rels_parent_fk FOREIGN KEY (parent_id) REFERENCES public.pages(id) ON DELETE CASCADE;


--
-- Name: pages_rels pages_rels_posts_fk; Type: FK CONSTRAINT; Schema: public; Owner: -
--

ALTER TABLE ONLY public.pages_rels
    ADD CONSTRAINT pages_rels_posts_fk FOREIGN KEY (posts_id) REFERENCES public.posts(id) ON DELETE CASCADE;


--
-- Name: payload_jobs_log payload_jobs_log_parent_id_fk; Type: FK CONSTRAINT; Schema: public; Owner: -
--

ALTER TABLE ONLY public.payload_jobs_log
    ADD CONSTRAINT payload_jobs_log_parent_id_fk FOREIGN KEY (_parent_id) REFERENCES public.payload_jobs(id) ON DELETE CASCADE;


--
-- Name: payload_locked_documents_rels payload_locked_documents_rels_categories_fk; Type: FK CONSTRAINT; Schema: public; Owner: -
--

ALTER TABLE ONLY public.payload_locked_documents_rels
    ADD CONSTRAINT payload_locked_documents_rels_categories_fk FOREIGN KEY (categories_id) REFERENCES public.categories(id) ON DELETE CASCADE;


--
-- Name: payload_locked_documents_rels payload_locked_documents_rels_documents_fk; Type: FK CONSTRAINT; Schema: public; Owner: -
--

ALTER TABLE ONLY public.payload_locked_documents_rels
    ADD CONSTRAINT payload_locked_documents_rels_documents_fk FOREIGN KEY (documents_id) REFERENCES public.documents(id) ON DELETE CASCADE;


--
-- Name: payload_locked_documents_rels payload_locked_documents_rels_form_submissions_fk; Type: FK CONSTRAINT; Schema: public; Owner: -
--

ALTER TABLE ONLY public.payload_locked_documents_rels
    ADD CONSTRAINT payload_locked_documents_rels_form_submissions_fk FOREIGN KEY (form_submissions_id) REFERENCES public.form_submissions(id) ON DELETE CASCADE;


--
-- Name: payload_locked_documents_rels payload_locked_documents_rels_forms_fk; Type: FK CONSTRAINT; Schema: public; Owner: -
--

ALTER TABLE ONLY public.payload_locked_documents_rels
    ADD CONSTRAINT payload_locked_documents_rels_forms_fk FOREIGN KEY (forms_id) REFERENCES public.forms(id) ON DELETE CASCADE;


--
-- Name: payload_locked_documents_rels payload_locked_documents_rels_media_fk; Type: FK CONSTRAINT; Schema: public; Owner: -
--

ALTER TABLE ONLY public.payload_locked_documents_rels
    ADD CONSTRAINT payload_locked_documents_rels_media_fk FOREIGN KEY (media_id) REFERENCES public.media(id) ON DELETE CASCADE;


--
-- Name: payload_locked_documents_rels payload_locked_documents_rels_pages_fk; Type: FK CONSTRAINT; Schema: public; Owner: -
--

ALTER TABLE ONLY public.payload_locked_documents_rels
    ADD CONSTRAINT payload_locked_documents_rels_pages_fk FOREIGN KEY (pages_id) REFERENCES public.pages(id) ON DELETE CASCADE;


--
-- Name: payload_locked_documents_rels payload_locked_documents_rels_parent_fk; Type: FK CONSTRAINT; Schema: public; Owner: -
--

ALTER TABLE ONLY public.payload_locked_documents_rels
    ADD CONSTRAINT payload_locked_documents_rels_parent_fk FOREIGN KEY (parent_id) REFERENCES public.payload_locked_documents(id) ON DELETE CASCADE;


--
-- Name: payload_locked_documents_rels payload_locked_documents_rels_posts_fk; Type: FK CONSTRAINT; Schema: public; Owner: -
--

ALTER TABLE ONLY public.payload_locked_documents_rels
    ADD CONSTRAINT payload_locked_documents_rels_posts_fk FOREIGN KEY (posts_id) REFERENCES public.posts(id) ON DELETE CASCADE;


--
-- Name: payload_locked_documents_rels payload_locked_documents_rels_tags_fk; Type: FK CONSTRAINT; Schema: public; Owner: -
--

ALTER TABLE ONLY public.payload_locked_documents_rels
    ADD CONSTRAINT payload_locked_documents_rels_tags_fk FOREIGN KEY (tags_id) REFERENCES public.tags(id) ON DELETE CASCADE;


--
-- Name: payload_locked_documents_rels payload_locked_documents_rels_users_fk; Type: FK CONSTRAINT; Schema: public; Owner: -
--

ALTER TABLE ONLY public.payload_locked_documents_rels
    ADD CONSTRAINT payload_locked_documents_rels_users_fk FOREIGN KEY (users_id) REFERENCES public.users(id) ON DELETE CASCADE;


--
-- Name: payload_locked_documents_rels payload_locked_documents_rels_videos_fk; Type: FK CONSTRAINT; Schema: public; Owner: -
--

ALTER TABLE ONLY public.payload_locked_documents_rels
    ADD CONSTRAINT payload_locked_documents_rels_videos_fk FOREIGN KEY (videos_id) REFERENCES public.videos(id) ON DELETE CASCADE;


--
-- Name: payload_preferences_rels payload_preferences_rels_parent_fk; Type: FK CONSTRAINT; Schema: public; Owner: -
--

ALTER TABLE ONLY public.payload_preferences_rels
    ADD CONSTRAINT payload_preferences_rels_parent_fk FOREIGN KEY (parent_id) REFERENCES public.payload_preferences(id) ON DELETE CASCADE;


--
-- Name: payload_preferences_rels payload_preferences_rels_users_fk; Type: FK CONSTRAINT; Schema: public; Owner: -
--

ALTER TABLE ONLY public.payload_preferences_rels
    ADD CONSTRAINT payload_preferences_rels_users_fk FOREIGN KEY (users_id) REFERENCES public.users(id) ON DELETE CASCADE;


--
-- Name: posts posts_hero_image_id_media_id_fk; Type: FK CONSTRAINT; Schema: public; Owner: -
--

ALTER TABLE ONLY public.posts
    ADD CONSTRAINT posts_hero_image_id_media_id_fk FOREIGN KEY (hero_image_id) REFERENCES public.media(id) ON DELETE SET NULL;


--
-- Name: posts posts_meta_image_id_media_id_fk; Type: FK CONSTRAINT; Schema: public; Owner: -
--

ALTER TABLE ONLY public.posts
    ADD CONSTRAINT posts_meta_image_id_media_id_fk FOREIGN KEY (meta_image_id) REFERENCES public.media(id) ON DELETE SET NULL;


--
-- Name: posts_populated_authors posts_populated_authors_parent_id_fk; Type: FK CONSTRAINT; Schema: public; Owner: -
--

ALTER TABLE ONLY public.posts_populated_authors
    ADD CONSTRAINT posts_populated_authors_parent_id_fk FOREIGN KEY (_parent_id) REFERENCES public.posts(id) ON DELETE CASCADE;


--
-- Name: posts_rels posts_rels_categories_fk; Type: FK CONSTRAINT; Schema: public; Owner: -
--

ALTER TABLE ONLY public.posts_rels
    ADD CONSTRAINT posts_rels_categories_fk FOREIGN KEY (categories_id) REFERENCES public.categories(id) ON DELETE CASCADE;


--
-- Name: posts_rels posts_rels_parent_fk; Type: FK CONSTRAINT; Schema: public; Owner: -
--

ALTER TABLE ONLY public.posts_rels
    ADD CONSTRAINT posts_rels_parent_fk FOREIGN KEY (parent_id) REFERENCES public.posts(id) ON DELETE CASCADE;


--
-- Name: posts_rels posts_rels_posts_fk; Type: FK CONSTRAINT; Schema: public; Owner: -
--

ALTER TABLE ONLY public.posts_rels
    ADD CONSTRAINT posts_rels_posts_fk FOREIGN KEY (posts_id) REFERENCES public.posts(id) ON DELETE CASCADE;


--
-- Name: posts_rels posts_rels_tags_fk; Type: FK CONSTRAINT; Schema: public; Owner: -
--

ALTER TABLE ONLY public.posts_rels
    ADD CONSTRAINT posts_rels_tags_fk FOREIGN KEY (tags_id) REFERENCES public.tags(id) ON DELETE CASCADE;


--
-- Name: posts_rels posts_rels_users_fk; Type: FK CONSTRAINT; Schema: public; Owner: -
--

ALTER TABLE ONLY public.posts_rels
    ADD CONSTRAINT posts_rels_users_fk FOREIGN KEY (users_id) REFERENCES public.users(id) ON DELETE CASCADE;


--
-- Name: users users_avatar_id_media_id_fk; Type: FK CONSTRAINT; Schema: public; Owner: -
--

ALTER TABLE ONLY public.users
    ADD CONSTRAINT users_avatar_id_media_id_fk FOREIGN KEY (avatar_id) REFERENCES public.media(id) ON DELETE SET NULL;


--
-- Name: users_roles users_roles_parent_fk; Type: FK CONSTRAINT; Schema: public; Owner: -
--

ALTER TABLE ONLY public.users_roles
    ADD CONSTRAINT users_roles_parent_fk FOREIGN KEY (parent_id) REFERENCES public.users(id) ON DELETE CASCADE;


--
-- Name: users_sessions users_sessions_parent_id_fk; Type: FK CONSTRAINT; Schema: public; Owner: -
--

ALTER TABLE ONLY public.users_sessions
    ADD CONSTRAINT users_sessions_parent_id_fk FOREIGN KEY (_parent_id) REFERENCES public.users(id) ON DELETE CASCADE;


--
-- PostgreSQL database dump complete
--

\unrestrict 4dc1BT25OrIQUepQePkmOR3wfNU9Wyg5g7oKWKYbnOcj84J6ysC0KXIiaFLVINu

